lead_id,fecha_registro,canal,empresa_id,punto_venta_id,nombre_cliente,telefono,email,ciudad,modelo_interes_texto,estado_gestion,fecha_primer_contacto,campania,nombre_normalizado,telefono_normalizado,email_normalizado,ciudad_normalizada,canal_normalizado,estado_normalizado,fecha_registro_normalizada,fecha_primer_contacto_normalizada,modelo_texto_normalizado,source_row_number,motorcycle_sku,model_match_confidence,model_match_method,customer_key,customer_id,is_duplicate,duplicate_group_id,duplicate_confidence,duplicate_reason,precio_lista,initial_payment,payment_method,intent,main_objection,requested_appointment,requested_quote
LD-00001,25-08-2026,Meta Ads,EMP-03,PV-014,  Wilmar Castaño Rodríguez  ,310 482 4081,,bogotá,Bajaj Pulsar RS 200,Cotización enviada,25-08-2026,Feria de Motos 2026,wilmar castano rodriguez,573104824081,,bogota,meta ads,cotizacion enviada,2026-08-25 00:00:00,2026-08-25 00:00:00,bajaj pulsar rs 200,1,SKU-010,100.0,fuzzy,phone:573104824081,48cdff1f-f482-5bd7-a100-6374a7f2e1fa,True,48cdff1f-f482-5bd7-a100-6374a7f2e1fa,1.0,same_phone_or_email,15490000.0,,,,,False,False
LD-00002,26-08-2026,formulario web,EMP-02,PV-010,  Claudia Patricia Agudelo Londoño  , 3055411722 ,claudia.agudelo22@hotmail.com,,A.K.T Dynamic R3 125,Descartado,2026-08-26T14:26:00,Retoma tu moto,claudia patricia agudelo londono,573055411722,claudia.agudelo22@hotmail.com,,formulario web,descartado,2026-08-26 00:00:00,2026-08-26 14:26:00,a.k.t dynamic r3 125,2,SKU-018,100.0,fuzzy,phone:573055411722,192b5953-a3bd-50d1-9c51-67925a7d5c9d,False,,1.0,,5590000.0,22900000.0,credito,,cuota,False,True
LD-00003,01-08-2026,WhatsApp,EMP-02,PV-010,Marcela Muñoz Escobar,+57 350 2258611,marcela.munoz3@yahoo.es,MONTERIA,suzuki best 125,Contactado,2026-08-04 14:47:00,,marcela munoz escobar,573502258611,marcela.munoz3@yahoo.es,monteria,whatsapp,contactado,2026-08-01 00:00:00,2026-08-04 14:47:00,suzuki best 125,3,SKU-016,100.0,fuzzy,phone:573502258611,04558db3-ac00-5198-9f86-f8c87572f1fa,False,,1.0,,6590000.0,,,,,False,False
LD-00004,03/08/2026 10:30,Meta Ads,EMP-01,PV-002,  Yuliana Castaño Valencia  ,3002859667,yuliana.castano97@outlook.com,ITAGUI,Honda  CB 125F Twister,Sin gestión,,Agosto Cero Cuotas,yuliana castano valencia,573002859667,yuliana.castano97@outlook.com,itagui,meta ads,sin gestion,2026-08-03 10:30:00,,honda cb 125f twister,4,SKU-001,100.0,fuzzy,phone:573002859667,15c49fd3-770d-5682-88d6-804ee4c5c1cf,True,15c49fd3-770d-5682-88d6-804ee4c5c1cf,1.0,same_phone_or_email,7990000.0,,,,,False,False
LD-00005,27/08/2026 22:50,META ADS,EMP-03,PV-014,HÉCTOR GIRALDO RESTREPO,573156610968,,Bogotá D.C.,Honda Navi 2026,En proceso,29/08/2026 04:50,,hector giraldo restrepo,573156610968,,bogota,meta ads,en proceso,2026-08-27 22:50:00,2026-08-29 04:50:00,honda navi 2026,5,SKU-004,100.0,fuzzy,phone:573156610968,2fd8ac51-cc0b-5858-8f51-b77df755dbf9,False,,1.0,,7290000.0,,,,,False,False
LD-00006,24/08/2026 06:02,WhatsApp,EMP-02,PV-010,MARCELA LONDOÑO CORREA,322-624-9127,marcela.londono94@outlook.com,Montería,Hnda XR 150L,contactado,25/08/2026 12:02,Remate Modelos 2025,marcela londono correa,573226249127,marcela.londono94@outlook.com,monteria,whatsapp,contactado,2026-08-24 06:02:00,2026-08-25 12:02:00,hnda xr 150l,6,SKU-002,100.0,fuzzy,phone:573226249127,4748d433-2162-58bf-ab2f-e5ca6e2c0b83,False,,1.0,,11490000.0,,,,,False,False
LD-00007,09/09/2026 09:55,WhatsApp,EMP-02,PV-009,FABIÁN BEDOYA TORRES, 3049913564 ,fabian.bedoya39@yahoo.es,Sta Marta,akt ttr 200,Cotización enviada,2026-09-09 11:55:00,Feria de Motos 2026,fabian bedoya torres,573049913564,fabian.bedoya39@yahoo.es,santa marta,whatsapp,cotizacion enviada,2026-09-09 09:55:00,2026-09-09 11:55:00,akt ttr 200,7,SKU-019,100.0,fuzzy,phone:573049913564,339d52ef-96a2-595f-87dd-14b43e93f8cb,False,,1.0,,9890000.0,,,,,False,False
LD-00008,08/18/2026 17:23,Meta Ads,EMP-01,PV-001,Paula Andrea Valencia Franco,300 891 3915,,Medellín,,Cotización enviada,2026-08-18 23:23:00,,paula andrea valencia franco,573008913915,,medellin,meta ads,cotizacion enviada,2026-08-18 17:23:00,2026-08-18 23:23:00,,8,,0.0,none,phone:573008913915,a403dba4-8ff4-52bf-8349-2e9e9d08dc3c,False,,1.0,,,,,,,False,False
LD-00009,2026-08-15T11:08:00,WhatsApp,EMP-01,PV-001,María Fernanda Correa Torres,316 107 2464,maria.correa8@yahoo.es,MEDELLIN,Hero Xpulse 200,contactado,15/08/2026 17:08,Feria de Motos 2026,maria fernanda correa torres,573161072464,maria.correa8@yahoo.es,medellin,whatsapp,contactado,2026-08-15 11:08:00,2026-08-15 17:08:00,hero xpulse 200,9,SKU-023,100.0,fuzzy,phone:573161072464,abbdd8c9-a38c-5c7d-9a34-c0437dc99f2e,False,,1.0,,14990000.0,,credito,,soat,False,False
LD-00010,2026-08-26 20:28:00,WhatsApp,EMP-02,PV-007,Alexander Quintero Arias,300 496 0349,,Soledad,Bajaj Discover,Contactado,2026-08-26T21:28:00,Agosto Cero Cuotas,alexander quintero arias,573004960349,,soledad,whatsapp,contactado,2026-08-26 20:28:00,2026-08-26 21:28:00,bajaj discover,10,,80.0,unmatched,phone:573004960349,bcbe0dd7-3a54-5550-b2f1-22378a974c00,False,,1.0,,,24900000.0,credito,,cuota,False,True
LD-00012,18-08-2026,WHATSAPP,EMP-01,PV-005,María Fernanda Valencia Mosquera,573204225805,,Medellin,AKT EVO RS 150,sin gestion,,,maria fernanda valencia mosquera,573204225805,,medellin,whatsapp,sin gestion,2026-08-18 00:00:00,,akt evo rs 150,12,SKU-020,100.0,fuzzy,phone:573204225805,8a0ce11d-c1c0-5357-a867-b09c857fe0ad,False,,1.0,,7190000.0,,,,,False,False
LD-00013,19/08/2026 10:14,Meta Ads,EMP-03,PV-015,CARLOS MARIO RODRÍGUEZ ARIAS,3217385776,carlos.rodriguez19@gmail.com,SOACHA,bajaj discover 125,no contesta,20-08-2026,Feria de Motos 2026,carlos mario rodriguez arias,573217385776,carlos.rodriguez19@gmail.com,soacha,meta ads,no contesta,2026-08-19 10:14:00,2026-08-20 00:00:00,bajaj discover 125,13,SKU-012,100.0,fuzzy,phone:573217385776,82ac7772-d2c9-5f94-8570-f32fee68e2b0,False,,1.0,,6990000.0,13990000.0,credito,,cuota,False,True
LD-00014,2026-08-14 17:40:00,WhatsApp,EMP-02,PV-008,Jorge Iván Zapata Escobar,573112634024,jorge.zapata23@gmail.com,Cartagena de Indias,Honda XR 150L,no contesta,14/08/2026 18:40,Agosto Cero Cuotas,jorge ivan zapata escobar,573112634024,jorge.zapata23@gmail.com,cartagena de indias,whatsapp,no contesta,2026-08-14 17:40:00,2026-08-14 18:40:00,honda xr 150l,14,SKU-002,100.0,fuzzy,phone:573112634024,6c0bd9bf-58df-5fc9-aeef-e1e9f7b728a9,False,,1.0,,11490000.0,,,,,False,False
LD-00015,14/08/2026 00:51,Meta Ads,EMP-03,PV-011,Luisa Betancur Torres,(322) 624-9985,,Bogota DC,Honda Navi,Sin gestión,,,luisa betancur torres,573226249985,,bogota dc,meta ads,sin gestion,2026-08-14 00:51:00,,honda navi,15,SKU-004,100.0,fuzzy,phone:573226249985,9e877a6f-6cb9-5d6d-9502-948d457948d6,True,9e877a6f-6cb9-5d6d-9502-948d457948d6,1.0,same_phone_or_email,7290000.0,,,,,False,False
LD-00016,2026-08-30T17:03:00,WHATSAPP,EMP-03,PV-012,Angie Paola Correa Cardona,+57 322 8246161,,BOGOTA,Hero,No contesta,31/08/2026 23:03,Feria de Motos 2026,angie paola correa cardona,573228246161,,bogota,whatsapp,no contesta,2026-08-30 17:03:00,2026-08-31 23:03:00,hero,16,,28.57142857142857,unmatched,phone:573228246161,b1d26f36-5511-591b-99a8-527341319562,False,,1.0,,,,,,,False,False
LD-00017,2026-08-30T17:22:00,WhatsApp,EMP-02,PV-008,  Yuliana Muñoz Ramírez  ,3044030632,yuliana.munoz51@gmail.com,Cartagena de Indias,hero dash 110,Sin gestión,,Feria de Motos 2026,yuliana munoz ramirez,573044030632,yuliana.munoz51@gmail.com,cartagena de indias,whatsapp,sin gestion,2026-08-30 17:22:00,,hero dash 110,17,SKU-024,100.0,fuzzy,phone:573044030632,8a4aa5e1-3f2c-5376-859e-7b4360dd9cb3,False,,1.0,,6290000.0,,,,,False,False
LD-00018,01-09-2026,FORMULARIO WEB,EMP-03,PV-013,  Édinson Arias Mosquera  ,573012885354,edinson.arias61@gmail.com,bogotá,Hero Hunk 160R 2026,Contactado,02-09-2026,Remate Modelos 2025,edinson arias mosquera,573012885354,edinson.arias61@gmail.com,bogota,formulario web,contactado,2026-09-01 00:00:00,2026-09-02 00:00:00,hero hunk 160r 2026,18,SKU-022,100.0,fuzzy,phone:573012885354,76f2fe35-7d7f-5927-b738-885bd4ecc9f1,False,,1.0,,10490000.0,7290000.0,credito,,soat,False,False
LD-00019,2026-08-08 11:57:00,Meta Ads,EMP-01,PV-004,BRAYAN MUÑOZ GÓMEZ,+57 318 5408260,brayan.munoz7@yahoo.es,Rio Negro,AKT,Cotización enviada,,Prima Extra,brayan munoz gomez,573185408260,brayan.munoz7@yahoo.es,rio negro,meta ads,cotizacion enviada,2026-08-08 11:57:00,,akt,19,,28.57142857142857,unmatched,phone:573185408260,6bf2a7b9-894f-5817-8e02-4c947c3474dc,False,,1.0,,,,,,,False,False
LD-00020,21/08/2026 09:30,WhatsApp,EMP-02,PV-010,KATHERINE ESCOBAR OSPINA, 3160941067 ,katherine.escobar5@hotmail.com,MONTERIA,Honda  XR 150L,Cotización enviada,08/21/2026 11:30,Remate Modelos 2025,katherine escobar ospina,573160941067,katherine.escobar5@hotmail.com,monteria,whatsapp,cotizacion enviada,2026-08-21 09:30:00,2026-08-21 11:30:00,honda xr 150l,20,SKU-002,100.0,fuzzy,phone:573160941067,8c2bb103-f626-541a-b59c-89f35222c751,False,,1.0,,11490000.0,,credito,,soat,False,False
LD-00021,2026-08-16 10:07:00,WhatsApp,EMP-02,PV-009,Paula Andrea Valencia Gómez,+57 300 2659835,,SANTA MARTA,Suzuki GN 125,sin gestion,,Feria de Motos 2026,paula andrea valencia gomez,573002659835,,santa marta,whatsapp,sin gestion,2026-08-16 10:07:00,,suzuki gn 125,21,SKU-013,100.0,fuzzy,phone:573002659835,be84b4b0-6f67-57e8-9940-a0d4b9debe83,False,,1.0,,7490000.0,,,,,False,False
LD-00022,2026-08-19 02:31:00,WhatsApp,EMP-01,PV-004,MÓNICA JIMÉNEZ OSORIO, 3142748306 ,,Rionegro,Bajaj,Cotización enviada,2026-08-21 02:31:00,Agosto Cero Cuotas,monica jimenez osorio,573142748306,,rionegro,whatsapp,cotizacion enviada,2026-08-19 02:31:00,2026-08-21 02:31:00,bajaj,22,,22.22222222222223,unmatched,phone:573142748306,cff072ce-b458-5587-aee0-bea1e23ee010,False,,1.0,,,7490000.0,credito,,cuota,False,True
LD-00023,06-09-2026,Formulario Web,EMP-01,PV-003,JORGE IVÁN RODRÍGUEZ ESCOBAR,3134849961,,BELLO,Suzuki Gixxer,Contactado,09/10/2026 20:14,Feria de Motos 2026,jorge ivan rodriguez escobar,573134849961,,bello,formulario web,contactado,2026-09-06 00:00:00,2026-10-09 20:14:00,suzuki gixxer,23,,75.0,unmatched,phone:573134849961,b9c44e47-e723-530f-ad97-1cb7c10b4e95,False,,1.0,,,,,,,False,False
LD-00024,21/08/2026 23:32,Meta Ads,EMP-01,PV-003,  Alexander Salazar Herrera  ,(350) 007-2753,alexander.salazar79@yahoo.es,bello,Hero Dash 110,contactado,22-08-2026,,alexander salazar herrera,573500072753,alexander.salazar79@yahoo.es,bello,meta ads,contactado,2026-08-21 23:32:00,2026-08-22 00:00:00,hero dash 110,24,SKU-024,100.0,fuzzy,phone:573500072753,f6c6ae01-5080-5ae9-a6d2-4d5e5dc2eadf,False,,1.0,,6290000.0,7290000.0,credito,baja,precio,False,True
LD-00025,2026-08-16 20:42:00,Meta Ads,EMP-03,PV-015,Diana Carolina Quintero Castaño,+57 350 0345760,diana.quintero22@hotmail.com,,Suzuky Gixxer 150,contactado,08/20/2026 20:42,Feria de Motos 2026,diana carolina quintero castano,573500345760,diana.quintero22@hotmail.com,,meta ads,contactado,2026-08-16 20:42:00,2026-08-20 20:42:00,suzuky gixxer 150,25,SKU-014,100.0,fuzzy,phone:573500345760,383188ef-e1f0-5add-aa19-ecb2be0f4792,False,,1.0,,11990000.0,6290000.0,credito,,soat,False,False
LD-00026,2026-08-29 09:44:00,WhatsApp,EMP-03,PV-013,Katherine Cardona Arias,+57 317 6966302,,Bogota,Evo RS 150,No contesta,2026-08-29T21:44:00,Agosto Cero Cuotas,katherine cardona arias,573176966302,,bogota,whatsapp,no contesta,2026-08-29 09:44:00,2026-08-29 21:44:00,evo rs 150,26,SKU-020,100.0,exact,phone:573176966302,fd1708d3-2122-559e-80c3-6b12147f2f52,False,,1.0,,7190000.0,5590000.0,credito,,soat,False,False
LD-00027,11/08/2026 20:26,Meta Ads,EMP-02,PV-006,Luisa Salazar Agudelo,3125573119,luisa.salazar93@gmail.com,Barranquilla,AKT Dynamic R3 125,En proceso,2026-08-13T20:26:00,,luisa salazar agudelo,573125573119,luisa.salazar93@gmail.com,barranquilla,meta ads,en proceso,2026-08-11 20:26:00,2026-08-13 20:26:00,akt dynamic r3 125,27,SKU-018,100.0,fuzzy,phone:573125573119,767ef814-dc2d-5bd2-ad67-0cd49020459b,False,,1.0,,5590000.0,6590000.0,credito,,soat,False,False
LD-00028,09/08/2026 23:37,WhatsApp,EMP-03,PV-014,ALEXANDER ARIAS OSPINA,+57 302 2506559,,Bogota DC,Suzuky GN 125,sin gestion,,Remate Modelos 2025,alexander arias ospina,573022506559,,bogota dc,whatsapp,sin gestion,2026-08-09 23:37:00,,suzuky gn 125,28,SKU-013,100.0,fuzzy,phone:573022506559,1331f883-d013-516a-b4f5-a662670e01a6,True,1331f883-d013-516a-b4f5-a662670e01a6,1.0,same_phone_or_email,7490000.0,,,,,False,False
LD-00029,2026-08-10 16:39:00,WHATSAPP,EMP-03,PV-015,NELSON AGUDELO ARIAS,3059622427,nelson.agudelo30@yahoo.es,SOACHA,CB 190R,En proceso,11-08-2026,Feria de Motos 2026,nelson agudelo arias,573059622427,nelson.agudelo30@yahoo.es,soacha,whatsapp,en proceso,2026-08-10 16:39:00,2026-08-11 00:00:00,cb 190r,29,SKU-003,100.0,exact,phone:573059622427,4ec74a2b-6177-5ca2-84cd-168bdb98b573,False,,1.0,,13990000.0,,,,,False,False
LD-00030,03/09/2026 11:21,WhatsApp,EMP-01,PV-003,  Angie Paola Castaño Agudelo  , 3167665975 ,angie.castano63@outlook.com,BELLO,akt dynamic r3 125,Contactado,2026-09-04 17:21:00,Retoma tu moto,angie paola castano agudelo,573167665975,angie.castano63@outlook.com,bello,whatsapp,contactado,2026-09-03 11:21:00,2026-09-04 17:21:00,akt dynamic r3 125,30,SKU-018,100.0,fuzzy,phone:573167665975,19d2c9cb-a30e-514d-9e31-4c024bc0053d,False,,1.0,,5590000.0,7490000.0,credito,,soat,False,False
LD-00031,2026-08-29 13:41:00,WhatsApp,EMP-01,PV-004,Luz Marina Torres Marín,(302) 164-2321,luz.torres73@hotmail.com,Rionegro,Bajaj,Sin gestión,,,luz marina torres marin,573021642321,luz.torres73@hotmail.com,rionegro,whatsapp,sin gestion,2026-08-29 13:41:00,,bajaj,31,,22.22222222222223,unmatched,phone:573021642321,e8624d58-7c5e-5a9b-8af5-da2c9baa20d5,False,,1.0,,,,,,,False,False
LD-00032,03/09/2026 08:17,whatsapp,EMP-02,PV-006,Liliana Escobar Castaño,573501478583,liliana.escobar85@hotmail.com,B/quilla,Hero Xpulse 200,En proceso,03-09-2026,Feria de Motos 2026,liliana escobar castano,573501478583,liliana.escobar85@hotmail.com,b/quilla,whatsapp,en proceso,2026-09-03 08:17:00,2026-09-03 00:00:00,hero xpulse 200,32,SKU-023,100.0,fuzzy,phone:573501478583,e3e53dad-373c-535e-b8cc-9c9c706dd832,False,,1.0,,14990000.0,24900000.0,credito,media,cuota,False,True
LD-00033,2026-08-13 14:34:00,WhatsApp,EMP-03,PV-014,Édinson Muñoz Arias,321 523 2575,edinson.munoz54@yahoo.es,Bogota,Honda XR,En proceso,14/08/2026 20:34,,edinson munoz arias,573215232575,edinson.munoz54@yahoo.es,bogota,whatsapp,en proceso,2026-08-13 14:34:00,2026-08-14 20:34:00,honda xr,33,,44.44444444444444,unmatched,phone:573215232575,7ea4491a-7a20-5c5f-8a2f-7e9f6861cdc4,False,,1.0,,,,,,,False,False
LD-00034,23-08-2026,WhatsApp,EMP-01,PV-004,Héctor Valencia Ospina,3176036920,,Rio Negro,Hero Dash 110,No contesta,2026-08-23T06:08:00,Retoma tu moto,hector valencia ospina,573176036920,,rio negro,whatsapp,no contesta,2026-08-23 00:00:00,2026-08-23 06:08:00,hero dash 110,34,SKU-024,100.0,fuzzy,phone:573176036920,c7ee69e0-7dcf-5674-ac5a-5e4c87a05168,True,c7ee69e0-7dcf-5674-ac5a-5e4c87a05168,1.0,same_phone_or_email,6290000.0,,credito,,soat,False,False
LD-00035,2026-08-27T11:58:00,WhatsApp,EMP-02,PV-006,Erika Castaño Mosquera,350-036-3406,,barranquilla,SUZUKI V-STROM 250,Contactado,28-08-2026,,erika castano mosquera,573500363406,,barranquilla,whatsapp,contactado,2026-08-27 11:58:00,2026-08-28 00:00:00,suzuki v-strom 250,35,SKU-015,100.0,fuzzy,phone:573500363406,6d6b2b59-d501-50dd-887b-dfee56bea844,False,,1.0,,21900000.0,7290000.0,credito,,cuota,False,True
LD-00036,2026-08-04 12:22:00,Meta Ads,EMP-02,PV-007,Sandra Milena Herrera Bedoya,+57 310 8297516,sandra.herrera59@outlook.com,Soledad,Honda XR 150L 2026,Contactado,2026-08-07T12:22:00,,sandra milena herrera bedoya,573108297516,sandra.herrera59@outlook.com,soledad,meta ads,contactado,2026-08-04 12:22:00,2026-08-07 12:22:00,honda xr 150l 2026,36,SKU-002,100.0,fuzzy,phone:573108297516,18b4f399-6ece-52a7-a5d3-29137f2b0b12,False,,1.0,,11490000.0,,,,,False,False
LD-00037,2026-08-04 12:52:00,WhatsApp,EMP-02,PV-008,CRISTIAN CASTAÑO GIRALDO,310 498 3766,cristian.castano79@gmail.com,Cartagena,Suzuki V-Strom 250,no contesta,04/08/2026 18:52,Retoma tu moto,cristian castano giraldo,573104983766,cristian.castano79@gmail.com,cartagena,whatsapp,no contesta,2026-08-04 12:52:00,2026-08-04 18:52:00,suzuki v-strom 250,37,SKU-015,100.0,fuzzy,phone:573104983766,49546bd1-a490-5bba-9c1f-f4387e9e90da,True,49546bd1-a490-5bba-9c1f-f4387e9e90da,1.0,same_phone_or_email,21900000.0,11490000.0,credito,media,cuota,False,True
LD-00038,2026-09-01 00:27:00,Formulario Web,EMP-01,PV-002,Natalia Jiménez Marín,3511249372,natalia.jimenez82@gmail.com,Itagui,Honda Dio 110,Sin gestión,,,natalia jimenez marin,573511249372,natalia.jimenez82@gmail.com,itagui,formulario web,sin gestion,2026-09-01 00:27:00,,honda dio 110,38,SKU-005,100.0,fuzzy,phone:573511249372,563ddbd2-2511-5e6f-893e-aadd2378a647,False,,1.0,,6890000.0,,,,,False,False
LD-00039,2026-09-06 22:09:00,WhatsApp,EMP-02,PV-009,YESENIA OSPINA CORREA, 3136365595 ,,Santa Marta,AKT,Sin gestión,,Prima Extra,yesenia ospina correa,573136365595,,santa marta,whatsapp,sin gestion,2026-09-06 22:09:00,,akt,39,,28.57142857142857,unmatched,phone:573136365595,89be04dc-df68-5806-81f6-8aa3388868fa,False,,1.0,,,,,,,False,False
LD-00040,14/08/2026 06:38,Meta Ads,EMP-01,PV-005,Brayan Rodríguez Marín,313-189-3884,brayan.rodriguez96@hotmail.com,Medellín,Suzuki Gixxer 150,contactado,15-08-2026,,brayan rodriguez marin,573131893884,brayan.rodriguez96@hotmail.com,medellin,meta ads,contactado,2026-08-14 06:38:00,2026-08-15 00:00:00,suzuki gixxer 150,40,SKU-014,100.0,fuzzy,phone:573131893884,0fd37c3e-b857-52bc-a097-77e2748f8df7,False,,1.0,,11990000.0,11990000.0,credito,,soat,False,False
LD-00041,24-08-2026,Formulario Web,EMP-02,PV-006,  Carlos Mario Ospina Gómez  ,3017052774,carlos.ospina64@hotmail.com,Barranquilla,Bajaj Pulsar NS 160,Sin gestión,,Retoma tu moto,carlos mario ospina gomez,573017052774,carlos.ospina64@hotmail.com,barranquilla,formulario web,sin gestion,2026-08-24 00:00:00,,bajaj pulsar ns 160,41,SKU-009,100.0,fuzzy,phone:573017052774,0684f7f5-6454-5e1d-bb8a-fc7da8c83c76,False,,1.0,,11290000.0,,,,,False,False
LD-00042,08/09/2026 19:56,WhatsApp,EMP-02,PV-006,Sebastián Quintero Gómez, 3169663345 ,,Barranquilla,Honda CB 190R,sin gestion,,,sebastian quintero gomez,573169663345,,barranquilla,whatsapp,sin gestion,2026-09-08 19:56:00,,honda cb 190r,42,SKU-003,100.0,fuzzy,phone:573169663345,359789ba-14e1-5aa2-9e84-bbffa191737b,True,359789ba-14e1-5aa2-9e84-bbffa191737b,1.0,same_phone_or_email,13990000.0,,,,,False,False
LD-00043,2026-08-23T20:53:00,Meta Ads,EMP-02,PV-009,Claudia Patricia Osorio Herrera,3512679038,,Santa Marta,Honda Dio 110,Cotización enviada,,Agosto Cero Cuotas,claudia patricia osorio herrera,573512679038,,santa marta,meta ads,cotizacion enviada,2026-08-23 20:53:00,,honda dio 110,43,SKU-005,100.0,fuzzy,phone:573512679038,26daceab-8a47-5c8b-91de-29a4a39f4204,False,,1.0,,6890000.0,,,,,False,False
LD-00044,09/08/2026 20:06,Formulario Web,EMP-03,PV-011,  Freddy Cardona Marín  ,3169738674,,,Bajaj Pulsar,Cotización enviada,2026-08-10 08:06:00,Feria de Motos 2026,freddy cardona marin,573169738674,,,formulario web,cotizacion enviada,2026-08-09 20:06:00,2026-08-10 08:06:00,bajaj pulsar,44,,66.66666666666666,unmatched,phone:573169738674,decc9c40-cba3-540a-aa54-4919757b99fc,False,,1.0,,,,credito,media,soat,False,False
LD-00045,2026-08-27 05:24:00,WhatsApp,EMP-01,PV-001,Kevin Mosquera Restrepo,573511448353,kevin.mosquera49@outlook.com,MEDELLIN,akt dynamic r3 125,Cotización enviada,27-08-2026,,kevin mosquera restrepo,573511448353,kevin.mosquera49@outlook.com,medellin,whatsapp,cotizacion enviada,2026-08-27 05:24:00,2026-08-27 00:00:00,akt dynamic r3 125,45,SKU-018,100.0,fuzzy,phone:573511448353,deaa945f-5d2a-56c0-8bb2-777124fa87fc,False,,1.0,,5590000.0,,credito,baja,precio,False,True
LD-00046,03-09-2026,WhatsApp,EMP-01,PV-002,  Sandra Milena Muñoz Salazar  ,320-637-4600,sandra.munoz72@hotmail.com,Itagui,AKT TTR 200,Contactado,03-09-2026,Agosto Cero Cuotas,sandra milena munoz salazar,573206374600,sandra.munoz72@hotmail.com,itagui,whatsapp,contactado,2026-09-03 00:00:00,2026-09-03 00:00:00,akt ttr 200,46,SKU-019,100.0,fuzzy,phone:573206374600,625c2b3c-de04-556c-9e34-3f925aff8506,False,,1.0,,9890000.0,11990000.0,credito,media,soat,False,False
LD-00047,2026-08-21 01:24:00,WhatsApp,EMP-01,PV-002,Brayan Osorio Escobar,3127389848,,,Bajaj Boxer CT 100,No contesta,2026-08-23 01:24:00,,brayan osorio escobar,573127389848,,,whatsapp,no contesta,2026-08-21 01:24:00,2026-08-23 01:24:00,bajaj boxer ct 100,47,SKU-007,100.0,fuzzy,phone:573127389848,6a630686-829d-51a1-b690-25da00c2ad57,False,,1.0,,5790000.0,,,,,False,False
LD-00048,2026-08-31 14:04:00,Formulario Web,EMP-02,PV-008,DUVÁN MOSQUERA RODRÍGUEZ,3159155699,,Cartagena,Bajaj Boxer,Contactado,09/01/2026 08:04,Feria de Motos 2026,duvan mosquera rodriguez,573159155699,,cartagena,formulario web,contactado,2026-08-31 14:04:00,2026-01-09 08:04:00,bajaj boxer,48,,62.5,unmatched,phone:573159155699,c05fc14c-7686-5e14-a954-ce69c5c41dc9,False,,1.0,,,,,,,False,False
LD-00049,2026-08-28 18:40:00,WhatsApp,EMP-02,PV-010,  Jorge Iván Bedoya Hernández  ,3059383218,jorge.bedoya49@outlook.com,MONTERIA,Bajaj Dominar 400,Sin gestión,,Agosto Cero Cuotas,jorge ivan bedoya hernandez,573059383218,jorge.bedoya49@outlook.com,monteria,whatsapp,sin gestion,2026-08-28 18:40:00,,bajaj dominar 400,49,SKU-011,100.0,fuzzy,phone:573059383218,3ab14c9c-4937-5581-bbea-cfbcc6cf621c,False,,1.0,,24900000.0,,credito,,soat,False,False
LD-00050,09-08-2026,WhatsApp,EMP-02,PV-008,  Wilmar Torres Valencia  ,3015226877,wilmar.torres41@outlook.com,CARTAGENA,Hnda XR 150L,Cotización enviada,2026-08-10T00:53:00,,wilmar torres valencia,573015226877,wilmar.torres41@outlook.com,cartagena,whatsapp,cotizacion enviada,2026-08-09 00:00:00,2026-08-10 00:53:00,hnda xr 150l,50,SKU-002,100.0,fuzzy,phone:573015226877,a16d71a4-cadf-5c2d-b096-19d088955928,False,,1.0,,11490000.0,,,,,False,False
LD-00051,08/12/2026 19:12,Formulario Web,EMP-02,PV-008,JULIÁN GIRALDO LONDOÑO,3007209329,,CARTAGENA,Bajaj Pulsar NS 160,no contesta,2026-08-13 19:12:00,Prima Extra,julian giraldo londono,573007209329,,cartagena,formulario web,no contesta,2026-12-08 19:12:00,2026-08-13 19:12:00,bajaj pulsar ns 160,51,SKU-009,100.0,fuzzy,phone:573007209329,a407e6ac-fde0-522b-af6e-78373a9c3898,False,,1.0,,11290000.0,,,,,False,False
LD-00052,2026-08-06 15:52:00,formulario web,EMP-01,PV-004,Y. Castaño Valencia,+57 300 2859667,,Rionegro,Bajaj Boxer CT 100,Descartado,08/07/2026 09:52,Retoma tu moto,y. castano valencia,573002859667,,rionegro,formulario web,descartado,2026-08-06 15:52:00,2026-07-08 09:52:00,bajaj boxer ct 100,52,SKU-007,100.0,fuzzy,phone:573002859667,15c49fd3-770d-5682-88d6-804ee4c5c1cf,True,15c49fd3-770d-5682-88d6-804ee4c5c1cf,1.0,same_phone_or_email,5790000.0,,credito,,soat,False,False
LD-00053,2026-08-09 17:55:00,Formulario Web,EMP-01,PV-002,Juan Carlos Jiménez Mosquera, 3151024673 ,juan.jimenez23@yahoo.es,Itagui,bajaj discover 125,Sin gestión,,,juan carlos jimenez mosquera,573151024673,juan.jimenez23@yahoo.es,itagui,formulario web,sin gestion,2026-08-09 17:55:00,,bajaj discover 125,53,SKU-012,100.0,fuzzy,phone:573151024673,808445a6-a7c9-5047-b842-98bc165e0b24,True,808445a6-a7c9-5047-b842-98bc165e0b24,1.0,same_phone_or_email,6990000.0,4990000.0,credito,,cuota,False,True
LD-00054,2026-08-31 07:03:00,Meta Ads,EMP-01,PV-004,Camilo Agudelo Correa,573515501551,camilo.agudelo23@outlook.com,Rio Negro,Bajaj Boxer,Cotización enviada,09/04/2026 07:03,,camilo agudelo correa,573515501551,camilo.agudelo23@outlook.com,rio negro,meta ads,cotizacion enviada,2026-08-31 07:03:00,2026-04-09 07:03:00,bajaj boxer,54,,62.5,unmatched,phone:573515501551,62252888-f35a-5004-bde5-cb8e048ddb89,False,,1.0,,,,,,,False,False
LD-00055,18-08-2026,WhatsApp,EMP-01,PV-003,Alexander Castaño Quintero,(301) 046-1565,,BELLO,suzuki best 125,contactado,2026-08-19T19:07:00,Feria de Motos 2026,alexander castano quintero,573010461565,,bello,whatsapp,contactado,2026-08-18 00:00:00,2026-08-19 19:07:00,suzuki best 125,55,SKU-016,100.0,fuzzy,phone:573010461565,b5f674c7-e052-55d4-849b-5a73dfdf494b,False,,1.0,,6590000.0,,credito,,soat,False,False
LD-00056,19/08/2026 06:16,Formulario Web,EMP-02,PV-009,  Natalia Giraldo Correa  ,(312) 110-1236,natalia.giraldo71@yahoo.es,SANTA MARTA,Suzuki Best 125,En proceso,20/08/2026 00:16,Feria de Motos 2026,natalia giraldo correa,573121101236,natalia.giraldo71@yahoo.es,santa marta,formulario web,en proceso,2026-08-19 06:16:00,2026-08-20 00:16:00,suzuki best 125,56,SKU-016,100.0,fuzzy,phone:573121101236,8d2c118b-8315-5677-8eb4-10276ac224d1,False,,1.0,,6590000.0,,,,,False,False
LD-00057,2026-08-20 11:25:00,WhatsApp,EMP-02,PV-007,Estefanía Betancur Herrera,3046886479,,Soledad,bajaj boxer ct 100,sin gestion,,Retoma tu moto,estefania betancur herrera,573046886479,,soledad,whatsapp,sin gestion,2026-08-20 11:25:00,,bajaj boxer ct 100,57,SKU-007,100.0,fuzzy,phone:573046886479,df02aacc-8cd7-5dcd-9b9b-a672b9f29d18,False,,1.0,,5790000.0,,,,,False,False
LD-00058,05-08-2026,Formulario Web,EMP-03,PV-013,Erika Pérez Pérez,+57 351 0777593,erika.perez17@gmail.com,BOGOTA,V-Strom 250,En proceso,08/05/2026 06:00,,erika perez perez,573510777593,erika.perez17@gmail.com,bogota,formulario web,en proceso,2026-08-05 00:00:00,2026-05-08 06:00:00,v-strom 250,58,SKU-015,100.0,exact,phone:573510777593,f14e82ba-b6e1-50bc-83b0-223522409507,False,,1.0,,21900000.0,11490000.0,credito,,soat,False,False
LD-00059,08/07/2026 00:04,Formulario Web,EMP-03,PV-012,Freddy Quintero Valencia,+57 316 0567437,,BOGOTA,Bajaj Pulsar RS 200,Cotización enviada,07/08/2026 18:04,,freddy quintero valencia,573160567437,,bogota,formulario web,cotizacion enviada,2026-07-08 00:04:00,2026-08-07 18:04:00,bajaj pulsar rs 200,59,SKU-010,100.0,fuzzy,phone:573160567437,e4aa5434-ddbe-5e7d-a7a7-730fbb97a931,False,,1.0,,15490000.0,6990000.0,credito,,cuota,False,True
LD-00060,2026-08-17 18:23:00,WHATSAPP,EMP-02,PV-008,Estefanía Mosquera Osorio,(350) 452-3086,,CARTAGENA,AKT Dynamic R3 125,Contactado,08/18/2026 00:23,Agosto Cero Cuotas,estefania mosquera osorio,573504523086,,cartagena,whatsapp,contactado,2026-08-17 18:23:00,2026-08-18 00:23:00,akt dynamic r3 125,60,SKU-018,100.0,fuzzy,phone:573504523086,285572b4-6649-5f4e-b74d-0c6f3ac3af2e,True,285572b4-6649-5f4e-b74d-0c6f3ac3af2e,1.0,same_phone_or_email,5590000.0,,,,,False,False
LD-00061,2026-09-04 11:12:00,WhatsApp,EMP-01,PV-004,Camilo Vargas Correa,573149634001,camilo.vargas69@gmail.com,RIONEGRO,AKT NKD 125 2026,Cotización enviada,09/05/2026 17:12,,camilo vargas correa,573149634001,camilo.vargas69@gmail.com,rionegro,whatsapp,cotizacion enviada,2026-09-04 11:12:00,2026-05-09 17:12:00,akt nkd 125 2026,61,SKU-017,100.0,fuzzy,phone:573149634001,f8b6cf00-259c-5d4d-91ea-3efc55217e5b,True,f8b6cf00-259c-5d4d-91ea-3efc55217e5b,1.0,same_phone_or_email,5290000.0,,,,,False,False
LD-00062,2026-09-02T04:00:00,Meta Ads,EMP-02,PV-006,Mónica Cardona Torres,3006279003,monica.cardona68@yahoo.es,barranquilla,Honda Navi,Cotización enviada,,Feria de Motos 2026,monica cardona torres,573006279003,monica.cardona68@yahoo.es,barranquilla,meta ads,cotizacion enviada,2026-09-02 04:00:00,,honda navi,62,SKU-004,100.0,fuzzy,phone:573006279003,272248cd-e4ec-5a8d-99c4-6e439600f687,False,,1.0,,7290000.0,,,,,False,False
LD-00063,09/09/2026 09:51,Meta Ads,EMP-01,PV-001,Wilmar Salazar Herrera,+57 312 1972329,,MEDELLIN,BAJAJ DOMINAR 400,sin gestion,,Feria de Motos 2026,wilmar salazar herrera,573121972329,,medellin,meta ads,sin gestion,2026-09-09 09:51:00,,bajaj dominar 400,63,SKU-011,100.0,fuzzy,phone:573121972329,3727b49a-3aad-5c36-b5a3-e71aa85a367e,True,3727b49a-3aad-5c36-b5a3-e71aa85a367e,1.0,same_phone_or_email,24900000.0,15490000.0,credito,,cuota,False,True
LD-00064,21/08/2026 23:15,WhatsApp,EMP-03,PV-012,Katherine Escobar Muñoz,3230031702,,BOGOTA,Bajaj Discover 125,Contactado,2026-08-22 01:15:00,Agosto Cero Cuotas,katherine escobar munoz,573230031702,,bogota,whatsapp,contactado,2026-08-21 23:15:00,2026-08-22 01:15:00,bajaj discover 125,64,SKU-012,100.0,fuzzy,phone:573230031702,ba388b5f-9570-588d-9541-287ac3c1f8f5,True,ba388b5f-9570-588d-9541-287ac3c1f8f5,1.0,same_phone_or_email,6990000.0,,,,,False,False
LD-00065,22-08-2026,Meta Ads,EMP-01,PV-003,Sebastián Castaño Valencia,(351) 816-0136,sebastian.castano29@gmail.com,BELLO,,Contactado,23-08-2026,Remate Modelos 2025,sebastian castano valencia,573518160136,sebastian.castano29@gmail.com,bello,meta ads,contactado,2026-08-22 00:00:00,2026-08-23 00:00:00,,65,,0.0,none,phone:573518160136,245b50d6-500d-51eb-9897-bc76eb2f64b4,False,,1.0,,,,,,,False,False
LD-00066,2026-08-30T01:45:00,WhatsApp,EMP-03,PV-011,Katherine Bedoya Hernández,3136468707,,Bogotá D.C.,,Sin gestión,,Agosto Cero Cuotas,katherine bedoya hernandez,573136468707,,bogota,whatsapp,sin gestion,2026-08-30 01:45:00,,,66,,0.0,none,phone:573136468707,362c2fb3-86da-5e99-a022-558e83b7f348,False,,1.0,,,,,,,False,False
LD-00067,16-08-2026,WhatsApp,EMP-02,PV-009,PAULA ANDREA RESTREPO HERRERA,3042964858,,Santa Marta,hero dash 110,Sin gestión,,Retoma tu moto,paula andrea restrepo herrera,573042964858,,santa marta,whatsapp,sin gestion,2026-08-16 00:00:00,,hero dash 110,67,SKU-024,100.0,fuzzy,phone:573042964858,987d5581-ea33-5b5e-b1b3-ab3a3c921b13,False,,1.0,,6290000.0,,,,,False,False
LD-00068,2026-08-19 15:45:00,WhatsApp,EMP-03,PV-014,Camilo Restrepo Correa,3015293564,camilo.restrepo17@gmail.com,Bogota,Bajaj Boxer CT 100,sin gestion,,Agosto Cero Cuotas,camilo restrepo correa,573015293564,camilo.restrepo17@gmail.com,bogota,whatsapp,sin gestion,2026-08-19 15:45:00,,bajaj boxer ct 100,68,SKU-007,100.0,fuzzy,phone:573015293564,cd31910f-d9e6-535f-9bc2-18f9edf386d5,False,,1.0,,5790000.0,5590000.0,credito,media,cuota,False,True
LD-00069,04/09/2026 15:12,WhatsApp,EMP-01,PV-004,Sandra Milena Cardona Hernández,3118685348,sandra.cardona91@outlook.com,Rio Negro,AKT Dynamic R3 125,Descartado,2026-09-07T15:12:00,Remate Modelos 2025,sandra milena cardona hernandez,573118685348,sandra.cardona91@outlook.com,rio negro,whatsapp,descartado,2026-09-04 15:12:00,2026-09-07 15:12:00,akt dynamic r3 125,69,SKU-018,100.0,fuzzy,phone:573118685348,9524bbcd-c4d4-5426-930b-83b994060393,False,,1.0,,5590000.0,,,,,False,False
LD-00070,19/08/2026 17:54,Meta Ads,EMP-01,PV-003,Angie Paola Hernández Quintero,+57 350 7959623,,bello,Hero,SIN GESTION,,Feria de Motos 2026,angie paola hernandez quintero,573507959623,,bello,meta ads,sin gestion,2026-08-19 17:54:00,,hero,70,,28.57142857142857,unmatched,phone:573507959623,94d46595-545d-5308-9c93-5b38a6c66b82,False,,1.0,,,,,,,False,False
LD-00071,05/08/2026 16:30,Formulario Web,EMP-02,PV-010,  Jorge Iván Giraldo Osorio  ,573117801877,jorge.giraldo40@outlook.com,MONTERIA,Evo RS 150,Contactado,2026-08-05T22:30:00,Agosto Cero Cuotas,jorge ivan giraldo osorio,573117801877,jorge.giraldo40@outlook.com,monteria,formulario web,contactado,2026-08-05 16:30:00,2026-08-05 22:30:00,evo rs 150,71,SKU-020,100.0,exact,phone:573117801877,86e3fb1b-eb5e-5093-8968-d9040a46e5d0,False,,1.0,,7190000.0,,credito,media,precio,False,True
LD-00072,2026-09-04 18:02:00,Meta Ads,EMP-02,PV-010,Alexander Rodríguez Ospina,3130651448,alexander.rodriguez30@hotmail.com,MONTERIA,Hnda CB 190R,Contactado,04/09/2026 22:02,Prima Extra,alexander rodriguez ospina,573130651448,alexander.rodriguez30@hotmail.com,monteria,meta ads,contactado,2026-09-04 18:02:00,2026-09-04 22:02:00,hnda cb 190r,72,SKU-003,100.0,fuzzy,phone:573130651448,701599c5-a13b-5d88-8729-ad11da0f51a9,True,701599c5-a13b-5d88-8729-ad11da0f51a9,1.0,same_phone_or_email,13990000.0,,credito,,cuota,False,False
LD-00073,09/05/2026 15:44,WhatsApp,EMP-02,PV-009,Mónica Jiménez Cardona,304 493 6340,,Sta Marta,Bajai Dominar 400,No contesta,06-09-2026,,monica jimenez cardona,573044936340,,santa marta,whatsapp,no contesta,2026-05-09 15:44:00,2026-09-06 00:00:00,bajai dominar 400,73,SKU-011,100.0,fuzzy,phone:573044936340,6f24e075-91df-560b-857a-8207ce170aaf,True,6f24e075-91df-560b-857a-8207ce170aaf,1.0,same_phone_or_email,24900000.0,,,,,False,False
LD-00074,2026-09-03 06:04:00,META ADS,EMP-01,PV-002,Óscar David Quintero Jiménez,(302) 015-7534,,ITAGUI,Hnda CB 190R,No contesta,07-09-2026,Feria de Motos 2026,oscar david quintero jimenez,573020157534,,itagui,meta ads,no contesta,2026-09-03 06:04:00,2026-09-07 00:00:00,hnda cb 190r,74,SKU-003,100.0,fuzzy,phone:573020157534,264718ba-551b-5646-87fe-8df381a2cf9f,False,,1.0,,13990000.0,,,,,False,False
LD-00075,20-08-2026,Meta Ads,EMP-01,PV-002,Yesenia Correa Jiménez,573216422224,,Itagüí,AKT DYNAMIC R3 125,Cotización enviada,21/08/2026 10:37,,yesenia correa jimenez,573216422224,,itagui,meta ads,cotizacion enviada,2026-08-20 00:00:00,2026-08-21 10:37:00,akt dynamic r3 125,75,SKU-018,100.0,fuzzy,phone:573216422224,4abe33f6-ea60-5b9f-a894-1d1097b2be89,False,,1.0,,5590000.0,7490000.0,credito,,cuota,False,True
LD-00076,2026-08-21 21:33:00,Meta Ads,EMP-02,PV-009,  Freddy Arias Herrera  ,+57 322 1743999,freddy.arias63@gmail.com,SANTA MARTA,bajaj pulsar rs 200,Contactado,2026-08-21 22:33:00,,freddy arias herrera,573221743999,freddy.arias63@gmail.com,santa marta,meta ads,contactado,2026-08-21 21:33:00,2026-08-21 22:33:00,bajaj pulsar rs 200,76,SKU-010,100.0,fuzzy,phone:573221743999,4730b3df-18a4-5d10-a8cc-ba523fea8896,False,,1.0,,15490000.0,,,,,False,False
LD-00077,05/08/2026 14:24,WhatsApp,EMP-01,PV-004,Liliana Herrera Franco,3006710880,,Rionegro,,contactado,08/06/2026 14:24,Remate Modelos 2025,liliana herrera franco,573006710880,,rionegro,whatsapp,contactado,2026-08-05 14:24:00,2026-06-08 14:24:00,,77,,0.0,none,phone:573006710880,87e52220-c997-56d3-b40f-80843802a932,False,,1.0,,,,,,,False,False
LD-00078,09-09-2026,Meta Ads,EMP-01,PV-002,LUZ MARINA GIRALDO MUÑOZ,573029634101,luz.giraldo81@outlook.com,Itagüí,Bajaj Dominar 400 2026,No contesta,2026-09-09T23:43:00,Feria de Motos 2026,luz marina giraldo munoz,573029634101,luz.giraldo81@outlook.com,itagui,meta ads,no contesta,2026-09-09 00:00:00,2026-09-09 23:43:00,bajaj dominar 400 2026,78,SKU-011,100.0,fuzzy,phone:573029634101,5c43d51d-61e0-5361-ad40-2980b114b754,False,,1.0,,24900000.0,,,,,False,False
LD-00079,26/08/2026 06:11,formulario web,EMP-01,PV-003,  Brayan Londoño Marín  ,(310) 888-7605,,BELLO,AKT Evo,Contactado,27-08-2026,Feria de Motos 2026,brayan londono marin,573108887605,,bello,formulario web,contactado,2026-08-26 06:11:00,2026-08-27 00:00:00,akt evo,79,,60.0,unmatched,phone:573108887605,d16a09e8-d8b7-5d6e-84b8-9a230648ed7a,False,,1.0,,,,credito,,soat,True,False
LD-00080,21/08/2026 06:48,Meta Ads,EMP-02,PV-006,Yuliana Salazar Salazar,(314) 929-9189,,,AKT TTR 200 2026,No contesta,2026-08-25T06:48:00,Retoma tu moto,yuliana salazar salazar,573149299189,,,meta ads,no contesta,2026-08-21 06:48:00,2026-08-25 06:48:00,akt ttr 200 2026,80,SKU-019,100.0,fuzzy,phone:573149299189,af0944b3-bae6-55c1-b5be-d752e9911454,False,,1.0,,9890000.0,,,,,False,False
LD-00081,24-08-2026,WhatsApp,EMP-01,PV-005,CAMILO ZAPATA HERRERA,3151882416,,MEDELLIN,AKT Evo,No contesta,2026-08-24 18:23:00,Remate Modelos 2025,camilo zapata herrera,573151882416,,medellin,whatsapp,no contesta,2026-08-24 00:00:00,2026-08-24 18:23:00,akt evo,81,,60.0,unmatched,phone:573151882416,b9e0b148-bef2-52ef-b552-3680a366ee78,False,,1.0,,,,credito,,soat,False,False
LD-00082,09/07/2026 15:09,WhatsApp,EMP-02,PV-010,  Adriana Escobar Cardona  ,316-068-9950,,Monteria,Suzuki  V-Strom 250,No contesta,09/08/2026 03:09,Agosto Cero Cuotas,adriana escobar cardona,573160689950,,monteria,whatsapp,no contesta,2026-07-09 15:09:00,2026-08-09 03:09:00,suzuki v-strom 250,82,SKU-015,100.0,fuzzy,phone:573160689950,ba58e434-3631-5b60-8220-4053ac33efa0,False,,1.0,,21900000.0,,credito,media,precio,False,True
LD-00083,2026-09-02T02:17:00,WhatsApp,EMP-03,PV-015,Mónica Marín Pérez,+57 305 3996446,,SOACHA,Bajaj Boxer CT 100 2026,sin gestion,,Remate Modelos 2025,monica marin perez,573053996446,,soacha,whatsapp,sin gestion,2026-09-02 02:17:00,,bajaj boxer ct 100 2026,83,SKU-007,100.0,fuzzy,phone:573053996446,ca0bc1fc-6f19-57ea-a9a8-267fbf30680a,True,ca0bc1fc-6f19-57ea-a9a8-267fbf30680a,1.0,same_phone_or_email,5790000.0,14990000.0,credito,,cuota,False,True
LD-00084,04-08-2026,meta ads,EMP-03,PV-014,NATALIA LONDOÑO HERRERA,573049256632,natalia.londono79@gmail.com,Bogotá,Bajai Pulsar RS 200,Sin gestión,,Retoma tu moto,natalia londono herrera,573049256632,natalia.londono79@gmail.com,bogota,meta ads,sin gestion,2026-08-04 00:00:00,,bajai pulsar rs 200,84,SKU-010,100.0,fuzzy,phone:573049256632,369210af-8137-5c8e-a1d7-0118bef51403,False,,1.0,,15490000.0,,credito,,soat,False,False
LD-00085,02/08/2026 05:19,WhatsApp,EMP-03,PV-015,Juan Carlos Arias Osorio,573012127835,juan.arias98@hotmail.com,Soacha,AKT Dynamic R3 125,sin gestion,,,juan carlos arias osorio,573012127835,juan.arias98@hotmail.com,soacha,whatsapp,sin gestion,2026-08-02 05:19:00,,akt dynamic r3 125,85,SKU-018,100.0,fuzzy,phone:573012127835,d812f869-ba10-5132-96b2-2b1d868bf807,False,,1.0,,5590000.0,,,,,False,False
LD-00086,2026-08-30 02:24:00,WhatsApp,EMP-02,PV-006,CRISTIAN MUÑOZ FRANCO,310-612-5015,,barranquilla,Bajaj  Pulsar NS 160,Descartado,02-09-2026,Remate Modelos 2025,cristian munoz franco,573106125015,,barranquilla,whatsapp,descartado,2026-08-30 02:24:00,2026-09-02 00:00:00,bajaj pulsar ns 160,86,SKU-009,100.0,fuzzy,phone:573106125015,5d9bd037-9615-50bb-9573-d902bed0ec05,False,,1.0,,11290000.0,,,,,False,False
LD-00087,2026-08-02 17:39:00,Meta Ads,EMP-03,PV-011,VANESSA TORRES CARDONA,304 323 8696,,Bogota,Bajaj,no contesta,03-08-2026,Prima Extra,vanessa torres cardona,573043238696,,bogota,meta ads,no contesta,2026-08-02 17:39:00,2026-08-03 00:00:00,bajaj,87,,22.22222222222223,unmatched,phone:573043238696,b819616b-41f1-5e00-9629-8b3ae56f076a,False,,1.0,,,22900000.0,credito,media,soat,False,False
LD-00088,2026-09-03T01:33:00,WhatsApp,EMP-02,PV-010,Camilo Marín Valencia,315 648 4992,camilo.marin61@yahoo.es,Montería,Honda Dio 110,Descartado,,Prima Extra,camilo marin valencia,573156484992,camilo.marin61@yahoo.es,monteria,whatsapp,descartado,2026-09-03 01:33:00,,honda dio 110,88,SKU-005,100.0,fuzzy,phone:573156484992,d6a6234a-620d-5bb1-b688-6f93a01737ea,True,d6a6234a-620d-5bb1-b688-6f93a01737ea,1.0,same_phone_or_email,6890000.0,,,,,False,False
LD-00089,2026-09-08 22:08:00,Formulario Web,EMP-01,PV-002,Leidy Johana Castaño Restrepo,+57 320 2440100,leidy.castano7@yahoo.es,Itagui,hero hunk 160r,En proceso,2026-09-12T22:08:00,Agosto Cero Cuotas,leidy johana castano restrepo,573202440100,leidy.castano7@yahoo.es,itagui,formulario web,en proceso,2026-09-08 22:08:00,2026-09-12 22:08:00,hero hunk 160r,89,SKU-022,100.0,fuzzy,phone:573202440100,e58b5da8-5f83-528b-b978-866defa72dfa,False,,1.0,,10490000.0,7190000.0,credito,,cuota,False,True
LD-00090,06/08/2026 01:31,WhatsApp,EMP-01,PV-004,CARLOS MARIO OSORIO TORRES,+57 301 5238259,,Rio Negro,bajaj pulsar ns 160,No contesta,08/10/2026 01:31,Remate Modelos 2025,carlos mario osorio torres,573015238259,,rio negro,whatsapp,no contesta,2026-08-06 01:31:00,2026-10-08 01:31:00,bajaj pulsar ns 160,90,SKU-009,100.0,fuzzy,phone:573015238259,099e0ac6-5b53-5dc5-bbf6-bdac509c3e85,False,,1.0,,11290000.0,,,,,False,False
LD-00091,2026-08-06 08:37:00,Meta Ads,EMP-01,PV-004,  Natalia Zapata Marín  ,3142060957,natalia.zapata22@outlook.com,Rio Negro,AKT,En proceso,2026-08-06T20:37:00,Feria de Motos 2026,natalia zapata marin,573142060957,natalia.zapata22@outlook.com,rio negro,meta ads,en proceso,2026-08-06 08:37:00,2026-08-06 20:37:00,akt,91,,28.57142857142857,unmatched,phone:573142060957,3d162378-4ca6-5c6d-9092-127c9cc12552,True,3d162378-4ca6-5c6d-9092-127c9cc12552,1.0,same_phone_or_email,,7490000.0,credito,,soat,True,False
LD-00092,17-08-2026,WhatsApp,EMP-03,PV-012,  Marcela Bedoya Giraldo  ,313 048 7909,marcela.bedoya94@hotmail.com,Bogota,hero eco deluxe 100,no contesta,,,marcela bedoya giraldo,573130487909,marcela.bedoya94@hotmail.com,bogota,whatsapp,no contesta,2026-08-17 00:00:00,,hero eco deluxe 100,92,SKU-021,100.0,fuzzy,phone:573130487909,3a5e33ff-4a4f-5925-bbb0-580a61935c18,False,,1.0,,4990000.0,9890000.0,credito,media,cuota,False,True
LD-00093,2026-08-31 06:54:00,WHATSAPP,EMP-02,PV-009,Vanessa Marín Pérez,+57 305 4818688,vanessa.marin45@hotmail.com,Sta Marta,Bajaj Discover 125 2026,Descartado,31-08-2026,Agosto Cero Cuotas,vanessa marin perez,573054818688,vanessa.marin45@hotmail.com,santa marta,whatsapp,descartado,2026-08-31 06:54:00,2026-08-31 00:00:00,bajaj discover 125 2026,93,SKU-012,100.0,fuzzy,phone:573054818688,fb9f1f05-1558-57d1-a420-f72cb5d4519f,True,fb9f1f05-1558-57d1-a420-f72cb5d4519f,1.0,same_phone_or_email,6990000.0,,credito,media,soat,False,False
LD-00094,08/19/2026 19:00,WhatsApp,EMP-03,PV-011,  Natalia Agudelo Bedoya  , 3505619932 ,natalia.agudelo56@yahoo.es,Bogotá,Hero,Contactado,21-08-2026,Agosto Cero Cuotas,natalia agudelo bedoya,573505619932,natalia.agudelo56@yahoo.es,bogota,whatsapp,contactado,2026-08-19 19:00:00,2026-08-21 00:00:00,hero,94,,28.57142857142857,unmatched,phone:573505619932,bcff5267-db99-567d-a7fb-4615f0617168,False,,1.0,,,,,,,False,False
LD-00095,05/08/2026 09:20,Meta Ads,EMP-01,PV-004,Jorge Iván Giraldo Rodríguez,304 685 1337,,Rionegro,honda dio 110,Contactado,09-08-2026,,jorge ivan giraldo rodriguez,573046851337,,rionegro,meta ads,contactado,2026-08-05 09:20:00,2026-08-09 00:00:00,honda dio 110,95,SKU-005,100.0,fuzzy,phone:573046851337,e99de4c9-b038-56e3-a94f-96e9595804a4,False,,1.0,,6890000.0,22900000.0,credito,,soat,False,False
LD-00096,2026-08-10 06:33:00,FORMULARIO WEB,EMP-03,PV-014,Yesenia Cardona Ospina,3154712634,yesenia.cardona85@outlook.com,Bogota,Hero Eco Deluxe 100,Sin gestión,,,yesenia cardona ospina,573154712634,yesenia.cardona85@outlook.com,bogota,formulario web,sin gestion,2026-08-10 06:33:00,,hero eco deluxe 100,96,SKU-021,100.0,fuzzy,phone:573154712634,ff59ad72-bce0-5270-9b23-c4bd9ec7edc2,True,ff59ad72-bce0-5270-9b23-c4bd9ec7edc2,1.0,same_phone_or_email,4990000.0,,credito,,soat,False,False
LD-00097,05/08/2026 13:28,WhatsApp,EMP-02,PV-008,Óscar David Gómez Londoño,3166992931,,Cartagena de Indias,AKT Evo RS 150,Cotización enviada,05/08/2026 17:28,,oscar david gomez londono,573166992931,,cartagena de indias,whatsapp,cotizacion enviada,2026-08-05 13:28:00,2026-08-05 17:28:00,akt evo rs 150,97,SKU-020,100.0,fuzzy,phone:573166992931,2a9fa415-0ede-55bf-bbfe-decb9193930e,False,,1.0,,7190000.0,,credito,,soat,False,False
LD-00098,08/05/2026 10:25,WhatsApp,EMP-03,PV-012,  Kevin Herrera Castaño  ,3000913529,,bogotá,Honda Dio,En proceso,05-08-2026,Feria de Motos 2026,kevin herrera castano,573000913529,,bogota,whatsapp,en proceso,2026-05-08 10:25:00,2026-08-05 00:00:00,honda dio,98,,60.0,unmatched,phone:573000913529,d9d1380d-57f2-57ab-a495-813a2702abc7,False,,1.0,,,,,,,False,False
LD-00099,2026-08-07 03:44:00,Meta Ads,EMP-01,PV-003,DIANA CAROLINA CASTAÑO FRANCO,3158687596,diana.castano70@yahoo.es,bello,Bajaj,Descartado,2026-08-07T07:44:00,,diana carolina castano franco,573158687596,diana.castano70@yahoo.es,bello,meta ads,descartado,2026-08-07 03:44:00,2026-08-07 07:44:00,bajaj,99,,22.22222222222223,unmatched,phone:573158687596,37022c1f-95af-5a6b-b265-5a0d03cd91e4,False,,1.0,,,,,,,False,False
LD-00100,2026-08-21T18:20:00,Meta Ads,EMP-02,PV-007,  Édinson Zapata Zapata  ,315 944 6851,edinson.zapata75@outlook.com,SOLEDAD,Honda XRE 300 2026,Cotización enviada,08/21/2026 22:20,Remate Modelos 2025,edinson zapata zapata,573159446851,edinson.zapata75@outlook.com,soledad,meta ads,cotizacion enviada,2026-08-21 18:20:00,2026-08-21 22:20:00,honda xre 300 2026,100,SKU-006,100.0,fuzzy,phone:573159446851,600775ea-7d32-5e32-ac20-0e393941bd89,False,,1.0,,22900000.0,,credito,,soat,False,False
LD-00101,08/11/2026 09:53,WhatsApp,EMP-01,PV-002,Andrés Felipe Pérez Franco,310 764 4005,,ITAGUI,AKT NKD 125,Sin gestión,,Agosto Cero Cuotas,andres felipe perez franco,573107644005,,itagui,whatsapp,sin gestion,2026-11-08 09:53:00,,akt nkd 125,101,SKU-017,100.0,fuzzy,phone:573107644005,5b37da79-c2f3-566e-aa68-88f3575b79a3,False,,1.0,,5290000.0,,,,,False,False
LD-00102,28-08-2026,whatsapp,EMP-02,PV-008,  Édinson Jiménez Zapata  ,+57 304 8073934,,Cartagena de Indias,suzuki gixxer 150,En proceso,08/29/2026 19:00,Agosto Cero Cuotas,edinson jimenez zapata,573048073934,,cartagena de indias,whatsapp,en proceso,2026-08-28 00:00:00,2026-08-29 19:00:00,suzuki gixxer 150,102,SKU-014,100.0,fuzzy,phone:573048073934,f3386b0b-bfc8-58c6-8b3b-5bd7d2691212,False,,1.0,,11990000.0,,,,,False,False
LD-00103,16/08/2026 02:59,WhatsApp,EMP-03,PV-012,Luisa Pérez Herrera,573236256868,luisa.perez70@yahoo.es,bogotá,Bajaj  Pulsar RS 200,Cotización enviada,2026-08-16 04:59:00,Remate Modelos 2025,luisa perez herrera,573236256868,luisa.perez70@yahoo.es,bogota,whatsapp,cotizacion enviada,2026-08-16 02:59:00,2026-08-16 04:59:00,bajaj pulsar rs 200,103,SKU-010,100.0,fuzzy,phone:573236256868,edfc8ae8-2784-5386-99a1-8d9da060fd1a,False,,1.0,,15490000.0,,,,,False,False
LD-00104,2026-08-07T01:17:00,whatsapp,EMP-02,PV-009,  Liliana Correa Osorio  ,+57 322 7857752,liliana.correa60@hotmail.com,Santa Marta,Bajaj Pulsar NS 125,Contactado,08/08/2026 01:17,Remate Modelos 2025,liliana correa osorio,573227857752,liliana.correa60@hotmail.com,santa marta,whatsapp,contactado,2026-08-07 01:17:00,2026-08-08 01:17:00,bajaj pulsar ns 125,104,SKU-008,100.0,fuzzy,phone:573227857752,63c2012d-865b-5a03-a420-21d930c57a2f,False,,1.0,,8990000.0,,credito,,cuota,False,False
LD-00105,09/08/2026 14:20,whatsapp,EMP-03,PV-014,Yesenia Torres Escobar,3001215878,yesenia.torres96@gmail.com,bogotá,AKT EVO RS 150,En proceso,2026-08-09 20:20:00,Feria de Motos 2026,yesenia torres escobar,573001215878,yesenia.torres96@gmail.com,bogota,whatsapp,en proceso,2026-08-09 14:20:00,2026-08-09 20:20:00,akt evo rs 150,105,SKU-020,100.0,fuzzy,phone:573001215878,15033755-ad5f-5536-b4fb-f7b03aed74b7,False,,1.0,,7190000.0,,,,,False,False
LD-00106,2026-08-19 09:13:00,Formulario Web,EMP-03,PV-014,Óscar David Mosquera Osorio,3201847304,oscar.mosquera95@gmail.com,Bogota,BAJAJ DISCOVER 125,En proceso,2026-08-19T21:13:00,Agosto Cero Cuotas,oscar david mosquera osorio,573201847304,oscar.mosquera95@gmail.com,bogota,formulario web,en proceso,2026-08-19 09:13:00,2026-08-19 21:13:00,bajaj discover 125,106,SKU-012,100.0,fuzzy,phone:573201847304,bd3f3441-73f0-5405-8f48-87b97593b8c1,False,,1.0,,6990000.0,,,,,False,False
LD-00107,06/08/2026 06:28,WhatsApp,EMP-03,PV-012,Wilmar Muñoz Restrepo,3019201020,,Bogota DC,Honda,Contactado,2026-08-08T06:28:00,Retoma tu moto,wilmar munoz restrepo,573019201020,,bogota dc,whatsapp,contactado,2026-08-06 06:28:00,2026-08-08 06:28:00,honda,107,,44.44444444444444,unmatched,phone:573019201020,5cad33a3-65ff-5641-b889-c069d74c6db2,True,5cad33a3-65ff-5641-b889-c069d74c6db2,1.0,same_phone_or_email,,,,,,False,False
LD-00108,2026-08-16T02:39:00,WHATSAPP,EMP-02,PV-009,  Camilo Londoño Castaño  ,310-013-6091,camilo.londono18@hotmail.com,Sta Marta,,Contactado,,Retoma tu moto,camilo londono castano,573100136091,camilo.londono18@hotmail.com,santa marta,whatsapp,contactado,2026-08-16 02:39:00,,,108,,0.0,none,phone:573100136091,15c755d0-b34e-5f0c-a286-1535332ac6a8,False,,1.0,,,,,,,False,False
LD-00109,2026-08-01T07:42:00,WhatsApp,EMP-02,PV-009,Héctor Bedoya Castaño, 3184205775 ,hector.bedoya46@outlook.com,Santa Marta,Suzuki V-Strom 250,Cotización enviada,2026-08-01T13:42:00,,hector bedoya castano,573184205775,hector.bedoya46@outlook.com,santa marta,whatsapp,cotizacion enviada,2026-08-01 07:42:00,2026-08-01 13:42:00,suzuki v-strom 250,109,SKU-015,100.0,fuzzy,phone:573184205775,bcad25d8-67aa-56c2-a0b9-d23ad0a74c94,False,,1.0,,21900000.0,,,,,False,False
LD-00110,2026-08-15T20:08:00,WhatsApp,EMP-02,PV-009,Paula Andrea Mosquera Bedoya,+57 300 5759614,,Sta Marta,AKT Evo,Cotización enviada,19-08-2026,Feria de Motos 2026,paula andrea mosquera bedoya,573005759614,,santa marta,whatsapp,cotizacion enviada,2026-08-15 20:08:00,2026-08-19 00:00:00,akt evo,110,,60.0,unmatched,phone:573005759614,0c43fdc4-b015-5dfa-9c49-a513be0af633,False,,1.0,,,,credito,,soat,False,False
LD-00111,08/08/2026 07:02,WhatsApp,EMP-01,PV-001,ADRIANA GÓMEZ HERRERA,(323) 849-1318,,Medellín ,AKT,Contactado,2026-08-09 13:02:00,Feria de Motos 2026,adriana gomez herrera,573238491318,,medellin,whatsapp,contactado,2026-08-08 07:02:00,2026-08-09 13:02:00,akt,111,,28.57142857142857,unmatched,phone:573238491318,b8dd77f0-15ca-525c-83f4-9d67091a5406,False,,1.0,,,,credito,media,precio,False,True
LD-00112,2026-08-28 08:34:00,META ADS,EMP-03,PV-015,  Sebastián Castaño Herrera  ,573050073889,sebastian.castano87@hotmail.com,SOACHA,HONDA CB 190R,No contesta,,Retoma tu moto,sebastian castano herrera,573050073889,sebastian.castano87@hotmail.com,soacha,meta ads,no contesta,2026-08-28 08:34:00,,honda cb 190r,112,SKU-003,100.0,fuzzy,phone:573050073889,ef9af054-8cdf-54d1-93ef-d48fa0f759f0,True,ef9af054-8cdf-54d1-93ef-d48fa0f759f0,1.0,same_phone_or_email,13990000.0,,,,,False,False
LD-00113,2026-08-20 15:31:00,WhatsApp,EMP-03,PV-012,  Mónica Cardona Correa  ,3229986493,monica.cardona83@outlook.com,BOGOTA,Bajaj Boxer,sin gestion,,,monica cardona correa,573229986493,monica.cardona83@outlook.com,bogota,whatsapp,sin gestion,2026-08-20 15:31:00,,bajaj boxer,113,,62.5,unmatched,phone:573229986493,e9b69477-f715-5f00-b567-45247acc0f49,False,,1.0,,,,,,,False,False
LD-00114,25/08/2026 11:33,WhatsApp,EMP-02,PV-007,  Yesenia Quintero Salazar  ,3000427297,,Soledad,Bajaj Pulsar RS 200,No contesta,26-08-2026,Prima Extra,yesenia quintero salazar,573000427297,,soledad,whatsapp,no contesta,2026-08-25 11:33:00,2026-08-26 00:00:00,bajaj pulsar rs 200,114,SKU-010,100.0,fuzzy,phone:573000427297,115f0a68-40b2-5734-9f42-ce89fad98e01,False,,1.0,,15490000.0,,credito,media,soat,False,False
LD-00115,2026-09-04 13:43:00,META ADS,EMP-01,PV-005,Marcela Ramírez Giraldo,3028382927,marcela.ramirez3@outlook.com,,AKT NKD 125,contactado,06-09-2026,Agosto Cero Cuotas,marcela ramirez giraldo,573028382927,marcela.ramirez3@outlook.com,,meta ads,contactado,2026-09-04 13:43:00,2026-09-06 00:00:00,akt nkd 125,115,SKU-017,100.0,fuzzy,phone:573028382927,f3f033f1-484c-5d0a-9fe6-7f230f84ca0d,True,f3f033f1-484c-5d0a-9fe6-7f230f84ca0d,1.0,same_phone_or_email,5290000.0,8990000.0,credito,,cuota,False,True
LD-00116,2026-08-04 20:11:00,WhatsApp,EMP-02,PV-010,Andrés Felipe Giraldo Ospina,320 793 3661,,Montería,Honda  XRE 300,Contactado,2026-08-07T20:11:00,Agosto Cero Cuotas,andres felipe giraldo ospina,573207933661,,monteria,whatsapp,contactado,2026-08-04 20:11:00,2026-08-07 20:11:00,honda xre 300,116,SKU-006,100.0,fuzzy,phone:573207933661,2a2a1bde-7d75-527c-afc2-710f2a8628aa,False,,1.0,,22900000.0,6890000.0,credito,,soat,False,False
LD-00117,2026-08-04T21:05:00,WHATSAPP,EMP-03,PV-014,  Kevin Escobar Ramírez  , 3048650087 ,kevin.escobar1@yahoo.es,Bogota DC,Honda CB 190R,Contactado,08/08/2026 21:05,,kevin escobar ramirez,573048650087,kevin.escobar1@yahoo.es,bogota dc,whatsapp,contactado,2026-08-04 21:05:00,2026-08-08 21:05:00,honda cb 190r,117,SKU-003,100.0,fuzzy,phone:573048650087,16ae4007-8c10-5c43-a287-d97569f5f2f4,False,,1.0,,13990000.0,7490000.0,credito,,cuota,False,True
LD-00118,16/08/2026 23:56,WhatsApp,EMP-01,PV-004,Jhon Jairo Valencia Betancur,3159802019,,Rionegro,SUZUKI V-STROM 250,En proceso,2026-08-18T05:56:00,Remate Modelos 2025,jhon jairo valencia betancur,573159802019,,rionegro,whatsapp,en proceso,2026-08-16 23:56:00,2026-08-18 05:56:00,suzuki v-strom 250,118,SKU-015,100.0,fuzzy,phone:573159802019,7934a306-95e2-512c-8c58-9389a9700e84,True,7934a306-95e2-512c-8c58-9389a9700e84,1.0,same_phone_or_email,21900000.0,,,,,False,False
LD-00119,2026-08-29T19:42:00,whatsapp,EMP-02,PV-008,Erika Escobar Valencia,3515963038,,CARTAGENA,Suzuki Gixxer 150,Contactado,2026-08-29 21:42:00,,erika escobar valencia,573515963038,,cartagena,whatsapp,contactado,2026-08-29 19:42:00,2026-08-29 21:42:00,suzuki gixxer 150,119,SKU-014,100.0,fuzzy,phone:573515963038,34bdf7c9-b775-5c3b-a053-9ea9d6a465a2,False,,1.0,,11990000.0,,,,,False,False
LD-00120,23/08/2026 09:01,META ADS,EMP-03,PV-014,Yesenia Jiménez Jiménez,3054801941,,Bogota,A.K.T TTR 200,Contactado,26/08/2026 09:01,Remate Modelos 2025,yesenia jimenez jimenez,573054801941,,bogota,meta ads,contactado,2026-08-23 09:01:00,2026-08-26 09:01:00,a.k.t ttr 200,120,SKU-019,100.0,fuzzy,phone:573054801941,495f3ff1-b003-5f19-affc-d4e8719efbf1,False,,1.0,,9890000.0,,,,,False,False
LD-00121,07/09/2026 12:47,META ADS,EMP-03,PV-012,Erika Jiménez Rodríguez,321-747-4328,,Bogotá,Bajaj Pulsar RS 200,Contactado,07/09/2026 18:47,Prima Extra,erika jimenez rodriguez,573217474328,,bogota,meta ads,contactado,2026-09-07 12:47:00,2026-09-07 18:47:00,bajaj pulsar rs 200,121,SKU-010,100.0,fuzzy,phone:573217474328,4bcba41b-c820-5818-9e75-2f11318ff324,False,,1.0,,15490000.0,,,,,False,False
LD-00122,2026-08-02 11:21:00,Formulario Web,EMP-01,PV-003,Estefanía Castaño Mosquera,320 895 0842,,bello,AKT Evo RS 150,sin gestion,,Feria de Motos 2026,estefania castano mosquera,573208950842,,bello,formulario web,sin gestion,2026-08-02 11:21:00,,akt evo rs 150,122,SKU-020,100.0,fuzzy,phone:573208950842,4290bddf-eea2-5e24-9b6c-26851b0233c6,True,4290bddf-eea2-5e24-9b6c-26851b0233c6,1.0,same_phone_or_email,7190000.0,,credito,,soat,False,False
LD-00123,18/08/2026 00:03,Meta Ads,EMP-02,PV-007,Héctor Ospina Betancur,313-329-5133,hector.ospina31@gmail.com,,AKT TTR 200 2026,no contesta,2026-08-22 00:03:00,Retoma tu moto,hector ospina betancur,573133295133,hector.ospina31@gmail.com,,meta ads,no contesta,2026-08-18 00:03:00,2026-08-22 00:03:00,akt ttr 200 2026,123,SKU-019,100.0,fuzzy,phone:573133295133,994e8992-f2db-5b7e-8ff2-5cb4efac6a84,False,,1.0,,9890000.0,,,,,False,False
LD-00124,01/09/2026 10:32,Meta Ads,EMP-01,PV-004,Marcela Correa Hernández,+57 301 6284389,,,Bajaj Pulsar NS 125 2026,En proceso,2026-09-05 10:32:00,,marcela correa hernandez,573016284389,,,meta ads,en proceso,2026-09-01 10:32:00,2026-09-05 10:32:00,bajaj pulsar ns 125 2026,124,SKU-008,100.0,fuzzy,phone:573016284389,52a5b088-838e-5bac-bc39-5562e8ff97e1,False,,1.0,,8990000.0,7290000.0,credito,,soat,False,False
LD-00125,2026-08-26 04:42:00,META ADS,EMP-02,PV-006,  Estefanía Zapata Agudelo  ,318-610-6753,estefania.zapata96@outlook.com,B/quilla,,Descartado,2026-08-26T08:42:00,Prima Extra,estefania zapata agudelo,573186106753,estefania.zapata96@outlook.com,b/quilla,meta ads,descartado,2026-08-26 04:42:00,2026-08-26 08:42:00,,125,,0.0,none,phone:573186106753,751d2f49-5639-5825-996f-fcf8822c9da9,False,,1.0,,,,,,,False,False
LD-00126,2026-08-07 22:57:00,whatsapp,EMP-02,PV-008,Sandra Milena Marín Quintero,3104095289,sandra.marin69@yahoo.es,CARTAGENA,Hero Dash 110 2026,Cotización enviada,2026-08-09 04:57:00,,sandra milena marin quintero,573104095289,sandra.marin69@yahoo.es,cartagena,whatsapp,cotizacion enviada,2026-08-07 22:57:00,2026-08-09 04:57:00,hero dash 110 2026,126,SKU-024,100.0,fuzzy,phone:573104095289,64df8575-2c7e-5a9d-9202-c2374c96197e,False,,1.0,,6290000.0,,credito,,soat,False,False
LD-00127,01/08/2026 11:00,Meta Ads,EMP-01,PV-004,MARÍA FERNANDA CORREA RAMÍREZ,3239575792,,Rio Negro,honda cb 190r,no contesta,08/01/2026 17:00,Retoma tu moto,maria fernanda correa ramirez,573239575792,,rio negro,meta ads,no contesta,2026-08-01 11:00:00,2026-01-08 17:00:00,honda cb 190r,127,SKU-003,100.0,fuzzy,phone:573239575792,702250c7-2847-5879-be9a-d865d8f217ca,True,702250c7-2847-5879-be9a-d865d8f217ca,1.0,same_phone_or_email,13990000.0,,,,,False,False
LD-00128,2026-08-14 14:53:00,Meta Ads,EMP-03,PV-015,VANESSA MARÍN BEDOYA,3055858314,vanessa.marin92@gmail.com,,Dash 110,Contactado,08/15/2026 20:53,,vanessa marin bedoya,573055858314,vanessa.marin92@gmail.com,,meta ads,contactado,2026-08-14 14:53:00,2026-08-15 20:53:00,dash 110,128,SKU-024,100.0,exact,phone:573055858314,dcc59972-bc0a-5838-ad09-629354a36a3f,True,dcc59972-bc0a-5838-ad09-629354a36a3f,1.0,same_phone_or_email,6290000.0,11490000.0,credito,,soat,False,False
LD-00129,09/02/2026 19:05,WhatsApp,EMP-03,PV-014,Yuliana Restrepo Valencia,3221025546,,bogotá,Honda CB 125F Twister 2026,Descartado,,Prima Extra,yuliana restrepo valencia,573221025546,,bogota,whatsapp,descartado,2026-02-09 19:05:00,,honda cb 125f twister 2026,129,SKU-001,100.0,fuzzy,phone:573221025546,5204f642-e47b-5506-a684-b87eea1d20d7,False,,1.0,,7990000.0,,,,,False,False
LD-00130,10/09/2026 03:15,WhatsApp,EMP-03,PV-014,JULIÁN BEDOYA AGUDELO,304-184-4278,julian.bedoya89@gmail.com,Bogotá D.C.,HERO DASH 110,Descartado,10-09-2026,,julian bedoya agudelo,573041844278,julian.bedoya89@gmail.com,bogota,whatsapp,descartado,2026-09-10 03:15:00,2026-09-10 00:00:00,hero dash 110,130,SKU-024,100.0,fuzzy,phone:573041844278,842c7018-5b38-5b9f-bf6e-bd3ad4d984a2,False,,1.0,,6290000.0,,,,,False,False
LD-00131,2026-08-21 02:38:00,meta ads,EMP-02,PV-008,Marcela Gómez Salazar,350-122-6918,marcela.gomez77@outlook.com,Cartagena,Bajaj Boxer CT 100,Sin gestión,,Agosto Cero Cuotas,marcela gomez salazar,573501226918,marcela.gomez77@outlook.com,cartagena,meta ads,sin gestion,2026-08-21 02:38:00,,bajaj boxer ct 100,131,SKU-007,100.0,fuzzy,phone:573501226918,fdae3a91-c8be-5df0-87c1-97873b5f93ca,False,,1.0,,5790000.0,,,,,False,False
LD-00132,2026-08-23 19:55:00,META ADS,EMP-02,PV-007,Cristian Agudelo Arias,3170478484,cristian.agudelo66@yahoo.es,Soledad,Honda XRE 300,Sin gestión,,Remate Modelos 2025,cristian agudelo arias,573170478484,cristian.agudelo66@yahoo.es,soledad,meta ads,sin gestion,2026-08-23 19:55:00,,honda xre 300,132,SKU-006,100.0,fuzzy,phone:573170478484,e0db772e-1f3f-5506-a1e4-cbb1d4188178,True,e0db772e-1f3f-5506-a1e4-cbb1d4188178,1.0,same_phone_or_email,22900000.0,,,,,False,False
LD-00133,08-09-2026,Formulario Web,EMP-02,PV-010,  Juan Carlos Escobar Restrepo  ,+57 312 2549184,,Monteria,Suzuki Gixxer 150,no contesta,12/09/2026 05:43,,juan carlos escobar restrepo,573122549184,,monteria,formulario web,no contesta,2026-09-08 00:00:00,2026-09-12 05:43:00,suzuki gixxer 150,133,SKU-014,100.0,fuzzy,phone:573122549184,088f4c3d-5cb9-51b7-94c5-badf7eba6b5c,True,088f4c3d-5cb9-51b7-94c5-badf7eba6b5c,1.0,same_phone_or_email,11990000.0,8990000.0,credito,media,cuota,False,True
LD-00134,2026-08-27 07:49:00,META ADS,EMP-03,PV-015,  Natalia Restrepo Giraldo  , 3508546749 ,natalia.restrepo42@outlook.com,SOACHA,honda cb 125f twister,Cotización enviada,08/27/2026 08:49,Remate Modelos 2025,natalia restrepo giraldo,573508546749,natalia.restrepo42@outlook.com,soacha,meta ads,cotizacion enviada,2026-08-27 07:49:00,2026-08-27 08:49:00,honda cb 125f twister,134,SKU-001,100.0,fuzzy,phone:573508546749,03d45190-7b0c-518d-b208-8331d929a81a,True,03d45190-7b0c-518d-b208-8331d929a81a,1.0,same_phone_or_email,7990000.0,,,,,False,False
LD-00135,2026-08-24 17:38:00,WhatsApp,EMP-01,PV-002,JULIÁN QUINTERO RODRÍGUEZ,+57 312 3508891,julian.quintero16@gmail.com,Itagüí,Dash 110,Contactado,24-08-2026,Prima Extra,julian quintero rodriguez,573123508891,julian.quintero16@gmail.com,itagui,whatsapp,contactado,2026-08-24 17:38:00,2026-08-24 00:00:00,dash 110,135,SKU-024,100.0,exact,phone:573123508891,1a62015c-df7c-5673-a482-e24afd5c0149,False,,1.0,,6290000.0,,,,,False,False
LD-00136,08-09-2026,Meta Ads,EMP-03,PV-013,Héctor Cardona Correa,+57 318 8328842,,bogotá,Suzuki Gixxer 150,Sin gestión,,,hector cardona correa,573188328842,,bogota,meta ads,sin gestion,2026-09-08 00:00:00,,suzuki gixxer 150,136,SKU-014,100.0,fuzzy,phone:573188328842,5d778184-db56-5761-b1b5-12b6835396aa,False,,1.0,,11990000.0,,,,,False,False
LD-00137,27-08-2026,Formulario Web,EMP-01,PV-004,DUVÁN GÓMEZ CASTAÑO,314-303-2733,duvan.gomez4@hotmail.com,RIONEGRO,Bajaj,Cotización enviada,08/27/2026 17:21,,duvan gomez castano,573143032733,duvan.gomez4@hotmail.com,rionegro,formulario web,cotizacion enviada,2026-08-27 00:00:00,2026-08-27 17:21:00,bajaj,137,,22.22222222222223,unmatched,phone:573143032733,4df9c91a-441a-5cb8-89c5-add1f3a65956,False,,1.0,,,,,,,False,False
LD-00138,2026-08-20 00:57:00,Meta Ads,EMP-03,PV-014,YULIANA PÉREZ SALAZAR,321-310-9337,yuliana.perez65@hotmail.com,,Honda,En proceso,21-08-2026,Prima Extra,yuliana perez salazar,573213109337,yuliana.perez65@hotmail.com,,meta ads,en proceso,2026-08-20 00:57:00,2026-08-21 00:00:00,honda,138,,44.44444444444444,unmatched,phone:573213109337,f8308784-5fc2-5055-93df-5ce1a47d538b,False,,1.0,,,,,,,False,False
LD-00139,2026-08-14 10:54:00,META ADS,EMP-01,PV-005,Liliana Rodríguez Mosquera,3173585047,liliana.rodriguez37@yahoo.es,,Navi,En proceso,2026-08-14T16:54:00,Agosto Cero Cuotas,liliana rodriguez mosquera,573173585047,liliana.rodriguez37@yahoo.es,,meta ads,en proceso,2026-08-14 10:54:00,2026-08-14 16:54:00,navi,139,SKU-004,100.0,exact,phone:573173585047,3a4a5a96-5296-5153-9c51-f34cea1a2aa6,False,,1.0,,7290000.0,11490000.0,credito,media,soat,False,False
LD-00140,08/09/2026 13:31,WhatsApp,EMP-03,PV-013,Kevin Mosquera Torres, 3503293730 ,,BOGOTA,Discover 125,SIN GESTION,,Agosto Cero Cuotas,kevin mosquera torres,573503293730,,bogota,whatsapp,sin gestion,2026-09-08 13:31:00,,discover 125,140,SKU-012,100.0,exact,phone:573503293730,998ad8a4-aad4-5652-8c08-3a07d80792c4,True,998ad8a4-aad4-5652-8c08-3a07d80792c4,1.0,same_phone_or_email,6990000.0,,,,,False,False
LD-00141,2026-08-14 14:59:00,Meta Ads,EMP-02,PV-008,Diana Carolina Osorio Agudelo,311-545-4740,,Cartagena de Indias,Hero Hunk 160R,Sin gestión,,Agosto Cero Cuotas,diana carolina osorio agudelo,573115454740,,cartagena de indias,meta ads,sin gestion,2026-08-14 14:59:00,,hero hunk 160r,141,SKU-022,100.0,fuzzy,phone:573115454740,7a06cb8b-7071-5973-b01f-36f4cd0e06d7,False,,1.0,,10490000.0,,,,,False,False
LD-00142,02-09-2026,Formulario Web,EMP-01,PV-005,Julián Quintero Londoño,+57 321 6402772,julian.quintero93@yahoo.es,Medellin,hero xpulse 200,Descartado,09/04/2026 11:06,Retoma tu moto,julian quintero londono,573216402772,julian.quintero93@yahoo.es,medellin,formulario web,descartado,2026-09-02 00:00:00,2026-04-09 11:06:00,hero xpulse 200,142,SKU-023,100.0,fuzzy,phone:573216402772,963f08fa-e91d-544e-a755-238e449b8b6f,False,,1.0,,14990000.0,,,,,False,False
LD-00143,15-08-2026,Meta Ads,EMP-02,PV-009,Andrés Felipe Ospina Giraldo,316 964 3429,andres.ospina53@gmail.com,,bajaj discover 125,En proceso,08/16/2026 16:26,,andres felipe ospina giraldo,573169643429,andres.ospina53@gmail.com,,meta ads,en proceso,2026-08-15 00:00:00,2026-08-16 16:26:00,bajaj discover 125,143,SKU-012,100.0,fuzzy,phone:573169643429,c1698db8-e45a-56f5-ba41-ede67bb46474,False,,1.0,,6990000.0,10490000.0,credito,,soat,False,False
LD-00144,2026-08-05 00:34:00,Formulario Web,EMP-01,PV-003,María Fernanda Herrera Correa,(300) 758-7262,,BELLO,bajaj pulsar ns 125,No contesta,2026-08-05T06:34:00,,maria fernanda herrera correa,573007587262,,bello,formulario web,no contesta,2026-08-05 00:34:00,2026-08-05 06:34:00,bajaj pulsar ns 125,144,SKU-008,100.0,fuzzy,phone:573007587262,1e0e7e81-2b22-5290-8506-13e8aebb181a,False,,1.0,,8990000.0,,credito,media,soat,False,False
LD-00145,2026-08-05 05:26:00,WhatsApp,EMP-01,PV-002,Óscar David Cardona Mosquera,3146825529,,ITAGUI,Hnda Dio 110,Cotización enviada,2026-08-05T06:26:00,Feria de Motos 2026,oscar david cardona mosquera,573146825529,,itagui,whatsapp,cotizacion enviada,2026-08-05 05:26:00,2026-08-05 06:26:00,hnda dio 110,145,SKU-005,100.0,fuzzy,phone:573146825529,4209d8ad-9f36-5656-85d7-61b53f67e8fd,False,,1.0,,6890000.0,11290000.0,credito,,soat,False,False
LD-00146,28/08/2026 22:12,Meta Ads,EMP-02,PV-008,Brayan Jiménez Bedoya,3115298008,brayan.jimenez98@yahoo.es,Cartagena,Honda CB,No contesta,29/08/2026 22:12,Prima Extra,brayan jimenez bedoya,573115298008,brayan.jimenez98@yahoo.es,cartagena,meta ads,no contesta,2026-08-28 22:12:00,2026-08-29 22:12:00,honda cb,146,,44.44444444444444,unmatched,phone:573115298008,b71e9f55-2def-5a60-a935-d116f9402dbe,False,,1.0,,,,credito,,soat,False,False
LD-00147,04/08/2026 13:31,Meta Ads,EMP-02,PV-006,Jorge Iván Mosquera Pérez,315-309-8235,jorge.mosquera77@gmail.com,BARRANQUILLA,AKT NKD 125,Cotización enviada,08/08/2026 13:31,Remate Modelos 2025,jorge ivan mosquera perez,573153098235,jorge.mosquera77@gmail.com,barranquilla,meta ads,cotizacion enviada,2026-08-04 13:31:00,2026-08-08 13:31:00,akt nkd 125,147,SKU-017,100.0,fuzzy,phone:573153098235,5922e907-251a-50ae-9acd-602623f1296c,False,,1.0,,5290000.0,,,,,False,False
LD-00148,25/08/2026 19:26,WhatsApp,EMP-02,PV-010,Fabián Muñoz Ospina,3215313948,,Montería,AKT  TTR 200,Descartado,2026-08-27T01:26:00,Feria de Motos 2026,fabian munoz ospina,573215313948,,monteria,whatsapp,descartado,2026-08-25 19:26:00,2026-08-27 01:26:00,akt ttr 200,148,SKU-019,100.0,fuzzy,phone:573215313948,71d8449c-0441-53de-82d7-0c0b398c4b52,False,,1.0,,9890000.0,,credito,,soat,False,False
LD-00149,2026-08-04 05:55:00,WhatsApp,EMP-03,PV-015,Katherine Londoño Restrepo,+57 310 6271184,,SOACHA,Hnda Dio 110,Descartado,07/08/2026 05:55,Retoma tu moto,katherine londono restrepo,573106271184,,soacha,whatsapp,descartado,2026-08-04 05:55:00,2026-08-07 05:55:00,hnda dio 110,149,SKU-005,100.0,fuzzy,phone:573106271184,7c641c4c-1998-5940-b6c7-946907f6d272,False,,1.0,,6890000.0,,,,,False,False
LD-00150,2026-08-12T08:18:00,WhatsApp,EMP-03,PV-014,  Brayan Ospina Marín  , 3027906843 ,,Bogotá D.C.,AKT TTR 200,Sin gestión,,Prima Extra,brayan ospina marin,573027906843,,bogota,whatsapp,sin gestion,2026-08-12 08:18:00,,akt ttr 200,150,SKU-019,100.0,fuzzy,phone:573027906843,126bfd80-f4a4-5e85-846a-0c981f074f55,False,,1.0,,9890000.0,,,,,False,False
LD-00151,2026-08-19 21:41:00,Meta Ads,EMP-01,PV-002,Erika Agudelo Betancur,3116424964,,ITAGUI,Bajaj Dominar 400,Sin gestión,,Prima Extra,erika agudelo betancur,573116424964,,itagui,meta ads,sin gestion,2026-08-19 21:41:00,,bajaj dominar 400,151,SKU-011,100.0,fuzzy,phone:573116424964,59661042-5b16-5433-a606-41b4e70d7195,False,,1.0,,24900000.0,,,,,False,False
LD-00152,2026-08-07 14:32:00,whatsapp,EMP-03,PV-013,Duván Agudelo Restrepo,+57 320 9575628,duvan.agudelo26@outlook.com,Bogota DC,Suzuki Best 125,En proceso,07-08-2026,Retoma tu moto,duvan agudelo restrepo,573209575628,duvan.agudelo26@outlook.com,bogota dc,whatsapp,en proceso,2026-08-07 14:32:00,2026-08-07 00:00:00,suzuki best 125,152,SKU-016,100.0,fuzzy,phone:573209575628,d4b785cd-ad21-5a1d-acf2-bac0aed15fa4,False,,1.0,,6590000.0,,,,,False,False
LD-00153,08/20/2026 20:11,WhatsApp,EMP-01,PV-003,ÓSCAR DAVID RESTREPO CASTAÑO,305-770-8328,,Bello,Hero Dash 110 2026,Cotización enviada,20/08/2026 21:11,,oscar david restrepo castano,573057708328,,bello,whatsapp,cotizacion enviada,2026-08-20 20:11:00,2026-08-20 21:11:00,hero dash 110 2026,153,SKU-024,100.0,fuzzy,phone:573057708328,3c7a12f5-aeb7-5b3a-b287-261d59da96cb,False,,1.0,,6290000.0,,credito,baja,precio,False,True
LD-00154,03/09/2026 03:17,WhatsApp,EMP-03,PV-014,  Carlos Mario Betancur Londoño  ,573165332330,,Bogota DC,Bajaj,Contactado,06-09-2026,Agosto Cero Cuotas,carlos mario betancur londono,573165332330,,bogota dc,whatsapp,contactado,2026-09-03 03:17:00,2026-09-06 00:00:00,bajaj,154,,22.22222222222223,unmatched,phone:573165332330,dde685d8-9bc0-5183-878b-8880cc2858ae,False,,1.0,,,21900000.0,credito,,cuota,False,True
LD-00155,01/08/2026 22:02,Formulario Web,EMP-02,PV-010,Leidy Johana Franco Arias,3151498889,,Montería,Honda Dio 110,Descartado,03-08-2026,Feria de Motos 2026,leidy johana franco arias,573151498889,,monteria,formulario web,descartado,2026-08-01 22:02:00,2026-08-03 00:00:00,honda dio 110,155,SKU-005,100.0,fuzzy,phone:573151498889,36d93002-dc71-5be0-b364-d48c9f062e1b,True,36d93002-dc71-5be0-b364-d48c9f062e1b,1.0,same_phone_or_email,6890000.0,,credito,,soat,False,False
LD-00156,2026-09-06 18:18:00,WhatsApp,EMP-03,PV-014,Carlos Mario Osorio Quintero,322-899-8151,carlos.osorio32@yahoo.es,Bogotá D.C.,HERO XPULSE 200,no contesta,,Prima Extra,carlos mario osorio quintero,573228998151,carlos.osorio32@yahoo.es,bogota,whatsapp,no contesta,2026-09-06 18:18:00,,hero xpulse 200,156,SKU-023,100.0,fuzzy,phone:573228998151,9693832f-eeae-5a36-8853-cde514b91575,False,,1.0,,14990000.0,,,,,False,False
LD-00157,2026-08-07T22:10:00,WhatsApp,EMP-01,PV-002,YULIANA PÉREZ OSORIO,3146177635,,ITAGUI,Honda XRE 300,Contactado,08-08-2026,Prima Extra,yuliana perez osorio,573146177635,,itagui,whatsapp,contactado,2026-08-07 22:10:00,2026-08-08 00:00:00,honda xre 300,157,SKU-006,100.0,fuzzy,phone:573146177635,e03a496d-7a8d-539a-aa58-8af5c0d21f73,False,,1.0,,22900000.0,,,,,False,False
LD-00158,04-08-2026,WhatsApp,EMP-01,PV-002,  Julián Ramírez Salazar  ,573052211193,,Itagüí,A.K.T NKD 125,Contactado,05-08-2026,,julian ramirez salazar,573052211193,,itagui,whatsapp,contactado,2026-08-04 00:00:00,2026-08-05 00:00:00,a.k.t nkd 125,158,SKU-017,100.0,fuzzy,phone:573052211193,92f3f1c7-5c47-5863-af01-09b9f565f1e6,False,,1.0,,5290000.0,,,,,False,False
LD-00159,29/08/2026 15:00,Meta Ads,EMP-01,PV-005,  Liliana Giraldo Torres  ,+57 323 0788701,,Medellin,Hero  Hunk 160R,Sin gestión,,Agosto Cero Cuotas,liliana giraldo torres,573230788701,,medellin,meta ads,sin gestion,2026-08-29 15:00:00,,hero hunk 160r,159,SKU-022,100.0,fuzzy,phone:573230788701,fb0b4ab4-3c71-55a4-93d7-03f549a998ff,False,,1.0,,10490000.0,7490000.0,credito,,soat,False,False
LD-00160,12/08/2026 11:54,WhatsApp,EMP-01,PV-005,  Andrés Felipe Quintero Osorio  ,3043752884,,MEDELLIN,Suzuki V-Strom 250,contactado,2026-08-15 11:54:00,,andres felipe quintero osorio,573043752884,,medellin,whatsapp,contactado,2026-08-12 11:54:00,2026-08-15 11:54:00,suzuki v-strom 250,160,SKU-015,100.0,fuzzy,phone:573043752884,4f9c110a-065f-5e98-9dc1-dfc2bc86454d,True,4f9c110a-065f-5e98-9dc1-dfc2bc86454d,1.0,same_phone_or_email,21900000.0,24900000.0,credito,media,soat,False,False
LD-00161,2026-08-14 12:25:00,Meta Ads,EMP-03,PV-013,Paula Andrea Muñoz Salazar,304 822 8172,,Bogota DC,Bajaj Dominar 400 2026,sin gestion,,Agosto Cero Cuotas,paula andrea munoz salazar,573048228172,,bogota dc,meta ads,sin gestion,2026-08-14 12:25:00,,bajaj dominar 400 2026,161,SKU-011,100.0,fuzzy,phone:573048228172,000f22f2-3490-5a41-b357-cbcc1b7664c6,False,,1.0,,24900000.0,,,,,False,False
LD-00162,2026-08-26 14:27:00,FORMULARIO WEB,EMP-01,PV-005,LILIANA MUÑOZ BEDOYA,+57 300 9890476,liliana.munoz53@outlook.com,Medellin,Hero Dash 110,Cotización enviada,08/26/2026 16:27,Retoma tu moto,liliana munoz bedoya,573009890476,liliana.munoz53@outlook.com,medellin,formulario web,cotizacion enviada,2026-08-26 14:27:00,2026-08-26 16:27:00,hero dash 110,162,SKU-024,100.0,fuzzy,phone:573009890476,8ec045fe-da42-521c-9454-70382e1bd06f,False,,1.0,,6290000.0,9890000.0,credito,,cuota,False,True
LD-00163,2026-08-26 06:48:00,formulario web,EMP-01,PV-004,Wilmar Quintero Ospina,+57 323 0766429,wilmar.quintero96@gmail.com,RIONEGRO,bajaj discover 125,En proceso,26-08-2026,Retoma tu moto,wilmar quintero ospina,573230766429,wilmar.quintero96@gmail.com,rionegro,formulario web,en proceso,2026-08-26 06:48:00,2026-08-26 00:00:00,bajaj discover 125,163,SKU-012,100.0,fuzzy,phone:573230766429,0a8c0019-ab49-5452-b90b-8aa8286c0777,False,,1.0,,6990000.0,,,,,False,False
LD-00164,2026-08-06 05:31:00,WhatsApp,EMP-03,PV-013,Édinson Rodríguez Zapata, 3124795481 ,edinson.rodriguez88@outlook.com,Bogotá,BAJAJ DOMINAR 400,no contesta,2026-08-06 17:31:00,Feria de Motos 2026,edinson rodriguez zapata,573124795481,edinson.rodriguez88@outlook.com,bogota,whatsapp,no contesta,2026-08-06 05:31:00,2026-08-06 17:31:00,bajaj dominar 400,164,SKU-011,100.0,fuzzy,phone:573124795481,a01d7f67-badc-5ec3-b4a8-7244a6fc340a,False,,1.0,,24900000.0,,credito,media,precio,False,True
LD-00165,12-08-2026,WhatsApp,EMP-02,PV-008,  Adriana Marín Hernández  , 3052466704 ,adriana.marin37@gmail.com,Cartagena,,Contactado,08/14/2026 20:04,Agosto Cero Cuotas,adriana marin hernandez,573052466704,adriana.marin37@gmail.com,cartagena,whatsapp,contactado,2026-08-12 00:00:00,2026-08-14 20:04:00,,165,,0.0,none,phone:573052466704,9382ba42-27a1-5e8a-9976-e642aef26421,False,,1.0,,,,,,,False,False
LD-00166,2026-08-09 01:49:00,Meta Ads,EMP-01,PV-004,  Cristian Londoño Franco  ,3178922233,,Rionegro,Bajaj Pulsar RS 200,Sin gestión,,Agosto Cero Cuotas,cristian londono franco,573178922233,,rionegro,meta ads,sin gestion,2026-08-09 01:49:00,,bajaj pulsar rs 200,166,SKU-010,100.0,fuzzy,phone:573178922233,ddc01572-1ed9-55b8-a433-cac433b061bf,False,,1.0,,15490000.0,8990000.0,credito,,cuota,False,True
LD-00167,2026-08-11T06:25:00,WhatsApp,EMP-02,PV-009,Juan Carlos Agudelo Escobar,318-860-3159,,SANTA MARTA,BAJAJ PULSAR RS 200,En proceso,12/08/2026 12:25,Remate Modelos 2025,juan carlos agudelo escobar,573188603159,,santa marta,whatsapp,en proceso,2026-08-11 06:25:00,2026-08-12 12:25:00,bajaj pulsar rs 200,167,SKU-010,100.0,fuzzy,phone:573188603159,b6265368-0b5e-5768-9672-b763ba792ffb,False,,1.0,,15490000.0,8990000.0,credito,,cuota,False,True
LD-00168,03/09/2026 21:06,META ADS,EMP-03,PV-011,DUVÁN MUÑOZ GIRALDO,323 314 6192,,,BAJAJ PULSAR RS 200,Contactado,03/09/2026 23:06,Feria de Motos 2026,duvan munoz giraldo,573233146192,,,meta ads,contactado,2026-09-03 21:06:00,2026-09-03 23:06:00,bajaj pulsar rs 200,168,SKU-010,100.0,fuzzy,phone:573233146192,09434809-e3e0-5316-912d-bb38d3eefdb6,False,,1.0,,15490000.0,,,,,False,False
LD-00169,2026-08-18T15:15:00,WhatsApp,EMP-03,PV-015,Sebastián Herrera Vargas,+57 323 7228285,,Soacha,AKT Dynamic R3 125,No contesta,2026-08-18 19:15:00,Prima Extra,sebastian herrera vargas,573237228285,,soacha,whatsapp,no contesta,2026-08-18 15:15:00,2026-08-18 19:15:00,akt dynamic r3 125,169,SKU-018,100.0,fuzzy,phone:573237228285,bbade322-690c-57b8-adb7-0d2067fb3387,False,,1.0,,5590000.0,,,,,False,False
LD-00170,30-08-2026,Formulario Web,EMP-02,PV-006,Juan Carlos Castaño Muñoz,3506078335,,BARRANQUILLA,Hero  Eco Deluxe 100,En proceso,01-09-2026,,juan carlos castano munoz,573506078335,,barranquilla,formulario web,en proceso,2026-08-30 00:00:00,2026-09-01 00:00:00,hero eco deluxe 100,170,SKU-021,100.0,fuzzy,phone:573506078335,41cba0f8-19ff-52bd-b7cf-76921c1cf346,False,,1.0,,4990000.0,15490000.0,credito,,soat,False,False
LD-00171,02/09/2026 05:51,Formulario Web,EMP-03,PV-012,Nelson Quintero Restrepo,3189258296,nelson.quintero41@gmail.com,Bogotá D.C.,Honda  XRE 300,sin gestion,,Remate Modelos 2025,nelson quintero restrepo,573189258296,nelson.quintero41@gmail.com,bogota,formulario web,sin gestion,2026-09-02 05:51:00,,honda xre 300,171,SKU-006,100.0,fuzzy,phone:573189258296,2fe8a905-3422-51a2-9c8e-7b81006e371d,False,,1.0,,22900000.0,,,,,False,False
LD-00172,02/09/2026 07:02,Formulario Web,EMP-03,PV-012,Óscar David Hernández Hernández,3155704251,oscar.hernandez18@gmail.com,Bogotá,Honda XR,sin gestion,,Retoma tu moto,oscar david hernandez hernandez,573155704251,oscar.hernandez18@gmail.com,bogota,formulario web,sin gestion,2026-09-02 07:02:00,,honda xr,172,,44.44444444444444,unmatched,phone:573155704251,aaa73f2e-6325-5e4d-b66d-9ebad849fdf2,False,,1.0,,,10490000.0,credito,media,cuota,False,True
LD-00173,08/09/2026 22:08,META ADS,EMP-02,PV-009,Wilmar Hernández Rodríguez,3016312294,wilmar.hernandez32@outlook.com,Sta Marta,Suzuki  GN 125,Cotización enviada,,Agosto Cero Cuotas,wilmar hernandez rodriguez,573016312294,wilmar.hernandez32@outlook.com,santa marta,meta ads,cotizacion enviada,2026-09-08 22:08:00,,suzuki gn 125,173,SKU-013,100.0,fuzzy,phone:573016312294,caaf30ac-d37e-55cf-a050-2591e5130bdb,False,,1.0,,7490000.0,6890000.0,credito,,soat,False,False
LD-00174,27/08/2026 08:26,WhatsApp,EMP-02,PV-008,Mónica Pérez Franco, 3135735661 ,monica.perez63@outlook.com,Cartagena,hero dash 110,Descartado,2026-08-27T10:26:00,,monica perez franco,573135735661,monica.perez63@outlook.com,cartagena,whatsapp,descartado,2026-08-27 08:26:00,2026-08-27 10:26:00,hero dash 110,174,SKU-024,100.0,fuzzy,phone:573135735661,133075f8-38fa-5877-8e63-7087dcd42258,True,133075f8-38fa-5877-8e63-7087dcd42258,1.0,same_phone_or_email,6290000.0,,,,,False,False
LD-00175,2026-09-08 04:13:00,WhatsApp,EMP-02,PV-008,Diana Carolina Rodríguez Torres,3020424343,diana.rodriguez25@hotmail.com,Cartagena,Bajaj Dominar,Descartado,2026-09-09 04:13:00,Agosto Cero Cuotas,diana carolina rodriguez torres,573020424343,diana.rodriguez25@hotmail.com,cartagena,whatsapp,descartado,2026-09-08 04:13:00,2026-09-09 04:13:00,bajaj dominar,175,,77.77777777777777,unmatched,phone:573020424343,0e3af784-a576-5946-ae37-f286fe5cf365,True,0e3af784-a576-5946-ae37-f286fe5cf365,1.0,same_phone_or_email,,22900000.0,credito,,cuota,False,True
LD-00176,2026-08-26 06:22:00,Meta Ads,EMP-02,PV-006,Wilmar Salazar Cardona,3183986971,wilmar.salazar80@outlook.com,Barranquilla,HONDA NAVI,No contesta,2026-08-26 10:22:00,Retoma tu moto,wilmar salazar cardona,573183986971,wilmar.salazar80@outlook.com,barranquilla,meta ads,no contesta,2026-08-26 06:22:00,2026-08-26 10:22:00,honda navi,176,SKU-004,100.0,fuzzy,phone:573183986971,3f39bdb7-4fc2-5f1e-a10b-4842dffaf76d,False,,1.0,,7290000.0,,,,,False,False
LD-00177,12/08/2026 05:10,WhatsApp,EMP-01,PV-003,Claudia Patricia Betancur Gómez,573045632071,claudia.betancur50@outlook.com,BELLO,Hero Dash 110,Cotización enviada,12/08/2026 23:10,Feria de Motos 2026,claudia patricia betancur gomez,573045632071,claudia.betancur50@outlook.com,bello,whatsapp,cotizacion enviada,2026-08-12 05:10:00,2026-08-12 23:10:00,hero dash 110,177,SKU-024,100.0,fuzzy,phone:573045632071,0eb8c4ab-edab-57a8-810b-d3afac93b8c4,False,,1.0,,6290000.0,,,,,False,False
LD-00178,10/08/2026 15:34,WhatsApp,EMP-03,PV-011,Andrés Felipe Arias Zapata,3018749200,andres.arias96@yahoo.es,bogotá,V-Strom 250,Cotización enviada,11/08/2026 03:34,,andres felipe arias zapata,573018749200,andres.arias96@yahoo.es,bogota,whatsapp,cotizacion enviada,2026-08-10 15:34:00,2026-08-11 03:34:00,v-strom 250,178,SKU-015,100.0,exact,phone:573018749200,98ee6ee0-72ca-5961-af33-c3bbcf28ec2f,False,,1.0,,21900000.0,,,,,False,False
LD-00179,2026-08-18T23:38:00,Meta Ads,EMP-03,PV-011,Duván Castaño Vargas,+57 300 5773855,,BOGOTA,Bajaj,Contactado,2026-08-20 05:38:00,Retoma tu moto,duvan castano vargas,573005773855,,bogota,meta ads,contactado,2026-08-18 23:38:00,2026-08-20 05:38:00,bajaj,179,,22.22222222222223,unmatched,phone:573005773855,ceb2837a-3151-5d1d-a1b9-425f91ec82c4,False,,1.0,,,,credito,,soat,False,False
LD-00180,2026-08-23 22:58:00,Meta Ads,EMP-03,PV-014,  María Fernanda Osorio Muñoz  ,+57 300 7848551,maria.osorio27@hotmail.com,Bogota DC,Honda CB 190R,Contactado,2026-08-23T23:58:00,,maria fernanda osorio munoz,573007848551,maria.osorio27@hotmail.com,bogota dc,meta ads,contactado,2026-08-23 22:58:00,2026-08-23 23:58:00,honda cb 190r,180,SKU-003,100.0,fuzzy,phone:573007848551,8fef0ba8-86c3-53ab-a8fe-7ef05ed114d2,False,,1.0,,13990000.0,,,,,False,False
LD-00181,2026-09-04 06:03:00,WhatsApp,EMP-03,PV-013,Cristian Pérez Ospina,3234480678,cristian.perez29@hotmail.com,bogotá,AKT NKD 125,Contactado,04-09-2026,Prima Extra,cristian perez ospina,573234480678,cristian.perez29@hotmail.com,bogota,whatsapp,contactado,2026-09-04 06:03:00,2026-09-04 00:00:00,akt nkd 125,181,SKU-017,100.0,fuzzy,phone:573234480678,01e9d7d8-c77b-5efe-b36e-d6dd80e8ca0c,False,,1.0,,5290000.0,11490000.0,credito,,cuota,False,True
LD-00182,2026-08-25 14:08:00,Formulario Web,EMP-02,PV-009,Paula Andrea Herrera Restrepo,312 373 8493,paula.herrera90@outlook.com,,Bajaj Pulsar,Contactado,26-08-2026,Agosto Cero Cuotas,paula andrea herrera restrepo,573123738493,paula.herrera90@outlook.com,,formulario web,contactado,2026-08-25 14:08:00,2026-08-26 00:00:00,bajaj pulsar,182,,66.66666666666666,unmatched,phone:573123738493,7a872ddc-8d1a-59fd-811d-1ae4dc684ff2,False,,1.0,,,,,,,False,False
LD-00183,2026-08-09T13:34:00,formulario web,EMP-02,PV-010,Kevin Mosquera,3503293730,kevin.mosquera53@outlook.com,MONTERIA,AKT Dynamic R3 125 2026,En proceso,09-08-2026,Retoma tu moto,kevin mosquera,573503293730,kevin.mosquera53@outlook.com,monteria,formulario web,en proceso,2026-08-09 13:34:00,2026-08-09 00:00:00,akt dynamic r3 125 2026,183,SKU-018,100.0,fuzzy,phone:573503293730,998ad8a4-aad4-5652-8c08-3a07d80792c4,True,998ad8a4-aad4-5652-8c08-3a07d80792c4,1.0,same_phone_or_email,5590000.0,,credito,media,precio,False,True
LD-00184,2026-08-05T05:52:00,Formulario Web,EMP-03,PV-015,Carlos Mario Arias Herrera,(302) 577-8715,carlos.arias64@gmail.com,Soacha,Hnda Dio 110,En proceso,,Feria de Motos 2026,carlos mario arias herrera,573025778715,carlos.arias64@gmail.com,soacha,formulario web,en proceso,2026-08-05 05:52:00,,hnda dio 110,184,SKU-005,100.0,fuzzy,phone:573025778715,18e24bb4-c475-5558-8b50-6fa5f29ea48c,False,,1.0,,6890000.0,,,,,False,False
LD-00185,2026-09-01T12:50:00,WhatsApp,EMP-02,PV-010,Natalia Restrepo Giraldo,3508546749,natalia.restrepo17@outlook.com,MONTERIA,honda xr 150l,En proceso,2026-09-01 13:50:00,Remate Modelos 2025,natalia restrepo giraldo,573508546749,natalia.restrepo17@outlook.com,monteria,whatsapp,en proceso,2026-09-01 12:50:00,2026-09-01 13:50:00,honda xr 150l,185,SKU-002,100.0,fuzzy,phone:573508546749,03d45190-7b0c-518d-b208-8331d929a81a,True,03d45190-7b0c-518d-b208-8331d929a81a,1.0,same_phone_or_email,11490000.0,,credito,,soat,False,False
LD-00186,2026-08-05 00:45:00,Meta Ads,EMP-01,PV-005,Carlos Mario Muñoz Muñoz,3042887574,carlos.munoz69@hotmail.com,Medellín,Hnda CB 190R,SIN GESTION,,Agosto Cero Cuotas,carlos mario munoz munoz,573042887574,carlos.munoz69@hotmail.com,medellin,meta ads,sin gestion,2026-08-05 00:45:00,,hnda cb 190r,186,SKU-003,100.0,fuzzy,phone:573042887574,257135a0-b7fc-5d4c-8741-455e97602bcb,False,,1.0,,13990000.0,,,,,False,False
LD-00187,2026-08-02T03:09:00,Formulario Web,EMP-03,PV-014,JULIÁN CARDONA HERRERA, 3122128499 ,,BOGOTA,Navi,Contactado,08/02/2026 04:09,,julian cardona herrera,573122128499,,bogota,formulario web,contactado,2026-08-02 03:09:00,2026-02-08 04:09:00,navi,187,SKU-004,100.0,exact,phone:573122128499,189f49b4-1f8f-51e8-944c-bc797e818bb7,False,,1.0,,7290000.0,,,,,False,False
LD-00188,2026-08-17 07:20:00,WhatsApp,EMP-01,PV-005,Duván Hernández Torres,3177884448,,,Hnda Navi,En proceso,18/08/2026 07:20,,duvan hernandez torres,573177884448,,,whatsapp,en proceso,2026-08-17 07:20:00,2026-08-18 07:20:00,hnda navi,188,SKU-004,100.0,fuzzy,phone:573177884448,b2a258bb-0c68-5061-abb1-8b315c61a4dc,False,,1.0,,7290000.0,,,,,False,False
LD-00189,20/08/2026 22:04,meta ads,EMP-03,PV-013,ANGIE PAOLA VALENCIA OSPINA,305 109 5454,angie.valencia49@yahoo.es,Bogotá D.C.,Bajaj Dominar 400,Descartado,2026-08-22T22:04:00,Remate Modelos 2025,angie paola valencia ospina,573051095454,angie.valencia49@yahoo.es,bogota,meta ads,descartado,2026-08-20 22:04:00,2026-08-22 22:04:00,bajaj dominar 400,189,SKU-011,100.0,fuzzy,phone:573051095454,06b8f6cb-6763-558b-8810-301882902b4f,False,,1.0,,24900000.0,,credito,media,soat,False,False
LD-00190,2026-09-03 14:28:00,Meta Ads,EMP-01,PV-003,Héctor Osorio Arias,3208085803,hector.osorio83@gmail.com,BELLO,Bajaj,Sin gestión,,Retoma tu moto,hector osorio arias,573208085803,hector.osorio83@gmail.com,bello,meta ads,sin gestion,2026-09-03 14:28:00,,bajaj,190,,22.22222222222223,unmatched,phone:573208085803,55ffbcf2-9e99-5538-82b3-6affdae595a6,False,,1.0,,,4990000.0,credito,,soat,True,False
LD-00191,2026-08-09 23:12:00,Formulario Web,EMP-01,PV-005,  Yesenia Herrera Torres  ,3221131295,,medellin,Bajaj Pulsar NS 125,En proceso,,,yesenia herrera torres,573221131295,,medellin,formulario web,en proceso,2026-08-09 23:12:00,,bajaj pulsar ns 125,191,SKU-008,100.0,fuzzy,phone:573221131295,baa9a572-3ac5-56b8-b282-0c0733b3fbe2,False,,1.0,,8990000.0,11990000.0,credito,,cuota,False,True
LD-00192,31/08/2026 22:18,WhatsApp,EMP-02,PV-008,Natalia Herrera Valencia, 3152010053 ,,Cartagena,Hnda CB 125F Twister,Cotización enviada,2026-09-02T22:18:00,Retoma tu moto,natalia herrera valencia,573152010053,,cartagena,whatsapp,cotizacion enviada,2026-08-31 22:18:00,2026-09-02 22:18:00,hnda cb 125f twister,192,SKU-001,100.0,fuzzy,phone:573152010053,2e2035a3-aa87-5918-adc0-403d5ef71752,False,,1.0,,7990000.0,,,,,False,False
LD-00193,10/08/2026 04:04,META ADS,EMP-02,PV-008,Óscar David Betancur Osorio,3225396235,oscar.betancur40@hotmail.com,Cartagena,honda cb 125f twister,Sin gestión,,Retoma tu moto,oscar david betancur osorio,573225396235,oscar.betancur40@hotmail.com,cartagena,meta ads,sin gestion,2026-08-10 04:04:00,,honda cb 125f twister,193,SKU-001,100.0,fuzzy,phone:573225396235,f24e146d-7462-5683-8582-8e6bc23058d8,False,,1.0,,7990000.0,4990000.0,credito,,cuota,False,True
LD-00194,2026-08-28T09:03:00,WhatsApp,EMP-02,PV-007,  Natalia Pérez Gómez  ,3015300496,,Soledad,Suzuky GN 125,No contesta,,Feria de Motos 2026,natalia perez gomez,573015300496,,soledad,whatsapp,no contesta,2026-08-28 09:03:00,,suzuky gn 125,194,SKU-013,100.0,fuzzy,phone:573015300496,0d770152-3be8-5489-91cd-486aaca96c35,True,0d770152-3be8-5489-91cd-486aaca96c35,1.0,same_phone_or_email,7490000.0,,credito,media,soat,False,False
LD-00195,2026-08-20 14:43:00,WhatsApp,EMP-03,PV-013,Adriana Hernández Valencia,3514975216,,Bogota DC,Navi,Sin gestión,,,adriana hernandez valencia,573514975216,,bogota dc,whatsapp,sin gestion,2026-08-20 14:43:00,,navi,195,SKU-004,100.0,exact,phone:573514975216,29951001-8631-5aa8-bda1-3c04e342557b,False,,1.0,,7290000.0,,credito,,cuota,False,False
LD-00196,31-08-2026,WhatsApp,EMP-01,PV-002,CARLOS MARIO GIRALDO RESTREPO,3166816945,carlos.giraldo61@hotmail.com,Itagüí,A.K.T TTR 200,No contesta,31/08/2026 10:34,,carlos mario giraldo restrepo,573166816945,carlos.giraldo61@hotmail.com,itagui,whatsapp,no contesta,2026-08-31 00:00:00,2026-08-31 10:34:00,a.k.t ttr 200,196,SKU-019,100.0,fuzzy,phone:573166816945,18244c65-fa45-5246-857b-93a13e1a635a,False,,1.0,,9890000.0,,credito,media,soat,False,False
LD-00197,31-08-2026,meta ads,EMP-03,PV-015,CARLOS MARIO AGUDELO PÉREZ,573116811622,carlos.agudelo43@yahoo.es,SOACHA,Bajaj Pulsar NS 125,sin gestion,,Prima Extra,carlos mario agudelo perez,573116811622,carlos.agudelo43@yahoo.es,soacha,meta ads,sin gestion,2026-08-31 00:00:00,,bajaj pulsar ns 125,197,SKU-008,100.0,fuzzy,phone:573116811622,81862cdb-8d03-551d-abb8-084b89264b0d,False,,1.0,,8990000.0,14990000.0,credito,media,soat,False,False
LD-00198,03/09/2026 10:36,Meta Ads,EMP-01,PV-001,  Yuliana Quintero Arias  ,301 603 9155,yuliana.quintero93@yahoo.es,Medellín ,hero dash 110,Cotización enviada,03/09/2026 11:36,Retoma tu moto,yuliana quintero arias,573016039155,yuliana.quintero93@yahoo.es,medellin,meta ads,cotizacion enviada,2026-09-03 10:36:00,2026-09-03 11:36:00,hero dash 110,198,SKU-024,100.0,fuzzy,phone:573016039155,e96faf06-b51d-5fdd-bf8e-602438d3c817,False,,1.0,,6290000.0,,,,,False,False
LD-00199,08/09/2026 09:24,WhatsApp,EMP-01,PV-004,Cristian Agudelo Restrepo,3052124022,cristian.agudelo99@hotmail.com,RIONEGRO,Honda  CB 190R,sin gestion,,,cristian agudelo restrepo,573052124022,cristian.agudelo99@hotmail.com,rionegro,whatsapp,sin gestion,2026-09-08 09:24:00,,honda cb 190r,199,SKU-003,100.0,fuzzy,phone:573052124022,2c242e01-8977-5a0b-b480-3d6098c38ae7,False,,1.0,,13990000.0,,,,,False,False
LD-00200,20/08/2026 12:51,Meta Ads,EMP-01,PV-005,  Carlos Mario Jiménez Ramírez  ,3117016095,,MEDELLIN,akt nkd 125,Descartado,08/21/2026 18:51,Retoma tu moto,carlos mario jimenez ramirez,573117016095,,medellin,meta ads,descartado,2026-08-20 12:51:00,2026-08-21 18:51:00,akt nkd 125,200,SKU-017,100.0,fuzzy,phone:573117016095,3998ff10-08f8-5cc1-807b-17f810937d2b,True,3998ff10-08f8-5cc1-807b-17f810937d2b,1.0,same_phone_or_email,5290000.0,,credito,media,soat,False,False
LD-00201,2026-08-14 04:47:00,WhatsApp,EMP-02,PV-008,Estefanía Pérez Ramírez, 3003807544 ,estefania.perez84@outlook.com,Cartagena de Indias,Suzuki V-Strom 250,Descartado,,Feria de Motos 2026,estefania perez ramirez,573003807544,estefania.perez84@outlook.com,cartagena de indias,whatsapp,descartado,2026-08-14 04:47:00,,suzuki v-strom 250,201,SKU-015,100.0,fuzzy,phone:573003807544,094b452d-6321-5344-8941-cecfca50c8ec,True,094b452d-6321-5344-8941-cecfca50c8ec,1.0,same_phone_or_email,21900000.0,,credito,,soat,False,False
LD-00202,2026-08-22 00:50:00,FORMULARIO WEB,EMP-02,PV-010,Claudia Patricia Rodríguez Vargas,300-904-3276,,Montería,Bajai Boxer CT 100,No contesta,24-08-2026,Agosto Cero Cuotas,claudia patricia rodriguez vargas,573009043276,,monteria,formulario web,no contesta,2026-08-22 00:50:00,2026-08-24 00:00:00,bajai boxer ct 100,202,SKU-007,100.0,fuzzy,phone:573009043276,0344177d-7d23-5eda-89ab-0a6def4f747e,False,,1.0,,5790000.0,,credito,media,soat,False,False
LD-00203,2026-08-05 18:06:00,WhatsApp,EMP-02,PV-007,Angie Paola Torres Betancur,573058103982,,SOLEDAD,Suzuki GN 125,no contesta,2026-08-05T19:06:00,Remate Modelos 2025,angie paola torres betancur,573058103982,,soledad,whatsapp,no contesta,2026-08-05 18:06:00,2026-08-05 19:06:00,suzuki gn 125,203,SKU-013,100.0,fuzzy,phone:573058103982,ca5a1951-a1e6-5962-ba7a-8f3cf8063aa2,False,,1.0,,7490000.0,,credito,,soat,False,False
LD-00204,30/08/2026 11:41,WhatsApp,EMP-01,PV-005,Vanessa Cardona Castaño,3511572729,,medellin,Honda CB 125F Twister,Contactado,,Feria de Motos 2026,vanessa cardona castano,573511572729,,medellin,whatsapp,contactado,2026-08-30 11:41:00,,honda cb 125f twister,204,SKU-001,100.0,fuzzy,phone:573511572729,10e38e1a-2d12-5c01-aa44-5472c635c6ea,False,,1.0,,7990000.0,,,,,False,False
LD-00205,26/08/2026 07:14,formulario web,EMP-02,PV-007,JULIÁN BETANCUR QUINTERO,+57 318 5685610,,SOLEDAD,Hero  Hunk 160R,contactado,26/08/2026 11:14,Feria de Motos 2026,julian betancur quintero,573185685610,,soledad,formulario web,contactado,2026-08-26 07:14:00,2026-08-26 11:14:00,hero hunk 160r,205,SKU-022,100.0,fuzzy,phone:573185685610,811a4400-a3f7-5298-99d1-d2cf10419261,False,,1.0,,10490000.0,,,,,False,False
LD-00206,2026-08-02 13:44:00,WhatsApp,EMP-03,PV-011,Natalia Jiménez Mosquera,323 282 8746,natalia.jimenez21@gmail.com,Bogotá D.C.,akt dynamic r3 125,Contactado,02-08-2026,Prima Extra,natalia jimenez mosquera,573232828746,natalia.jimenez21@gmail.com,bogota,whatsapp,contactado,2026-08-02 13:44:00,2026-08-02 00:00:00,akt dynamic r3 125,206,SKU-018,100.0,fuzzy,phone:573232828746,27a99007-037f-5598-8acb-597291ae30f9,False,,1.0,,5590000.0,,,,,False,False
LD-00207,2026-08-10 04:51:00,WhatsApp,EMP-03,PV-011,  Yesenia Arias Escobar  ,3189258265,,Bogota,honda cb 125f twister,Descartado,12-08-2026,Agosto Cero Cuotas,yesenia arias escobar,573189258265,,bogota,whatsapp,descartado,2026-08-10 04:51:00,2026-08-12 00:00:00,honda cb 125f twister,207,SKU-001,100.0,fuzzy,phone:573189258265,dd12e439-faa9-5339-82da-805f6649ebfb,False,,1.0,,7990000.0,,,,,False,False
LD-00208,2026-08-17T09:55:00,Meta Ads,EMP-01,PV-002,Wilmar Mosquera Castaño, 3226734075 ,,ITAGUI,Bajai Pulsar NS 125,Descartado,2026-08-17T10:55:00,Retoma tu moto,wilmar mosquera castano,573226734075,,itagui,meta ads,descartado,2026-08-17 09:55:00,2026-08-17 10:55:00,bajai pulsar ns 125,208,SKU-008,100.0,fuzzy,phone:573226734075,7da8d011-b9be-5979-944a-2093c752f276,False,,1.0,,8990000.0,21900000.0,credito,,soat,False,False
LD-00209,2026-09-01 18:21:00,WhatsApp,EMP-01,PV-001,LUZ MARINA RESTREPO GIRALDO,573023586801,luz.restrepo48@hotmail.com,medellin,Honda  CB 190R,Descartado,2026-09-02 06:21:00,Retoma tu moto,luz marina restrepo giraldo,573023586801,luz.restrepo48@hotmail.com,medellin,whatsapp,descartado,2026-09-01 18:21:00,2026-09-02 06:21:00,honda cb 190r,209,SKU-003,100.0,fuzzy,phone:573023586801,ab64d14b-80f9-5273-bf9a-2b8ef29347f7,False,,1.0,,13990000.0,4990000.0,credito,,soat,True,True
LD-00210,2026-09-03 03:36:00,WhatsApp,EMP-01,PV-003,  Óscar David Arias Giraldo  ,573054833744,,BELLO,Honda  Dio 110,no contesta,03-09-2026,Prima Extra,oscar david arias giraldo,573054833744,,bello,whatsapp,no contesta,2026-09-03 03:36:00,2026-09-03 00:00:00,honda dio 110,210,SKU-005,100.0,fuzzy,phone:573054833744,0caa34a3-051e-5043-8826-92fbaeb100e4,False,,1.0,,6890000.0,,,,,False,False
LD-00211,31-08-2026,META ADS,EMP-03,PV-011,Diana Carolina Giraldo Franco,3000427368,diana.giraldo27@gmail.com,BOGOTA,Bajaj Pulsar NS 125 2026,Sin gestión,,,diana carolina giraldo franco,573000427368,diana.giraldo27@gmail.com,bogota,meta ads,sin gestion,2026-08-31 00:00:00,,bajaj pulsar ns 125 2026,211,SKU-008,100.0,fuzzy,phone:573000427368,07ced73e-902e-5b1f-8b88-2b52f28906f3,False,,1.0,,8990000.0,10490000.0,credito,media,cuota,False,True
LD-00212,06-09-2026,Formulario Web,EMP-03,PV-013,Adriana Ramírez Torres, 3200664370 ,adriana.ramirez4@outlook.com,BOGOTA,BAJAJ DOMINAR 400,Cotización enviada,08/09/2026 02:44,Agosto Cero Cuotas,adriana ramirez torres,573200664370,adriana.ramirez4@outlook.com,bogota,formulario web,cotizacion enviada,2026-09-06 00:00:00,2026-09-08 02:44:00,bajaj dominar 400,212,SKU-011,100.0,fuzzy,phone:573200664370,8cf02012-0812-5252-a4b2-8b524317e0c6,False,,1.0,,24900000.0,11490000.0,credito,,soat,False,False
LD-00213,22/08/2026 12:01,Meta Ads,EMP-02,PV-010,Carlos Mario Hernández Castaño,316 577 8889,carlos.hernandez44@gmail.com,MONTERIA,Honda XRE 300,Contactado,22-08-2026,,carlos mario hernandez castano,573165778889,carlos.hernandez44@gmail.com,monteria,meta ads,contactado,2026-08-22 12:01:00,2026-08-22 00:00:00,honda xre 300,213,SKU-006,100.0,fuzzy,phone:573165778889,4503863c-79e8-5ecd-9e5a-5bd7cea58ce3,True,4503863c-79e8-5ecd-9e5a-5bd7cea58ce3,1.0,same_phone_or_email,22900000.0,22900000.0,credito,,cuota,False,True
LD-00214,08/31/2026 04:54,WhatsApp,EMP-01,PV-001,CARLOS MARIO OSORIO ESCOBAR,3158874268,,Medellín,Honda,Contactado,2026-08-31 16:54:00,Feria de Motos 2026,carlos mario osorio escobar,573158874268,,medellin,whatsapp,contactado,2026-08-31 04:54:00,2026-08-31 16:54:00,honda,214,,44.44444444444444,unmatched,phone:573158874268,20449b7c-31b8-51d7-825e-4ff36505f100,True,20449b7c-31b8-51d7-825e-4ff36505f100,1.0,same_phone_or_email,,,credito,media,soat,False,False
LD-00215,2026-08-11 00:13:00,WhatsApp,EMP-03,PV-015,Jorge Iván Escobar Osorio,573502668416,,SOACHA,Hero Hunk 160R,SIN GESTION,,Remate Modelos 2025,jorge ivan escobar osorio,573502668416,,soacha,whatsapp,sin gestion,2026-08-11 00:13:00,,hero hunk 160r,215,SKU-022,100.0,fuzzy,phone:573502668416,2b1f8b5e-5e2e-5300-8f21-2e2b7722b597,False,,1.0,,10490000.0,22900000.0,credito,,cuota,False,True
LD-00216,05-08-2026,whatsapp,EMP-03,PV-015,Wilmar Londoño Zapata,322 298 6193,wilmar.londono73@yahoo.es,Soacha,AKT Dynamic R3 125,sin gestion,,Agosto Cero Cuotas,wilmar londono zapata,573222986193,wilmar.londono73@yahoo.es,soacha,whatsapp,sin gestion,2026-08-05 00:00:00,,akt dynamic r3 125,216,SKU-018,100.0,fuzzy,phone:573222986193,050b49fc-0e73-5f20-8969-363f907ae828,False,,1.0,,5590000.0,,,,,False,False
LD-00217,2026-08-13 23:18:00,WhatsApp,EMP-02,PV-009,Édinson Bedoya Vargas, 3518822526 ,edinson.bedoya13@hotmail.com,SANTA MARTA,Honda XR 150L,no contesta,08/14/2026 23:18,Feria de Motos 2026,edinson bedoya vargas,573518822526,edinson.bedoya13@hotmail.com,santa marta,whatsapp,no contesta,2026-08-13 23:18:00,2026-08-14 23:18:00,honda xr 150l,217,SKU-002,100.0,fuzzy,phone:573518822526,ac99edc5-c9d0-5d00-9d69-52f9033b8751,False,,1.0,,11490000.0,4990000.0,credito,media,cuota,False,True
LD-00218,2026-08-19 15:34:00,Formulario Web,EMP-03,PV-013,  Fabián Gómez Betancur  ,+57 321 9007755,fabian.gomez48@outlook.com,Bogotá,Bajaj Discover 125,Contactado,19-08-2026,Remate Modelos 2025,fabian gomez betancur,573219007755,fabian.gomez48@outlook.com,bogota,formulario web,contactado,2026-08-19 15:34:00,2026-08-19 00:00:00,bajaj discover 125,218,SKU-012,100.0,fuzzy,phone:573219007755,ca247ee3-09a3-5900-8cd6-b1d22c05a924,True,ca247ee3-09a3-5900-8cd6-b1d22c05a924,1.0,same_phone_or_email,6990000.0,,,,,False,False
LD-00219,2026-09-08 17:47:00,Formulario Web,EMP-03,PV-014,Wilmar Castaño Muñoz,(320) 480-7726,wilmar.castano35@yahoo.es,bogotá,Bajai Pulsar NS 125,En proceso,09/09/2026 23:47,Feria de Motos 2026,wilmar castano munoz,573204807726,wilmar.castano35@yahoo.es,bogota,formulario web,en proceso,2026-09-08 17:47:00,2026-09-09 23:47:00,bajai pulsar ns 125,219,SKU-008,100.0,fuzzy,phone:573204807726,01b9464d-222a-546e-97e5-d192002b7c4e,False,,1.0,,8990000.0,11990000.0,credito,,cuota,False,True
LD-00220,27/08/2026 12:41,WhatsApp,EMP-03,PV-011,Angie Paola Castaño Vargas,3024507639,,,Bajaj,No contesta,2026-08-28 12:41:00,Remate Modelos 2025,angie paola castano vargas,573024507639,,,whatsapp,no contesta,2026-08-27 12:41:00,2026-08-28 12:41:00,bajaj,220,,22.22222222222223,unmatched,phone:573024507639,8944cadc-eb46-5bb6-a69b-0d11ce9708bc,False,,1.0,,,,credito,,soat,False,False
LD-00221,15/08/2026 04:45,Meta Ads,EMP-01,PV-002,Natalia Marín Jiménez,311-567-5817,natalia.marin20@outlook.com,ITAGUI,Honda Navi,no contesta,2026-08-15T06:45:00,Retoma tu moto,natalia marin jimenez,573115675817,natalia.marin20@outlook.com,itagui,meta ads,no contesta,2026-08-15 04:45:00,2026-08-15 06:45:00,honda navi,221,SKU-004,100.0,fuzzy,phone:573115675817,bf17932f-2605-5c71-9e66-e0a3fbcee826,False,,1.0,,7290000.0,,,,,False,False
LD-00222,15/08/2026 17:27,Meta Ads,EMP-01,PV-003,Camilo Zapata Escobar,3209420858,,BELLO,Bajaj Pulsar NS 125,Sin gestión,,Agosto Cero Cuotas,camilo zapata escobar,573209420858,,bello,meta ads,sin gestion,2026-08-15 17:27:00,,bajaj pulsar ns 125,222,SKU-008,100.0,fuzzy,phone:573209420858,51c76a66-8cfe-558d-b8bf-9b6e5bd80c1f,False,,1.0,,8990000.0,,credito,,soat,False,False
LD-00223,28/08/2026 05:43,Formulario Web,EMP-01,PV-004,YESENIA VALENCIA SALAZAR,+57 322 6591672,,Rio Negro,SUZUKI GN 125,Sin gestión,,,yesenia valencia salazar,573226591672,,rio negro,formulario web,sin gestion,2026-08-28 05:43:00,,suzuki gn 125,223,SKU-013,100.0,fuzzy,phone:573226591672,663a81ec-61be-5a72-a1b9-480a74e699bc,False,,1.0,,7490000.0,24900000.0,credito,,soat,False,False
LD-00224,08/06/2026 02:18,WhatsApp,EMP-03,PV-013,Liliana Valencia Escobar,3224438410,,Bogota DC,Bajaj  Pulsar RS 200,Sin gestión,,,liliana valencia escobar,573224438410,,bogota dc,whatsapp,sin gestion,2026-06-08 02:18:00,,bajaj pulsar rs 200,224,SKU-010,100.0,fuzzy,phone:573224438410,7fa8d472-1ac2-5c27-bc2e-1809acd7ba99,False,,1.0,,15490000.0,6990000.0,credito,,cuota,False,True
LD-00225,22/08/2026 08:52,whatsapp,EMP-03,PV-015,JULIÁN PÉREZ ARIAS,(300) 106-8650,,Soacha,HONDA CB 190R,contactado,2026-08-22 12:52:00,Agosto Cero Cuotas,julian perez arias,573001068650,,soacha,whatsapp,contactado,2026-08-22 08:52:00,2026-08-22 12:52:00,honda cb 190r,225,SKU-003,100.0,fuzzy,phone:573001068650,852ee264-fb6d-5483-97b4-21d78abb6e8d,True,852ee264-fb6d-5483-97b4-21d78abb6e8d,1.0,same_phone_or_email,13990000.0,,,,,False,False
LD-00226,2026-09-10 03:03:00,Meta Ads,EMP-01,PV-003,Alexander Bedoya Zapata,318 744 9839,alexander.bedoya3@hotmail.com,bello,Suzuki,Sin gestión,,Agosto Cero Cuotas,alexander bedoya zapata,573187449839,alexander.bedoya3@hotmail.com,bello,meta ads,sin gestion,2026-09-10 03:03:00,,suzuki,226,,26.66666666666667,unmatched,phone:573187449839,5ea9e9c6-27e4-588a-a0bb-f02d972a52eb,False,,1.0,,,,,,,False,False
LD-00227,2026-08-21 14:43:00,whatsapp,EMP-03,PV-012,MARÍA FERNANDA ESCOBAR RESTREPO,351-806-2228,,Bogotá,Honda Navi,No contesta,2026-08-21T16:43:00,,maria fernanda escobar restrepo,573518062228,,bogota,whatsapp,no contesta,2026-08-21 14:43:00,2026-08-21 16:43:00,honda navi,227,SKU-004,100.0,fuzzy,phone:573518062228,2b997ba4-56e2-5f42-a9bd-967ae10cac76,False,,1.0,,7290000.0,,,,,False,False
LD-00228,16-08-2026,WhatsApp,EMP-02,PV-009,Sebastián Jiménez Ramírez,3508919077,,SANTA MARTA,Suzuki Best 125,Contactado,2026-08-19 04:45:00,Agosto Cero Cuotas,sebastian jimenez ramirez,573508919077,,santa marta,whatsapp,contactado,2026-08-16 00:00:00,2026-08-19 04:45:00,suzuki best 125,228,SKU-016,100.0,fuzzy,phone:573508919077,4ee964f4-f1b9-5c20-8553-f9933ac3e5bb,False,,1.0,,6590000.0,,,,,False,False
LD-00229,2026-08-07 16:55:00,WhatsApp,EMP-02,PV-009,  Yuliana Franco Arias  , 3116976067 ,,Santa Marta,HONDA CB 125F TWISTER,Contactado,2026-08-08T22:55:00,,yuliana franco arias,573116976067,,santa marta,whatsapp,contactado,2026-08-07 16:55:00,2026-08-08 22:55:00,honda cb 125f twister,229,SKU-001,100.0,fuzzy,phone:573116976067,576d388c-b72b-562c-a531-086860670a6d,False,,1.0,,7990000.0,7490000.0,credito,,soat,False,False
LD-00230,2026-08-22 13:39:00,Formulario Web,EMP-03,PV-014,Camilo Agudelo Ramírez,3232891094,,Bogotá D.C.,Suzuki Gixxer 150,No contesta,,Feria de Motos 2026,camilo agudelo ramirez,573232891094,,bogota,formulario web,no contesta,2026-08-22 13:39:00,,suzuki gixxer 150,230,SKU-014,100.0,fuzzy,phone:573232891094,b84b5bd7-6969-525f-9250-6ea0b594f79f,False,,1.0,,11990000.0,,,,,False,False
LD-00231,2026-09-04 22:15:00,whatsapp,EMP-02,PV-007,  Vanessa Pérez Betancur  ,+57 323 0474005,vanessa.perez16@outlook.com,Soledad,Suzuki Gixxer,Descartado,05/09/2026 10:15,Feria de Motos 2026,vanessa perez betancur,573230474005,vanessa.perez16@outlook.com,soledad,whatsapp,descartado,2026-09-04 22:15:00,2026-09-05 10:15:00,suzuki gixxer,231,,75.0,unmatched,phone:573230474005,029661d2-ae3a-59cc-9e25-7a879aaec232,False,,1.0,,,7490000.0,credito,,soat,False,False
LD-00232,2026-08-26 20:45:00,WhatsApp,EMP-01,PV-003,  Claudia Patricia Ramírez Torres  ,310-480-4393,claudia.ramirez31@hotmail.com,bello,Hero Xpulse 200,Contactado,2026-08-28T20:45:00,,claudia patricia ramirez torres,573104804393,claudia.ramirez31@hotmail.com,bello,whatsapp,contactado,2026-08-26 20:45:00,2026-08-28 20:45:00,hero xpulse 200,232,SKU-023,100.0,fuzzy,phone:573104804393,c57a74e3-f3d3-51cb-a47b-eec98ced840b,False,,1.0,,14990000.0,,,,,False,False
LD-00233,28-08-2026,WhatsApp,EMP-03,PV-012,Alexander Hernández Gómez, 3218787019 ,,Bogotá D.C.,AKT DYNAMIC R3 125,no contesta,2026-08-28T17:45:00,,alexander hernandez gomez,573218787019,,bogota,whatsapp,no contesta,2026-08-28 00:00:00,2026-08-28 17:45:00,akt dynamic r3 125,233,SKU-018,100.0,fuzzy,phone:573218787019,533306bf-1d39-5d8e-be15-30ba921daf24,False,,1.0,,5590000.0,,,,,False,False
LD-00234,2026-09-04 21:56:00,WhatsApp,EMP-03,PV-011,Héctor Betancur Salazar,3209062096,hector.betancur25@gmail.com,bogotá,Honda  Dio 110,Sin gestión,,Remate Modelos 2025,hector betancur salazar,573209062096,hector.betancur25@gmail.com,bogota,whatsapp,sin gestion,2026-09-04 21:56:00,,honda dio 110,234,SKU-005,100.0,fuzzy,phone:573209062096,fcede1c6-516c-59ad-823d-1cd6042e394f,False,,1.0,,6890000.0,,credito,,soat,True,False
LD-00235,2026-08-04 11:12:00,Meta Ads,EMP-02,PV-006,Adriana Gómez Ramírez,3508876769,adriana.gomez37@outlook.com,Barranquilla,bajaj dominar 400,contactado,2026-08-06T11:12:00,,adriana gomez ramirez,573508876769,adriana.gomez37@outlook.com,barranquilla,meta ads,contactado,2026-08-04 11:12:00,2026-08-06 11:12:00,bajaj dominar 400,235,SKU-011,100.0,fuzzy,phone:573508876769,36f6144e-4dfb-5338-9d29-ae53ad0b2f7e,True,36f6144e-4dfb-5338-9d29-ae53ad0b2f7e,1.0,same_phone_or_email,24900000.0,,,,,False,False
LD-00236,2026-09-02T12:48:00,Meta Ads,EMP-03,PV-012,Estefanía Escobar Valencia,3128446915,,Bogotá D.C.,Bajai Boxer CT 100,En proceso,09/04/2026 12:48,Agosto Cero Cuotas,estefania escobar valencia,573128446915,,bogota,meta ads,en proceso,2026-09-02 12:48:00,2026-04-09 12:48:00,bajai boxer ct 100,236,SKU-007,100.0,fuzzy,phone:573128446915,0602f044-de28-5c8c-8d45-d09d2a00156a,True,0602f044-de28-5c8c-8d45-d09d2a00156a,1.0,same_phone_or_email,5790000.0,,,,,False,False
LD-00237,2026-08-31 14:00:00,WhatsApp,EMP-03,PV-012,  Wilmar Marín Escobar  ,+57 301 2653471,wilmar.marin20@gmail.com,Bogota,Honda  CB 125F Twister,Contactado,31/08/2026 15:00,Remate Modelos 2025,wilmar marin escobar,573012653471,wilmar.marin20@gmail.com,bogota,whatsapp,contactado,2026-08-31 14:00:00,2026-08-31 15:00:00,honda cb 125f twister,237,SKU-001,100.0,fuzzy,phone:573012653471,2d085911-4bc4-5ac0-a728-3e076285de8e,False,,1.0,,7990000.0,24900000.0,credito,media,cuota,False,True
LD-00238,2026-08-10T03:18:00,WhatsApp,EMP-03,PV-014,DUVÁN BEDOYA ARIAS,573227175367,,Bogota,AKT Dynamic R3 125,Contactado,2026-08-10T09:18:00,,duvan bedoya arias,573227175367,,bogota,whatsapp,contactado,2026-08-10 03:18:00,2026-08-10 09:18:00,akt dynamic r3 125,238,SKU-018,100.0,fuzzy,phone:573227175367,0c9a4672-0ff5-5c98-b06d-7d52cb82fdec,False,,1.0,,5590000.0,,,,,False,False
LD-00239,2026-08-23 15:52:00,WhatsApp,EMP-02,PV-008,Vanessa Marín Gómez,315 908 2340,vanessa.marin78@gmail.com,CARTAGENA,Bajaj  Pulsar RS 200,Sin gestión,,Retoma tu moto,vanessa marin gomez,573159082340,vanessa.marin78@gmail.com,cartagena,whatsapp,sin gestion,2026-08-23 15:52:00,,bajaj pulsar rs 200,239,SKU-010,100.0,fuzzy,phone:573159082340,c2c2ac05-062f-5a11-a8f2-fed8719e7c4b,True,c2c2ac05-062f-5a11-a8f2-fed8719e7c4b,1.0,same_phone_or_email,15490000.0,,,,,False,False
LD-00240,18/08/2026 03:38,WhatsApp,EMP-02,PV-007,Katherine Escobar,3230031702,,,Honda XRE 300,Contactado,2026-08-18T04:38:00,,katherine escobar,573230031702,,,whatsapp,contactado,2026-08-18 03:38:00,2026-08-18 04:38:00,honda xre 300,240,SKU-006,100.0,fuzzy,phone:573230031702,ba388b5f-9570-588d-9541-287ac3c1f8f5,True,ba388b5f-9570-588d-9541-287ac3c1f8f5,1.0,same_phone_or_email,22900000.0,14990000.0,credito,,cuota,False,True
LD-00241,2026-09-08 12:49:00,Formulario Web,EMP-03,PV-015,Nelson Arias Vargas,317 064 0036,nelson.arias47@hotmail.com,Soacha,honda cb 190r,En proceso,,Retoma tu moto,nelson arias vargas,573170640036,nelson.arias47@hotmail.com,soacha,formulario web,en proceso,2026-09-08 12:49:00,,honda cb 190r,241,SKU-003,100.0,fuzzy,phone:573170640036,8e960dbb-fbc4-5e50-a837-180d0d070658,False,,1.0,,13990000.0,,,,,False,False
LD-00242,18/08/2026 07:24,WhatsApp,EMP-03,PV-013,Natalia Pérez Herrera,351-160-9861,natalia.perez56@hotmail.com,Bogota DC,HERO XPULSE 200,Descartado,2026-08-18T11:24:00,Prima Extra,natalia perez herrera,573511609861,natalia.perez56@hotmail.com,bogota dc,whatsapp,descartado,2026-08-18 07:24:00,2026-08-18 11:24:00,hero xpulse 200,242,SKU-023,100.0,fuzzy,phone:573511609861,ba9952c2-d599-54dc-ad3f-32cd2b70a020,False,,1.0,,14990000.0,,,,,False,False
LD-00243,08/09/2026 11:29,WhatsApp,EMP-03,PV-011,  Sandra Milena Cardona Hernández  ,3227360711,sandra.cardona69@yahoo.es,bogotá,,Cotización enviada,2026-08-09T15:29:00,,sandra milena cardona hernandez,573227360711,sandra.cardona69@yahoo.es,bogota,whatsapp,cotizacion enviada,2026-09-08 11:29:00,2026-08-09 15:29:00,,243,,0.0,none,phone:573227360711,616d71f0-9d23-5533-8038-ba7d86d5f12f,False,,1.0,,,,,,,False,False
LD-00244,2026-08-03 22:57:00,WhatsApp,EMP-01,PV-005,KEVIN ZAPATA AGUDELO, 3223456560 ,,Medellín,HONDA NAVI,sin gestion,,Agosto Cero Cuotas,kevin zapata agudelo,573223456560,,medellin,whatsapp,sin gestion,2026-08-03 22:57:00,,honda navi,244,SKU-004,100.0,fuzzy,phone:573223456560,4dfb9e6b-297c-5b81-8bf6-40587936da40,False,,1.0,,7290000.0,,credito,media,soat,False,False
LD-00245,2026-08-03 17:35:00,WhatsApp,EMP-01,PV-001,  Carlos Mario Vargas Hernández  ,+57 351 9688328,carlos.vargas47@hotmail.com,medellin,AKT Evo RS 150 2026,Cotización enviada,,Agosto Cero Cuotas,carlos mario vargas hernandez,573519688328,carlos.vargas47@hotmail.com,medellin,whatsapp,cotizacion enviada,2026-08-03 17:35:00,,akt evo rs 150 2026,245,SKU-020,100.0,fuzzy,phone:573519688328,5b58db90-0483-51e3-9479-b737ce92faa8,True,5b58db90-0483-51e3-9479-b737ce92faa8,1.0,same_phone_or_email,7190000.0,,,,,False,False
LD-00246,2026-08-30 10:17:00,Meta Ads,EMP-01,PV-003,  Adriana Betancur Bedoya  ,(314) 158-3958,,bello,akt dynamic r3 125,No contesta,31-08-2026,Prima Extra,adriana betancur bedoya,573141583958,,bello,meta ads,no contesta,2026-08-30 10:17:00,2026-08-31 00:00:00,akt dynamic r3 125,246,SKU-018,100.0,fuzzy,phone:573141583958,ddcfba07-13b3-52b8-ae80-b67b2f08642a,False,,1.0,,5590000.0,,credito,,soat,False,False
LD-00247,08/24/2026 04:18,WhatsApp,EMP-03,PV-012,JULIÁN BETANCUR MOSQUERA, 3021953691 ,,Bogotá D.C.,BAJAJ DOMINAR 400,Contactado,24/08/2026 16:18,,julian betancur mosquera,573021953691,,bogota,whatsapp,contactado,2026-08-24 04:18:00,2026-08-24 16:18:00,bajaj dominar 400,247,SKU-011,100.0,fuzzy,phone:573021953691,48d46637-8baa-5606-8cde-951d786aaebd,False,,1.0,,24900000.0,,credito,,soat,True,False
LD-00248,2026-08-22 21:47:00,WhatsApp,EMP-01,PV-005,  Estefanía Jiménez Muñoz  ,310-511-9735,estefania.jimenez56@yahoo.es,Medellin,Honda XR 150L,Contactado,2026-08-25T21:47:00,Prima Extra,estefania jimenez munoz,573105119735,estefania.jimenez56@yahoo.es,medellin,whatsapp,contactado,2026-08-22 21:47:00,2026-08-25 21:47:00,honda xr 150l,248,SKU-002,100.0,fuzzy,phone:573105119735,f7e2712c-c146-5b4f-ac09-d349fd7dfd93,True,f7e2712c-c146-5b4f-ac09-d349fd7dfd93,1.0,same_phone_or_email,11490000.0,,,,,False,False
LD-00249,2026-08-23 22:16:00,Meta Ads,EMP-03,PV-014,  Claudia Patricia Torres Pérez  ,+57 311 4840904,,Bogota,Honda XRE 300,Cotización enviada,,Agosto Cero Cuotas,claudia patricia torres perez,573114840904,,bogota,meta ads,cotizacion enviada,2026-08-23 22:16:00,,honda xre 300,249,SKU-006,100.0,fuzzy,phone:573114840904,5184cfcb-74be-52f0-b67c-9c58223640e4,False,,1.0,,22900000.0,,,,,False,False
LD-00250,2026-08-31 22:31:00,Formulario Web,EMP-03,PV-011,  Freddy Correa Muñoz  ,3154235528,,Bogota,Bajai Boxer CT 100,Cotización enviada,09/01/2026 22:31,Agosto Cero Cuotas,freddy correa munoz,573154235528,,bogota,formulario web,cotizacion enviada,2026-08-31 22:31:00,2026-01-09 22:31:00,bajai boxer ct 100,250,SKU-007,100.0,fuzzy,phone:573154235528,899aa8db-5d83-5c6d-a728-bc5d0ecff063,True,899aa8db-5d83-5c6d-a728-bc5d0ecff063,1.0,same_phone_or_email,5790000.0,,credito,media,soat,False,False
LD-00252,2026-08-19 12:33:00,WhatsApp,EMP-03,PV-011,Brayan Cardona Zapata,3128383625,brayan.cardona89@outlook.com,Bogotá D.C.,XRE 300,Sin gestión,,Agosto Cero Cuotas,brayan cardona zapata,573128383625,brayan.cardona89@outlook.com,bogota,whatsapp,sin gestion,2026-08-19 12:33:00,,xre 300,252,SKU-006,100.0,exact,phone:573128383625,b146ba55-d019-5136-81c3-45e503fc5ca4,False,,1.0,,22900000.0,,,,,False,False
LD-00253,2026-08-23T14:04:00,WhatsApp,EMP-02,PV-009,Édinson Franco Giraldo,302 981 6697,,SANTA MARTA,Bajaj Dominar 400,sin gestion,,Feria de Motos 2026,edinson franco giraldo,573029816697,,santa marta,whatsapp,sin gestion,2026-08-23 14:04:00,,bajaj dominar 400,253,SKU-011,100.0,fuzzy,phone:573029816697,ccc1c52d-1f87-5fae-b218-d7e28016bb65,True,ccc1c52d-1f87-5fae-b218-d7e28016bb65,1.0,same_phone_or_email,24900000.0,,,,,False,False
LD-00254,2026-08-22 09:41:00,Meta Ads,EMP-01,PV-005,LEIDY JOHANA VARGAS ARIAS,301 245 8689,,Medellin,XR 150L,Contactado,,Prima Extra,leidy johana vargas arias,573012458689,,medellin,meta ads,contactado,2026-08-22 09:41:00,,xr 150l,254,SKU-002,100.0,exact,phone:573012458689,009a0b1c-e115-5294-ae8a-e0bd352f2e29,False,,1.0,,11490000.0,,credito,,soat,False,False
LD-00255,10-08-2026,WhatsApp,EMP-03,PV-015,Freddy Jiménez Londoño,+57 300 3494850,,Soacha,,Contactado,,Remate Modelos 2025,freddy jimenez londono,573003494850,,soacha,whatsapp,contactado,2026-08-10 00:00:00,,,255,,0.0,none,phone:573003494850,ebb39b65-6012-571b-b3d8-93818f901f92,False,,1.0,,,,,,,False,False
LD-00256,2026-08-10 12:50:00,meta ads,EMP-03,PV-015,  Héctor Mosquera Pérez  ,+57 322 0997499,hector.mosquera37@hotmail.com,,Honda  XR 150L,No contesta,2026-08-11 18:50:00,,hector mosquera perez,573220997499,hector.mosquera37@hotmail.com,,meta ads,no contesta,2026-08-10 12:50:00,2026-08-11 18:50:00,honda xr 150l,256,SKU-002,100.0,fuzzy,phone:573220997499,9ee6f77c-078f-53a4-bfdd-79a75a4a7320,False,,1.0,,11490000.0,,credito,media,soat,True,False
LD-00257,09/09/2026 12:25,Formulario Web,EMP-02,PV-010,MÓNICA ARIAS PÉREZ,3508621976,monica.arias86@hotmail.com,Montería,Honda CB 125F Twister 2026,Contactado,2026-09-09T18:25:00,Feria de Motos 2026,monica arias perez,573508621976,monica.arias86@hotmail.com,monteria,formulario web,contactado,2026-09-09 12:25:00,2026-09-09 18:25:00,honda cb 125f twister 2026,257,SKU-001,100.0,fuzzy,phone:573508621976,1f91b87d-0870-5a83-9807-e6b83bc2c8d3,False,,1.0,,7990000.0,,,,,False,False
LD-00258,03-08-2026,WhatsApp,EMP-01,PV-002,ANGIE PAOLA GÓMEZ MOSQUERA,3140483109,angie.gomez73@hotmail.com,ITAGUI,SUZUKI GIXXER 150,sin gestion,,,angie paola gomez mosquera,573140483109,angie.gomez73@hotmail.com,itagui,whatsapp,sin gestion,2026-08-03 00:00:00,,suzuki gixxer 150,258,SKU-014,100.0,fuzzy,phone:573140483109,b5e1e31c-6b87-577d-ae32-5d79fe46e8e1,False,,1.0,,11990000.0,,,,,False,False
LD-00259,2026-08-15T23:53:00,Formulario Web,EMP-03,PV-013,Juan Carlos Marín Franco,573209053618,juan.marin33@gmail.com,Bogotá D.C.,bajaj dominar 400,Cotización enviada,2026-08-16T00:53:00,Retoma tu moto,juan carlos marin franco,573209053618,juan.marin33@gmail.com,bogota,formulario web,cotizacion enviada,2026-08-15 23:53:00,2026-08-16 00:53:00,bajaj dominar 400,259,SKU-011,100.0,fuzzy,phone:573209053618,8a6b995e-7304-5ab6-b808-96bae8917882,False,,1.0,,24900000.0,,,,,False,False
LD-00260,04/09/2026 09:29,Meta Ads,EMP-01,PV-003,Mónica Restrepo Rodríguez,304-005-4315,monica.restrepo96@outlook.com,Bello,,Descartado,2026-09-04 11:29:00,Agosto Cero Cuotas,monica restrepo rodriguez,573040054315,monica.restrepo96@outlook.com,bello,meta ads,descartado,2026-09-04 09:29:00,2026-09-04 11:29:00,,260,,0.0,none,phone:573040054315,ace50794-56a6-5267-bb65-77b6bd6d7dd3,False,,1.0,,,,,,,False,False
LD-00261,2026-08-22 08:25:00,META ADS,EMP-01,PV-005,Marcela Restrepo Herrera,3017162127,,Medellin,Hero Eco,Cotización enviada,,,marcela restrepo herrera,573017162127,,medellin,meta ads,cotizacion enviada,2026-08-22 08:25:00,,hero eco,261,,54.54545454545455,unmatched,phone:573017162127,afe9f774-ddb3-5943-8a53-f5ba1d693a96,False,,1.0,,,,,,,False,False
LD-00262,2026-08-12 09:46:00,Formulario Web,EMP-03,PV-012,María Fernanda Quintero Betancur,3511424907,,Bogota DC,HONDA XRE 300,Cotización enviada,13/08/2026 03:46,Agosto Cero Cuotas,maria fernanda quintero betancur,573511424907,,bogota dc,formulario web,cotizacion enviada,2026-08-12 09:46:00,2026-08-13 03:46:00,honda xre 300,262,SKU-006,100.0,fuzzy,phone:573511424907,f3ea6676-9f06-5b94-bde5-b12b106675a8,True,f3ea6676-9f06-5b94-bde5-b12b106675a8,1.0,same_phone_or_email,22900000.0,,,,,False,False
LD-00263,27/08/2026 01:04,whatsapp,EMP-02,PV-007,ERIKA JIMÉNEZ RODRÍGUEZ,3139690640,,Soledad,Honda Dio 110,Cotización enviada,2026-08-29 01:04:00,Agosto Cero Cuotas,erika jimenez rodriguez,573139690640,,soledad,whatsapp,cotizacion enviada,2026-08-27 01:04:00,2026-08-29 01:04:00,honda dio 110,263,SKU-005,100.0,fuzzy,phone:573139690640,38ed3f66-2d7c-5ee7-b4c8-7b156f9ba5b3,True,38ed3f66-2d7c-5ee7-b4c8-7b156f9ba5b3,1.0,same_phone_or_email,6890000.0,,,,,False,False
LD-00264,08/19/2026 00:12,WhatsApp,EMP-01,PV-004,MARÍA FERNANDA AGUDELO OSPINA,3514820760,,Rionegro,AKT Evo RS 150,No contesta,19/08/2026 18:12,,maria fernanda agudelo ospina,573514820760,,rionegro,whatsapp,no contesta,2026-08-19 00:12:00,2026-08-19 18:12:00,akt evo rs 150,264,SKU-020,100.0,fuzzy,phone:573514820760,33334ba5-e491-5706-abd6-93d7f8bb764d,False,,1.0,,7190000.0,,,,,False,False
LD-00265,2026-08-25T01:59:00,Meta Ads,EMP-03,PV-013,ANDRÉS FELIPE HERRERA VALENCIA,313-387-4980,,Bogota,,En proceso,29-08-2026,Prima Extra,andres felipe herrera valencia,573133874980,,bogota,meta ads,en proceso,2026-08-25 01:59:00,2026-08-29 00:00:00,,265,,0.0,none,phone:573133874980,8b1951d5-cd3b-5e08-976b-2125b4e954a7,True,8b1951d5-cd3b-5e08-976b-2125b4e954a7,1.0,same_phone_or_email,,,,,,False,False
LD-00266,16/08/2026 05:26,WhatsApp,EMP-03,PV-011,HÉCTOR ARIAS GIRALDO,313 998 0101,hector.arias78@outlook.com,Bogota DC,Suzuki  V-Strom 250,En proceso,08/16/2026 09:26,,hector arias giraldo,573139980101,hector.arias78@outlook.com,bogota dc,whatsapp,en proceso,2026-08-16 05:26:00,2026-08-16 09:26:00,suzuki v-strom 250,266,SKU-015,100.0,fuzzy,phone:573139980101,1770f08d-e885-5a42-8448-2d2fa561559a,False,,1.0,,21900000.0,,,,,False,False
LD-00267,2026-08-26T07:02:00,Formulario Web,EMP-02,PV-010,  Erika Cardona Cardona  ,320-280-4558,erika.cardona4@hotmail.com,Montería,hero xpulse 200,No contesta,08/28/2026 07:02,Remate Modelos 2025,erika cardona cardona,573202804558,erika.cardona4@hotmail.com,monteria,formulario web,no contesta,2026-08-26 07:02:00,2026-08-28 07:02:00,hero xpulse 200,267,SKU-023,100.0,fuzzy,phone:573202804558,60ac6371-f5d9-57aa-a0d1-706490efbcd8,False,,1.0,,14990000.0,,,,,False,False
LD-00268,15/08/2026 01:07,Meta Ads,EMP-03,PV-012,JUAN CARLOS OSORIO RESTREPO,312-843-3832,,Bogotá D.C.,CB 190R,Descartado,2026-08-16 07:07:00,Agosto Cero Cuotas,juan carlos osorio restrepo,573128433832,,bogota,meta ads,descartado,2026-08-15 01:07:00,2026-08-16 07:07:00,cb 190r,268,SKU-003,100.0,exact,phone:573128433832,4e2c0935-fed2-5e30-9c40-c383aea86a1a,False,,1.0,,13990000.0,,,,,False,False
LD-00269,14-08-2026,Formulario Web,EMP-01,PV-005,N. Pérez Gómez,+57 301 5300496,natalia.perez39@outlook.com,Medellín,Hero Dash 110 2026,Contactado,2026-08-15 08:12:00,Remate Modelos 2025,n. perez gomez,573015300496,natalia.perez39@outlook.com,medellin,formulario web,contactado,2026-08-14 00:00:00,2026-08-15 08:12:00,hero dash 110 2026,269,SKU-024,100.0,fuzzy,phone:573015300496,0d770152-3be8-5489-91cd-486aaca96c35,True,0d770152-3be8-5489-91cd-486aaca96c35,1.0,same_phone_or_email,6290000.0,,credito,,soat,False,False
LD-00270,08-08-2026,WhatsApp,EMP-03,PV-014,Luisa Castaño Quintero, 3145560697 ,luisa.castano21@yahoo.es,Bogotá D.C.,Suzuki GN,Sin gestión,,Retoma tu moto,luisa castano quintero,573145560697,luisa.castano21@yahoo.es,bogota,whatsapp,sin gestion,2026-08-08 00:00:00,,suzuki gn,270,,50.0,unmatched,phone:573145560697,d2dd4f7c-d784-5ae7-bee7-4da812d76486,False,,1.0,,,,,,,False,False
LD-00271,2026-08-20 18:16:00,Formulario Web,EMP-01,PV-001,  Diana Carolina Betancur Valencia  ,(316) 417-2845,diana.betancur3@gmail.com,medellin,Gixxer 150,En proceso,,Agosto Cero Cuotas,diana carolina betancur valencia,573164172845,diana.betancur3@gmail.com,medellin,formulario web,en proceso,2026-08-20 18:16:00,,gixxer 150,271,SKU-014,100.0,exact,phone:573164172845,3399b347-13aa-5c81-8831-976202f7b2aa,False,,1.0,,11990000.0,,,,,False,False
LD-00272,09/08/2026 02:42,Meta Ads,EMP-02,PV-010,Freddy Zapata Valencia,573211588905,,Montería,Suzuki,Contactado,09-08-2026,Remate Modelos 2025,freddy zapata valencia,573211588905,,monteria,meta ads,contactado,2026-08-09 02:42:00,2026-08-09 00:00:00,suzuki,272,,26.66666666666667,unmatched,phone:573211588905,4958fecc-f64d-5d69-9207-e9ecc34cf30a,False,,1.0,,,,credito,,soat,False,False
LD-00273,2026-08-20 09:18:00,WhatsApp,EMP-01,PV-001,Leidy Johana Herrera Ramírez,3500942394,leidy.herrera95@outlook.com,MEDELLIN,suzuki gn 125,Contactado,20/08/2026 13:18,,leidy johana herrera ramirez,573500942394,leidy.herrera95@outlook.com,medellin,whatsapp,contactado,2026-08-20 09:18:00,2026-08-20 13:18:00,suzuki gn 125,273,SKU-013,100.0,fuzzy,phone:573500942394,f38096b2-3348-51c1-ae9e-06b04d37e6b6,True,f38096b2-3348-51c1-ae9e-06b04d37e6b6,1.0,same_phone_or_email,7490000.0,24900000.0,credito,,cuota,False,True
LD-00274,2026-08-29 01:46:00,Meta Ads,EMP-01,PV-003,Freddy Franco Pérez,315 795 9796,freddy.franco91@outlook.com,Bello,V-Strom 250,Contactado,2026-08-29T07:46:00,Prima Extra,freddy franco perez,573157959796,freddy.franco91@outlook.com,bello,meta ads,contactado,2026-08-29 01:46:00,2026-08-29 07:46:00,v-strom 250,274,SKU-015,100.0,exact,phone:573157959796,73746d9c-7bab-554f-a768-cf2ea22455e6,False,,1.0,,21900000.0,,,,,False,False
LD-00275,2026-08-18 11:49:00,WhatsApp,EMP-01,PV-002,  Paula Andrea Pérez Betancur  , 3050348840 ,paula.perez92@outlook.com,Itagüí,Bajaj Pulsar NS 125,Sin gestión,,Prima Extra,paula andrea perez betancur,573050348840,paula.perez92@outlook.com,itagui,whatsapp,sin gestion,2026-08-18 11:49:00,,bajaj pulsar ns 125,275,SKU-008,100.0,fuzzy,phone:573050348840,6a3a9005-5124-5572-b138-9980d78e2c77,False,,1.0,,8990000.0,,,,,False,False
LD-00276,2026-08-01T17:16:00,Meta Ads,EMP-01,PV-005,  Duván Quintero Restrepo  ,301 688 9392,duvan.quintero31@gmail.com,Medellín ,Bajaj Boxer CT 100,Sin gestión,,,duvan quintero restrepo,573016889392,duvan.quintero31@gmail.com,medellin,meta ads,sin gestion,2026-08-01 17:16:00,,bajaj boxer ct 100,276,SKU-007,100.0,fuzzy,phone:573016889392,ad827a2b-9636-5223-b7ef-8dedb4b03a74,False,,1.0,,5790000.0,7490000.0,credito,,cuota,False,True
LD-00277,2026-08-27 14:11:00,WhatsApp,EMP-01,PV-001,DIANA CAROLINA OSORIO BETANCUR,350 281 2875,,Medellin,Suzuki Best,Contactado,08/28/2026 02:11,,diana carolina osorio betancur,573502812875,,medellin,whatsapp,contactado,2026-08-27 14:11:00,2026-08-28 02:11:00,suzuki best,277,,66.66666666666666,unmatched,phone:573502812875,b6205975-db5f-58ed-a3d2-6bbb96c01dfb,False,,1.0,,,13990000.0,credito,,soat,True,False
LD-00278,2026-08-26 14:19:00,Meta Ads,EMP-01,PV-005,Diana Carolina Jiménez Ramírez,3011964371,diana.jimenez91@outlook.com,MEDELLIN,Heroo Xpulse 200,Contactado,08/27/2026 02:19,,diana carolina jimenez ramirez,573011964371,diana.jimenez91@outlook.com,medellin,meta ads,contactado,2026-08-26 14:19:00,2026-08-27 02:19:00,heroo xpulse 200,278,SKU-023,100.0,fuzzy,phone:573011964371,6fa8b3f5-c08a-543a-b794-1a1ecc128401,False,,1.0,,14990000.0,,credito,,soat,False,False
LD-00279,2026-08-09 16:39:00,WHATSAPP,EMP-02,PV-007,JULIÁN OSPINA HERNÁNDEZ,3105208211,julian.ospina42@outlook.com,Soledad,Honda CB 190R 2026,Contactado,2026-08-09T20:39:00,Feria de Motos 2026,julian ospina hernandez,573105208211,julian.ospina42@outlook.com,soledad,whatsapp,contactado,2026-08-09 16:39:00,2026-08-09 20:39:00,honda cb 190r 2026,279,SKU-003,100.0,fuzzy,phone:573105208211,aff9fc0d-2a28-55eb-8004-dc072dc72a14,True,aff9fc0d-2a28-55eb-8004-dc072dc72a14,1.0,same_phone_or_email,13990000.0,5590000.0,credito,media,soat,False,False
LD-00280,06/09/2026 06:10,FORMULARIO WEB,EMP-03,PV-011,Liliana Rodríguez Bedoya,315 780 3802,liliana.rodriguez12@hotmail.com,Bogotá,Bajaj Boxer CT 100,Cotización enviada,2026-09-07 06:10:00,,liliana rodriguez bedoya,573157803802,liliana.rodriguez12@hotmail.com,bogota,formulario web,cotizacion enviada,2026-09-06 06:10:00,2026-09-07 06:10:00,bajaj boxer ct 100,280,SKU-007,100.0,fuzzy,phone:573157803802,aa7610a9-0839-514d-84da-805af4ad2d81,False,,1.0,,5790000.0,13990000.0,credito,media,soat,False,False
LD-00281,26-08-2026,WhatsApp,EMP-03,PV-011,Óscar David Bedoya Herrera, 3107716253 ,oscar.bedoya53@hotmail.com,Bogotá,Honda  CB 190R,Sin gestión,,Retoma tu moto,oscar david bedoya herrera,573107716253,oscar.bedoya53@hotmail.com,bogota,whatsapp,sin gestion,2026-08-26 00:00:00,,honda cb 190r,281,SKU-003,100.0,fuzzy,phone:573107716253,1a815e49-2038-548a-ba36-3fdcb937d85f,False,,1.0,,13990000.0,,credito,media,soat,False,False
LD-00282,2026-09-04 01:29:00,WhatsApp,EMP-03,PV-013,Juan Carlos Osorio Mosquera,+57 302 2081077,juan.osorio8@gmail.com,BOGOTA,honda dio 110,Sin gestión,,,juan carlos osorio mosquera,573022081077,juan.osorio8@gmail.com,bogota,whatsapp,sin gestion,2026-09-04 01:29:00,,honda dio 110,282,SKU-005,100.0,fuzzy,phone:573022081077,5fab5add-7a76-5151-9373-b20c10ac4960,True,5fab5add-7a76-5151-9373-b20c10ac4960,1.0,same_phone_or_email,6890000.0,,,,,False,False
LD-00283,19-08-2026,whatsapp,EMP-01,PV-005,PAULA ANDREA LONDOÑO GIRALDO,3143782648,,Medellin,Dominar 400,Contactado,20/08/2026 08:31,,paula andrea londono giraldo,573143782648,,medellin,whatsapp,contactado,2026-08-19 00:00:00,2026-08-20 08:31:00,dominar 400,283,SKU-011,100.0,exact,phone:573143782648,0a416ffc-7531-5231-884f-b99ff493ce5c,False,,1.0,,24900000.0,,,,,False,False
LD-00284,08/31/2026 08:00,WhatsApp,EMP-03,PV-014,WILMAR CASTAÑO RODRÍGUEZ,3104824081,wilmar.castano52@outlook.com,Bogotá D.C.,,contactado,2026-09-04 08:00:00,,wilmar castano rodriguez,573104824081,wilmar.castano52@outlook.com,bogota,whatsapp,contactado,2026-08-31 08:00:00,2026-09-04 08:00:00,,284,,0.0,none,phone:573104824081,48cdff1f-f482-5bd7-a100-6374a7f2e1fa,True,48cdff1f-f482-5bd7-a100-6374a7f2e1fa,1.0,same_phone_or_email,,,,,,False,False
LD-00285,2026-08-10 02:50:00,Meta Ads,EMP-02,PV-006,  Héctor Gómez Marín  ,311 696 8996,hector.gomez43@outlook.com,B/quilla,Honda XRE 300,Sin gestión,,Prima Extra,hector gomez marin,573116968996,hector.gomez43@outlook.com,b/quilla,meta ads,sin gestion,2026-08-10 02:50:00,,honda xre 300,285,SKU-006,100.0,fuzzy,phone:573116968996,07d32486-e58a-593c-bbc2-c37011764159,False,,1.0,,22900000.0,,credito,,soat,False,False
LD-00286,08/03/2026 19:45,Formulario Web,EMP-02,PV-010,Yesenia Vargas Valencia, 3507508335 ,yesenia.vargas50@outlook.com,MONTERIA,Suzuki Gixxer 150 2026,SIN GESTION,,Agosto Cero Cuotas,yesenia vargas valencia,573507508335,yesenia.vargas50@outlook.com,monteria,formulario web,sin gestion,2026-03-08 19:45:00,,suzuki gixxer 150 2026,286,SKU-014,100.0,fuzzy,phone:573507508335,11cbedb1-34d9-5b18-809b-8b7e74cddceb,False,,1.0,,11990000.0,7490000.0,credito,,cuota,False,True
LD-00287,2026-08-22 06:06:00,Formulario Web,EMP-03,PV-013,Luz Marina Londoño Londoño,3229803859,,Bogotá D.C.,Suzuki,En proceso,23-08-2026,Prima Extra,luz marina londono londono,573229803859,,bogota,formulario web,en proceso,2026-08-22 06:06:00,2026-08-23 00:00:00,suzuki,287,,26.66666666666667,unmatched,phone:573229803859,8618c689-31e0-5766-bb3e-05bcb078273e,False,,1.0,,,,credito,,soat,False,False
LD-00288,2026-08-17 19:32:00,WhatsApp,EMP-02,PV-006,Erika Gómez Castaño,(314) 664-6339,erika.gomez67@gmail.com,,Honda Dio 110,En proceso,2026-08-19T01:32:00,Remate Modelos 2025,erika gomez castano,573146646339,erika.gomez67@gmail.com,,whatsapp,en proceso,2026-08-17 19:32:00,2026-08-19 01:32:00,honda dio 110,288,SKU-005,100.0,fuzzy,phone:573146646339,943c6ad7-1e9a-5a53-adee-48e5c215f0dc,False,,1.0,,6890000.0,8990000.0,credito,,soat,False,False
LD-00289,30/08/2026 10:44,WhatsApp,EMP-01,PV-005,ALEXANDER CORREA VALENCIA,350 549 7425,,Medellín ,AKT  Dynamic R3 125,Sin gestión,,Prima Extra,alexander correa valencia,573505497425,,medellin,whatsapp,sin gestion,2026-08-30 10:44:00,,akt dynamic r3 125,289,SKU-018,100.0,fuzzy,phone:573505497425,23b223b2-7624-5e41-85dd-8e10f5bf3daf,False,,1.0,,5590000.0,,,,,False,False
LD-00290,2026-08-13T19:06:00,WhatsApp,EMP-03,PV-014,Jorge Iván Valencia Restrepo,3001777144,jorge.valencia27@hotmail.com,BOGOTA,akt ttr 200,Descartado,08/17/2026 19:06,,jorge ivan valencia restrepo,573001777144,jorge.valencia27@hotmail.com,bogota,whatsapp,descartado,2026-08-13 19:06:00,2026-08-17 19:06:00,akt ttr 200,290,SKU-019,100.0,fuzzy,phone:573001777144,0c52ccd9-5a31-5a12-a2c1-11e4b63578d4,False,,1.0,,9890000.0,,,,,False,False
LD-00291,2026-08-03 17:18:00,Formulario Web,EMP-01,PV-004,ÉDINSON MARÍN RESTREPO,+57 304 1010117,edinson.marin37@gmail.com,Rio Negro,bajaj pulsar rs 200,contactado,2026-08-04T05:18:00,,edinson marin restrepo,573041010117,edinson.marin37@gmail.com,rio negro,formulario web,contactado,2026-08-03 17:18:00,2026-08-04 05:18:00,bajaj pulsar rs 200,291,SKU-010,100.0,fuzzy,phone:573041010117,9c40e916-342c-54ca-9e2c-298d0c3148a4,False,,1.0,,15490000.0,6290000.0,credito,,cuota,False,True
LD-00292,2026-08-27 14:44:00,FORMULARIO WEB,EMP-01,PV-002,Sandra Milena Salazar Restrepo,+57 314 4567955,sandra.salazar65@gmail.com,ITAGUI,Heroo Dash 110,No contesta,27-08-2026,Retoma tu moto,sandra milena salazar restrepo,573144567955,sandra.salazar65@gmail.com,itagui,formulario web,no contesta,2026-08-27 14:44:00,2026-08-27 00:00:00,heroo dash 110,292,SKU-024,100.0,fuzzy,phone:573144567955,d26371ab-9e26-56d1-be1a-ee1d04d4e71b,False,,1.0,,6290000.0,,,,,False,False
LD-00293,05-08-2026,WhatsApp,EMP-02,PV-006,JUAN CARLOS GÓMEZ CASTAÑO,3223188528,,BARRANQUILLA,BAJAJ DOMINAR 400,Contactado,08/05/2026 23:47,Prima Extra,juan carlos gomez castano,573223188528,,barranquilla,whatsapp,contactado,2026-08-05 00:00:00,2026-05-08 23:47:00,bajaj dominar 400,293,SKU-011,100.0,fuzzy,phone:573223188528,9d989bc3-a4d5-543f-ba4a-a5e70af396b2,False,,1.0,,24900000.0,11990000.0,credito,,soat,False,False
LD-00294,08/07/2026 20:31,Meta Ads,EMP-01,PV-001,Estefanía Castaño,320 895 0842,estefania.castano97@outlook.com,Medellín,Hero Dash 110,Contactado,2026-08-07 21:31:00,Prima Extra,estefania castano,573208950842,estefania.castano97@outlook.com,medellin,meta ads,contactado,2026-07-08 20:31:00,2026-08-07 21:31:00,hero dash 110,294,SKU-024,100.0,fuzzy,phone:573208950842,4290bddf-eea2-5e24-9b6c-26851b0233c6,True,4290bddf-eea2-5e24-9b6c-26851b0233c6,1.0,same_phone_or_email,6290000.0,,,,,False,False
LD-00295,08/09/2026 06:24,WhatsApp,EMP-03,PV-011,  Jhon Jairo Marín Hernández  ,301 432 8288,jhon.marin74@yahoo.es,Bogotá,Bajaj Pulsar NS 160,En proceso,09/08/2026 12:24,Retoma tu moto,jhon jairo marin hernandez,573014328288,jhon.marin74@yahoo.es,bogota,whatsapp,en proceso,2026-09-08 06:24:00,2026-08-09 12:24:00,bajaj pulsar ns 160,295,SKU-009,100.0,fuzzy,phone:573014328288,7d33451d-26be-520e-90aa-6648159b5423,False,,1.0,,11290000.0,10490000.0,credito,media,cuota,False,True
LD-00296,18-08-2026,WhatsApp,EMP-03,PV-014,  Erika Ospina Gómez  , 3200622804 ,,Bogotá D.C.,Hero  Eco Deluxe 100,No contesta,19/08/2026 05:52,Feria de Motos 2026,erika ospina gomez,573200622804,,bogota,whatsapp,no contesta,2026-08-18 00:00:00,2026-08-19 05:52:00,hero eco deluxe 100,296,SKU-021,100.0,fuzzy,phone:573200622804,6b96504f-3c77-5e94-b287-a7e9b2d0dfb1,False,,1.0,,4990000.0,,,,,False,False
LD-00297,26/08/2026 19:21,WhatsApp,EMP-03,PV-014,CLAUDIA PATRICIA MARÍN OSPINA,3114989566,claudia.marin97@outlook.com,BOGOTA,suzuki gixxer 150,contactado,2026-08-26 20:21:00,,claudia patricia marin ospina,573114989566,claudia.marin97@outlook.com,bogota,whatsapp,contactado,2026-08-26 19:21:00,2026-08-26 20:21:00,suzuki gixxer 150,297,SKU-014,100.0,fuzzy,phone:573114989566,da509d43-3b8c-5da5-a5a6-c5e29f3d6b64,False,,1.0,,11990000.0,,,,,False,False
LD-00298,2026-09-08T10:53:00,FORMULARIO WEB,EMP-03,PV-012,Sebastián Arias Gómez,313-034-7353,,Bogotá D.C.,HERO XPULSE 200,Cotización enviada,11/09/2026 10:53,Retoma tu moto,sebastian arias gomez,573130347353,,bogota,formulario web,cotizacion enviada,2026-09-08 10:53:00,2026-09-11 10:53:00,hero xpulse 200,298,SKU-023,100.0,fuzzy,phone:573130347353,c9e91cc9-569c-52a2-8964-3fb93a0a9c89,False,,1.0,,14990000.0,,,,,False,False
LD-00299,2026-08-27 09:06:00,formulario web,EMP-02,PV-009,Héctor Ramírez Restrepo,3014791258,,Sta Marta,HONDA CB 125F TWISTER,Descartado,27/08/2026 13:06,Prima Extra,hector ramirez restrepo,573014791258,,santa marta,formulario web,descartado,2026-08-27 09:06:00,2026-08-27 13:06:00,honda cb 125f twister,299,SKU-001,100.0,fuzzy,phone:573014791258,9d036cae-fac1-5f95-a631-6a338cebc0ad,False,,1.0,,7990000.0,7490000.0,credito,,soat,False,False
LD-00300,2026-09-06 06:48:00,WhatsApp,EMP-02,PV-010,  Cristian Muñoz Londoño  ,573163060372,cristian.munoz31@outlook.com,MONTERIA,Honda Navi,Sin gestión,,Feria de Motos 2026,cristian munoz londono,573163060372,cristian.munoz31@outlook.com,monteria,whatsapp,sin gestion,2026-09-06 06:48:00,,honda navi,300,SKU-004,100.0,fuzzy,phone:573163060372,e81aee43-b06b-5dc4-9314-4e4cc3d7a064,False,,1.0,,7290000.0,,credito,media,precio,False,True
LD-00301,2026-08-11T20:30:00,WHATSAPP,EMP-03,PV-011,  Sandra Milena Torres Salazar  , 3000888148 ,,bogotá,AKT TTR 200,Descartado,08/12/2026 20:30,Feria de Motos 2026,sandra milena torres salazar,573000888148,,bogota,whatsapp,descartado,2026-08-11 20:30:00,2026-12-08 20:30:00,akt ttr 200,301,SKU-019,100.0,fuzzy,phone:573000888148,6d0ef8b9-84ec-590d-89f3-731f3f1df8a1,False,,1.0,,9890000.0,,,,,False,False
LD-00302,09/08/2026 12:37,WHATSAPP,EMP-02,PV-010,Luisa Ospina Marín,+57 351 5329917,luisa.ospina34@yahoo.es,Monteria,Honda Navi 2026,Sin gestión,,Prima Extra,luisa ospina marin,573515329917,luisa.ospina34@yahoo.es,monteria,whatsapp,sin gestion,2026-08-09 12:37:00,,honda navi 2026,302,SKU-004,100.0,fuzzy,phone:573515329917,b6c977cf-bd2a-5a8e-ab6d-5d65a1bbbcf2,True,b6c977cf-bd2a-5a8e-ab6d-5d65a1bbbcf2,1.0,same_phone_or_email,7290000.0,7190000.0,credito,,soat,False,False
LD-00303,02-09-2026,WhatsApp,EMP-03,PV-013,Vanessa Marín Valencia,(322) 901-9406,,,AKT Evo RS 150 2026,sin gestion,,Agosto Cero Cuotas,vanessa marin valencia,573229019406,,,whatsapp,sin gestion,2026-09-02 00:00:00,,akt evo rs 150 2026,303,SKU-020,100.0,fuzzy,phone:573229019406,8c4425ea-9030-5a5d-8909-33a4741e7794,False,,1.0,,7190000.0,,,,,False,False
LD-00304,11-08-2026,WhatsApp,EMP-03,PV-013,Adriana Agudelo Pérez,3155142977,,bogotá,Honda Navi,En proceso,2026-08-11T17:11:00,Feria de Motos 2026,adriana agudelo perez,573155142977,,bogota,whatsapp,en proceso,2026-08-11 00:00:00,2026-08-11 17:11:00,honda navi,304,SKU-004,100.0,fuzzy,phone:573155142977,a74ea7c1-4569-56c3-8976-5f118e932804,False,,1.0,,7290000.0,,credito,media,precio,False,True
LD-00305,2026-08-16 14:24:00,WhatsApp,EMP-01,PV-005,  Yesenia Cardona Jiménez  ,322 369 1818,yesenia.cardona7@outlook.com,Medellín,Bajaj Boxer CT 100,En proceso,2026-08-16 20:24:00,Remate Modelos 2025,yesenia cardona jimenez,573223691818,yesenia.cardona7@outlook.com,medellin,whatsapp,en proceso,2026-08-16 14:24:00,2026-08-16 20:24:00,bajaj boxer ct 100,305,SKU-007,100.0,fuzzy,phone:573223691818,2f9f4a53-3e90-56e9-8bba-c51d92e0ac71,False,,1.0,,5790000.0,,,,,False,False
LD-00306,2026-08-21 08:11:00,WhatsApp,EMP-01,PV-004,DIANA CAROLINA HERNÁNDEZ OSPINA,320-212-1419,,RIONEGRO,akt nkd 125,Contactado,2026-08-21T14:11:00,Remate Modelos 2025,diana carolina hernandez ospina,573202121419,,rionegro,whatsapp,contactado,2026-08-21 08:11:00,2026-08-21 14:11:00,akt nkd 125,306,SKU-017,100.0,fuzzy,phone:573202121419,d9145eb6-098f-5149-8e54-4cab754dc5fc,False,,1.0,,5290000.0,,credito,media,soat,False,False
LD-00307,07/09/2026 01:34,WhatsApp,EMP-01,PV-003,Adriana Torres Castaño,3516260514,adriana.torres77@yahoo.es,Bello,,Sin gestión,,Agosto Cero Cuotas,adriana torres castano,573516260514,adriana.torres77@yahoo.es,bello,whatsapp,sin gestion,2026-09-07 01:34:00,,,307,,0.0,none,phone:573516260514,470c29fc-0d18-5340-99e0-bb351ea47ab5,False,,1.0,,,,,,,False,False
LD-00308,2026-08-11 08:46:00,WhatsApp,EMP-02,PV-006,  María Fernanda Jiménez Franco  , 3213715574 ,,barranquilla,,Contactado,11/08/2026 10:46,Retoma tu moto,maria fernanda jimenez franco,573213715574,,barranquilla,whatsapp,contactado,2026-08-11 08:46:00,2026-08-11 10:46:00,,308,,0.0,none,phone:573213715574,2b94c5ba-b29e-52ee-9d44-96e79a3f8be7,True,2b94c5ba-b29e-52ee-9d44-96e79a3f8be7,1.0,same_phone_or_email,,,,,,False,False
LD-00309,31-08-2026,FORMULARIO WEB,EMP-02,PV-008,  Erika Escobar Escobar  ,310 562 8058,erika.escobar72@hotmail.com,CARTAGENA,Hero Eco Deluxe 100 2026,Contactado,09/03/2026 07:04,Feria de Motos 2026,erika escobar escobar,573105628058,erika.escobar72@hotmail.com,cartagena,formulario web,contactado,2026-08-31 00:00:00,2026-03-09 07:04:00,hero eco deluxe 100 2026,309,SKU-021,100.0,fuzzy,phone:573105628058,559deb23-8dc1-52fb-9ccc-8a6b4b53908d,False,,1.0,,4990000.0,,,,,False,False
LD-00310,2026-08-06 18:44:00,WHATSAPP,EMP-03,PV-014,  Yesenia Muñoz Jiménez  ,3130070563,yesenia.munoz62@gmail.com,Bogota,Bajaj Pulsar RS 200,Sin gestión,,Remate Modelos 2025,yesenia munoz jimenez,573130070563,yesenia.munoz62@gmail.com,bogota,whatsapp,sin gestion,2026-08-06 18:44:00,,bajaj pulsar rs 200,310,SKU-010,100.0,fuzzy,phone:573130070563,0c6e16e0-2ce8-5936-9fbf-bf05e4d5b28c,False,,1.0,,15490000.0,,,,,False,False
LD-00311,2026-08-06 11:32:00,WhatsApp,EMP-03,PV-015,Wilmar Castaño Salazar,3118536746,wilmar.castano83@gmail.com,SOACHA,BAJAJ PULSAR NS 160,Sin gestión,,,wilmar castano salazar,573118536746,wilmar.castano83@gmail.com,soacha,whatsapp,sin gestion,2026-08-06 11:32:00,,bajaj pulsar ns 160,311,SKU-009,100.0,fuzzy,phone:573118536746,6004ee53-1385-5d15-ac7c-a8472aae253c,False,,1.0,,11290000.0,,,,,False,False
LD-00312,15/08/2026 21:13,Meta Ads,EMP-03,PV-011,ANGIE PAOLA QUINTERO CORREA,3182740737,,BOGOTA,Hero Hunk 160R,En proceso,15/08/2026 23:13,Feria de Motos 2026,angie paola quintero correa,573182740737,,bogota,meta ads,en proceso,2026-08-15 21:13:00,2026-08-15 23:13:00,hero hunk 160r,312,SKU-022,100.0,fuzzy,phone:573182740737,27c1120d-7b95-55f2-ba70-21c3361a6277,False,,1.0,,10490000.0,,,,,False,False
LD-00313,20/08/2026 02:36,WhatsApp,EMP-02,PV-008,Édinson Hernández Cardona,321 878 6359,,,Honda XR 150L,En proceso,20-08-2026,,edinson hernandez cardona,573218786359,,,whatsapp,en proceso,2026-08-20 02:36:00,2026-08-20 00:00:00,honda xr 150l,313,SKU-002,100.0,fuzzy,phone:573218786359,625e67d3-00c1-571e-83f8-c481ec3cd464,False,,1.0,,11490000.0,8990000.0,credito,media,precio,False,True
LD-00314,2026-09-08 16:14:00,WhatsApp,EMP-01,PV-003,  Freddy Torres Marín  ,+57 321 6654659,,bello,HONDA XRE 300,No contesta,09/08/2026 18:14,,freddy torres marin,573216654659,,bello,whatsapp,no contesta,2026-09-08 16:14:00,2026-08-09 18:14:00,honda xre 300,314,SKU-006,100.0,fuzzy,phone:573216654659,4a198a34-79ed-5690-9d94-5d0bd2371802,False,,1.0,,22900000.0,21900000.0,credito,,cuota,False,True
LD-00315,16/08/2026 14:13,Meta Ads,EMP-03,PV-011,Jorge Iván Gómez Gómez,+57 300 2591506,jorge.gomez73@gmail.com,Bogotá D.C.,AKT Evo RS 150 2026,No contesta,08/16/2026 18:13,Feria de Motos 2026,jorge ivan gomez gomez,573002591506,jorge.gomez73@gmail.com,bogota,meta ads,no contesta,2026-08-16 14:13:00,2026-08-16 18:13:00,akt evo rs 150 2026,315,SKU-020,100.0,fuzzy,phone:573002591506,bd0beec3-494a-5253-9fc9-25c36cb383c6,False,,1.0,,7190000.0,,credito,media,soat,False,False
LD-00316,02/09/2026 11:37,WhatsApp,EMP-01,PV-002,Erika Betancur Betancur,311 663 3821,,ITAGUI,AKT TTR 200,No contesta,02/09/2026 17:37,Agosto Cero Cuotas,erika betancur betancur,573116633821,,itagui,whatsapp,no contesta,2026-09-02 11:37:00,2026-09-02 17:37:00,akt ttr 200,316,SKU-019,100.0,fuzzy,phone:573116633821,c5e1261b-8d01-5385-a865-ead6f1906207,False,,1.0,,9890000.0,,,,,False,False
LD-00317,2026-08-24 22:09:00,WhatsApp,EMP-01,PV-003,  María Fernanda Restrepo Vargas  ,3118174418,,Bello,bajaj pulsar ns 160,Sin gestión,,Prima Extra,maria fernanda restrepo vargas,573118174418,,bello,whatsapp,sin gestion,2026-08-24 22:09:00,,bajaj pulsar ns 160,317,SKU-009,100.0,fuzzy,phone:573118174418,be15fc2b-e639-501d-a3ef-2564a96c2004,False,,1.0,,11290000.0,,credito,,soat,False,False
LD-00318,16/08/2026 20:23,Formulario Web,EMP-03,PV-014,Luisa Ospina,(351) 532-9917,luisa.ospina99@gmail.com,Bogota,bajaj pulsar rs 200,SIN GESTION,,,luisa ospina,573515329917,luisa.ospina99@gmail.com,bogota,formulario web,sin gestion,2026-08-16 20:23:00,,bajaj pulsar rs 200,318,SKU-010,100.0,fuzzy,phone:573515329917,b6c977cf-bd2a-5a8e-ab6d-5d65a1bbbcf2,True,b6c977cf-bd2a-5a8e-ab6d-5d65a1bbbcf2,1.0,same_phone_or_email,15490000.0,,,,,False,False
LD-00319,31-08-2026,Meta Ads,EMP-01,PV-001,alexander arias ospina,3022506559,alexander.arias99@outlook.com,Medellin,AKT  NKD 125,Cotización enviada,09/01/2026 09:48,Feria de Motos 2026,alexander arias ospina,573022506559,alexander.arias99@outlook.com,medellin,meta ads,cotizacion enviada,2026-08-31 00:00:00,2026-01-09 09:48:00,akt nkd 125,319,SKU-017,100.0,fuzzy,phone:573022506559,1331f883-d013-516a-b4f5-a662670e01a6,True,1331f883-d013-516a-b4f5-a662670e01a6,1.0,same_phone_or_email,5290000.0,,,,,False,False
LD-00320,31-08-2026,Meta Ads,EMP-03,PV-011,Marcela Torres Cardona,3127545180,,,Honda,Descartado,08/31/2026 17:47,,marcela torres cardona,573127545180,,,meta ads,descartado,2026-08-31 00:00:00,2026-08-31 17:47:00,honda,320,,44.44444444444444,unmatched,phone:573127545180,a4e3b59f-9003-5c21-a88e-14272d14c8a1,True,a4e3b59f-9003-5c21-a88e-14272d14c8a1,1.0,same_phone_or_email,,4990000.0,credito,,cuota,False,True
LD-00321,2026-08-16 13:15:00,WhatsApp,EMP-01,PV-005,  Héctor Jiménez Ospina  ,(323) 117-1868,hector.jimenez2@yahoo.es,Medellin,Suzuki V-Strom 250,SIN GESTION,,Prima Extra,hector jimenez ospina,573231171868,hector.jimenez2@yahoo.es,medellin,whatsapp,sin gestion,2026-08-16 13:15:00,,suzuki v-strom 250,321,SKU-015,100.0,fuzzy,phone:573231171868,cfa4692f-bb9b-512c-8dd1-cb20439eddf3,False,,1.0,,21900000.0,,,,,False,False
LD-00322,2026-09-07 12:29:00,WhatsApp,EMP-02,PV-010,Jhon Jairo Hernández Vargas, 3189664901 ,jhon.hernandez83@yahoo.es,Monteria,HONDA NAVI,Sin gestión,,Feria de Motos 2026,jhon jairo hernandez vargas,573189664901,jhon.hernandez83@yahoo.es,monteria,whatsapp,sin gestion,2026-09-07 12:29:00,,honda navi,322,SKU-004,100.0,fuzzy,phone:573189664901,50c47807-e859-54d2-b80e-bde1a5aa80ba,False,,1.0,,7290000.0,11990000.0,credito,,cuota,False,True
LD-00323,08/07/2026 01:08,Meta Ads,EMP-01,PV-002,JUAN CARLOS GIRALDO ARIAS,304 447 7918,,Itagüí,Bajaj  Discover 125,Descartado,08/08/2026 01:08,Feria de Motos 2026,juan carlos giraldo arias,573044477918,,itagui,meta ads,descartado,2026-07-08 01:08:00,2026-08-08 01:08:00,bajaj discover 125,323,SKU-012,100.0,fuzzy,phone:573044477918,cee6379a-f8cf-5485-91db-51405f1559ca,False,,1.0,,6990000.0,,,,,False,False
LD-00324,2026-08-18 14:27:00,Meta Ads,EMP-01,PV-002,Mónica Restrepo Herrera,313-485-9199,monica.restrepo36@yahoo.es,Itagüí,Bajaj Pulsar,Sin gestión,,Remate Modelos 2025,monica restrepo herrera,573134859199,monica.restrepo36@yahoo.es,itagui,meta ads,sin gestion,2026-08-18 14:27:00,,bajaj pulsar,324,,66.66666666666666,unmatched,phone:573134859199,1026d903-e69c-53b7-b598-055baaab078d,False,,1.0,,,,,,,False,False
LD-00325,2026-09-05 01:01:00,Formulario Web,EMP-01,PV-004,CARLOS MARIO VARGAS GIRALDO,(320) 031-9066,carlos.vargas95@hotmail.com,Rionegro,suzuki gixxer 150,Descartado,2026-09-05T07:01:00,Remate Modelos 2025,carlos mario vargas giraldo,573200319066,carlos.vargas95@hotmail.com,rionegro,formulario web,descartado,2026-09-05 01:01:00,2026-09-05 07:01:00,suzuki gixxer 150,325,SKU-014,100.0,fuzzy,phone:573200319066,d018ca7a-7e50-5be4-8550-34c5f8ec46e3,False,,1.0,,11990000.0,,,,,False,False
LD-00326,30-08-2026,WhatsApp,EMP-02,PV-009,KATHERINE ARIAS CARDONA,3133360466,,SANTA MARTA,NKD 125,Contactado,30-08-2026,Retoma tu moto,katherine arias cardona,573133360466,,santa marta,whatsapp,contactado,2026-08-30 00:00:00,2026-08-30 00:00:00,nkd 125,326,SKU-017,100.0,exact,phone:573133360466,e698431e-a0e5-5854-b20e-35508ea544c9,False,,1.0,,5290000.0,,,,,False,False
LD-00327,15-08-2026,WhatsApp,EMP-02,PV-010,Cristian Torres Franco,3018646069,,MONTERIA,Honda Navi,En proceso,18/08/2026 00:45,Remate Modelos 2025,cristian torres franco,573018646069,,monteria,whatsapp,en proceso,2026-08-15 00:00:00,2026-08-18 00:45:00,honda navi,327,SKU-004,100.0,fuzzy,phone:573018646069,4248767a-95e7-50b4-8ef8-d07ca22b6c41,False,,1.0,,7290000.0,,credito,media,soat,False,False
LD-00328,09-08-2026,WhatsApp,EMP-02,PV-007,MARÍA FERNANDA VALENCIA SALAZAR, 3161530381 ,maria.valencia12@hotmail.com,SOLEDAD,Suzuki Best 125,Cotización enviada,2026-08-13T20:53:00,,maria fernanda valencia salazar,573161530381,maria.valencia12@hotmail.com,soledad,whatsapp,cotizacion enviada,2026-08-09 00:00:00,2026-08-13 20:53:00,suzuki best 125,328,SKU-016,100.0,fuzzy,phone:573161530381,1a31aa6b-7d83-5a49-a5d5-77a0c65d0257,True,1a31aa6b-7d83-5a49-a5d5-77a0c65d0257,1.0,same_phone_or_email,6590000.0,13990000.0,credito,media,soat,True,False
LD-00329,08/30/2026 05:09,WhatsApp,EMP-02,PV-008,ERIKA HERRERA BETANCUR,(304) 702-5913,,Cartagena,Bajaj Boxer CT 100,En proceso,2026-08-30 06:09:00,Feria de Motos 2026,erika herrera betancur,573047025913,,cartagena,whatsapp,en proceso,2026-08-30 05:09:00,2026-08-30 06:09:00,bajaj boxer ct 100,329,SKU-007,100.0,fuzzy,phone:573047025913,7de17c4a-836c-5791-bd6f-7de981993b33,False,,1.0,,5790000.0,,,,,False,False
LD-00330,31/08/2026 21:27,Meta Ads,EMP-02,PV-009,Claudia Patricia Quintero Escobar,322 780 1936,claudia.quintero43@yahoo.es,SANTA MARTA,Honda,En proceso,02-09-2026,Agosto Cero Cuotas,claudia patricia quintero escobar,573227801936,claudia.quintero43@yahoo.es,santa marta,meta ads,en proceso,2026-08-31 21:27:00,2026-09-02 00:00:00,honda,330,,44.44444444444444,unmatched,phone:573227801936,3b24fa09-49f0-5bbd-8a66-11bbcb077228,True,3b24fa09-49f0-5bbd-8a66-11bbcb077228,1.0,same_phone_or_email,,11490000.0,credito,media,soat,False,False
LD-00331,21-08-2026,WhatsApp,EMP-02,PV-007,LILIANA CORREA JIMÉNEZ,3114997487,liliana.correa99@gmail.com,,Honda CB 190R,Sin gestión,,,liliana correa jimenez,573114997487,liliana.correa99@gmail.com,,whatsapp,sin gestion,2026-08-21 00:00:00,,honda cb 190r,331,SKU-003,100.0,fuzzy,phone:573114997487,ca15a0ab-1190-5420-90f5-1858db5efe45,False,,1.0,,13990000.0,,,,,False,False
LD-00332,2026-08-08 19:54:00,Meta Ads,EMP-01,PV-005,Paula Andrea Bedoya Torres,(300) 814-0096,paula.bedoya16@hotmail.com,MEDELLIN,Bajaj  Boxer CT 100,Contactado,08/08/2026 20:54,Prima Extra,paula andrea bedoya torres,573008140096,paula.bedoya16@hotmail.com,medellin,meta ads,contactado,2026-08-08 19:54:00,2026-08-08 20:54:00,bajaj boxer ct 100,332,SKU-007,100.0,fuzzy,phone:573008140096,ae258fd2-d751-557a-8217-77373f3af37c,False,,1.0,,5790000.0,9890000.0,credito,baja,precio,False,True
LD-00333,03-08-2026,WhatsApp,EMP-03,PV-012,  Luisa Betancur Bedoya  ,+57 310 8016216,luisa.betancur80@yahoo.es,bogotá,Honda Navi,Descartado,03/08/2026 21:51,Agosto Cero Cuotas,luisa betancur bedoya,573108016216,luisa.betancur80@yahoo.es,bogota,whatsapp,descartado,2026-08-03 00:00:00,2026-08-03 21:51:00,honda navi,333,SKU-004,100.0,fuzzy,phone:573108016216,1b49f561-581c-5e8e-9125-ad8edec57e59,True,1b49f561-581c-5e8e-9125-ad8edec57e59,1.0,same_phone_or_email,7290000.0,,credito,media,soat,True,False
LD-00334,08/24/2026 18:10,Meta Ads,EMP-01,PV-001,Duván Muñoz Zapata,314 777 6276,duvan.munoz87@outlook.com,MEDELLIN,Suzuki  GN 125,Cotización enviada,08/25/2026 18:10,Prima Extra,duvan munoz zapata,573147776276,duvan.munoz87@outlook.com,medellin,meta ads,cotizacion enviada,2026-08-24 18:10:00,2026-08-25 18:10:00,suzuki gn 125,334,SKU-013,100.0,fuzzy,phone:573147776276,37178514-2e4d-5629-863e-f898e2c7d0a0,False,,1.0,,7490000.0,9890000.0,credito,,cuota,False,True
LD-00335,2026-08-15T10:13:00,WhatsApp,EMP-02,PV-008,Carlos Mario Vargas Osorio,573024576013,carlos.vargas35@hotmail.com,,Suzuki V-Strom 250,En proceso,08/16/2026 16:13,Feria de Motos 2026,carlos mario vargas osorio,573024576013,carlos.vargas35@hotmail.com,,whatsapp,en proceso,2026-08-15 10:13:00,2026-08-16 16:13:00,suzuki v-strom 250,335,SKU-015,100.0,fuzzy,phone:573024576013,9a49394f-60b0-5c61-b9ad-b9c4d3d8e87a,False,,1.0,,21900000.0,,,,,False,False
LD-00336,10-08-2026,Meta Ads,EMP-03,PV-013,Édinson Cardona Ospina,3510976361,edinson.cardona34@yahoo.es,Bogotá,Boxer CT 100,Contactado,08/10/2026 21:44,Prima Extra,edinson cardona ospina,573510976361,edinson.cardona34@yahoo.es,bogota,meta ads,contactado,2026-08-10 00:00:00,2026-10-08 21:44:00,boxer ct 100,336,SKU-007,100.0,exact,phone:573510976361,4d326646-44a5-56cc-acab-708ebedadccc,True,4d326646-44a5-56cc-acab-708ebedadccc,1.0,same_phone_or_email,5790000.0,,credito,,soat,False,False
LD-00337,2026-08-06 22:05:00,Meta Ads,EMP-01,PV-001,Sandra Milena Zapata Agudelo,316-953-1666,sandra.zapata56@outlook.com,MEDELLIN,Honda Navi,Sin gestión,,Retoma tu moto,sandra milena zapata agudelo,573169531666,sandra.zapata56@outlook.com,medellin,meta ads,sin gestion,2026-08-06 22:05:00,,honda navi,337,SKU-004,100.0,fuzzy,phone:573169531666,c24ea010-0ac4-5640-bf36-4a6b7cbc1336,False,,1.0,,7290000.0,,,,,False,False
LD-00338,30-08-2026,WhatsApp,EMP-02,PV-008,Diana Carolina Betancur Arias,573115128422,,Cartagena de Indias,akt dynamic r3 125,En proceso,2026-08-30 22:13:00,Remate Modelos 2025,diana carolina betancur arias,573115128422,,cartagena de indias,whatsapp,en proceso,2026-08-30 00:00:00,2026-08-30 22:13:00,akt dynamic r3 125,338,SKU-018,100.0,fuzzy,phone:573115128422,f52e3ce7-96cc-5dd1-9c36-f2652d8e2e6d,False,,1.0,,5590000.0,,,,,False,False
LD-00339,25/08/2026 09:46,WhatsApp,EMP-03,PV-015,Leidy Johana Betancur Ospina,573055249210,,Soacha,AKT Evo RS 150 2026,Contactado,25-08-2026,Feria de Motos 2026,leidy johana betancur ospina,573055249210,,soacha,whatsapp,contactado,2026-08-25 09:46:00,2026-08-25 00:00:00,akt evo rs 150 2026,339,SKU-020,100.0,fuzzy,phone:573055249210,8a998821-5c3c-5aaf-8e97-0e6554aec7a0,False,,1.0,,7190000.0,,,,,False,False
LD-00340,08/22/2026 05:01,Formulario Web,EMP-03,PV-014,  Leidy Johana Restrepo Mosquera  , 3233602107 ,leidy.restrepo16@yahoo.es,Bogotá D.C.,Honda,Contactado,,Prima Extra,leidy johana restrepo mosquera,573233602107,leidy.restrepo16@yahoo.es,bogota,formulario web,contactado,2026-08-22 05:01:00,,honda,340,,44.44444444444444,unmatched,phone:573233602107,fb12022f-e33b-556b-b64e-a9e684f3ab44,False,,1.0,,,,,,,False,False
LD-00341,2026-08-01 12:24:00,Meta Ads,EMP-01,PV-001,Luz Marina Ramírez Torres,+57 320 2025515,luz.ramirez46@gmail.com,Medellin,bajaj dominar 400,No contesta,04/08/2026 12:24,Agosto Cero Cuotas,luz marina ramirez torres,573202025515,luz.ramirez46@gmail.com,medellin,meta ads,no contesta,2026-08-01 12:24:00,2026-08-04 12:24:00,bajaj dominar 400,341,SKU-011,100.0,fuzzy,phone:573202025515,3e2845d9-a0dc-595d-8cd1-78986e0259c6,False,,1.0,,24900000.0,,,,,False,False
LD-00342,2026-08-07 14:01:00,Formulario Web,EMP-01,PV-003,Juan Carlos Valencia Agudelo,3118247301,juan.valencia97@gmail.com,bello,Hero Dash 110,sin gestion,,Feria de Motos 2026,juan carlos valencia agudelo,573118247301,juan.valencia97@gmail.com,bello,formulario web,sin gestion,2026-08-07 14:01:00,,hero dash 110,342,SKU-024,100.0,fuzzy,phone:573118247301,dc7d111c-20ff-5d19-bcac-7de16bcb098f,False,,1.0,,6290000.0,,,,,False,False
LD-00343,2026-08-26 11:39:00,WhatsApp,EMP-01,PV-001,Brayan Mosquera Rodríguez,3001118516,,,Honda XR 150L,Sin gestión,,Agosto Cero Cuotas,brayan mosquera rodriguez,573001118516,,,whatsapp,sin gestion,2026-08-26 11:39:00,,honda xr 150l,343,SKU-002,100.0,fuzzy,phone:573001118516,56a18e21-53f2-5810-85b6-b1dc7cc366e6,False,,1.0,,11490000.0,,,,,False,False
LD-00344,26-08-2026,Formulario Web,EMP-01,PV-003,CRISTIAN RODRÍGUEZ BETANCUR,3113039843,,bello,AKT Evo,contactado,,,cristian rodriguez betancur,573113039843,,bello,formulario web,contactado,2026-08-26 00:00:00,,akt evo,344,,60.0,unmatched,phone:573113039843,67fb0d39-fb2f-505b-9316-dd0c841b17de,False,,1.0,,,,,,,False,False
LD-00345,2026-08-18 11:30:00,WhatsApp,EMP-01,PV-004,SEBASTIÁN BEDOYA VARGAS,+57 316 8835792,sebastian.bedoya29@yahoo.es,RIONEGRO,Honda XR,No contesta,2026-08-21T11:30:00,Retoma tu moto,sebastian bedoya vargas,573168835792,sebastian.bedoya29@yahoo.es,rionegro,whatsapp,no contesta,2026-08-18 11:30:00,2026-08-21 11:30:00,honda xr,345,,44.44444444444444,unmatched,phone:573168835792,c5585600-fabd-5734-99e0-b6dd9953a8d6,False,,1.0,,,11490000.0,credito,media,cuota,False,True
LD-00346,2026-08-28 15:41:00,WhatsApp,EMP-02,PV-010,Yesenia Betancur Osorio,351 046 5213,yesenia.betancur20@hotmail.com,Montería,Evo RS 150,Contactado,28-08-2026,Prima Extra,yesenia betancur osorio,573510465213,yesenia.betancur20@hotmail.com,monteria,whatsapp,contactado,2026-08-28 15:41:00,2026-08-28 00:00:00,evo rs 150,346,SKU-020,100.0,exact,phone:573510465213,62633252-c85f-5574-b26d-9e92fd3ed508,False,,1.0,,7190000.0,,,,,False,False
LD-00347,24/08/2026 21:27,WhatsApp,EMP-02,PV-007,Freddy Escobar Escobar,3160293423,freddy.escobar43@hotmail.com,SOLEDAD,honda cb 190r,no contesta,28-08-2026,Remate Modelos 2025,freddy escobar escobar,573160293423,freddy.escobar43@hotmail.com,soledad,whatsapp,no contesta,2026-08-24 21:27:00,2026-08-28 00:00:00,honda cb 190r,347,SKU-003,100.0,fuzzy,phone:573160293423,d0fa0b2d-f71c-53e7-adf8-458092f2c17a,False,,1.0,,13990000.0,,credito,media,precio,False,True
LD-00348,03/09/2026 21:31,WhatsApp,EMP-02,PV-006,BRAYAN HERRERA CASTAÑO,314 688 0812,brayan.herrera71@yahoo.es,BARRANQUILLA,Suzuki Best 125,Cotización enviada,09/07/2026 21:31,Agosto Cero Cuotas,brayan herrera castano,573146880812,brayan.herrera71@yahoo.es,barranquilla,whatsapp,cotizacion enviada,2026-09-03 21:31:00,2026-07-09 21:31:00,suzuki best 125,348,SKU-016,100.0,fuzzy,phone:573146880812,9801d9d4-31a9-5fa3-9a20-57983dd163cd,False,,1.0,,6590000.0,6990000.0,credito,,cuota,False,True
LD-00349,03-08-2026,WhatsApp,EMP-02,PV-009,Estefanía Agudelo Franco,3147616635,,Sta Marta,Bajaj Discover 125,En proceso,04-08-2026,Feria de Motos 2026,estefania agudelo franco,573147616635,,santa marta,whatsapp,en proceso,2026-08-03 00:00:00,2026-08-04 00:00:00,bajaj discover 125,349,SKU-012,100.0,fuzzy,phone:573147616635,9bca60ae-ed30-5087-b8f2-2c4599e39604,False,,1.0,,6990000.0,,,,,False,False
LD-00350,2026-08-18T21:03:00,WhatsApp,EMP-01,PV-004,JUAN CARLOS MOSQUERA OSORIO,+57 315 5627598,,Rionegro,Honda XRE 300,Sin gestión,,Feria de Motos 2026,juan carlos mosquera osorio,573155627598,,rionegro,whatsapp,sin gestion,2026-08-18 21:03:00,,honda xre 300,350,SKU-006,100.0,fuzzy,phone:573155627598,c1401096-ff2e-55b0-a34e-8573d77c3d03,False,,1.0,,22900000.0,,credito,,soat,False,False
LD-00351,01/09/2026 07:05,Formulario Web,EMP-02,PV-006,Édinson Londoño Ramírez,3226553269,edinson.londono67@yahoo.es,BARRANQUILLA,Heroo Hunk 160R,En proceso,09/02/2026 07:05,Remate Modelos 2025,edinson londono ramirez,573226553269,edinson.londono67@yahoo.es,barranquilla,formulario web,en proceso,2026-09-01 07:05:00,2026-02-09 07:05:00,heroo hunk 160r,351,SKU-022,100.0,fuzzy,phone:573226553269,b80ea87b-2991-5310-912f-6eecb4848a18,False,,1.0,,10490000.0,,credito,,soat,False,False
LD-00352,13-08-2026,WhatsApp,EMP-02,PV-010,Nelson Londoño Betancur,+57 313 3090538,,Montería,Hunk 160R,Cotización enviada,2026-08-14 00:18:00,Retoma tu moto,nelson londono betancur,573133090538,,monteria,whatsapp,cotizacion enviada,2026-08-13 00:00:00,2026-08-14 00:18:00,hunk 160r,352,SKU-022,100.0,exact,phone:573133090538,71669577-b393-5ce3-9861-3f33c58b56ef,False,,1.0,,10490000.0,,,,,False,False
LD-00353,2026-09-06 20:37:00,WhatsApp,EMP-01,PV-003,Julián Ospina Ospina,+57 318 2788064,julian.ospina30@gmail.com,bello,HONDA DIO 110,Descartado,09/10/2026 20:37,Remate Modelos 2025,julian ospina ospina,573182788064,julian.ospina30@gmail.com,bello,whatsapp,descartado,2026-09-06 20:37:00,2026-10-09 20:37:00,honda dio 110,353,SKU-005,100.0,fuzzy,phone:573182788064,ab2936eb-735f-5010-b955-5925b941090a,True,ab2936eb-735f-5010-b955-5925b941090a,1.0,same_phone_or_email,6890000.0,15490000.0,credito,,cuota,False,True
LD-00354,2026-08-20 19:15:00,WhatsApp,EMP-01,PV-005,Alexander Marín Agudelo,573013551763,,Medellin,Hero Eco Deluxe 100,contactado,2026-08-21T19:15:00,,alexander marin agudelo,573013551763,,medellin,whatsapp,contactado,2026-08-20 19:15:00,2026-08-21 19:15:00,hero eco deluxe 100,354,SKU-021,100.0,fuzzy,phone:573013551763,5fc14501-84ba-5365-97da-d01fd2cbb7b4,False,,1.0,,4990000.0,,credito,,soat,False,False
LD-00355,2026-09-07 14:22:00,WhatsApp,EMP-03,PV-015,Camilo Valencia Marín,3057039974,,SOACHA,AKT NKD 125,Contactado,2026-09-09T14:22:00,Prima Extra,camilo valencia marin,573057039974,,soacha,whatsapp,contactado,2026-09-07 14:22:00,2026-09-09 14:22:00,akt nkd 125,355,SKU-017,100.0,fuzzy,phone:573057039974,1bf4dd0e-5c3d-5d1c-9d31-68543bd14278,False,,1.0,,5290000.0,,,,,False,False
LD-00356,13/08/2026 15:19,whatsapp,EMP-01,PV-002,Alexander Correa Marín,+57 320 8682604,alexander.correa66@yahoo.es,ITAGUI,Honda CB 125F Twister,En proceso,,Prima Extra,alexander correa marin,573208682604,alexander.correa66@yahoo.es,itagui,whatsapp,en proceso,2026-08-13 15:19:00,,honda cb 125f twister,356,SKU-001,100.0,fuzzy,phone:573208682604,695903a6-1480-5d0f-9c52-e6e05305afb1,False,,1.0,,7990000.0,,credito,,soat,False,False
LD-00357,01/08/2026 20:05,WhatsApp,EMP-01,PV-001,Mónica Castaño Gómez, 3210703967 ,,medellin,XRE 300,Descartado,2026-08-02 08:05:00,Retoma tu moto,monica castano gomez,573210703967,,medellin,whatsapp,descartado,2026-08-01 20:05:00,2026-08-02 08:05:00,xre 300,357,SKU-006,100.0,exact,phone:573210703967,8ce758f5-f647-5695-b0e0-e29076baa9a0,False,,1.0,,22900000.0,21900000.0,credito,media,soat,False,False
LD-00358,2026-08-02T11:55:00,WhatsApp,EMP-03,PV-013,  Camilo Agudelo Giraldo  ,3008002528,camilo.agudelo46@outlook.com,Bogota,Best 125,contactado,08/02/2026 23:55,,camilo agudelo giraldo,573008002528,camilo.agudelo46@outlook.com,bogota,whatsapp,contactado,2026-08-02 11:55:00,2026-02-08 23:55:00,best 125,358,SKU-016,100.0,exact,phone:573008002528,0ef23187-639c-5b72-8831-9100fb3fd429,False,,1.0,,6590000.0,11290000.0,credito,,cuota,False,True
LD-00359,2026-09-09 15:39:00,WhatsApp,EMP-02,PV-010,Andrés Felipe Valencia Osorio,573005404385,andres.valencia80@hotmail.com,Montería,Hero Xpulse,Sin gestión,,Remate Modelos 2025,andres felipe valencia osorio,573005404385,andres.valencia80@hotmail.com,monteria,whatsapp,sin gestion,2026-09-09 15:39:00,,hero xpulse,359,,75.0,unmatched,phone:573005404385,e8486a57-fc11-55dc-ab80-64619fe6c848,False,,1.0,,,,,,,False,False
LD-00360,11-08-2026,Formulario Web,EMP-03,PV-014,  Jorge Iván Valencia Escobar  ,351-058-7736,,Bogotá D.C.,Bajaj Discover 125,Sin gestión,,,jorge ivan valencia escobar,573510587736,,bogota,formulario web,sin gestion,2026-08-11 00:00:00,,bajaj discover 125,360,SKU-012,100.0,fuzzy,phone:573510587736,300ffb87-19bd-5571-8b95-bf576789ff90,False,,1.0,,6990000.0,,,,,False,False
LD-00361,2026-08-11 09:18:00,WhatsApp,EMP-02,PV-008,Jorge Iván Castaño Mosquera,322 284 3429,,CARTAGENA,Honda Dio 110,Contactado,11/08/2026 13:18,Prima Extra,jorge ivan castano mosquera,573222843429,,cartagena,whatsapp,contactado,2026-08-11 09:18:00,2026-08-11 13:18:00,honda dio 110,361,SKU-005,100.0,fuzzy,phone:573222843429,70979681-d8f9-5a66-9402-82df0111a0a9,False,,1.0,,6890000.0,,,,,False,False
LD-00362,2026-09-06T15:45:00,whatsapp,EMP-01,PV-001,JORGE IVÁN RAMÍREZ ZAPATA,+57 320 3611733,jorge.ramirez37@hotmail.com,Medellín ,HERO HUNK 160R,Descartado,07-09-2026,Retoma tu moto,jorge ivan ramirez zapata,573203611733,jorge.ramirez37@hotmail.com,medellin,whatsapp,descartado,2026-09-06 15:45:00,2026-09-07 00:00:00,hero hunk 160r,362,SKU-022,100.0,fuzzy,phone:573203611733,1a97f0f6-fa9d-59f6-9ce7-a48d40b87a07,False,,1.0,,10490000.0,,,,,False,False
LD-00363,08/06/2026 02:36,WhatsApp,EMP-01,PV-005,Kevin Franco Londoño,3015940904,,Medellín ,AKT Evo RS 150 2026,SIN GESTION,,,kevin franco londono,573015940904,,medellin,whatsapp,sin gestion,2026-06-08 02:36:00,,akt evo rs 150 2026,363,SKU-020,100.0,fuzzy,phone:573015940904,23803591-a1dc-51f1-9587-789eb4430686,False,,1.0,,7190000.0,,,,,False,False
LD-00364,09-08-2026,WhatsApp,EMP-02,PV-006,Édinson Marín Pérez,3514600234,,B/quilla,Honda Navi,contactado,2026-08-11 19:12:00,Retoma tu moto,edinson marin perez,573514600234,,b/quilla,whatsapp,contactado,2026-08-09 00:00:00,2026-08-11 19:12:00,honda navi,364,SKU-004,100.0,fuzzy,phone:573514600234,7b0363c3-3a61-53b3-8a2b-5321c5be7b50,False,,1.0,,7290000.0,,,,,False,False
LD-00365,2026-08-19 21:03:00,WHATSAPP,EMP-02,PV-009,NELSON TORRES RESTREPO,3502322469,,Sta Marta,Honda Dio 110,Sin gestión,,,nelson torres restrepo,573502322469,,santa marta,whatsapp,sin gestion,2026-08-19 21:03:00,,honda dio 110,365,SKU-005,100.0,fuzzy,phone:573502322469,e208dc6e-3fdf-51a5-aabb-a058b84d3e87,False,,1.0,,6890000.0,,,,,False,False
LD-00366,2026-08-12 23:23:00,WhatsApp,EMP-03,PV-011,  Adriana Gómez Zapata  ,318 853 8202,adriana.gomez82@gmail.com,Bogotá D.C.,honda cb 125f twister,Sin gestión,,Agosto Cero Cuotas,adriana gomez zapata,573188538202,adriana.gomez82@gmail.com,bogota,whatsapp,sin gestion,2026-08-12 23:23:00,,honda cb 125f twister,366,SKU-001,100.0,fuzzy,phone:573188538202,16f78b42-b695-527d-9db7-e310d5c4d7ef,False,,1.0,,7990000.0,,,,,False,False
LD-00367,01/09/2026 17:47,WhatsApp,EMP-02,PV-009,Julián Valencia Salazar,573173622948,julian.valencia3@hotmail.com,SANTA MARTA,honda xr 150l,No contesta,,Retoma tu moto,julian valencia salazar,573173622948,julian.valencia3@hotmail.com,santa marta,whatsapp,no contesta,2026-09-01 17:47:00,,honda xr 150l,367,SKU-002,100.0,fuzzy,phone:573173622948,538cfdc7-2a19-5d1a-933f-0726ae850c02,True,538cfdc7-2a19-5d1a-933f-0726ae850c02,1.0,same_phone_or_email,11490000.0,,,,,False,False
LD-00368,2026-09-01 05:43:00,WhatsApp,EMP-03,PV-011,  Héctor Osorio Arias  ,3168515000,hector.osorio7@yahoo.es,BOGOTA,Suzuki Best 125,Cotización enviada,,Feria de Motos 2026,hector osorio arias,573168515000,hector.osorio7@yahoo.es,bogota,whatsapp,cotizacion enviada,2026-09-01 05:43:00,,suzuki best 125,368,SKU-016,100.0,fuzzy,phone:573168515000,1e382c59-377b-544f-a935-0d8c886051f2,False,,1.0,,6590000.0,,,,,False,False
LD-00369,16/08/2026 19:16,WHATSAPP,EMP-01,PV-003,Brayan Rodríguez Londoño,301-862-4412,,BELLO,honda xre 300,En proceso,2026-08-17T07:16:00,Retoma tu moto,brayan rodriguez londono,573018624412,,bello,whatsapp,en proceso,2026-08-16 19:16:00,2026-08-17 07:16:00,honda xre 300,369,SKU-006,100.0,fuzzy,phone:573018624412,802cfe4f-fe30-5578-8ce6-246ba9ffa8b0,False,,1.0,,22900000.0,,,,,False,False
LD-00370,19/08/2026 21:34,Meta Ads,EMP-02,PV-010,Jorge Iván Franco Betancur,573208431065,,Montería,AKT TTR 200,No contesta,2026-08-21T03:34:00,,jorge ivan franco betancur,573208431065,,monteria,meta ads,no contesta,2026-08-19 21:34:00,2026-08-21 03:34:00,akt ttr 200,370,SKU-019,100.0,fuzzy,phone:573208431065,85285426-c34d-596c-8ff9-901e7388ff74,False,,1.0,,9890000.0,,credito,,soat,False,False
LD-00371,2026-08-19 22:40:00,WhatsApp,EMP-02,PV-007,  Sebastián Arias Rodríguez  ,+57 321 2179162,,SOLEDAD,Suzuki Gixxer 150,Descartado,20-08-2026,,sebastian arias rodriguez,573212179162,,soledad,whatsapp,descartado,2026-08-19 22:40:00,2026-08-20 00:00:00,suzuki gixxer 150,371,SKU-014,100.0,fuzzy,phone:573212179162,8fb112e6-63bd-59ec-ad44-04afa59d5dd0,False,,1.0,,11990000.0,14990000.0,credito,,soat,False,False
LD-00372,05/09/2026 10:32,Meta Ads,EMP-03,PV-011,Diana Carolina Herrera Zapata,3210029464,diana.herrera80@outlook.com,Bogotá D.C.,Bajaj Boxer CT 100 2026,No contesta,05/09/2026 11:32,,diana carolina herrera zapata,573210029464,diana.herrera80@outlook.com,bogota,meta ads,no contesta,2026-09-05 10:32:00,2026-09-05 11:32:00,bajaj boxer ct 100 2026,372,SKU-007,100.0,fuzzy,phone:573210029464,49e9f492-a14b-51e6-86d2-dfa0223b8943,True,49e9f492-a14b-51e6-86d2-dfa0223b8943,1.0,same_phone_or_email,5790000.0,,,,,False,False
LD-00373,05/08/2026 12:13,Meta Ads,EMP-01,PV-003,Sandra Milena Ramírez Cardona,3168631999,,BELLO,akt ttr 200,No contesta,2026-08-09T12:13:00,,sandra milena ramirez cardona,573168631999,,bello,meta ads,no contesta,2026-08-05 12:13:00,2026-08-09 12:13:00,akt ttr 200,373,SKU-019,100.0,fuzzy,phone:573168631999,8d396558-73e1-58a2-b921-4f2a61173549,False,,1.0,,9890000.0,,,,,False,False
LD-00374,2026-09-09T20:29:00,WhatsApp,EMP-02,PV-006,Freddy Quintero Rodríguez,+57 314 5835991,freddy.quintero46@hotmail.com,B/quilla,Bajaj,No contesta,09/10/2026 14:29,,freddy quintero rodriguez,573145835991,freddy.quintero46@hotmail.com,b/quilla,whatsapp,no contesta,2026-09-09 20:29:00,2026-10-09 14:29:00,bajaj,374,,22.22222222222223,unmatched,phone:573145835991,7d17ee83-d219-5cc7-98f4-0ef64455a268,False,,1.0,,,,,,,False,False
LD-00375,04-09-2026,FORMULARIO WEB,EMP-02,PV-010,Édinson Jiménez Bedoya, 3138743714 ,,Montería,hero eco deluxe 100,no contesta,2026-09-06T10:31:00,Feria de Motos 2026,edinson jimenez bedoya,573138743714,,monteria,formulario web,no contesta,2026-09-04 00:00:00,2026-09-06 10:31:00,hero eco deluxe 100,375,SKU-021,100.0,fuzzy,phone:573138743714,4d72ac68-62ef-5d04-b3d1-f278673a4671,False,,1.0,,4990000.0,,,,,False,False
LD-00376,2026-08-14 06:04:00,Meta Ads,EMP-02,PV-007,Paula Andrea Restrepo Franco,+57 318 5416043,,Soledad,AKT DYNAMIC R3 125,No contesta,14-08-2026,Prima Extra,paula andrea restrepo franco,573185416043,,soledad,meta ads,no contesta,2026-08-14 06:04:00,2026-08-14 00:00:00,akt dynamic r3 125,376,SKU-018,100.0,fuzzy,phone:573185416043,9f5824a4-7ad3-5fd0-9cb8-e16ac962e851,False,,1.0,,5590000.0,11290000.0,credito,,soat,False,False
LD-00377,08/18/2026 16:53,WhatsApp,EMP-02,PV-010,Natalia Hernández Castaño,312 645 2558,,Monteria,Gixxer 150,no contesta,2026-08-22 16:53:00,Feria de Motos 2026,natalia hernandez castano,573126452558,,monteria,whatsapp,no contesta,2026-08-18 16:53:00,2026-08-22 16:53:00,gixxer 150,377,SKU-014,100.0,exact,phone:573126452558,5bbc46d3-5a82-5944-b07b-3637e848f152,True,5bbc46d3-5a82-5944-b07b-3637e848f152,1.0,same_phone_or_email,11990000.0,,,,,False,False
LD-00378,05/08/2026 08:49,formulario web,EMP-02,PV-008,Wilmar Muñoz Restrepo,(301) 920-1020,,CARTAGENA,Honda Navi,Contactado,06-08-2026,Feria de Motos 2026,wilmar munoz restrepo,573019201020,,cartagena,formulario web,contactado,2026-08-05 08:49:00,2026-08-06 00:00:00,honda navi,378,SKU-004,100.0,fuzzy,phone:573019201020,5cad33a3-65ff-5641-b889-c069d74c6db2,True,5cad33a3-65ff-5641-b889-c069d74c6db2,1.0,same_phone_or_email,7290000.0,,,,,False,False
LD-00379,09-09-2026,WhatsApp,EMP-02,PV-008,Vanessa Salazar Arias, 3047302732 ,vanessa.salazar28@hotmail.com,CARTAGENA,Bajaj Dominar 400,contactado,09/09/2026 21:05,,vanessa salazar arias,573047302732,vanessa.salazar28@hotmail.com,cartagena,whatsapp,contactado,2026-09-09 00:00:00,2026-09-09 21:05:00,bajaj dominar 400,379,SKU-011,100.0,fuzzy,phone:573047302732,3dc3920d-fcc4-5147-9fdc-68d14d86b02b,False,,1.0,,24900000.0,,credito,media,soat,True,False
LD-00380,2026-09-04 00:55:00,Formulario Web,EMP-01,PV-002,Natalia Pérez Osorio,(320) 934-8471,natalia.perez79@outlook.com,Itagui,Bajaj Pulsar NS 160,Descartado,04/09/2026 01:55,,natalia perez osorio,573209348471,natalia.perez79@outlook.com,itagui,formulario web,descartado,2026-09-04 00:55:00,2026-09-04 01:55:00,bajaj pulsar ns 160,380,SKU-009,100.0,fuzzy,phone:573209348471,cdf63680-d214-5100-8824-95e9eff9af45,False,,1.0,,11290000.0,,,,,False,False
LD-00381,2026-08-29T17:26:00,WhatsApp,EMP-03,PV-013,  Yuliana Torres Agudelo  ,+57 302 5279307,yuliana.torres63@hotmail.com,BOGOTA,AKT Dynamic R3 125 2026,contactado,2026-08-30 17:26:00,Remate Modelos 2025,yuliana torres agudelo,573025279307,yuliana.torres63@hotmail.com,bogota,whatsapp,contactado,2026-08-29 17:26:00,2026-08-30 17:26:00,akt dynamic r3 125 2026,381,SKU-018,100.0,fuzzy,phone:573025279307,23dbd22a-9548-5f2c-bf5f-413dfcc156a0,False,,1.0,,5590000.0,,,,,False,False
LD-00382,03/08/2026 18:46,WhatsApp,EMP-03,PV-011,  Andrés Felipe Giraldo Bedoya  , 3122598373 ,,Bogotá,AKT DYNAMIC R3 125,No contesta,2026-08-05 00:46:00,Agosto Cero Cuotas,andres felipe giraldo bedoya,573122598373,,bogota,whatsapp,no contesta,2026-08-03 18:46:00,2026-08-05 00:46:00,akt dynamic r3 125,382,SKU-018,100.0,fuzzy,phone:573122598373,fc81beea-171b-5a33-8ebd-a212386e64cf,True,fc81beea-171b-5a33-8ebd-a212386e64cf,1.0,same_phone_or_email,5590000.0,,,,,False,False
LD-00383,2026-09-10 01:35:00,Meta Ads,EMP-01,PV-001,  Alexander Muñoz Rodríguez  ,573023979701,,Medellin,Suzuki Best 125,En proceso,2026-09-14 01:35:00,,alexander munoz rodriguez,573023979701,,medellin,meta ads,en proceso,2026-09-10 01:35:00,2026-09-14 01:35:00,suzuki best 125,383,SKU-016,100.0,fuzzy,phone:573023979701,19e93018-c734-5f0d-b4cc-38d171df6aa1,False,,1.0,,6590000.0,4990000.0,credito,media,cuota,False,True
LD-00384,25/08/2026 18:38,WhatsApp,EMP-02,PV-010,  Édinson Muñoz Marín  ,+57 311 0017894,,Montería,Honda CB 125F Twister,Cotización enviada,26/08/2026 12:38,Feria de Motos 2026,edinson munoz marin,573110017894,,monteria,whatsapp,cotizacion enviada,2026-08-25 18:38:00,2026-08-26 12:38:00,honda cb 125f twister,384,SKU-001,100.0,fuzzy,phone:573110017894,c33e1f85-b0df-5448-b803-ae8a758dafa5,False,,1.0,,7990000.0,,credito,,soat,False,False
LD-00385,08/21/2026 08:27,WhatsApp,EMP-02,PV-008,María Fernanda Castaño Restrepo,300-256-4538,,CARTAGENA,Honda Navi,contactado,22-08-2026,Feria de Motos 2026,maria fernanda castano restrepo,573002564538,,cartagena,whatsapp,contactado,2026-08-21 08:27:00,2026-08-22 00:00:00,honda navi,385,SKU-004,100.0,fuzzy,phone:573002564538,38d9a461-3c82-504f-88ff-2adf63f4e0cb,False,,1.0,,7290000.0,11290000.0,credito,,cuota,False,True
LD-00386,26-08-2026,meta ads,EMP-02,PV-008,JORGE IVÁN JIMÉNEZ ESCOBAR,3053840898,,Cartagena de Indias,akt nkd 125,sin gestion,,Remate Modelos 2025,jorge ivan jimenez escobar,573053840898,,cartagena de indias,meta ads,sin gestion,2026-08-26 00:00:00,,akt nkd 125,386,SKU-017,100.0,fuzzy,phone:573053840898,e0347f8f-6a02-52e0-8cca-50d6b0853ba7,False,,1.0,,5290000.0,,,,,False,False
LD-00387,2026-08-22 08:25:00,WhatsApp,EMP-01,PV-002,  Carlos Mario Osorio Franco  ,3118844134,carlos.osorio7@yahoo.es,Itagui,bajaj pulsar ns 160,Sin gestión,,Prima Extra,carlos mario osorio franco,573118844134,carlos.osorio7@yahoo.es,itagui,whatsapp,sin gestion,2026-08-22 08:25:00,,bajaj pulsar ns 160,387,SKU-009,100.0,fuzzy,phone:573118844134,8e718899-9cd6-5dd3-b630-2459d3299e71,True,8e718899-9cd6-5dd3-b630-2459d3299e71,1.0,same_phone_or_email,11290000.0,,,,,False,False
LD-00388,2026-08-18 08:19:00,WhatsApp,EMP-02,PV-010,Mónica Marín,573053996446,monica.marin19@outlook.com,Monteria,Best 125,Descartado,19/08/2026 14:19,,monica marin,573053996446,monica.marin19@outlook.com,monteria,whatsapp,descartado,2026-08-18 08:19:00,2026-08-19 14:19:00,best 125,388,SKU-016,100.0,exact,phone:573053996446,ca0bc1fc-6f19-57ea-a9a8-267fbf30680a,True,ca0bc1fc-6f19-57ea-a9a8-267fbf30680a,1.0,same_phone_or_email,6590000.0,,,,,False,False
LD-00389,2026-08-27 11:54:00,Meta Ads,EMP-01,PV-001,Andrés Felipe Zapata Muñoz,301-498-6549,,MEDELLIN,Best 125,SIN GESTION,,,andres felipe zapata munoz,573014986549,,medellin,meta ads,sin gestion,2026-08-27 11:54:00,,best 125,389,SKU-016,100.0,exact,phone:573014986549,60461f64-2b39-51e2-837c-5e6632e00a8a,False,,1.0,,6590000.0,,,,,False,False
LD-00390,08/12/2026 21:56,WhatsApp,EMP-01,PV-003,Camilo Muñoz Jiménez,3209309096,,Bello,SUZUKI V-STROM 250,Contactado,08/15/2026 21:56,Remate Modelos 2025,camilo munoz jimenez,573209309096,,bello,whatsapp,contactado,2026-12-08 21:56:00,2026-08-15 21:56:00,suzuki v-strom 250,390,SKU-015,100.0,fuzzy,phone:573209309096,406d8b85-b5d3-59d1-bc76-d9fe11de4113,False,,1.0,,21900000.0,9890000.0,credito,media,soat,True,False
LD-00391,15/08/2026 20:33,WhatsApp,EMP-02,PV-007,MARÍA FERNANDA RODRÍGUEZ JIMÉNEZ,3052782446,maria.rodriguez93@yahoo.es,SOLEDAD,BAJAJ DISCOVER 125,sin gestion,,Feria de Motos 2026,maria fernanda rodriguez jimenez,573052782446,maria.rodriguez93@yahoo.es,soledad,whatsapp,sin gestion,2026-08-15 20:33:00,,bajaj discover 125,391,SKU-012,100.0,fuzzy,phone:573052782446,d7cf6a83-749f-544b-9cad-712af6e3b032,False,,1.0,,6990000.0,,,,,False,False
LD-00392,08/30/2026 00:06,Meta Ads,EMP-02,PV-006,Yuliana Arias Ramírez,318-920-6397,yuliana.arias87@hotmail.com,BARRANQUILLA,BAJAJ DISCOVER 125,En proceso,30/08/2026 01:06,,yuliana arias ramirez,573189206397,yuliana.arias87@hotmail.com,barranquilla,meta ads,en proceso,2026-08-30 00:06:00,2026-08-30 01:06:00,bajaj discover 125,392,SKU-012,100.0,fuzzy,phone:573189206397,da9b27a2-4fee-5765-9fb6-bb8a328171ba,False,,1.0,,6990000.0,7490000.0,credito,media,cuota,False,True
LD-00393,09/07/2026 02:27,WhatsApp,EMP-02,PV-007,Mónica Osorio Herrera,300-430-7766,,,Hero Dash,no contesta,07/09/2026 06:27,Feria de Motos 2026,monica osorio herrera,573004307766,,,whatsapp,no contesta,2026-07-09 02:27:00,2026-09-07 06:27:00,hero dash,393,,66.66666666666666,unmatched,phone:573004307766,810c07b0-5383-59ab-be0e-c1407475ffa2,False,,1.0,,,,,,,False,False
LD-00394,08-09-2026,WhatsApp,EMP-01,PV-003,Julián Ospina Hernández,+57 310 5208211,julian.ospina80@yahoo.es,Bello,hero dash 110,Contactado,09/08/2026 10:33,,julian ospina hernandez,573105208211,julian.ospina80@yahoo.es,bello,whatsapp,contactado,2026-09-08 00:00:00,2026-08-09 10:33:00,hero dash 110,394,SKU-024,100.0,fuzzy,phone:573105208211,aff9fc0d-2a28-55eb-8004-dc072dc72a14,True,aff9fc0d-2a28-55eb-8004-dc072dc72a14,1.0,same_phone_or_email,6290000.0,,,,,False,False
LD-00395,09/08/2026 06:33,WhatsApp,EMP-01,PV-001,LUISA HERRERA TORRES,311-086-3032,,Medellin,BAJAJ DOMINAR 400,Descartado,08/09/2026 12:33,,luisa herrera torres,573110863032,,medellin,whatsapp,descartado,2026-08-09 06:33:00,2026-09-08 12:33:00,bajaj dominar 400,395,SKU-011,100.0,fuzzy,phone:573110863032,d0511436-8d3d-5ae1-84a5-588402cf2b5b,False,,1.0,,24900000.0,,,,,False,False
LD-00396,17/08/2026 00:04,WhatsApp,EMP-02,PV-009,LUZ MARINA HERNÁNDEZ CARDONA,(300) 339-8162,luz.hernandez45@hotmail.com,Sta Marta,suzuki gixxer 150,Cotización enviada,2026-08-17 06:04:00,Agosto Cero Cuotas,luz marina hernandez cardona,573003398162,luz.hernandez45@hotmail.com,santa marta,whatsapp,cotizacion enviada,2026-08-17 00:04:00,2026-08-17 06:04:00,suzuki gixxer 150,396,SKU-014,100.0,fuzzy,phone:573003398162,790bffff-8143-59f3-9d39-a98c803e8a4d,False,,1.0,,11990000.0,,,,,False,False
LD-00397,29-08-2026,WhatsApp,EMP-01,PV-005,Luisa Gómez Marín,573003298513,luisa.gomez25@yahoo.es,MEDELLIN,Honda XRE 300,Sin gestión,,,luisa gomez marin,573003298513,luisa.gomez25@yahoo.es,medellin,whatsapp,sin gestion,2026-08-29 00:00:00,,honda xre 300,397,SKU-006,100.0,fuzzy,phone:573003298513,2be5e336-5026-50a4-ac82-1be1f8cfa7de,False,,1.0,,22900000.0,11490000.0,credito,media,cuota,False,True
LD-00398,28/08/2026 02:42,WhatsApp,EMP-02,PV-009,  Natalia Correa Salazar  ,310-309-9637,,Sta Marta,AKT DYNAMIC R3 125,Sin gestión,,Prima Extra,natalia correa salazar,573103099637,,santa marta,whatsapp,sin gestion,2026-08-28 02:42:00,,akt dynamic r3 125,398,SKU-018,100.0,fuzzy,phone:573103099637,8dc6e96b-a9e5-504b-8512-8dcbb49a0157,False,,1.0,,5590000.0,7190000.0,credito,,soat,False,False
LD-00399,27/08/2026 10:02,WhatsApp,EMP-03,PV-011,Yuliana Zapata Castaño,300 793 3777,yuliana.zapata77@yahoo.es,Bogota,Honda Dio 110,En proceso,2026-08-28 04:02:00,Prima Extra,yuliana zapata castano,573007933777,yuliana.zapata77@yahoo.es,bogota,whatsapp,en proceso,2026-08-27 10:02:00,2026-08-28 04:02:00,honda dio 110,399,SKU-005,100.0,fuzzy,phone:573007933777,74562834-874b-5649-87ce-912af5207199,False,,1.0,,6890000.0,,,,,False,False
LD-00400,2026-08-03T06:20:00,WhatsApp,EMP-03,PV-014,FABIÁN HERRERA ZAPATA,322 872 6244,fabian.herrera63@yahoo.es,Bogotá,CB 190R,Contactado,04-08-2026,Retoma tu moto,fabian herrera zapata,573228726244,fabian.herrera63@yahoo.es,bogota,whatsapp,contactado,2026-08-03 06:20:00,2026-08-04 00:00:00,cb 190r,400,SKU-003,100.0,exact,phone:573228726244,71ad2aea-221c-55a6-9522-2dcd7dfd54cf,False,,1.0,,13990000.0,,,,,False,False
LD-00401,2026-08-04T15:09:00,WhatsApp,EMP-02,PV-008,ESTEFANÍA AGUDELO GÓMEZ,3502826310,estefania.agudelo90@gmail.com,Cartagena de Indias,Honda Dio 110 2026,sin gestion,,Agosto Cero Cuotas,estefania agudelo gomez,573502826310,estefania.agudelo90@gmail.com,cartagena de indias,whatsapp,sin gestion,2026-08-04 15:09:00,,honda dio 110 2026,401,SKU-005,100.0,fuzzy,phone:573502826310,e9ef9ffa-b7f3-5d13-908f-95aa11a7a683,True,e9ef9ffa-b7f3-5d13-908f-95aa11a7a683,1.0,same_phone_or_email,6890000.0,,,,,False,False
LD-00402,2026-08-08 05:47:00,WhatsApp,EMP-02,PV-010,KATHERINE AGUDELO OSPINA,3213078870,,MONTERIA,Bajaj Dominar 400,En proceso,,Agosto Cero Cuotas,katherine agudelo ospina,573213078870,,monteria,whatsapp,en proceso,2026-08-08 05:47:00,,bajaj dominar 400,402,SKU-011,100.0,fuzzy,phone:573213078870,6ad1df42-d8d1-58ff-aaba-74ab9cf2e564,False,,1.0,,24900000.0,,,,,False,False
LD-00403,2026-08-22 17:36:00,whatsapp,EMP-03,PV-011,Jhon Jairo Ospina Giraldo,3157152225,,Bogotá,Bajai Dominar 400,No contesta,08/23/2026 11:36,,jhon jairo ospina giraldo,573157152225,,bogota,whatsapp,no contesta,2026-08-22 17:36:00,2026-08-23 11:36:00,bajai dominar 400,403,SKU-011,100.0,fuzzy,phone:573157152225,46e36844-22fe-543e-9a22-cc5c83d3413f,False,,1.0,,24900000.0,,,,,False,False
LD-00404,02-08-2026,WhatsApp,EMP-02,PV-008,Camilo Franco Giraldo, 3102401993 ,camilo.franco19@hotmail.com,Cartagena de Indias,Dio 110,En proceso,02/08/2026 12:28,Remate Modelos 2025,camilo franco giraldo,573102401993,camilo.franco19@hotmail.com,cartagena de indias,whatsapp,en proceso,2026-08-02 00:00:00,2026-08-02 12:28:00,dio 110,404,SKU-005,100.0,exact,phone:573102401993,64da35ff-fba2-54c1-8515-ff64722a5255,True,64da35ff-fba2-54c1-8515-ff64722a5255,1.0,same_phone_or_email,6890000.0,,,,,False,False
LD-00405,15/08/2026 09:39,WHATSAPP,EMP-01,PV-005,ÓSCAR DAVID BEDOYA LONDOÑO,(318) 618-4159,,Medellín,BAJAJ DOMINAR 400,En proceso,2026-08-15 21:39:00,Prima Extra,oscar david bedoya londono,573186184159,,medellin,whatsapp,en proceso,2026-08-15 09:39:00,2026-08-15 21:39:00,bajaj dominar 400,405,SKU-011,100.0,fuzzy,phone:573186184159,56d007c5-1792-57bf-9191-058d2fac8131,False,,1.0,,24900000.0,,,,,False,False
LD-00406,21/08/2026 23:21,Meta Ads,EMP-02,PV-009,Duván Restrepo Pérez,573176904176,,Santa Marta,Honda Navi 2026,Contactado,2026-08-22 05:21:00,Agosto Cero Cuotas,duvan restrepo perez,573176904176,,santa marta,meta ads,contactado,2026-08-21 23:21:00,2026-08-22 05:21:00,honda navi 2026,406,SKU-004,100.0,fuzzy,phone:573176904176,717160fb-d4b7-58bf-b39f-4037fc7634ac,False,,1.0,,7290000.0,,,,,False,False
LD-00407,05/09/2026 11:35,WhatsApp,EMP-02,PV-010,Vanessa Muñoz Vargas,3025507049,,Montería,Dynamic R3 125,Descartado,2026-09-05 12:35:00,Retoma tu moto,vanessa munoz vargas,573025507049,,monteria,whatsapp,descartado,2026-09-05 11:35:00,2026-09-05 12:35:00,dynamic r3 125,407,SKU-018,100.0,exact,phone:573025507049,c699c73d-03f1-5b39-ae41-86972b04c0af,False,,1.0,,5590000.0,,,,,False,False
LD-00408,14-08-2026,Meta Ads,EMP-02,PV-008,CARLOS MARIO JIMÉNEZ LONDOÑO,573500179332,carlos.jimenez38@hotmail.com,Cartagena,Gixxer 150,Sin gestión,,Feria de Motos 2026,carlos mario jimenez londono,573500179332,carlos.jimenez38@hotmail.com,cartagena,meta ads,sin gestion,2026-08-14 00:00:00,,gixxer 150,408,SKU-014,100.0,exact,phone:573500179332,7f444101-6efd-533c-89e4-fe3d9d3ac931,False,,1.0,,11990000.0,,,,,False,False
LD-00409,20-08-2026,Formulario Web,EMP-02,PV-009,Luz Marina Jiménez Herrera,+57 318 8520878,luz.jimenez1@outlook.com,Santa Marta,akt nkd 125,no contesta,2026-08-22T00:23:00,Remate Modelos 2025,luz marina jimenez herrera,573188520878,luz.jimenez1@outlook.com,santa marta,formulario web,no contesta,2026-08-20 00:00:00,2026-08-22 00:23:00,akt nkd 125,409,SKU-017,100.0,fuzzy,phone:573188520878,d8ec9083-afb1-5e02-9718-50bd14eb45e3,False,,1.0,,5290000.0,7190000.0,credito,,soat,False,True
LD-00410,08/28/2026 06:09,whatsapp,EMP-01,PV-002,  Marcela Jiménez Rodríguez  ,+57 320 8954042,,Itagui,Honda Dio 110 2026,sin gestion,,Prima Extra,marcela jimenez rodriguez,573208954042,,itagui,whatsapp,sin gestion,2026-08-28 06:09:00,,honda dio 110 2026,410,SKU-005,100.0,fuzzy,phone:573208954042,0bde4a67-d17c-5c31-b79f-1947dac2bece,False,,1.0,,6890000.0,,credito,,soat,False,False
LD-00411,27/08/2026 07:21,WhatsApp,EMP-01,PV-004,Camilo Restrepo Muñoz,3131698944,,RIONEGRO,V-Strom 250,En proceso,2026-08-27T08:21:00,Agosto Cero Cuotas,camilo restrepo munoz,573131698944,,rionegro,whatsapp,en proceso,2026-08-27 07:21:00,2026-08-27 08:21:00,v-strom 250,411,SKU-015,100.0,exact,phone:573131698944,21c8432e-19e1-5cc3-a34b-ea7ea9e9bfb4,True,21c8432e-19e1-5cc3-a34b-ea7ea9e9bfb4,1.0,same_phone_or_email,21900000.0,,credito,,soat,False,False
LD-00412,09/05/2026 03:27,WhatsApp,EMP-01,PV-001,DUVÁN ARIAS MOSQUERA,3185452495,duvan.arias59@gmail.com,Medellín,Honda Dio 110,Contactado,2026-09-05 15:27:00,Agosto Cero Cuotas,duvan arias mosquera,573185452495,duvan.arias59@gmail.com,medellin,whatsapp,contactado,2026-05-09 03:27:00,2026-09-05 15:27:00,honda dio 110,412,SKU-005,100.0,fuzzy,phone:573185452495,fdcdde6a-9b15-5097-a9e9-db4631fc7af2,True,fdcdde6a-9b15-5097-a9e9-db4631fc7af2,1.0,same_phone_or_email,6890000.0,,credito,media,soat,True,False
LD-00413,13-08-2026,WHATSAPP,EMP-01,PV-001,estefania mosquera osorio,3504523086,estefania.mosquera25@outlook.com,MEDELLIN,honda navi,No contesta,08/13/2026 07:59,,estefania mosquera osorio,573504523086,estefania.mosquera25@outlook.com,medellin,whatsapp,no contesta,2026-08-13 00:00:00,2026-08-13 07:59:00,honda navi,413,SKU-004,100.0,fuzzy,phone:573504523086,285572b4-6649-5f4e-b74d-0c6f3ac3af2e,True,285572b4-6649-5f4e-b74d-0c6f3ac3af2e,1.0,same_phone_or_email,7290000.0,,,,,False,False
LD-00414,01/09/2026 12:54,WhatsApp,EMP-01,PV-002,JULIÁN OSPINA OSPINA,+57 318 2788064,,ITAGUI,Bajaj Pulsar RS 200,No contesta,02-09-2026,,julian ospina ospina,573182788064,,itagui,whatsapp,no contesta,2026-09-01 12:54:00,2026-09-02 00:00:00,bajaj pulsar rs 200,414,SKU-010,100.0,fuzzy,phone:573182788064,ab2936eb-735f-5010-b955-5925b941090a,True,ab2936eb-735f-5010-b955-5925b941090a,1.0,same_phone_or_email,15490000.0,,credito,,soat,False,False
LD-00415,2026-08-26T22:45:00,WhatsApp,EMP-03,PV-015,Héctor Vargas Castaño,3215461770,,SOACHA,Discover 125,no contesta,2026-08-27 22:45:00,Prima Extra,hector vargas castano,573215461770,,soacha,whatsapp,no contesta,2026-08-26 22:45:00,2026-08-27 22:45:00,discover 125,415,SKU-012,100.0,exact,phone:573215461770,1cd227b9-8f44-56ab-9681-026c616e8487,True,1cd227b9-8f44-56ab-9681-026c616e8487,1.0,same_phone_or_email,6990000.0,,,,,False,False
LD-00416,2026-08-29T06:35:00,Meta Ads,EMP-01,PV-003,  Angie Paola Restrepo Betancur  ,318 257 3090,,bello,AKT Evo RS 150,En proceso,29-08-2026,Remate Modelos 2025,angie paola restrepo betancur,573182573090,,bello,meta ads,en proceso,2026-08-29 06:35:00,2026-08-29 00:00:00,akt evo rs 150,416,SKU-020,100.0,fuzzy,phone:573182573090,2ea9fd68-3b8e-5171-8d29-37bdc4a65506,False,,1.0,,7190000.0,,,,,False,False
LD-00417,2026-08-04 19:25:00,WHATSAPP,EMP-01,PV-001,Katherine Arias Pérez,573189374325,katherine.arias69@hotmail.com,Medellín,Suzuki  GN 125,Sin gestión,,,katherine arias perez,573189374325,katherine.arias69@hotmail.com,medellin,whatsapp,sin gestion,2026-08-04 19:25:00,,suzuki gn 125,417,SKU-013,100.0,fuzzy,phone:573189374325,f3d94ed9-0201-590f-9aaa-0250701683f3,False,,1.0,,7490000.0,,,,,False,False
LD-00418,2026-08-28T08:13:00,Meta Ads,EMP-02,PV-008,YULIANA RAMÍREZ VARGAS, 3046942641 ,,CARTAGENA,Suzuki  V-Strom 250,Sin gestión,,Feria de Motos 2026,yuliana ramirez vargas,573046942641,,cartagena,meta ads,sin gestion,2026-08-28 08:13:00,,suzuki v-strom 250,418,SKU-015,100.0,fuzzy,phone:573046942641,9ec7daae-ad36-5f6e-8692-a831e3ad816a,False,,1.0,,21900000.0,,credito,media,soat,False,False
LD-00419,2026-09-08 04:38:00,Meta Ads,EMP-02,PV-006,Cristian Betancur Pérez,320 818 5520,,B/quilla,bajaj pulsar rs 200,Cotización enviada,10/09/2026 04:38,Retoma tu moto,cristian betancur perez,573208185520,,b/quilla,meta ads,cotizacion enviada,2026-09-08 04:38:00,2026-09-10 04:38:00,bajaj pulsar rs 200,419,SKU-010,100.0,fuzzy,phone:573208185520,2e76e71a-fe05-5794-bc73-9f0c6b77b6c0,True,2e76e71a-fe05-5794-bc73-9f0c6b77b6c0,1.0,same_phone_or_email,15490000.0,,,,,False,False
LD-00420,2026-09-03 05:42:00,Meta Ads,EMP-01,PV-002,Vanessa Marín Hernández,(320) 904-7307,vanessa.marin14@outlook.com,Itagüí,Suzuki Gixxer 150,Cotización enviada,09/03/2026 09:42,Agosto Cero Cuotas,vanessa marin hernandez,573209047307,vanessa.marin14@outlook.com,itagui,meta ads,cotizacion enviada,2026-09-03 05:42:00,2026-03-09 09:42:00,suzuki gixxer 150,420,SKU-014,100.0,fuzzy,phone:573209047307,904303b7-d6c8-5ad2-9e6c-d4e2fa9e0c91,False,,1.0,,11990000.0,,,,,False,False
LD-00421,08/08/2026 04:52,whatsapp,EMP-02,PV-007,Yesenia Restrepo Marín,312 148 4911,yesenia.restrepo93@gmail.com,Soledad,Hnda XRE 300,En proceso,2026-08-08 22:52:00,Retoma tu moto,yesenia restrepo marin,573121484911,yesenia.restrepo93@gmail.com,soledad,whatsapp,en proceso,2026-08-08 04:52:00,2026-08-08 22:52:00,hnda xre 300,421,SKU-006,100.0,fuzzy,phone:573121484911,fde1fea7-0453-5baf-bc53-69bf0e1f7108,False,,1.0,,22900000.0,,,,,False,False
LD-00422,24/08/2026 08:37,WhatsApp,EMP-01,PV-001,Cristian Agudelo Zapata,(311) 748-0924,,medellin,,contactado,2026-08-28T08:37:00,Remate Modelos 2025,cristian agudelo zapata,573117480924,,medellin,whatsapp,contactado,2026-08-24 08:37:00,2026-08-28 08:37:00,,422,,0.0,none,phone:573117480924,db2d2735-70c7-5a54-831d-50eaaad19f92,True,db2d2735-70c7-5a54-831d-50eaaad19f92,1.0,same_phone_or_email,,,,,,False,False
LD-00423,2026-08-04T02:56:00,Meta Ads,EMP-02,PV-006,  Diana Carolina Mosquera Castaño  ,3024012454,,BARRANQUILLA,akt evo rs 150,Descartado,2026-08-04 08:56:00,Remate Modelos 2025,diana carolina mosquera castano,573024012454,,barranquilla,meta ads,descartado,2026-08-04 02:56:00,2026-08-04 08:56:00,akt evo rs 150,423,SKU-020,100.0,fuzzy,phone:573024012454,ebc60fff-e131-59b8-ae1a-af6defe74ff8,False,,1.0,,7190000.0,24900000.0,credito,media,cuota,False,True
LD-00424,2026-08-14T04:11:00,WhatsApp,EMP-03,PV-011,Angie Paola Herrera Marín,(318) 333-3031,,Bogota DC,Honda  XRE 300,Contactado,08/14/2026 06:11,,angie paola herrera marin,573183333031,,bogota dc,whatsapp,contactado,2026-08-14 04:11:00,2026-08-14 06:11:00,honda xre 300,424,SKU-006,100.0,fuzzy,phone:573183333031,cfb577a6-3b1d-5e4c-b100-8f1f154af728,False,,1.0,,22900000.0,21900000.0,credito,media,cuota,False,True
LD-00425,31/08/2026 09:01,WhatsApp,EMP-03,PV-014,Édinson Agudelo Gómez,3028380442,,bogotá,TTR 200,Contactado,2026-09-01T03:01:00,Retoma tu moto,edinson agudelo gomez,573028380442,,bogota,whatsapp,contactado,2026-08-31 09:01:00,2026-09-01 03:01:00,ttr 200,425,SKU-019,100.0,exact,phone:573028380442,b973c224-07e8-5009-944c-7e17f6fd6f80,False,,1.0,,9890000.0,13990000.0,credito,,cuota,False,True
LD-00426,2026-08-02 03:10:00,WhatsApp,EMP-03,PV-013,Vanessa Restrepo Correa, 3024130123 ,vanessa.restrepo22@gmail.com,Bogota,Dynamic R3 125,En proceso,02-08-2026,,vanessa restrepo correa,573024130123,vanessa.restrepo22@gmail.com,bogota,whatsapp,en proceso,2026-08-02 03:10:00,2026-08-02 00:00:00,dynamic r3 125,426,SKU-018,100.0,exact,phone:573024130123,f8545bbf-7620-5271-91c2-283fcb960b6c,False,,1.0,,5590000.0,7290000.0,credito,,cuota,False,True
LD-00427,09/09/2026 09:01,WhatsApp,EMP-02,PV-006,NELSON PÉREZ MARÍN, 3109769618 ,,Barranquilla,Honda XR 150L,Contactado,2026-09-10 09:01:00,Retoma tu moto,nelson perez marin,573109769618,,barranquilla,whatsapp,contactado,2026-09-09 09:01:00,2026-09-10 09:01:00,honda xr 150l,427,SKU-002,100.0,fuzzy,phone:573109769618,15bee222-29a7-569f-9d13-85bbfddc77b6,False,,1.0,,11490000.0,,,,,False,False
LD-00428,05/08/2026 10:26,WhatsApp,EMP-01,PV-003,  Paula Andrea Muñoz Pérez  ,3501664427,paula.munoz78@yahoo.es,Bello,AKT DYNAMIC R3 125,Sin gestión,,Retoma tu moto,paula andrea munoz perez,573501664427,paula.munoz78@yahoo.es,bello,whatsapp,sin gestion,2026-08-05 10:26:00,,akt dynamic r3 125,428,SKU-018,100.0,fuzzy,phone:573501664427,3197d964-b9bb-53ce-b072-87eb358e9df4,False,,1.0,,5590000.0,,credito,,soat,False,False
LD-00429,07/09/2026 13:45,meta ads,EMP-02,PV-006,  Sebastián Rodríguez Osorio  ,3189103093,,BARRANQUILLA,Suzuki Best 125 2026,Contactado,2026-09-07 15:45:00,Remate Modelos 2025,sebastian rodriguez osorio,573189103093,,barranquilla,meta ads,contactado,2026-09-07 13:45:00,2026-09-07 15:45:00,suzuki best 125 2026,429,SKU-016,100.0,fuzzy,phone:573189103093,3b0f4076-2f72-5830-abd3-3cf2a94eaa35,False,,1.0,,6590000.0,24900000.0,credito,media,cuota,False,True
LD-00430,04/09/2026 02:51,Formulario Web,EMP-02,PV-009,  Brayan Muñoz Correa  ,+57 300 7013889,brayan.munoz20@outlook.com,Santa Marta,Hero,Cotización enviada,2026-09-04T06:51:00,Retoma tu moto,brayan munoz correa,573007013889,brayan.munoz20@outlook.com,santa marta,formulario web,cotizacion enviada,2026-09-04 02:51:00,2026-09-04 06:51:00,hero,430,,28.57142857142857,unmatched,phone:573007013889,7954783f-9278-5862-b753-ced0ddecc0d9,False,,1.0,,,7290000.0,credito,,cuota,False,True
LD-00431,08/18/2026 15:50,WhatsApp,EMP-02,PV-009,Yuliana Ospina Restrepo,3053630263,,Santa Marta,Bajaj Discover 125,No contesta,19-08-2026,Remate Modelos 2025,yuliana ospina restrepo,573053630263,,santa marta,whatsapp,no contesta,2026-08-18 15:50:00,2026-08-19 00:00:00,bajaj discover 125,431,SKU-012,100.0,fuzzy,phone:573053630263,5cf8f85c-e27a-5903-aa6c-1d4bd73692e5,False,,1.0,,6990000.0,,,,,False,False
LD-00432,06/09/2026 14:26,Meta Ads,EMP-01,PV-002,  Freddy Quintero Mosquera  ,573166592423,,Itagui,Honda Dio 110,Sin gestión,,Agosto Cero Cuotas,freddy quintero mosquera,573166592423,,itagui,meta ads,sin gestion,2026-09-06 14:26:00,,honda dio 110,432,SKU-005,100.0,fuzzy,phone:573166592423,a146c677-bc5d-5ee9-a01b-47ab1d09f3df,False,,1.0,,6890000.0,,,,,False,False
LD-00433,21-08-2026,WhatsApp,EMP-03,PV-011,  Freddy Ospina Rodríguez  ,3181482697,freddy.ospina55@yahoo.es,BOGOTA,CB 125F Twister,contactado,08/21/2026 19:12,,freddy ospina rodriguez,573181482697,freddy.ospina55@yahoo.es,bogota,whatsapp,contactado,2026-08-21 00:00:00,2026-08-21 19:12:00,cb 125f twister,433,SKU-001,100.0,exact,phone:573181482697,10f6d29c-7300-5c8a-ba4d-72a30dbc6d8d,False,,1.0,,7990000.0,15490000.0,credito,,soat,False,False
LD-00434,25/08/2026 19:53,WHATSAPP,EMP-03,PV-012,marcela torres cardona,3127545180,,Bogotá D.C.,NKD 125,Descartado,08/26/2026 13:53,Feria de Motos 2026,marcela torres cardona,573127545180,,bogota,whatsapp,descartado,2026-08-25 19:53:00,2026-08-26 13:53:00,nkd 125,434,SKU-017,100.0,exact,phone:573127545180,a4e3b59f-9003-5c21-a88e-14272d14c8a1,True,a4e3b59f-9003-5c21-a88e-14272d14c8a1,1.0,same_phone_or_email,5290000.0,,credito,media,precio,False,True
LD-00435,2026-08-21 15:49:00,meta ads,EMP-03,PV-011,Adriana Betancur Herrera, 3149580452 ,,,HERO HUNK 160R,Sin gestión,,Retoma tu moto,adriana betancur herrera,573149580452,,,meta ads,sin gestion,2026-08-21 15:49:00,,hero hunk 160r,435,SKU-022,100.0,fuzzy,phone:573149580452,56554c05-4d17-5333-a502-fc17405269c6,True,56554c05-4d17-5333-a502-fc17405269c6,1.0,same_phone_or_email,10490000.0,,,,,False,False
LD-00436,2026-08-24T01:35:00,Meta Ads,EMP-03,PV-011,Luisa Arias Londoño,+57 317 2760398,,Bogotá,Evo RS 150,Sin gestión,,Retoma tu moto,luisa arias londono,573172760398,,bogota,meta ads,sin gestion,2026-08-24 01:35:00,,evo rs 150,436,SKU-020,100.0,exact,phone:573172760398,31f1aad9-83f9-58ca-99b2-6c53c471aa9a,False,,1.0,,7190000.0,,,,,False,False
LD-00437,2026-08-10T14:06:00,Meta Ads,EMP-02,PV-008,Édinson Betancur Franco,316 920 7658,edinson.betancur20@gmail.com,Cartagena de Indias,Hero,Sin gestión,,Prima Extra,edinson betancur franco,573169207658,edinson.betancur20@gmail.com,cartagena de indias,meta ads,sin gestion,2026-08-10 14:06:00,,hero,437,,28.57142857142857,unmatched,phone:573169207658,4a5c9e09-f535-53d4-b8cd-571ecc4ae0e2,False,,1.0,,,24900000.0,credito,,soat,False,False
LD-00438,2026-08-15T19:23:00,WhatsApp,EMP-03,PV-012,Héctor Betancur Escobar,304 202 5090,,Bogotá,Honda Dio 110 2026,Descartado,16/08/2026 07:23,,hector betancur escobar,573042025090,,bogota,whatsapp,descartado,2026-08-15 19:23:00,2026-08-16 07:23:00,honda dio 110 2026,438,SKU-005,100.0,fuzzy,phone:573042025090,5483468e-a159-55d5-9a20-c9af051c5cd1,True,5483468e-a159-55d5-9a20-c9af051c5cd1,1.0,same_phone_or_email,6890000.0,,,,,False,False
LD-00439,24-08-2026,WhatsApp,EMP-02,PV-006,Julián Zapata Franco,3118089526,julian.zapata69@outlook.com,barranquilla,hero dash 110,No contesta,24/08/2026 19:20,Feria de Motos 2026,julian zapata franco,573118089526,julian.zapata69@outlook.com,barranquilla,whatsapp,no contesta,2026-08-24 00:00:00,2026-08-24 19:20:00,hero dash 110,439,SKU-024,100.0,fuzzy,phone:573118089526,f8c333b4-0c28-5abe-9f9e-c773cb56d2ec,False,,1.0,,6290000.0,7290000.0,credito,,cuota,False,True
LD-00440,21/08/2026 17:00,Formulario Web,EMP-03,PV-015,VANESSA QUINTERO GÓMEZ,305 799 4057,,Soacha,Honda,Cotización enviada,08/22/2026 05:00,Retoma tu moto,vanessa quintero gomez,573057994057,,soacha,formulario web,cotizacion enviada,2026-08-21 17:00:00,2026-08-22 05:00:00,honda,440,,44.44444444444444,unmatched,phone:573057994057,243e7896-9221-5a91-8d12-94c4728bedc5,False,,1.0,,,24900000.0,credito,,soat,False,False
LD-00441,2026-09-04 13:47:00,WhatsApp,EMP-02,PV-007,Estefanía Vargas Betancur,304 964 5904,estefania.vargas13@yahoo.es,Soledad,Suzuki,Descartado,09/05/2026 13:47,Feria de Motos 2026,estefania vargas betancur,573049645904,estefania.vargas13@yahoo.es,soledad,whatsapp,descartado,2026-09-04 13:47:00,2026-05-09 13:47:00,suzuki,441,,26.66666666666667,unmatched,phone:573049645904,099aca5b-c752-5c7c-a709-55721fc9d015,False,,1.0,,,,,,,False,False
LD-00442,08/30/2026 02:11,WhatsApp,EMP-02,PV-010,J. Pérez Arias,573001068650,julian.perez97@gmail.com,MONTERIA,Suzuki Gixxer,En proceso,31/08/2026 02:11,Prima Extra,j. perez arias,573001068650,julian.perez97@gmail.com,monteria,whatsapp,en proceso,2026-08-30 02:11:00,2026-08-31 02:11:00,suzuki gixxer,442,,75.0,unmatched,phone:573001068650,852ee264-fb6d-5483-97b4-21d78abb6e8d,True,852ee264-fb6d-5483-97b4-21d78abb6e8d,1.0,same_phone_or_email,,,,,,False,False
LD-00443,08/08/2026 12:40,Formulario Web,EMP-03,PV-015,Cristian Osorio Arias,3011085273,,SOACHA,Suzuki V-Strom 250,En proceso,08/09/2026 06:40,Agosto Cero Cuotas,cristian osorio arias,573011085273,,soacha,formulario web,en proceso,2026-08-08 12:40:00,2026-09-08 06:40:00,suzuki v-strom 250,443,SKU-015,100.0,fuzzy,phone:573011085273,050387a5-9556-5377-955d-cceda0a75aee,False,,1.0,,21900000.0,,,,,False,False
LD-00444,2026-09-07 20:52:00,Meta Ads,EMP-01,PV-004,DUVÁN CORREA ZAPATA,3518120820,duvan.correa30@hotmail.com,Rio Negro,Honda XR,Contactado,07-09-2026,Remate Modelos 2025,duvan correa zapata,573518120820,duvan.correa30@hotmail.com,rio negro,meta ads,contactado,2026-09-07 20:52:00,2026-09-07 00:00:00,honda xr,444,,44.44444444444444,unmatched,phone:573518120820,55a4cba0-e672-588f-a660-03897aa3ad29,False,,1.0,,,,,,,False,False
LD-00445,2026-08-05 03:31:00,WhatsApp,EMP-02,PV-010,ÉDINSON MOSQUERA MARÍN,300-810-1396,,Montería,Suzuki GN 125,Contactado,2026-08-05T15:31:00,Prima Extra,edinson mosquera marin,573008101396,,monteria,whatsapp,contactado,2026-08-05 03:31:00,2026-08-05 15:31:00,suzuki gn 125,445,SKU-013,100.0,fuzzy,phone:573008101396,b333e8cd-73dd-5c4e-b77f-a65f6bd8a498,False,,1.0,,7490000.0,,credito,,soat,False,False
LD-00446,2026-08-20 02:33:00,WhatsApp,EMP-03,PV-014,CRISTIAN QUINTERO JIMÉNEZ,3113049820,,Bogota DC,,contactado,2026-08-20 08:33:00,,cristian quintero jimenez,573113049820,,bogota dc,whatsapp,contactado,2026-08-20 02:33:00,2026-08-20 08:33:00,,446,,0.0,none,phone:573113049820,4c39967b-df46-5173-bdc5-3396f7b1e77c,False,,1.0,,,,,,,False,False
LD-00447,2026-09-10 01:57:00,Meta Ads,EMP-02,PV-008,ANDRÉS FELIPE HERRERA BETANCUR, 3140926336 ,andres.herrera6@gmail.com,CARTAGENA,Navi,No contesta,10-09-2026,Prima Extra,andres felipe herrera betancur,573140926336,andres.herrera6@gmail.com,cartagena,meta ads,no contesta,2026-09-10 01:57:00,2026-09-10 00:00:00,navi,447,SKU-004,100.0,exact,phone:573140926336,8ad830b4-2cad-5cb9-8666-c6c320008bbd,False,,1.0,,7290000.0,,,,,False,False
LD-00448,09/04/2026 08:53,Meta Ads,EMP-02,PV-006,Freddy Agudelo Cardona,3204233654,freddy.agudelo19@hotmail.com,barranquilla,Suzuki Best 125,Contactado,08-09-2026,Feria de Motos 2026,freddy agudelo cardona,573204233654,freddy.agudelo19@hotmail.com,barranquilla,meta ads,contactado,2026-04-09 08:53:00,2026-09-08 00:00:00,suzuki best 125,448,SKU-016,100.0,fuzzy,phone:573204233654,f91ef786-afbe-5d3e-b4a7-37bbeb6be934,False,,1.0,,6590000.0,,credito,media,soat,False,False
LD-00449,2026-08-02T09:38:00,Meta Ads,EMP-02,PV-009,DIANA CAROLINA ZAPATA CASTAÑO,316 660 6811,,,Hero Eco,Contactado,2026-08-03 15:38:00,Feria de Motos 2026,diana carolina zapata castano,573166606811,,,meta ads,contactado,2026-08-02 09:38:00,2026-08-03 15:38:00,hero eco,449,,54.54545454545455,unmatched,phone:573166606811,e0cefebb-44c6-556c-b453-f71447bea3c4,True,e0cefebb-44c6-556c-b453-f71447bea3c4,1.0,same_phone_or_email,,,,,,False,False
LD-00450,20-08-2026,meta ads,EMP-01,PV-005,VANESSA HERRERA AGUDELO,3215543623,,Medellín,HERO DASH 110,Sin gestión,,Remate Modelos 2025,vanessa herrera agudelo,573215543623,,medellin,meta ads,sin gestion,2026-08-20 00:00:00,,hero dash 110,450,SKU-024,100.0,fuzzy,phone:573215543623,a3f5b30a-0f8c-5cc1-a796-45d548e6272b,False,,1.0,,6290000.0,,,,,False,False
LD-00451,08/29/2026 13:44,WhatsApp,EMP-03,PV-013,natalia hernandez castano,+57 312 6452558,,BOGOTA,AKT Evo RS 150 2026,Contactado,08/29/2026 19:44,Remate Modelos 2025,natalia hernandez castano,573126452558,,bogota,whatsapp,contactado,2026-08-29 13:44:00,2026-08-29 19:44:00,akt evo rs 150 2026,451,SKU-020,100.0,fuzzy,phone:573126452558,5bbc46d3-5a82-5944-b07b-3637e848f152,True,5bbc46d3-5a82-5944-b07b-3637e848f152,1.0,same_phone_or_email,7190000.0,,,,,False,False
LD-00452,04-08-2026,WhatsApp,EMP-03,PV-011,Estefanía Jiménez Muñoz,3105119735,,BOGOTA,Suzuki Gixxer 150,Sin gestión,,Prima Extra,estefania jimenez munoz,573105119735,,bogota,whatsapp,sin gestion,2026-08-04 00:00:00,,suzuki gixxer 150,452,SKU-014,100.0,fuzzy,phone:573105119735,f7e2712c-c146-5b4f-ac09-d349fd7dfd93,True,f7e2712c-c146-5b4f-ac09-d349fd7dfd93,1.0,same_phone_or_email,11990000.0,,,,,False,False
LD-00453,08/04/2026 21:14,FORMULARIO WEB,EMP-03,PV-015,Nelson Bedoya Agudelo,313-767-7742,,Soacha,Bajaj,Sin gestión,,Prima Extra,nelson bedoya agudelo,573137677742,,soacha,formulario web,sin gestion,2026-04-08 21:14:00,,bajaj,453,,22.22222222222223,unmatched,phone:573137677742,c3b29fba-4ef5-5a44-8727-7147211c152c,False,,1.0,,,11990000.0,credito,,soat,False,False
LD-00454,09/06/2026 02:28,Formulario Web,EMP-03,PV-014,Jorge Iván Osorio Herrera,3518949314,jorge.osorio41@gmail.com,Bogotá,AKT EVO RS 150,Contactado,08/09/2026 02:28,Remate Modelos 2025,jorge ivan osorio herrera,573518949314,jorge.osorio41@gmail.com,bogota,formulario web,contactado,2026-06-09 02:28:00,2026-09-08 02:28:00,akt evo rs 150,454,SKU-020,100.0,fuzzy,phone:573518949314,6f2f9ddd-1aae-53d6-931a-84177b00ae2c,False,,1.0,,7190000.0,,credito,,soat,False,False
LD-00455,09-08-2026,Meta Ads,EMP-01,PV-003,Katherine Vargas Jiménez,(311) 892-4494,katherine.vargas92@yahoo.es,bello,Pulsar RS 200,No contesta,09/08/2026 02:15,,katherine vargas jimenez,573118924494,katherine.vargas92@yahoo.es,bello,meta ads,no contesta,2026-08-09 00:00:00,2026-08-09 02:15:00,pulsar rs 200,455,SKU-010,100.0,exact,phone:573118924494,84226c36-82f6-5116-b985-ec597d042122,True,84226c36-82f6-5116-b985-ec597d042122,1.0,same_phone_or_email,15490000.0,,,,,False,False
LD-00456,02-09-2026,WhatsApp,EMP-01,PV-001,DIANA CAROLINA RAMÍREZ CORREA,301 114 9084,diana.ramirez86@outlook.com,Medellín ,Honda Navi,Contactado,2026-09-03 11:18:00,,diana carolina ramirez correa,573011149084,diana.ramirez86@outlook.com,medellin,whatsapp,contactado,2026-09-02 00:00:00,2026-09-03 11:18:00,honda navi,456,SKU-004,100.0,fuzzy,phone:573011149084,518a7237-e3d9-5cd9-86cd-5fae076783b5,False,,1.0,,7290000.0,6990000.0,credito,,soat,True,False
LD-00457,06/08/2026 13:56,Meta Ads,EMP-03,PV-014,SEBASTIÁN TORRES GÓMEZ,+57 317 9194641,sebastian.torres88@outlook.com,Bogotá D.C.,Bajai Dominar 400,Contactado,08/07/2026 01:56,Remate Modelos 2025,sebastian torres gomez,573179194641,sebastian.torres88@outlook.com,bogota,meta ads,contactado,2026-08-06 13:56:00,2026-07-08 01:56:00,bajai dominar 400,457,SKU-011,100.0,fuzzy,phone:573179194641,1c9a8d71-945b-51c6-9521-d4f2739c968c,False,,1.0,,24900000.0,,,,,False,False
LD-00458,09-09-2026,WhatsApp,EMP-03,PV-012,Yuliana Londoño Castaño,320-715-9325,yuliana.londono13@gmail.com,BOGOTA,,no contesta,10-09-2026,Feria de Motos 2026,yuliana londono castano,573207159325,yuliana.londono13@gmail.com,bogota,whatsapp,no contesta,2026-09-09 00:00:00,2026-09-10 00:00:00,,458,,0.0,none,phone:573207159325,247622c1-011d-5ce8-b9e2-1e0936e8cbb3,False,,1.0,,,,,,,False,False
LD-00459,2026-08-09T05:44:00,WhatsApp,EMP-01,PV-001,Angie Paola Betancur Osorio, 3217354999 ,,Medellín ,Bajaj,En proceso,09/08/2026 17:44,Retoma tu moto,angie paola betancur osorio,573217354999,,medellin,whatsapp,en proceso,2026-08-09 05:44:00,2026-08-09 17:44:00,bajaj,459,,22.22222222222223,unmatched,phone:573217354999,9c666466-3583-5611-81ca-1fece6690244,False,,1.0,,,,credito,baja,precio,False,True
LD-00460,26/08/2026 11:59,Meta Ads,EMP-03,PV-013,  Nelson Giraldo Mosquera  ,310-967-3083,,Bogotá,Honda XRE 300 2026,Sin gestión,,Feria de Motos 2026,nelson giraldo mosquera,573109673083,,bogota,meta ads,sin gestion,2026-08-26 11:59:00,,honda xre 300 2026,460,SKU-006,100.0,fuzzy,phone:573109673083,eb47aefb-6937-5a61-b395-66a395c26ad8,False,,1.0,,22900000.0,,,,,False,False
LD-00461,2026-08-27 08:39:00,WhatsApp,EMP-03,PV-013,Freddy Pérez Valencia,316 240 0513,freddy.perez85@outlook.com,BOGOTA,Hunk 160R,Contactado,27-08-2026,Feria de Motos 2026,freddy perez valencia,573162400513,freddy.perez85@outlook.com,bogota,whatsapp,contactado,2026-08-27 08:39:00,2026-08-27 00:00:00,hunk 160r,461,SKU-022,100.0,exact,phone:573162400513,ff8139a3-8f31-58a9-a704-05948b86f220,False,,1.0,,10490000.0,,,,,False,False
LD-00462,28/08/2026 11:08,WhatsApp,EMP-02,PV-006,Wilmar Agudelo Arias,302-168-2389,wilmar.agudelo82@yahoo.es,B/quilla,Bajaj,Cotización enviada,2026-08-30T11:08:00,,wilmar agudelo arias,573021682389,wilmar.agudelo82@yahoo.es,b/quilla,whatsapp,cotizacion enviada,2026-08-28 11:08:00,2026-08-30 11:08:00,bajaj,462,,22.22222222222223,unmatched,phone:573021682389,609f80ed-338d-5327-9b11-2b7c0f11120f,False,,1.0,,,,credito,,soat,False,False
LD-00463,2026-08-11 17:37:00,WhatsApp,EMP-01,PV-005,Carlos Mario Herrera Pérez,3113407285,carlos.herrera34@gmail.com,Medellin,Suzuki  Best 125,contactado,13/08/2026 17:37,Prima Extra,carlos mario herrera perez,573113407285,carlos.herrera34@gmail.com,medellin,whatsapp,contactado,2026-08-11 17:37:00,2026-08-13 17:37:00,suzuki best 125,463,SKU-016,100.0,fuzzy,phone:573113407285,e51329f8-e063-5e96-b9bc-bf00a5790043,False,,1.0,,6590000.0,,,,,False,False
LD-00464,08-08-2026,whatsapp,EMP-02,PV-008,Carlos Mario Betancur Vargas,320-807-2788,carlos.betancur4@yahoo.es,Cartagena,,SIN GESTION,,Feria de Motos 2026,carlos mario betancur vargas,573208072788,carlos.betancur4@yahoo.es,cartagena,whatsapp,sin gestion,2026-08-08 00:00:00,,,464,,0.0,none,phone:573208072788,9b8d4c15-13c5-569f-b714-610942e49507,False,,1.0,,,,,,,False,False
LD-00465,2026-08-20 09:30:00,WhatsApp,EMP-02,PV-008,Luisa Muñoz Herrera,311 652 3563,,Cartagena de Indias,Bajaj Boxer CT 100,contactado,08/20/2026 13:30,Remate Modelos 2025,luisa munoz herrera,573116523563,,cartagena de indias,whatsapp,contactado,2026-08-20 09:30:00,2026-08-20 13:30:00,bajaj boxer ct 100,465,SKU-007,100.0,fuzzy,phone:573116523563,d9b32db3-5e59-50ce-864a-6b767535d24d,False,,1.0,,5790000.0,14990000.0,credito,media,soat,True,False
LD-00466,2026-09-09 07:38:00,Meta Ads,EMP-03,PV-015,Camilo Mosquera Pérez,+57 350 7934063,,Soacha,Honda CB 190R 2026,Contactado,09/11/2026 07:38,Feria de Motos 2026,camilo mosquera perez,573507934063,,soacha,meta ads,contactado,2026-09-09 07:38:00,2026-11-09 07:38:00,honda cb 190r 2026,466,SKU-003,100.0,fuzzy,phone:573507934063,030d09ca-c9b2-5f45-a50d-d4836b0c9a34,False,,1.0,,13990000.0,6990000.0,credito,media,cuota,False,True
LD-00467,02/09/2026 23:00,WhatsApp,EMP-02,PV-010,Duván Mosquera Herrera,(318) 935-1724,duvan.mosquera94@outlook.com,MONTERIA,Honda CB 125F Twister,En proceso,03-09-2026,Feria de Motos 2026,duvan mosquera herrera,573189351724,duvan.mosquera94@outlook.com,monteria,whatsapp,en proceso,2026-09-02 23:00:00,2026-09-03 00:00:00,honda cb 125f twister,467,SKU-001,100.0,fuzzy,phone:573189351724,de1476e2-7654-5b63-b2dc-1b63883ebd53,False,,1.0,,7990000.0,,,,,False,False
LD-00468,2026-09-03T10:30:00,WhatsApp,EMP-01,PV-003,FABIÁN PÉREZ MOSQUERA,317 530 3448,,bello,Hero Xpulse 200,Cotización enviada,,Prima Extra,fabian perez mosquera,573175303448,,bello,whatsapp,cotizacion enviada,2026-09-03 10:30:00,,hero xpulse 200,468,SKU-023,100.0,fuzzy,phone:573175303448,e377fe6f-ff9b-5104-8f7c-23e115fc14b2,False,,1.0,,14990000.0,,,,,False,False
LD-00469,03/08/2026 19:30,WhatsApp,EMP-03,PV-012,Diana Carolina Ospina Herrera,312-221-4041,,Bogota DC,Suzuki Best 125,Sin gestión,,Agosto Cero Cuotas,diana carolina ospina herrera,573122214041,,bogota dc,whatsapp,sin gestion,2026-08-03 19:30:00,,suzuki best 125,469,SKU-016,100.0,fuzzy,phone:573122214041,6338c155-678a-5048-870c-f61b1ed38531,False,,1.0,,6590000.0,,credito,media,precio,False,True
LD-00470,19/08/2026 09:56,Meta Ads,EMP-03,PV-012,Paula Andrea Londoño Ramírez,3050154753,paula.londono33@gmail.com,Bogota DC,Hero Dash 110 2026,Contactado,2026-08-19T15:56:00,Feria de Motos 2026,paula andrea londono ramirez,573050154753,paula.londono33@gmail.com,bogota dc,meta ads,contactado,2026-08-19 09:56:00,2026-08-19 15:56:00,hero dash 110 2026,470,SKU-024,100.0,fuzzy,phone:573050154753,3002ef73-333c-5310-ab8c-a66e666a94f5,False,,1.0,,6290000.0,6290000.0,credito,,soat,False,False
LD-00471,17/08/2026 06:53,WhatsApp,EMP-03,PV-013,Vanessa Ospina Zapata,3004559001,,Bogota,Honda CB 125F Twister 2026,Contactado,08/18/2026 12:53,,vanessa ospina zapata,573004559001,,bogota,whatsapp,contactado,2026-08-17 06:53:00,2026-08-18 12:53:00,honda cb 125f twister 2026,471,SKU-001,100.0,fuzzy,phone:573004559001,df1c98c6-2e3c-5cba-89c5-4477710ae016,False,,1.0,,7990000.0,,,,,False,False
LD-00472,2026-08-15 16:37:00,WhatsApp,EMP-03,PV-015,  Diana Carolina Rodríguez Osorio  ,318-909-8404,,Soacha,Bajaj Boxer CT 100,contactado,16-08-2026,Feria de Motos 2026,diana carolina rodriguez osorio,573189098404,,soacha,whatsapp,contactado,2026-08-15 16:37:00,2026-08-16 00:00:00,bajaj boxer ct 100,472,SKU-007,100.0,fuzzy,phone:573189098404,1cfb19ac-d369-57b0-bafd-5bff4a08d3fc,False,,1.0,,5790000.0,,,,,False,False
LD-00473,2026-08-11 07:54:00,WhatsApp,EMP-02,PV-006,  Paula Andrea Betancur Arias  ,3517401198,paula.betancur13@outlook.com,Barranquilla,Bajaj Pulsar NS 160,Cotización enviada,12/08/2026 13:54,Retoma tu moto,paula andrea betancur arias,573517401198,paula.betancur13@outlook.com,barranquilla,whatsapp,cotizacion enviada,2026-08-11 07:54:00,2026-08-12 13:54:00,bajaj pulsar ns 160,473,SKU-009,100.0,fuzzy,phone:573517401198,9b79271a-7fa9-5a32-9d3e-7a884c374bf9,True,9b79271a-7fa9-5a32-9d3e-7a884c374bf9,1.0,same_phone_or_email,11290000.0,,credito,media,precio,False,True
LD-00474,2026-08-23 18:08:00,WhatsApp,EMP-01,PV-004,  Fabián Agudelo Franco  ,+57 313 7126011,fabian.agudelo28@yahoo.es,Rionegro,Hero Dash 110 2026,sin gestion,,Prima Extra,fabian agudelo franco,573137126011,fabian.agudelo28@yahoo.es,rionegro,whatsapp,sin gestion,2026-08-23 18:08:00,,hero dash 110 2026,474,SKU-024,100.0,fuzzy,phone:573137126011,4cb00ab2-001f-5bda-91c2-4758f4ade3b5,False,,1.0,,6290000.0,,,,,False,False
LD-00475,2026-08-09T16:12:00,meta ads,EMP-02,PV-008,Claudia Patricia Muñoz Bedoya,3102551697,claudia.munoz58@outlook.com,Cartagena,A.K.T Evo RS 150,Contactado,10-08-2026,Feria de Motos 2026,claudia patricia munoz bedoya,573102551697,claudia.munoz58@outlook.com,cartagena,meta ads,contactado,2026-08-09 16:12:00,2026-08-10 00:00:00,a.k.t evo rs 150,475,SKU-020,100.0,fuzzy,phone:573102551697,05a4530e-557f-578a-a801-04bf6fd256e5,True,05a4530e-557f-578a-a801-04bf6fd256e5,1.0,same_phone_or_email,7190000.0,,,,,False,False
LD-00476,08/12/2026 18:30,Meta Ads,EMP-01,PV-005,Óscar David Salazar Herrera,3217811330,,MEDELLIN,,no contesta,16/08/2026 18:30,Agosto Cero Cuotas,oscar david salazar herrera,573217811330,,medellin,meta ads,no contesta,2026-12-08 18:30:00,2026-08-16 18:30:00,,476,,0.0,none,phone:573217811330,e9c7b594-e190-5865-b287-bb1bfbeed45f,False,,1.0,,,,,,,False,False
LD-00477,08/08/2026 08:16,WhatsApp,EMP-03,PV-014,Claudia Patricia Muñoz Bedoya,+57 310 2551697,claudia.munoz69@gmail.com,Bogotá,HONDA CB 125F TWISTER,No contesta,2026-08-08 09:16:00,Remate Modelos 2025,claudia patricia munoz bedoya,573102551697,claudia.munoz69@gmail.com,bogota,whatsapp,no contesta,2026-08-08 08:16:00,2026-08-08 09:16:00,honda cb 125f twister,477,SKU-001,100.0,fuzzy,phone:573102551697,05a4530e-557f-578a-a801-04bf6fd256e5,True,05a4530e-557f-578a-a801-04bf6fd256e5,1.0,same_phone_or_email,7990000.0,,,,,False,False
LD-00478,10/08/2026 07:35,WhatsApp,EMP-02,PV-010,Estefanía Correa Gómez, 3108607336 ,,Monteria,Bajaj Discover 125 2026,Contactado,2026-08-10T08:35:00,Feria de Motos 2026,estefania correa gomez,573108607336,,monteria,whatsapp,contactado,2026-08-10 07:35:00,2026-08-10 08:35:00,bajaj discover 125 2026,478,SKU-012,100.0,fuzzy,phone:573108607336,af9d7f09-fc5d-5669-be3b-3feacb2b1f21,False,,1.0,,6990000.0,,,,,False,False
LD-00479,2026-08-07 16:14:00,Formulario Web,EMP-02,PV-006,Jorge Iván Herrera Bedoya,3006527110,jorge.herrera19@yahoo.es,Barranquilla,Suzuki  Gixxer 150,No contesta,,,jorge ivan herrera bedoya,573006527110,jorge.herrera19@yahoo.es,barranquilla,formulario web,no contesta,2026-08-07 16:14:00,,suzuki gixxer 150,479,SKU-014,100.0,fuzzy,phone:573006527110,fd60c096-3701-54b0-8da4-0ea4544dea9b,False,,1.0,,11990000.0,,,,,False,False
LD-00480,2026-08-02 20:23:00,whatsapp,EMP-03,PV-013,  Sandra Milena Arias Valencia  ,+57 312 3308292,sandra.arias17@hotmail.com,Bogota,AKT TTR 200,Sin gestión,,Prima Extra,sandra milena arias valencia,573123308292,sandra.arias17@hotmail.com,bogota,whatsapp,sin gestion,2026-08-02 20:23:00,,akt ttr 200,480,SKU-019,100.0,fuzzy,phone:573123308292,5699d2fd-bead-542a-91bc-e5c7d4b2c3ca,False,,1.0,,9890000.0,,,,,False,False
LD-00481,23/08/2026 08:12,WhatsApp,EMP-03,PV-015,Andrés Felipe Rodríguez Pérez, 3008467434 ,andres.rodriguez55@gmail.com,SOACHA,bajaj pulsar rs 200,Descartado,2026-08-24T14:12:00,Prima Extra,andres felipe rodriguez perez,573008467434,andres.rodriguez55@gmail.com,soacha,whatsapp,descartado,2026-08-23 08:12:00,2026-08-24 14:12:00,bajaj pulsar rs 200,481,SKU-010,100.0,fuzzy,phone:573008467434,d6edea94-2c6f-58dc-9922-eac399881c12,False,,1.0,,15490000.0,5790000.0,credito,media,cuota,False,True
LD-00482,2026-08-25 14:06:00,WhatsApp,EMP-03,PV-012,LEIDY JOHANA MARÍN CARDONA,(320) 106-6160,leidy.marin72@yahoo.es,,Honda XR 150L 2026,Contactado,26-08-2026,Remate Modelos 2025,leidy johana marin cardona,573201066160,leidy.marin72@yahoo.es,,whatsapp,contactado,2026-08-25 14:06:00,2026-08-26 00:00:00,honda xr 150l 2026,482,SKU-002,100.0,fuzzy,phone:573201066160,83231516-c483-5443-b433-79b0956a2ca4,False,,1.0,,11490000.0,9890000.0,credito,media,cuota,False,True
LD-00483,2026-08-31T07:20:00,WhatsApp,EMP-03,PV-013,LEIDY JOHANA FRANCO SALAZAR,300-574-1545,,Bogotá D.C.,V-Strom 250,En proceso,31/08/2026 13:20,Retoma tu moto,leidy johana franco salazar,573005741545,,bogota,whatsapp,en proceso,2026-08-31 07:20:00,2026-08-31 13:20:00,v-strom 250,483,SKU-015,100.0,exact,phone:573005741545,1bc2b165-954c-5e59-a313-c388bd5cbb87,True,1bc2b165-954c-5e59-a313-c388bd5cbb87,1.0,same_phone_or_email,21900000.0,24900000.0,credito,,cuota,False,True
LD-00484,08/11/2026 08:47,WHATSAPP,EMP-02,PV-008,Brayan Restrepo Ospina,3135091726,,Cartagena,suzuki best 125,No contesta,12-08-2026,Remate Modelos 2025,brayan restrepo ospina,573135091726,,cartagena,whatsapp,no contesta,2026-11-08 08:47:00,2026-08-12 00:00:00,suzuki best 125,484,SKU-016,100.0,fuzzy,phone:573135091726,8dd6220c-9826-58c2-ae3e-eb18f78fc84a,False,,1.0,,6590000.0,11290000.0,credito,,soat,False,False
LD-00485,2026-08-12T01:49:00,WhatsApp,EMP-02,PV-006,  Wilmar Ospina Herrera  ,351 391 6848,,Barranquilla,AKT NKD 125,Descartado,2026-08-16 01:49:00,,wilmar ospina herrera,573513916848,,barranquilla,whatsapp,descartado,2026-08-12 01:49:00,2026-08-16 01:49:00,akt nkd 125,485,SKU-017,100.0,fuzzy,phone:573513916848,a2cba2b8-fbe5-5612-892e-ffad5cef3a99,False,,1.0,,5290000.0,5790000.0,credito,,cuota,False,True
LD-00486,2026-08-05T21:05:00,WhatsApp,EMP-02,PV-006,Cristian Muñoz Agudelo,573104410286,cristian.munoz10@hotmail.com,barranquilla,Hero Hunk 160R,contactado,06-08-2026,Feria de Motos 2026,cristian munoz agudelo,573104410286,cristian.munoz10@hotmail.com,barranquilla,whatsapp,contactado,2026-08-05 21:05:00,2026-08-06 00:00:00,hero hunk 160r,486,SKU-022,100.0,fuzzy,phone:573104410286,55242690-4a66-5aa1-b5f8-ce3b52f3d916,False,,1.0,,10490000.0,,,,,False,False
LD-00487,2026-09-02 17:42:00,Meta Ads,EMP-01,PV-003,Adriana Restrepo Ospina,573029976024,,Bello,,sin gestion,,,adriana restrepo ospina,573029976024,,bello,meta ads,sin gestion,2026-09-02 17:42:00,,,487,,0.0,none,phone:573029976024,867adc15-907d-5dc3-8ab7-d80684778dee,False,,1.0,,,,,,,False,False
LD-00488,06/08/2026 03:26,WhatsApp,EMP-01,PV-003,Nelson Marín Castaño,305 238 1002,,bello,Honda Dio 110 2026,Contactado,,,nelson marin castano,573052381002,,bello,whatsapp,contactado,2026-08-06 03:26:00,,honda dio 110 2026,488,SKU-005,100.0,fuzzy,phone:573052381002,a079f35c-4406-5cb7-98e5-12c6f92e0d09,True,a079f35c-4406-5cb7-98e5-12c6f92e0d09,1.0,same_phone_or_email,6890000.0,,,,,False,False
LD-00489,2026-08-03 15:53:00,WhatsApp,EMP-01,PV-002,  Freddy Bedoya Valencia  ,316 116 6102,,Itagui,GN 125,No contesta,04/08/2026 09:53,Retoma tu moto,freddy bedoya valencia,573161166102,,itagui,whatsapp,no contesta,2026-08-03 15:53:00,2026-08-04 09:53:00,gn 125,489,SKU-013,100.0,exact,phone:573161166102,15c0c1fd-5fd7-57bf-b5dc-4fe7f48f5cbd,False,,1.0,,7490000.0,,,,,False,False
LD-00490,2026-08-16 19:58:00,WhatsApp,EMP-03,PV-014,Nelson Rodríguez Castaño,3172037071,nelson.rodriguez32@outlook.com,Bogotá D.C.,AKT TTR 200,En proceso,16/08/2026 21:58,,nelson rodriguez castano,573172037071,nelson.rodriguez32@outlook.com,bogota,whatsapp,en proceso,2026-08-16 19:58:00,2026-08-16 21:58:00,akt ttr 200,490,SKU-019,100.0,fuzzy,phone:573172037071,85372764-6a2b-5a01-9879-2a7e6bde6d68,False,,1.0,,9890000.0,,,,,False,False
LD-00491,20/08/2026 23:53,META ADS,EMP-03,PV-015,JUAN CARLOS RESTREPO OSPINA,318 179 1662,,Soacha,Bajaj Dominar 400,Contactado,22/08/2026 05:53,Agosto Cero Cuotas,juan carlos restrepo ospina,573181791662,,soacha,meta ads,contactado,2026-08-20 23:53:00,2026-08-22 05:53:00,bajaj dominar 400,491,SKU-011,100.0,fuzzy,phone:573181791662,8877da2f-a34d-58b9-9d1a-ae36a710cd6e,True,8877da2f-a34d-58b9-9d1a-ae36a710cd6e,1.0,same_phone_or_email,24900000.0,,,,,False,False
LD-00492,2026-09-06 21:04:00,Meta Ads,EMP-01,PV-003,Luisa Mosquera Jiménez,3043961234,,bello,,sin gestion,,Prima Extra,luisa mosquera jimenez,573043961234,,bello,meta ads,sin gestion,2026-09-06 21:04:00,,,492,,0.0,none,phone:573043961234,4648d285-4abf-5459-aadd-a5423d4f9537,False,,1.0,,,,,,,False,False
LD-00493,2026-09-07 07:45:00,WhatsApp,EMP-01,PV-002,Alexander Agudelo Salazar,311-436-0750,alexander.agudelo96@yahoo.es,Itagui,HONDA NAVI,Sin gestión,,Remate Modelos 2025,alexander agudelo salazar,573114360750,alexander.agudelo96@yahoo.es,itagui,whatsapp,sin gestion,2026-09-07 07:45:00,,honda navi,493,SKU-004,100.0,fuzzy,phone:573114360750,e0ccf894-be3b-5046-b04a-da90f2447cb7,False,,1.0,,7290000.0,,credito,baja,precio,False,True
LD-00494,12/08/2026 07:54,Meta Ads,EMP-01,PV-004,Brayan Agudelo Muñoz, 3009210504 ,,Rio Negro,akt dynamic r3 125,Cotización enviada,08/12/2026 09:54,,brayan agudelo munoz,573009210504,,rio negro,meta ads,cotizacion enviada,2026-08-12 07:54:00,2026-12-08 09:54:00,akt dynamic r3 125,494,SKU-018,100.0,fuzzy,phone:573009210504,8b60109b-636d-5593-8ee2-ee43b8f38b5e,False,,1.0,,5590000.0,9890000.0,credito,media,cuota,False,True
LD-00495,08/09/2026 20:15,whatsapp,EMP-03,PV-011,Sebastián Escobar Osorio,3226503025,sebastian.escobar61@hotmail.com,bogotá,,Sin gestión,,Remate Modelos 2025,sebastian escobar osorio,573226503025,sebastian.escobar61@hotmail.com,bogota,whatsapp,sin gestion,2026-09-08 20:15:00,,,495,,0.0,none,phone:573226503025,de58cdc1-df62-508a-a921-a8ad206a94e0,False,,1.0,,,,,,,False,False
LD-00496,2026-08-03 11:07:00,WhatsApp,EMP-01,PV-001,Paula Andrea Marín Mosquera,302 350 2916,paula.marin10@hotmail.com,medellin,Hero Hunk 160R,En proceso,08/03/2026 23:07,Agosto Cero Cuotas,paula andrea marin mosquera,573023502916,paula.marin10@hotmail.com,medellin,whatsapp,en proceso,2026-08-03 11:07:00,2026-03-08 23:07:00,hero hunk 160r,496,SKU-022,100.0,fuzzy,phone:573023502916,087c4977-d920-5423-b67c-f864e778aa1f,False,,1.0,,10490000.0,,,,,False,False
LD-00497,08/02/2026 10:33,WhatsApp,EMP-01,PV-002,F. Gómez Betancur,321 900 7755,fabian.gomez75@hotmail.com,,Honda  CB 125F Twister,Cotización enviada,2026-08-02 14:33:00,,f. gomez betancur,573219007755,fabian.gomez75@hotmail.com,,whatsapp,cotizacion enviada,2026-02-08 10:33:00,2026-08-02 14:33:00,honda cb 125f twister,497,SKU-001,100.0,fuzzy,phone:573219007755,ca247ee3-09a3-5900-8cd6-b1d22c05a924,True,ca247ee3-09a3-5900-8cd6-b1d22c05a924,1.0,same_phone_or_email,7990000.0,5290000.0,credito,media,cuota,False,True
LD-00498,2026-08-18T20:10:00,Meta Ads,EMP-01,PV-004,  Óscar David Valencia Gómez  ,+57 314 9495459,oscar.valencia32@hotmail.com,Rio Negro,Bajai Pulsar RS 200,Contactado,19-08-2026,Retoma tu moto,oscar david valencia gomez,573149495459,oscar.valencia32@hotmail.com,rio negro,meta ads,contactado,2026-08-18 20:10:00,2026-08-19 00:00:00,bajai pulsar rs 200,498,SKU-010,100.0,fuzzy,phone:573149495459,f24c84c1-3279-5498-ab8e-b20f3ac215ac,False,,1.0,,15490000.0,,credito,,soat,False,False
LD-00499,2026-08-23T21:18:00,WhatsApp,EMP-01,PV-004,  Katherine Restrepo Marín  ,3124120054,,Rio Negro,,SIN GESTION,,Agosto Cero Cuotas,katherine restrepo marin,573124120054,,rio negro,whatsapp,sin gestion,2026-08-23 21:18:00,,,499,,0.0,none,phone:573124120054,00fdbe65-c7d8-5b05-90b5-4db2f7dfe06f,False,,1.0,,,,,,,False,False
LD-00500,2026-08-18T00:38:00,Meta Ads,EMP-01,PV-003,ADRIANA MUÑOZ BETANCUR,305-933-2906,adriana.munoz41@hotmail.com,Bello,BAJAJ PULSAR RS 200,no contesta,18/08/2026 04:38,Feria de Motos 2026,adriana munoz betancur,573059332906,adriana.munoz41@hotmail.com,bello,meta ads,no contesta,2026-08-18 00:38:00,2026-08-18 04:38:00,bajaj pulsar rs 200,500,SKU-010,100.0,fuzzy,phone:573059332906,7facd7d7-daf6-5d88-bda3-f35142e49405,False,,1.0,,15490000.0,,,,,False,False
LD-00501,2026-08-21 17:11:00,Meta Ads,EMP-03,PV-011,  Kevin Ramírez Correa  ,+57 301 3523799,,Bogota DC,Suzuki V-Strom 250,No contesta,2026-08-24 17:11:00,Agosto Cero Cuotas,kevin ramirez correa,573013523799,,bogota dc,meta ads,no contesta,2026-08-21 17:11:00,2026-08-24 17:11:00,suzuki v-strom 250,501,SKU-015,100.0,fuzzy,phone:573013523799,1060ebb3-d184-5f66-9aa3-0796973605a6,False,,1.0,,21900000.0,,,,,False,False
LD-00502,2026-08-16 19:14:00,WhatsApp,EMP-02,PV-010,Fabián Ramírez Mosquera,315-739-8961,fabian.ramirez50@gmail.com,Monteria,AKT TTR 200,Cotización enviada,,,fabian ramirez mosquera,573157398961,fabian.ramirez50@gmail.com,monteria,whatsapp,cotizacion enviada,2026-08-16 19:14:00,,akt ttr 200,502,SKU-019,100.0,fuzzy,phone:573157398961,c711f6b4-0420-5892-9fe2-4e0b521f819f,False,,1.0,,9890000.0,14990000.0,credito,,cuota,False,True
LD-00503,07/08/2026 15:37,Meta Ads,EMP-01,PV-001,María Fernanda Quintero Correa,316 125 6934,,Medellín,Hero Hunk 160R 2026,No contesta,08/07/2026 16:37,,maria fernanda quintero correa,573161256934,,medellin,meta ads,no contesta,2026-08-07 15:37:00,2026-07-08 16:37:00,hero hunk 160r 2026,503,SKU-022,100.0,fuzzy,phone:573161256934,58bb73cc-64d9-5b8f-83ab-becfd0b7298b,False,,1.0,,10490000.0,6990000.0,credito,,soat,False,False
LD-00504,08/03/2026 23:11,WhatsApp,EMP-02,PV-010,Jhon Jairo Bedoya Vargas,573162953563,,Montería,honda dio 110,Sin gestión,,Feria de Motos 2026,jhon jairo bedoya vargas,573162953563,,monteria,whatsapp,sin gestion,2026-03-08 23:11:00,,honda dio 110,504,SKU-005,100.0,fuzzy,phone:573162953563,d3d8fcec-56f2-55f4-a8e1-aac6a8749748,False,,1.0,,6890000.0,,credito,,soat,True,False
LD-00505,19/08/2026 06:13,WHATSAPP,EMP-02,PV-010,Andrés Felipe Ospina Hernández,3134806014,andres.ospina34@gmail.com,Montería,hero xpulse 200,No contesta,2026-08-23T06:13:00,Remate Modelos 2025,andres felipe ospina hernandez,573134806014,andres.ospina34@gmail.com,monteria,whatsapp,no contesta,2026-08-19 06:13:00,2026-08-23 06:13:00,hero xpulse 200,505,SKU-023,100.0,fuzzy,phone:573134806014,dce44cd6-e76b-5b12-99cd-b832e9090c1b,False,,1.0,,14990000.0,,,,,False,False
LD-00506,04/09/2026 06:34,WhatsApp,EMP-03,PV-013,  Brayan Salazar Ramírez  ,310-183-0383,,Bogotá,HONDA CB 190R,Sin gestión,,,brayan salazar ramirez,573101830383,,bogota,whatsapp,sin gestion,2026-09-04 06:34:00,,honda cb 190r,506,SKU-003,100.0,fuzzy,phone:573101830383,22934889-5d69-55bb-b6e9-aecaacf94348,False,,1.0,,13990000.0,8990000.0,credito,,soat,False,True
LD-00507,2026-08-27 14:44:00,WHATSAPP,EMP-03,PV-013,Paula Andrea Marín Vargas,(323) 032-7821,,bogotá,Hero Hunk 160R,SIN GESTION,,Feria de Motos 2026,paula andrea marin vargas,573230327821,,bogota,whatsapp,sin gestion,2026-08-27 14:44:00,,hero hunk 160r,507,SKU-022,100.0,fuzzy,phone:573230327821,641d628f-440c-542d-8d2c-b1577328c0d6,False,,1.0,,10490000.0,,,,,False,False
LD-00508,2026-08-28 12:33:00,META ADS,EMP-03,PV-014,edinson franco giraldo,573029816697,edinson.franco51@outlook.com,Bogota,HERO DASH 110,Sin gestión,,Remate Modelos 2025,edinson franco giraldo,573029816697,edinson.franco51@outlook.com,bogota,meta ads,sin gestion,2026-08-28 12:33:00,,hero dash 110,508,SKU-024,100.0,fuzzy,phone:573029816697,ccc1c52d-1f87-5fae-b218-d7e28016bb65,True,ccc1c52d-1f87-5fae-b218-d7e28016bb65,1.0,same_phone_or_email,6290000.0,,credito,baja,precio,False,True
LD-00509,20/08/2026 07:37,WhatsApp,EMP-02,PV-008,JUAN CARLOS MOSQUERA ZAPATA,(304) 934-8199,juan.mosquera51@yahoo.es,CARTAGENA,Bajaj Dominar 400,Descartado,08/20/2026 13:37,Agosto Cero Cuotas,juan carlos mosquera zapata,573049348199,juan.mosquera51@yahoo.es,cartagena,whatsapp,descartado,2026-08-20 07:37:00,2026-08-20 13:37:00,bajaj dominar 400,509,SKU-011,100.0,fuzzy,phone:573049348199,795ca1f3-50ed-57a5-ac31-e8108c3e401c,False,,1.0,,24900000.0,,,,,False,False
LD-00510,2026-08-12 11:24:00,WhatsApp,EMP-02,PV-010,  Brayan Ospina Mosquera  , 3006290817 ,brayan.ospina38@outlook.com,Montería,Honda Navi 2026,Contactado,2026-08-13 17:24:00,,brayan ospina mosquera,573006290817,brayan.ospina38@outlook.com,monteria,whatsapp,contactado,2026-08-12 11:24:00,2026-08-13 17:24:00,honda navi 2026,510,SKU-004,100.0,fuzzy,phone:573006290817,10d0e868-7248-56c7-90f5-5e1134e75825,False,,1.0,,7290000.0,,,,,False,False
LD-00511,09-08-2026,WhatsApp,EMP-02,PV-010,  Vanessa Valencia Betancur  ,322 199 5519,,MONTERIA,Suzuki Best 125 2026,Descartado,13-08-2026,,vanessa valencia betancur,573221995519,,monteria,whatsapp,descartado,2026-08-09 00:00:00,2026-08-13 00:00:00,suzuki best 125 2026,511,SKU-016,100.0,fuzzy,phone:573221995519,02bc30b6-0622-5b32-914e-48bce2ae5cd9,False,,1.0,,6590000.0,,,,,False,False
LD-00512,04-08-2026,WhatsApp,EMP-03,PV-012,Angie Paola Agudelo Ospina,301-964-5786,angie.agudelo53@hotmail.com,Bogotá D.C.,Suzuki Best 125,Cotización enviada,04/08/2026 20:29,,angie paola agudelo ospina,573019645786,angie.agudelo53@hotmail.com,bogota,whatsapp,cotizacion enviada,2026-08-04 00:00:00,2026-08-04 20:29:00,suzuki best 125,512,SKU-016,100.0,fuzzy,phone:573019645786,ceb52090-bfbb-545f-afe6-7af5f9d1baa3,True,ceb52090-bfbb-545f-afe6-7af5f9d1baa3,1.0,same_phone_or_email,6590000.0,,,,,False,False
LD-00513,2026-09-05 13:21:00,Meta Ads,EMP-01,PV-001,Cristian Bedoya Valencia,305 365 6821,,MEDELLIN,Honda  Dio 110,En proceso,2026-09-05 15:21:00,Feria de Motos 2026,cristian bedoya valencia,573053656821,,medellin,meta ads,en proceso,2026-09-05 13:21:00,2026-09-05 15:21:00,honda dio 110,513,SKU-005,100.0,fuzzy,phone:573053656821,595d3351-3cb2-5bf4-905e-492e93b47394,False,,1.0,,6890000.0,,,,,False,False
LD-00514,2026-08-11 14:33:00,Meta Ads,EMP-01,PV-003,  Leidy Johana Herrera Ramírez  ,+57 350 0942394,,Bello,honda xr 150l,Sin gestión,,Feria de Motos 2026,leidy johana herrera ramirez,573500942394,,bello,meta ads,sin gestion,2026-08-11 14:33:00,,honda xr 150l,514,SKU-002,100.0,fuzzy,phone:573500942394,f38096b2-3348-51c1-ae9e-06b04d37e6b6,True,f38096b2-3348-51c1-ae9e-06b04d37e6b6,1.0,same_phone_or_email,11490000.0,,,,,False,False
LD-00515,2026-08-21 03:50:00,Formulario Web,EMP-02,PV-006,  Julián Mosquera Betancur  ,3511584468,,barranquilla,TTR 200,no contesta,2026-08-21T05:50:00,,julian mosquera betancur,573511584468,,barranquilla,formulario web,no contesta,2026-08-21 03:50:00,2026-08-21 05:50:00,ttr 200,515,SKU-019,100.0,exact,phone:573511584468,4615a009-f8a9-5a72-b093-c6f52c27df24,False,,1.0,,9890000.0,11290000.0,credito,media,soat,True,False
LD-00516,18/08/2026 07:31,WHATSAPP,EMP-02,PV-009,  Diana Carolina Herrera Zapata  ,(321) 002-9464,,SANTA MARTA,AKT TTR 200,En proceso,21-08-2026,Remate Modelos 2025,diana carolina herrera zapata,573210029464,,santa marta,whatsapp,en proceso,2026-08-18 07:31:00,2026-08-21 00:00:00,akt ttr 200,516,SKU-019,100.0,fuzzy,phone:573210029464,49e9f492-a14b-51e6-86d2-dfa0223b8943,True,49e9f492-a14b-51e6-86d2-dfa0223b8943,1.0,same_phone_or_email,9890000.0,7490000.0,credito,,soat,False,False
LD-00517,2026-08-03 04:32:00,WhatsApp,EMP-01,PV-001,Andrés Felipe Giraldo Franco, 3146351469 ,andres.giraldo8@outlook.com,Medellín,Honda Navi,En proceso,,,andres felipe giraldo franco,573146351469,andres.giraldo8@outlook.com,medellin,whatsapp,en proceso,2026-08-03 04:32:00,,honda navi,517,SKU-004,100.0,fuzzy,phone:573146351469,df974f05-1c81-5eda-9cc5-e0ffe1740e5d,False,,1.0,,7290000.0,,,,,False,False
LD-00518,2026-08-08 17:39:00,Formulario Web,EMP-01,PV-001,Óscar David Franco Ospina,304-400-3757,,Medellin,SUZUKI V-STROM 250,Cotización enviada,08-08-2026,,oscar david franco ospina,573044003757,,medellin,formulario web,cotizacion enviada,2026-08-08 17:39:00,2026-08-08 00:00:00,suzuki v-strom 250,518,SKU-015,100.0,fuzzy,phone:573044003757,139441ee-e398-56fc-9cb0-667a3be20e74,True,139441ee-e398-56fc-9cb0-667a3be20e74,1.0,same_phone_or_email,21900000.0,,,,,False,False
LD-00519,2026-08-21 23:01:00,Formulario Web,EMP-02,PV-010,ADRIANA VARGAS MOSQUERA,(322) 024-4583,,Monteria,Honda Dio 110,No contesta,25-08-2026,Prima Extra,adriana vargas mosquera,573220244583,,monteria,formulario web,no contesta,2026-08-21 23:01:00,2026-08-25 00:00:00,honda dio 110,519,SKU-005,100.0,fuzzy,phone:573220244583,9700350c-a631-55d3-b09b-b7460376e2c8,False,,1.0,,6890000.0,7490000.0,credito,media,soat,False,False
LD-00520,16/08/2026 12:05,WHATSAPP,EMP-01,PV-002,ALEXANDER BEDOYA JIMÉNEZ,+57 322 7110846,,Itagui,Honda CB 125F Twister,Cotización enviada,2026-08-17T00:05:00,Prima Extra,alexander bedoya jimenez,573227110846,,itagui,whatsapp,cotizacion enviada,2026-08-16 12:05:00,2026-08-17 00:05:00,honda cb 125f twister,520,SKU-001,100.0,fuzzy,phone:573227110846,4064764f-0536-5c89-b8c1-4e636962602c,False,,1.0,,7990000.0,,,,,False,False
LD-00521,2026-08-01 17:26:00,whatsapp,EMP-01,PV-004,  Marcela Hernández Ospina  ,+57 315 5167320,marcela.hernandez2@gmail.com,RIONEGRO,AKT,no contesta,02/08/2026 23:26,,marcela hernandez ospina,573155167320,marcela.hernandez2@gmail.com,rionegro,whatsapp,no contesta,2026-08-01 17:26:00,2026-08-02 23:26:00,akt,521,,28.57142857142857,unmatched,phone:573155167320,9abb99b3-d3f8-521c-bc11-fca94702cea7,False,,1.0,,,,credito,,soat,False,False
LD-00522,2026-08-16 12:43:00,Meta Ads,EMP-02,PV-010,Wilmar Valencia Rodríguez,320-516-6755,,Monteria,Honda XR 150L,contactado,2026-08-17T18:43:00,Agosto Cero Cuotas,wilmar valencia rodriguez,573205166755,,monteria,meta ads,contactado,2026-08-16 12:43:00,2026-08-17 18:43:00,honda xr 150l,522,SKU-002,100.0,fuzzy,phone:573205166755,d61c259e-d471-527a-8bdf-e6fc9a9d06a2,False,,1.0,,11490000.0,22900000.0,credito,,cuota,False,True
LD-00523,2026-08-10 04:31:00,Meta Ads,EMP-01,PV-001,Kevin Correa Agudelo,+57 317 6008768,kevin.correa97@yahoo.es,medellin,Bajaj Dominar 400,No contesta,08/10/2026 06:31,,kevin correa agudelo,573176008768,kevin.correa97@yahoo.es,medellin,meta ads,no contesta,2026-08-10 04:31:00,2026-10-08 06:31:00,bajaj dominar 400,523,SKU-011,100.0,fuzzy,phone:573176008768,d51f974e-5984-5dd9-8c7f-6a4d912d82c8,False,,1.0,,24900000.0,,,,,False,False
LD-00524,06/08/2026 18:18,Formulario Web,EMP-01,PV-004,Juan Carlos Cardona Herrera,3155449027,,RIONEGRO,Hero Hunk 160R,SIN GESTION,,Prima Extra,juan carlos cardona herrera,573155449027,,rionegro,formulario web,sin gestion,2026-08-06 18:18:00,,hero hunk 160r,524,SKU-022,100.0,fuzzy,phone:573155449027,07d37080-d042-52fb-ba5c-d959b40d2243,False,,1.0,,10490000.0,,,,,False,False
LD-00525,27/08/2026 17:16,whatsapp,EMP-01,PV-003,Erika Quintero Valencia,3026834394,erika.quintero59@hotmail.com,Bello,Hero Xpulse 200,En proceso,28/08/2026 17:16,Retoma tu moto,erika quintero valencia,573026834394,erika.quintero59@hotmail.com,bello,whatsapp,en proceso,2026-08-27 17:16:00,2026-08-28 17:16:00,hero xpulse 200,525,SKU-023,100.0,fuzzy,phone:573026834394,1b8cdb5e-673c-5b77-afff-1c33f1d034fc,True,1b8cdb5e-673c-5b77-afff-1c33f1d034fc,1.0,same_phone_or_email,14990000.0,,,,,False,False
LD-00526,2026-09-02 12:24:00,WhatsApp,EMP-03,PV-014,  Kevin Gómez Valencia  ,573013409327,kevin.gomez21@hotmail.com,BOGOTA,honda navi,Cotización enviada,09/03/2026 00:24,,kevin gomez valencia,573013409327,kevin.gomez21@hotmail.com,bogota,whatsapp,cotizacion enviada,2026-09-02 12:24:00,2026-03-09 00:24:00,honda navi,526,SKU-004,100.0,fuzzy,phone:573013409327,32eab66e-fb10-5f67-8643-72f0a6628de2,False,,1.0,,7290000.0,,,,,False,False
LD-00527,2026-08-13 18:46:00,WhatsApp,EMP-01,PV-005,Marcela Giraldo Mosquera,3146782523,marcela.giraldo96@gmail.com,Medellin,Heroo Xpulse 200,Contactado,2026-08-13T20:46:00,Feria de Motos 2026,marcela giraldo mosquera,573146782523,marcela.giraldo96@gmail.com,medellin,whatsapp,contactado,2026-08-13 18:46:00,2026-08-13 20:46:00,heroo xpulse 200,527,SKU-023,100.0,fuzzy,phone:573146782523,b4358dfd-2639-58ee-a5d8-e2fdc7169300,False,,1.0,,14990000.0,,,,,False,False
LD-00528,06/08/2026 17:11,WhatsApp,EMP-03,PV-014,andres felipe herrera valencia,313 387 4980,,,Bajaj,Sin gestión,,,andres felipe herrera valencia,573133874980,,,whatsapp,sin gestion,2026-08-06 17:11:00,,bajaj,528,,22.22222222222223,unmatched,phone:573133874980,8b1951d5-cd3b-5e08-976b-2125b4e954a7,True,8b1951d5-cd3b-5e08-976b-2125b4e954a7,1.0,same_phone_or_email,,,,,,False,False
LD-00529,06/09/2026 00:15,WhatsApp,EMP-02,PV-009,  María Fernanda Rodríguez Torres  ,+57 314 9282270,maria.rodriguez56@hotmail.com,Sta Marta,Honda XRE 300,Contactado,2026-09-06 01:15:00,Agosto Cero Cuotas,maria fernanda rodriguez torres,573149282270,maria.rodriguez56@hotmail.com,santa marta,whatsapp,contactado,2026-09-06 00:15:00,2026-09-06 01:15:00,honda xre 300,529,SKU-006,100.0,fuzzy,phone:573149282270,ad3ad314-50e5-54c9-8c3e-37bc13d7b9e0,False,,1.0,,22900000.0,21900000.0,credito,,soat,False,False
LD-00530,2026-08-24 22:37:00,Meta Ads,EMP-01,PV-004,  Andrés Felipe Restrepo Betancur  ,3133362741,andres.restrepo27@hotmail.com,Rionegro,Suzuki V-Strom 250,Cotización enviada,2026-08-25 22:37:00,Prima Extra,andres felipe restrepo betancur,573133362741,andres.restrepo27@hotmail.com,rionegro,meta ads,cotizacion enviada,2026-08-24 22:37:00,2026-08-25 22:37:00,suzuki v-strom 250,530,SKU-015,100.0,fuzzy,phone:573133362741,6bb67599-ee19-51bd-a3d4-c1a927b761fa,False,,1.0,,21900000.0,24900000.0,credito,,cuota,False,True
LD-00531,2026-08-07 03:59:00,Meta Ads,EMP-02,PV-008,Juan Carlos Rodríguez Franco,(322) 825-1412,juan.rodriguez71@gmail.com,Cartagena de Indias,honda navi,contactado,07/08/2026 07:59,Agosto Cero Cuotas,juan carlos rodriguez franco,573228251412,juan.rodriguez71@gmail.com,cartagena de indias,meta ads,contactado,2026-08-07 03:59:00,2026-08-07 07:59:00,honda navi,531,SKU-004,100.0,fuzzy,phone:573228251412,1ea2c0fc-182e-5495-9726-6ab8f3d8f516,False,,1.0,,7290000.0,,,,,False,False
LD-00532,23/08/2026 06:06,WhatsApp,EMP-01,PV-005,Camilo Vargas Zapata,3517833718,,Medellín,Hero Eco Deluxe 100 2026,contactado,26-08-2026,Retoma tu moto,camilo vargas zapata,573517833718,,medellin,whatsapp,contactado,2026-08-23 06:06:00,2026-08-26 00:00:00,hero eco deluxe 100 2026,532,SKU-021,100.0,fuzzy,phone:573517833718,0f86f93c-16da-510b-b29d-827edd91cf13,False,,1.0,,4990000.0,,credito,media,soat,False,False
LD-00533,2026-09-06T10:59:00,Meta Ads,EMP-01,PV-004,HÉCTOR RAMÍREZ MUÑOZ,3018505630,,Rionegro,Honda Navi,Contactado,2026-09-10T10:59:00,Agosto Cero Cuotas,hector ramirez munoz,573018505630,,rionegro,meta ads,contactado,2026-09-06 10:59:00,2026-09-10 10:59:00,honda navi,533,SKU-004,100.0,fuzzy,phone:573018505630,aed14edc-1ac6-57ca-bb87-32552fe4ff77,False,,1.0,,7290000.0,,credito,baja,precio,False,True
LD-00534,02-09-2026,WhatsApp,EMP-01,PV-004,Luisa Torres Arias,+57 323 8809828,luisa.torres73@outlook.com,RIONEGRO,bajaj discover 125,Contactado,2026-09-03T03:47:00,Remate Modelos 2025,luisa torres arias,573238809828,luisa.torres73@outlook.com,rionegro,whatsapp,contactado,2026-09-02 00:00:00,2026-09-03 03:47:00,bajaj discover 125,534,SKU-012,100.0,fuzzy,phone:573238809828,54dc2afb-1f7f-5e23-9ddb-ac64b22252e1,False,,1.0,,6990000.0,13990000.0,credito,,soat,False,False
LD-00535,2026-08-17 05:08:00,WHATSAPP,EMP-02,PV-006,JULIÁN BEDOYA RAMÍREZ,573516557864,julian.bedoya92@hotmail.com,B/quilla,Honda Navi,En proceso,2026-08-17 11:08:00,Feria de Motos 2026,julian bedoya ramirez,573516557864,julian.bedoya92@hotmail.com,b/quilla,whatsapp,en proceso,2026-08-17 05:08:00,2026-08-17 11:08:00,honda navi,535,SKU-004,100.0,fuzzy,phone:573516557864,15a10343-7bbf-5452-bf9c-fdd0ece35de4,False,,1.0,,7290000.0,,credito,,cuota,False,False
LD-00536,2026-08-18T14:57:00,Formulario Web,EMP-03,PV-014,Juan Carlos Franco Restrepo,3502240587,,bogotá,AKT TTR 200,En proceso,19/08/2026 14:57,,juan carlos franco restrepo,573502240587,,bogota,formulario web,en proceso,2026-08-18 14:57:00,2026-08-19 14:57:00,akt ttr 200,536,SKU-019,100.0,fuzzy,phone:573502240587,28a6f2c4-e298-54ad-aeff-d0ca0e7dc575,False,,1.0,,9890000.0,6990000.0,credito,media,cuota,False,True
LD-00537,2026-08-26T15:26:00,Meta Ads,EMP-02,PV-006,Yesenia Ramírez Hernández,3016165221,,barranquilla,Heroo Dash 110,Sin gestión,,,yesenia ramirez hernandez,573016165221,,barranquilla,meta ads,sin gestion,2026-08-26 15:26:00,,heroo dash 110,537,SKU-024,100.0,fuzzy,phone:573016165221,282d67fb-0ebc-5f9d-9786-f4fa33a57988,False,,1.0,,6290000.0,,,,,False,False
LD-00538,2026-08-19 17:25:00,Meta Ads,EMP-03,PV-014,Carlos Mario Escobar Gómez,320-919-6079,carlos.escobar51@hotmail.com,,,Cotización enviada,08/19/2026 21:25,Agosto Cero Cuotas,carlos mario escobar gomez,573209196079,carlos.escobar51@hotmail.com,,meta ads,cotizacion enviada,2026-08-19 17:25:00,2026-08-19 21:25:00,,538,,0.0,none,phone:573209196079,23f5252f-5731-5b0d-a19a-cff1dcc26a16,True,23f5252f-5731-5b0d-a19a-cff1dcc26a16,1.0,same_phone_or_email,,,,,,False,False
LD-00539,2026-08-09 19:40:00,WhatsApp,EMP-03,PV-012,YESENIA QUINTERO CORREA,3057179760,yesenia.quintero93@hotmail.com,Bogota DC,Hero Hunk 160R,Sin gestión,,,yesenia quintero correa,573057179760,yesenia.quintero93@hotmail.com,bogota dc,whatsapp,sin gestion,2026-08-09 19:40:00,,hero hunk 160r,539,SKU-022,100.0,fuzzy,phone:573057179760,c02462ed-8f21-5997-9152-79f3dbe9c150,False,,1.0,,10490000.0,,,,,False,False
LD-00540,2026-08-07 20:50:00,WhatsApp,EMP-01,PV-001,Yesenia Bedoya Valencia,3105751796,yesenia.bedoya93@yahoo.es,MEDELLIN,AKT  NKD 125,SIN GESTION,,,yesenia bedoya valencia,573105751796,yesenia.bedoya93@yahoo.es,medellin,whatsapp,sin gestion,2026-08-07 20:50:00,,akt nkd 125,540,SKU-017,100.0,fuzzy,phone:573105751796,fb079544-02e5-5bd1-b4e4-19e1a23d4bd6,False,,1.0,,5290000.0,7290000.0,credito,,cuota,False,True
LD-00541,2026-08-14 02:42:00,Meta Ads,EMP-01,PV-003,Fabián Franco Pérez,(314) 399-7537,fabian.franco70@hotmail.com,bello,,Cotización enviada,2026-08-14 03:42:00,Remate Modelos 2025,fabian franco perez,573143997537,fabian.franco70@hotmail.com,bello,meta ads,cotizacion enviada,2026-08-14 02:42:00,2026-08-14 03:42:00,,541,,0.0,none,phone:573143997537,d25d7a2a-5935-5b34-9d9c-bfc602c18602,False,,1.0,,,,,,,False,False
LD-00542,2026-09-08 21:28:00,WhatsApp,EMP-01,PV-003,  Héctor Betancur Pérez  ,320 153 1526,hector.betancur67@gmail.com,Bello,honda xr 150l,Cotización enviada,10/09/2026 03:28,,hector betancur perez,573201531526,hector.betancur67@gmail.com,bello,whatsapp,cotizacion enviada,2026-09-08 21:28:00,2026-09-10 03:28:00,honda xr 150l,542,SKU-002,100.0,fuzzy,phone:573201531526,5bd46b3e-f5ac-5025-9656-89ef1a9c6ae3,False,,1.0,,11490000.0,6990000.0,credito,,cuota,False,True
LD-00543,2026-08-22 03:36:00,whatsapp,EMP-03,PV-013,Claudia Patricia Ramírez Rodríguez,+57 310 3409605,,Bogotá,hero dash 110,SIN GESTION,,Prima Extra,claudia patricia ramirez rodriguez,573103409605,,bogota,whatsapp,sin gestion,2026-08-22 03:36:00,,hero dash 110,543,SKU-024,100.0,fuzzy,phone:573103409605,5072f84b-8ee8-5182-91ce-9441b114b0e8,False,,1.0,,6290000.0,7990000.0,credito,media,cuota,False,True
LD-00544,11/08/2026 01:04,Meta Ads,EMP-01,PV-001,Juan Carlos Bedoya Betancur,322 502 7941,,Medellin,Suzuki V-Strom,Descartado,11/08/2026 07:04,Remate Modelos 2025,juan carlos bedoya betancur,573225027941,,medellin,meta ads,descartado,2026-08-11 01:04:00,2026-08-11 07:04:00,suzuki v-strom,544,,77.77777777777777,unmatched,phone:573225027941,121bfac3-730e-593e-8f22-b8d3cb509f94,False,,1.0,,,22900000.0,credito,baja,precio,False,True
LD-00545,08/12/2026 07:11,Meta Ads,EMP-02,PV-009,Yuliana Castaño Gómez,3513415013,yuliana.castano95@hotmail.com,Sta Marta,Bajaj Dominar,No contesta,,Remate Modelos 2025,yuliana castano gomez,573513415013,yuliana.castano95@hotmail.com,santa marta,meta ads,no contesta,2026-12-08 07:11:00,,bajaj dominar,545,,77.77777777777777,unmatched,phone:573513415013,d116fc52-dddb-598c-9fc9-39f10447feb5,False,,1.0,,,,,,,False,False
LD-00546,06/08/2026 20:11,Meta Ads,EMP-01,PV-003,Héctor Valencia Correa,304-833-4327,hector.valencia86@outlook.com,BELLO,Bajai Dominar 400,Cotización enviada,07-08-2026,Retoma tu moto,hector valencia correa,573048334327,hector.valencia86@outlook.com,bello,meta ads,cotizacion enviada,2026-08-06 20:11:00,2026-08-07 00:00:00,bajai dominar 400,546,SKU-011,100.0,fuzzy,phone:573048334327,723a1041-105d-5167-8f9a-d65e8a7b64f1,False,,1.0,,24900000.0,,,,,False,False
LD-00547,2026-09-03 21:18:00,WhatsApp,EMP-01,PV-003,Juan Carlos Pérez Mosquera,3101253089,juan.perez71@yahoo.es,bello,HERO ECO DELUXE 100,No contesta,05/09/2026 03:18,Agosto Cero Cuotas,juan carlos perez mosquera,573101253089,juan.perez71@yahoo.es,bello,whatsapp,no contesta,2026-09-03 21:18:00,2026-09-05 03:18:00,hero eco deluxe 100,547,SKU-021,100.0,fuzzy,phone:573101253089,41b7a6d5-9449-5be1-8349-ebe986ff9175,False,,1.0,,4990000.0,,credito,baja,precio,False,True
LD-00548,2026-08-10 12:28:00,WhatsApp,EMP-03,PV-015,Sebastián Jiménez Herrera, 3133470975 ,sebastian.jimenez68@outlook.com,SOACHA,CB 190R,En proceso,2026-08-10T18:28:00,Feria de Motos 2026,sebastian jimenez herrera,573133470975,sebastian.jimenez68@outlook.com,soacha,whatsapp,en proceso,2026-08-10 12:28:00,2026-08-10 18:28:00,cb 190r,548,SKU-003,100.0,exact,phone:573133470975,30bd60f9-06ac-5a4e-b524-c0aa2e71831f,False,,1.0,,13990000.0,,,,,False,False
LD-00549,2026-08-17 09:28:00,WhatsApp,EMP-01,PV-005,  Yuliana Marín Franco  ,311 177 8734,,medellin,SUZUKI BEST 125,Cotización enviada,2026-08-17 21:28:00,,yuliana marin franco,573111778734,,medellin,whatsapp,cotizacion enviada,2026-08-17 09:28:00,2026-08-17 21:28:00,suzuki best 125,549,SKU-016,100.0,fuzzy,phone:573111778734,93a3e51b-4473-5973-b808-2a2e48cba953,False,,1.0,,6590000.0,14990000.0,credito,,cuota,False,True
LD-00550,10-08-2026,Meta Ads,EMP-01,PV-001,Wilmar Bedoya Correa,+57 317 8962957,wilmar.bedoya43@outlook.com,Medellín ,Honda Navi 2026,Cotización enviada,08/11/2026 16:31,Feria de Motos 2026,wilmar bedoya correa,573178962957,wilmar.bedoya43@outlook.com,medellin,meta ads,cotizacion enviada,2026-08-10 00:00:00,2026-11-08 16:31:00,honda navi 2026,550,SKU-004,100.0,fuzzy,phone:573178962957,c43fbf1d-1cb3-572b-909f-3292fc66052d,False,,1.0,,7290000.0,,,,,False,False
LD-00551,14/08/2026 22:25,WhatsApp,EMP-02,PV-009,  Sandra Milena Londoño Ospina  ,(301) 356-9255,,Sta Marta,Honda Dio 110 2026,En proceso,2026-08-15T04:25:00,,sandra milena londono ospina,573013569255,,santa marta,whatsapp,en proceso,2026-08-14 22:25:00,2026-08-15 04:25:00,honda dio 110 2026,551,SKU-005,100.0,fuzzy,phone:573013569255,6debe319-3d3e-58cf-80eb-b63c76a7df62,False,,1.0,,6890000.0,,,,,False,False
LD-00552,08/30/2026 07:18,WhatsApp,EMP-02,PV-010,Andrés Felipe Quintero Mosquera,3175868264,,Montería,Honda Dio 110,Cotización enviada,2026-09-01T07:18:00,Retoma tu moto,andres felipe quintero mosquera,573175868264,,monteria,whatsapp,cotizacion enviada,2026-08-30 07:18:00,2026-09-01 07:18:00,honda dio 110,552,SKU-005,100.0,fuzzy,phone:573175868264,a03d6f99-6f70-55a6-a207-83bda1345b0e,False,,1.0,,6890000.0,,credito,,soat,False,False
LD-00553,2026-08-04 06:22:00,WhatsApp,EMP-01,PV-004,Luisa Bedoya Castaño,3111607710,luisa.bedoya14@yahoo.es,Rionegro,CB 190R,En proceso,2026-08-06T06:22:00,,luisa bedoya castano,573111607710,luisa.bedoya14@yahoo.es,rionegro,whatsapp,en proceso,2026-08-04 06:22:00,2026-08-06 06:22:00,cb 190r,553,SKU-003,100.0,exact,phone:573111607710,59bc22a5-ccde-5abe-b8fb-0beeb2c24607,True,59bc22a5-ccde-5abe-b8fb-0beeb2c24607,1.0,same_phone_or_email,13990000.0,,credito,,soat,False,False
LD-00554,2026-08-11 19:08:00,WhatsApp,EMP-03,PV-012,Héctor Zapata Vargas,310 740 7219,hector.zapata34@hotmail.com,Bogota,Bajaj,SIN GESTION,,Agosto Cero Cuotas,hector zapata vargas,573107407219,hector.zapata34@hotmail.com,bogota,whatsapp,sin gestion,2026-08-11 19:08:00,,bajaj,554,,22.22222222222223,unmatched,phone:573107407219,b3731163-e37c-5644-8b11-e71bf3dd7228,False,,1.0,,,,,,,False,False
LD-00555,03/08/2026 00:31,WhatsApp,EMP-02,PV-009,Alexander Mosquera Giraldo, 3182978207 ,,Santa Marta,akt dynamic r3 125,Sin gestión,,Retoma tu moto,alexander mosquera giraldo,573182978207,,santa marta,whatsapp,sin gestion,2026-08-03 00:31:00,,akt dynamic r3 125,555,SKU-018,100.0,fuzzy,phone:573182978207,eaaa1911-77b9-5ac1-83fd-1ff4f6d3dc41,True,eaaa1911-77b9-5ac1-83fd-1ff4f6d3dc41,1.0,same_phone_or_email,5590000.0,,,,,False,False
LD-00556,19/08/2026 00:19,WhatsApp,EMP-02,PV-008,FABIÁN HERRERA OSPINA,3200786397,fabian.herrera79@gmail.com,Cartagena de Indias,Dio 110,Sin gestión,,Agosto Cero Cuotas,fabian herrera ospina,573200786397,fabian.herrera79@gmail.com,cartagena de indias,whatsapp,sin gestion,2026-08-19 00:19:00,,dio 110,556,SKU-005,100.0,exact,phone:573200786397,ab987b08-fe30-55ab-b1f0-6f86e1ef8122,False,,1.0,,6890000.0,,credito,,soat,False,False
LD-00557,22-08-2026,WHATSAPP,EMP-03,PV-012,Natalia Betancur Bedoya,3205279822,natalia.betancur5@outlook.com,Bogotá D.C.,Honda,Contactado,,Prima Extra,natalia betancur bedoya,573205279822,natalia.betancur5@outlook.com,bogota,whatsapp,contactado,2026-08-22 00:00:00,,honda,557,,44.44444444444444,unmatched,phone:573205279822,5491475f-46c3-5558-8fb4-3c4d1048660a,False,,1.0,,,,,,,False,False
LD-00558,05/08/2026 22:36,WhatsApp,EMP-03,PV-014,Héctor Ramírez Bedoya,351 175 9608,,Bogota DC,bajaj pulsar ns 160,En proceso,08/09/2026 22:36,Agosto Cero Cuotas,hector ramirez bedoya,573511759608,,bogota dc,whatsapp,en proceso,2026-08-05 22:36:00,2026-09-08 22:36:00,bajaj pulsar ns 160,558,SKU-009,100.0,fuzzy,phone:573511759608,3c8ec904-2fcf-5344-8484-2bc74335e82c,True,3c8ec904-2fcf-5344-8484-2bc74335e82c,1.0,same_phone_or_email,11290000.0,11290000.0,credito,,soat,False,False
LD-00559,08/25/2026 11:26,WhatsApp,EMP-03,PV-013,  Sebastián Giraldo Londoño  , 3166005661 ,,Bogotá D.C.,suzuki v-strom 250,Cotización enviada,2026-08-25T12:26:00,Remate Modelos 2025,sebastian giraldo londono,573166005661,,bogota,whatsapp,cotizacion enviada,2026-08-25 11:26:00,2026-08-25 12:26:00,suzuki v-strom 250,559,SKU-015,100.0,fuzzy,phone:573166005661,a014c366-a600-5c39-b664-0d28b273dc26,False,,1.0,,21900000.0,,,,,False,False
LD-00560,31/08/2026 00:25,WhatsApp,EMP-02,PV-009,Brayan Arias Muñoz,3223562115,brayan.arias25@gmail.com,SANTA MARTA,Honda XR 150L,SIN GESTION,,Retoma tu moto,brayan arias munoz,573223562115,brayan.arias25@gmail.com,santa marta,whatsapp,sin gestion,2026-08-31 00:25:00,,honda xr 150l,560,SKU-002,100.0,fuzzy,phone:573223562115,4d672308-a377-5d70-95bf-d4249170215d,False,,1.0,,11490000.0,,,,,False,False
LD-00561,2026-08-24 06:40:00,Formulario Web,EMP-03,PV-015,Sebastián Escobar Restrepo,3027727314,sebastian.escobar62@yahoo.es,SOACHA,suzuki gixxer 150,Cotización enviada,25/08/2026 06:40,,sebastian escobar restrepo,573027727314,sebastian.escobar62@yahoo.es,soacha,formulario web,cotizacion enviada,2026-08-24 06:40:00,2026-08-25 06:40:00,suzuki gixxer 150,561,SKU-014,100.0,fuzzy,phone:573027727314,f8650725-b797-5026-8298-c5b403b6ae55,False,,1.0,,11990000.0,7990000.0,credito,media,cuota,False,True
LD-00562,2026-08-29 10:13:00,Formulario Web,EMP-01,PV-002,Sebastián Correa Franco,+57 320 5551680,,ITAGUI,,contactado,2026-08-30T10:13:00,Retoma tu moto,sebastian correa franco,573205551680,,itagui,formulario web,contactado,2026-08-29 10:13:00,2026-08-30 10:13:00,,562,,0.0,none,phone:573205551680,4afe68dd-6099-5ae9-b11a-8a2b2c8d6408,False,,1.0,,,,,,,False,False
LD-00563,06/08/2026 21:15,WhatsApp,EMP-02,PV-008,Natalia Arias Zapata,573021363535,,Cartagena,bajaj pulsar ns 160,Cotización enviada,2026-08-07 09:15:00,Feria de Motos 2026,natalia arias zapata,573021363535,,cartagena,whatsapp,cotizacion enviada,2026-08-06 21:15:00,2026-08-07 09:15:00,bajaj pulsar ns 160,563,SKU-009,100.0,fuzzy,phone:573021363535,2a2bb093-2f58-5baf-a4aa-a4702d3c65bc,False,,1.0,,11290000.0,,credito,,soat,False,False
LD-00564,2026-08-21T16:29:00,Formulario Web,EMP-03,PV-011,Andrés Felipe Ramírez Londoño,(322) 164-3180,andres.ramirez6@gmail.com,,Honda CB 190R,Descartado,22/08/2026 04:29,Feria de Motos 2026,andres felipe ramirez londono,573221643180,andres.ramirez6@gmail.com,,formulario web,descartado,2026-08-21 16:29:00,2026-08-22 04:29:00,honda cb 190r,564,SKU-003,100.0,fuzzy,phone:573221643180,65c118aa-529e-5ed9-a201-39bfe5df360d,True,65c118aa-529e-5ed9-a201-39bfe5df360d,1.0,same_phone_or_email,13990000.0,,,,,False,False
LD-00565,2026-08-14T07:29:00,WhatsApp,EMP-03,PV-012,Fabián Mosquera Londoño,3164638297,,Bogotá,Suzuki Best 125,No contesta,14-08-2026,,fabian mosquera londono,573164638297,,bogota,whatsapp,no contesta,2026-08-14 07:29:00,2026-08-14 00:00:00,suzuki best 125,565,SKU-016,100.0,fuzzy,phone:573164638297,18e1d4d3-fc27-5774-af75-1ad6c8ba0482,True,18e1d4d3-fc27-5774-af75-1ad6c8ba0482,1.0,same_phone_or_email,6590000.0,,,,,False,False
LD-00566,2026-08-17 23:42:00,Meta Ads,EMP-03,PV-015,Wilmar Agudelo Rodríguez,3055585705,wilmar.agudelo16@hotmail.com,Soacha,AKT TTR,Contactado,2026-08-18 11:42:00,Prima Extra,wilmar agudelo rodriguez,573055585705,wilmar.agudelo16@hotmail.com,soacha,meta ads,contactado,2026-08-17 23:42:00,2026-08-18 11:42:00,akt ttr,566,,60.0,unmatched,phone:573055585705,4d026c84-02b4-51e4-9d30-499f2e165a60,False,,1.0,,,,,,,False,False
LD-00567,04/09/2026 15:57,WhatsApp,EMP-03,PV-014,Diana Carolina Gómez Zapata,3179005614,,BOGOTA,Dynamic R3 125,sin gestion,,Prima Extra,diana carolina gomez zapata,573179005614,,bogota,whatsapp,sin gestion,2026-09-04 15:57:00,,dynamic r3 125,567,SKU-018,100.0,exact,phone:573179005614,8cc22bf1-c1f6-5672-a688-7ac8a9bdfca1,False,,1.0,,5590000.0,,,,,False,False
LD-00568,15/08/2026 03:01,WhatsApp,EMP-03,PV-014,  Duván Muñoz Franco  ,3104701433,,Bogotá,Suzuki Best 125,Contactado,15/08/2026 07:01,,duvan munoz franco,573104701433,,bogota,whatsapp,contactado,2026-08-15 03:01:00,2026-08-15 07:01:00,suzuki best 125,568,SKU-016,100.0,fuzzy,phone:573104701433,d43e23d7-28b3-5296-a561-43eaba8ceeeb,False,,1.0,,6590000.0,,,,,False,False
LD-00569,2026-08-27 09:44:00,WhatsApp,EMP-01,PV-004,  Kevin Pérez Ospina  ,+57 317 5811171,,Rio Negro,,Descartado,08/27/2026 11:44,,kevin perez ospina,573175811171,,rio negro,whatsapp,descartado,2026-08-27 09:44:00,2026-08-27 11:44:00,,569,,0.0,none,phone:573175811171,86623957-4d5f-5f39-aaea-48006193d67d,False,,1.0,,,,,,,False,False
LD-00570,09/09/2026 15:13,Formulario Web,EMP-01,PV-004,Alexander Escobar Restrepo, 3237189340 ,alexander.escobar58@yahoo.es,Rionegro,SUZUKI GN 125,contactado,09/09/2026 19:13,,alexander escobar restrepo,573237189340,alexander.escobar58@yahoo.es,rionegro,formulario web,contactado,2026-09-09 15:13:00,2026-09-09 19:13:00,suzuki gn 125,570,SKU-013,100.0,fuzzy,phone:573237189340,92827057-6c86-5e0e-a906-fa748f79fd80,False,,1.0,,7490000.0,9890000.0,credito,media,cuota,False,True
LD-00571,04-08-2026,Meta Ads,EMP-03,PV-015,ERIKA GÓMEZ ESCOBAR,+57 315 0526691,,SOACHA,AKT NKD 125,no contesta,08/04/2026 02:59,Prima Extra,erika gomez escobar,573150526691,,soacha,meta ads,no contesta,2026-08-04 00:00:00,2026-04-08 02:59:00,akt nkd 125,571,SKU-017,100.0,fuzzy,phone:573150526691,8d21cfd8-8362-5619-8eff-85ad3c5ac344,False,,1.0,,5290000.0,7990000.0,credito,,cuota,False,True
LD-00572,2026-08-12 19:59:00,Formulario Web,EMP-02,PV-010,Vanessa Osorio Cardona,3174476202,vanessa.osorio78@hotmail.com,Montería,bajaj pulsar ns 125,Contactado,2026-08-14T19:59:00,Feria de Motos 2026,vanessa osorio cardona,573174476202,vanessa.osorio78@hotmail.com,monteria,formulario web,contactado,2026-08-12 19:59:00,2026-08-14 19:59:00,bajaj pulsar ns 125,572,SKU-008,100.0,fuzzy,phone:573174476202,c95d3095-6cf4-5221-b00c-ec69f8e97fca,False,,1.0,,8990000.0,,,,,False,False
LD-00573,2026-08-31 09:52:00,WhatsApp,EMP-01,PV-002,Brayan Escobar Osorio,302 793 8207,,Itagüí,Honda Dio 110,No contesta,2026-08-31T21:52:00,Agosto Cero Cuotas,brayan escobar osorio,573027938207,,itagui,whatsapp,no contesta,2026-08-31 09:52:00,2026-08-31 21:52:00,honda dio 110,573,SKU-005,100.0,fuzzy,phone:573027938207,808acd9a-dc63-50e4-9534-39aacda9b0d6,False,,1.0,,6890000.0,,credito,,soat,True,False
LD-00574,2026-08-02 11:05:00,META ADS,EMP-02,PV-010,luisa betancur bedoya,3108016216,,MONTERIA,Honda Navi,No contesta,03/08/2026 05:05,Feria de Motos 2026,luisa betancur bedoya,573108016216,,monteria,meta ads,no contesta,2026-08-02 11:05:00,2026-08-03 05:05:00,honda navi,574,SKU-004,100.0,fuzzy,phone:573108016216,1b49f561-581c-5e8e-9125-ad8edec57e59,True,1b49f561-581c-5e8e-9125-ad8edec57e59,1.0,same_phone_or_email,7290000.0,11290000.0,credito,,cuota,False,True
LD-00575,2026-08-12 23:16:00,WHATSAPP,EMP-02,PV-010,Juan Carlos Ospina Valencia,(318) 496-6790,juan.ospina56@yahoo.es,MONTERIA,AKT TTR 200 2026,Descartado,16-08-2026,Feria de Motos 2026,juan carlos ospina valencia,573184966790,juan.ospina56@yahoo.es,monteria,whatsapp,descartado,2026-08-12 23:16:00,2026-08-16 00:00:00,akt ttr 200 2026,575,SKU-019,100.0,fuzzy,phone:573184966790,9d25fcee-a3e5-526f-8464-f0f3bf4bd431,False,,1.0,,9890000.0,,,,,False,False
LD-00576,11-08-2026,WhatsApp,EMP-01,PV-004,C. Agudelo Arias,3170478484,,RIONEGRO,,Descartado,08/11/2026 23:22,Feria de Motos 2026,c. agudelo arias,573170478484,,rionegro,whatsapp,descartado,2026-08-11 00:00:00,2026-11-08 23:22:00,,576,,0.0,none,phone:573170478484,e0db772e-1f3f-5506-a1e4-cbb1d4188178,True,e0db772e-1f3f-5506-a1e4-cbb1d4188178,1.0,same_phone_or_email,,,,,,False,False
LD-00577,09/08/2026 12:29,Meta Ads,EMP-03,PV-013,  Freddy Correa Pérez  ,573507587559,freddy.correa48@yahoo.es,Bogotá,Bajaj Boxer,Cotización enviada,09/08/2026 16:29,Prima Extra,freddy correa perez,573507587559,freddy.correa48@yahoo.es,bogota,meta ads,cotizacion enviada,2026-08-09 12:29:00,2026-08-09 16:29:00,bajaj boxer,577,,62.5,unmatched,phone:573507587559,936a6260-5108-58b8-aa80-ada8025417af,False,,1.0,,,,,,,False,False
LD-00578,05/08/2026 20:50,WhatsApp,EMP-02,PV-007,Erika Arias Correa,3020831776,,SOLEDAD,Honda,Sin gestión,,,erika arias correa,573020831776,,soledad,whatsapp,sin gestion,2026-08-05 20:50:00,,honda,578,,44.44444444444444,unmatched,phone:573020831776,dfc2df19-d5b5-5f2c-a37c-5db16596a50e,False,,1.0,,,6890000.0,credito,media,soat,False,False
LD-00579,19-08-2026,Meta Ads,EMP-02,PV-007,H. Vargas Castaño, 3215461770 ,hector.vargas57@hotmail.com,Soledad,Gixxer 150,sin gestion,,,h. vargas castano,573215461770,hector.vargas57@hotmail.com,soledad,meta ads,sin gestion,2026-08-19 00:00:00,,gixxer 150,579,SKU-014,100.0,exact,phone:573215461770,1cd227b9-8f44-56ab-9681-026c616e8487,True,1cd227b9-8f44-56ab-9681-026c616e8487,1.0,same_phone_or_email,11990000.0,,,,,False,False
LD-00580,2026-08-11 13:42:00,Formulario Web,EMP-01,PV-003,  Juan Carlos Castaño Giraldo  ,(304) 978-1975,,,Suzuki  V-Strom 250,sin gestion,,Agosto Cero Cuotas,juan carlos castano giraldo,573049781975,,,formulario web,sin gestion,2026-08-11 13:42:00,,suzuki v-strom 250,580,SKU-015,100.0,fuzzy,phone:573049781975,d0b40fb4-abab-567e-96be-abfc1d7aba91,False,,1.0,,21900000.0,,credito,media,precio,False,True
LD-00581,25/08/2026 10:08,Meta Ads,EMP-02,PV-009,Marcela Gómez Gómez,573029899346,,Sta Marta,AKT TTR 200,Cotización enviada,26/08/2026 16:08,Prima Extra,marcela gomez gomez,573029899346,,santa marta,meta ads,cotizacion enviada,2026-08-25 10:08:00,2026-08-26 16:08:00,akt ttr 200,581,SKU-019,100.0,fuzzy,phone:573029899346,817284dc-d605-5564-a9ab-74e6bba94477,True,817284dc-d605-5564-a9ab-74e6bba94477,1.0,same_phone_or_email,9890000.0,,,,,False,False
LD-00582,2026-08-25 07:59:00,WhatsApp,EMP-01,PV-004,Erika Jiménez,313 969 0640,,Rio Negro,AKT  NKD 125,En proceso,25/08/2026 13:59,Prima Extra,erika jimenez,573139690640,,rio negro,whatsapp,en proceso,2026-08-25 07:59:00,2026-08-25 13:59:00,akt nkd 125,582,SKU-017,100.0,fuzzy,phone:573139690640,38ed3f66-2d7c-5ee7-b4c8-7b156f9ba5b3,True,38ed3f66-2d7c-5ee7-b4c8-7b156f9ba5b3,1.0,same_phone_or_email,5290000.0,,,,,False,False
LD-00583,22/08/2026 02:25,WhatsApp,EMP-02,PV-008,Natalia Agudelo Giraldo,3187559471,natalia.agudelo48@yahoo.es,Cartagena,Honda  XRE 300,Contactado,26/08/2026 02:25,Prima Extra,natalia agudelo giraldo,573187559471,natalia.agudelo48@yahoo.es,cartagena,whatsapp,contactado,2026-08-22 02:25:00,2026-08-26 02:25:00,honda xre 300,583,SKU-006,100.0,fuzzy,phone:573187559471,cc2099bf-780b-50d3-ac3d-d0d02d2924b1,False,,1.0,,22900000.0,,,,,False,False
LD-00584,12-08-2026,WhatsApp,EMP-01,PV-001,Jhon Jairo Quintero Jiménez,3059611384,jhon.quintero41@outlook.com,Medellín,Hnda CB 190R,Descartado,2026-08-14T15:45:00,,jhon jairo quintero jimenez,573059611384,jhon.quintero41@outlook.com,medellin,whatsapp,descartado,2026-08-12 00:00:00,2026-08-14 15:45:00,hnda cb 190r,584,SKU-003,100.0,fuzzy,phone:573059611384,d9bb84da-78cd-5828-949b-90b9d9706785,False,,1.0,,13990000.0,8990000.0,credito,,soat,False,False
LD-00585,30/08/2026 11:17,Formulario Web,EMP-02,PV-009,Erika Ospina Valencia,3219533941,erika.ospina26@hotmail.com,Sta Marta,Hero  Eco Deluxe 100,En proceso,30/08/2026 13:17,Feria de Motos 2026,erika ospina valencia,573219533941,erika.ospina26@hotmail.com,santa marta,formulario web,en proceso,2026-08-30 11:17:00,2026-08-30 13:17:00,hero eco deluxe 100,585,SKU-021,100.0,fuzzy,phone:573219533941,cd5ecb23-56f5-5faa-9781-336648272dee,False,,1.0,,4990000.0,,,,,False,False
LD-00586,2026-09-02 21:20:00,meta ads,EMP-01,PV-004,Andrés Felipe Valencia Herrera,3200414430,,Rionegro,Hero Dash 110,Cotización enviada,05/09/2026 21:20,,andres felipe valencia herrera,573200414430,,rionegro,meta ads,cotizacion enviada,2026-09-02 21:20:00,2026-09-05 21:20:00,hero dash 110,586,SKU-024,100.0,fuzzy,phone:573200414430,922bf76c-16b5-5ba5-b7ee-d739c7ce214f,False,,1.0,,6290000.0,,,,,False,False
LD-00587,2026-08-06 16:18:00,Meta Ads,EMP-01,PV-001,LEIDY JOHANA PÉREZ ARIAS, 3022864572 ,leidy.perez35@hotmail.com,Medellín ,HONDA CB 125F TWISTER,Sin gestión,,,leidy johana perez arias,573022864572,leidy.perez35@hotmail.com,medellin,meta ads,sin gestion,2026-08-06 16:18:00,,honda cb 125f twister,587,SKU-001,100.0,fuzzy,phone:573022864572,a129e1d2-b75c-5a48-a1e2-6f24a622d16a,False,,1.0,,7990000.0,5590000.0,credito,media,soat,False,False
LD-00588,06/09/2026 01:02,WhatsApp,EMP-01,PV-003,Claudia Patricia Pérez Restrepo,305-204-2384,claudia.perez50@hotmail.com,BELLO,Suzuki V-Strom 250,Cotización enviada,08-09-2026,,claudia patricia perez restrepo,573052042384,claudia.perez50@hotmail.com,bello,whatsapp,cotizacion enviada,2026-09-06 01:02:00,2026-09-08 00:00:00,suzuki v-strom 250,588,SKU-015,100.0,fuzzy,phone:573052042384,f6cf95fd-bab1-5820-982a-67f543e9ba63,False,,1.0,,21900000.0,,,,,False,False
LD-00589,2026-08-20 05:07:00,Meta Ads,EMP-01,PV-005,Alexander Mosquera Correa,351-560-1742,alexander.mosquera18@hotmail.com,Medellín,Honda,Contactado,08/22/2026 05:07,Feria de Motos 2026,alexander mosquera correa,573515601742,alexander.mosquera18@hotmail.com,medellin,meta ads,contactado,2026-08-20 05:07:00,2026-08-22 05:07:00,honda,589,,44.44444444444444,unmatched,phone:573515601742,e46dd58f-bd3a-51b8-9950-714b091ac537,False,,1.0,,,,credito,,soat,False,False
LD-00590,30/08/2026 19:39,WhatsApp,EMP-03,PV-015,Estefanía Ramírez Arias,3178888673,,Soacha,bajaj pulsar ns 125,Contactado,2026-08-30 20:39:00,Agosto Cero Cuotas,estefania ramirez arias,573178888673,,soacha,whatsapp,contactado,2026-08-30 19:39:00,2026-08-30 20:39:00,bajaj pulsar ns 125,590,SKU-008,100.0,fuzzy,phone:573178888673,14acea51-0b37-5143-9fc3-b7e11cb83b7d,False,,1.0,,8990000.0,,,,,False,False
LD-00591,05/08/2026 08:18,WhatsApp,EMP-03,PV-014,NATALIA CORREA CASTAÑO,3167963535,natalia.correa6@gmail.com,Bogota,Suzuki Best 125,Cotización enviada,08/05/2026 09:18,,natalia correa castano,573167963535,natalia.correa6@gmail.com,bogota,whatsapp,cotizacion enviada,2026-08-05 08:18:00,2026-05-08 09:18:00,suzuki best 125,591,SKU-016,100.0,fuzzy,phone:573167963535,67affe38-facf-5ed9-83e5-d4d4755f3b8d,False,,1.0,,6590000.0,,credito,,soat,False,False
LD-00592,2026-09-05T10:09:00,Meta Ads,EMP-02,PV-007,  Erika Castaño Marín  ,318 619 9917,,Soledad,,No contesta,2026-09-08T10:09:00,,erika castano marin,573186199917,,soledad,meta ads,no contesta,2026-09-05 10:09:00,2026-09-08 10:09:00,,592,,0.0,none,phone:573186199917,d7d07d09-e9ba-5ae1-af73-19864d04f0d4,True,d7d07d09-e9ba-5ae1-af73-19864d04f0d4,1.0,same_phone_or_email,,,,,,False,False
LD-00593,01/08/2026 17:06,WhatsApp,EMP-03,PV-012,  Nelson Giraldo Mosquera  ,(305) 552-2153,,bogotá,AKT  NKD 125,contactado,08/02/2026 23:06,,nelson giraldo mosquera,573055522153,,bogota,whatsapp,contactado,2026-08-01 17:06:00,2026-02-08 23:06:00,akt nkd 125,593,SKU-017,100.0,fuzzy,phone:573055522153,85b1db78-c638-57b9-a066-217c27f1c35b,False,,1.0,,5290000.0,,credito,,soat,False,False
LD-00594,29/08/2026 16:32,Formulario Web,EMP-02,PV-008,  Liliana Salazar Torres  ,3122777599,,CARTAGENA,Honda Dio,SIN GESTION,,Agosto Cero Cuotas,liliana salazar torres,573122777599,,cartagena,formulario web,sin gestion,2026-08-29 16:32:00,,honda dio,594,,60.0,unmatched,phone:573122777599,0bc7d1ef-40d1-5140-beeb-33de67118a68,False,,1.0,,,,,,,False,False
LD-00595,2026-08-06T13:03:00,Meta Ads,EMP-02,PV-007,Estefanía Londoño Castaño,301 200 2448,,SOLEDAD,Honda XRE,Sin gestión,,Remate Modelos 2025,estefania londono castano,573012002448,,soledad,meta ads,sin gestion,2026-08-06 13:03:00,,honda xre,595,,60.0,unmatched,phone:573012002448,201cb5a7-0cca-540f-ad4f-999b7c46060e,False,,1.0,,,,,,,False,False
LD-00596,09/09/2026 09:00,Meta Ads,EMP-02,PV-007,Sebastián Osorio Quintero,573202985048,sebastian.osorio75@gmail.com,Soledad,AKT Evo RS 150 2026,Cotización enviada,09/09/2026 15:00,Feria de Motos 2026,sebastian osorio quintero,573202985048,sebastian.osorio75@gmail.com,soledad,meta ads,cotizacion enviada,2026-09-09 09:00:00,2026-09-09 15:00:00,akt evo rs 150 2026,596,SKU-020,100.0,fuzzy,phone:573202985048,e3035018-5619-5502-b17f-6432c5069649,False,,1.0,,7190000.0,22900000.0,credito,media,cuota,False,True
LD-00597,27/08/2026 01:04,formulario web,EMP-03,PV-012,Jhon Jairo Londoño Pérez,573167796023,jhon.londono18@hotmail.com,Bogotá D.C.,Suzuki GN 125,En proceso,2026-08-31 01:04:00,,jhon jairo londono perez,573167796023,jhon.londono18@hotmail.com,bogota,formulario web,en proceso,2026-08-27 01:04:00,2026-08-31 01:04:00,suzuki gn 125,597,SKU-013,100.0,fuzzy,phone:573167796023,5ce88f3a-d914-58eb-a8fd-ab029a53b3ea,False,,1.0,,7490000.0,,credito,,soat,False,False
LD-00598,14/08/2026 10:49,WhatsApp,EMP-01,PV-002,Sandra Milena Salazar Hernández,304 668 1507,,ITAGUI,Hnda Dio 110,Cotización enviada,08/14/2026 12:49,,sandra milena salazar hernandez,573046681507,,itagui,whatsapp,cotizacion enviada,2026-08-14 10:49:00,2026-08-14 12:49:00,hnda dio 110,598,SKU-005,100.0,fuzzy,phone:573046681507,cb7ac397-54c8-575f-b7c0-578f08d6b4be,True,cb7ac397-54c8-575f-b7c0-578f08d6b4be,1.0,same_phone_or_email,6890000.0,,,,,False,False
LD-00599,2026-09-04 06:59:00,WhatsApp,EMP-01,PV-004,  Sandra Milena Arias Betancur  ,(300) 779-7130,,Rio Negro,Honda Dio 110,En proceso,,Feria de Motos 2026,sandra milena arias betancur,573007797130,,rio negro,whatsapp,en proceso,2026-09-04 06:59:00,,honda dio 110,599,SKU-005,100.0,fuzzy,phone:573007797130,fd556907-3bb1-50fc-99fe-7f61c6080495,False,,1.0,,6890000.0,,,,,False,False
LD-00600,2026-08-07 17:41:00,WhatsApp,EMP-03,PV-015,Luz Marina Osorio Salazar,573501071924,luz.osorio84@outlook.com,SOACHA,Hero Xpulse 200,contactado,08/08/2026 11:41,Prima Extra,luz marina osorio salazar,573501071924,luz.osorio84@outlook.com,soacha,whatsapp,contactado,2026-08-07 17:41:00,2026-08-08 11:41:00,hero xpulse 200,600,SKU-023,100.0,fuzzy,phone:573501071924,d6bd39b7-05b8-5e28-a1a8-a49a81143046,False,,1.0,,14990000.0,,,,,False,False
LD-00601,2026-09-02 18:31:00,WhatsApp,EMP-03,PV-012,Jhon Jairo Rodríguez Mosquera,318-926-3420,jhon.rodriguez82@outlook.com,bogotá,AKT TTR 200,no contesta,02/09/2026 19:31,,jhon jairo rodriguez mosquera,573189263420,jhon.rodriguez82@outlook.com,bogota,whatsapp,no contesta,2026-09-02 18:31:00,2026-09-02 19:31:00,akt ttr 200,601,SKU-019,100.0,fuzzy,phone:573189263420,8824c6f2-0fa4-5c95-8e0c-bcf269a43f27,False,,1.0,,9890000.0,,,,,False,False
LD-00602,15/08/2026 23:22,WhatsApp,EMP-02,PV-006,Claudia Patricia Mosquera Muñoz,+57 315 1347575,,barranquilla,hero xpulse 200,contactado,16/08/2026 17:22,,claudia patricia mosquera munoz,573151347575,,barranquilla,whatsapp,contactado,2026-08-15 23:22:00,2026-08-16 17:22:00,hero xpulse 200,602,SKU-023,100.0,fuzzy,phone:573151347575,48583e22-d43c-548d-8c5b-ac214354378c,False,,1.0,,14990000.0,,,,,False,False
LD-00603,04/08/2026 08:32,WhatsApp,EMP-01,PV-003,LILIANA RAMÍREZ AGUDELO,305 563 6372,liliana.ramirez44@hotmail.com,Bello,HONDA NAVI,SIN GESTION,,Remate Modelos 2025,liliana ramirez agudelo,573055636372,liliana.ramirez44@hotmail.com,bello,whatsapp,sin gestion,2026-08-04 08:32:00,,honda navi,603,SKU-004,100.0,fuzzy,phone:573055636372,c2076783-d500-5560-ba28-5a0bcd0fbc0e,False,,1.0,,7290000.0,,,,,False,False
LD-00604,2026-08-27 20:15:00,Meta Ads,EMP-03,PV-012,Adriana Vargas Muñoz,+57 350 9032098,,,Bajaj Dominar 400,En proceso,28-08-2026,,adriana vargas munoz,573509032098,,,meta ads,en proceso,2026-08-27 20:15:00,2026-08-28 00:00:00,bajaj dominar 400,604,SKU-011,100.0,fuzzy,phone:573509032098,9029fed2-62a6-5239-b2c0-f37eba5da4a1,False,,1.0,,24900000.0,4990000.0,credito,,cuota,False,True
LD-00605,01/08/2026 18:20,WHATSAPP,EMP-03,PV-012,Sandra Milena Hernández Betancur,3151401436,,Bogota DC,Eco Deluxe 100,No contesta,2026-08-02T00:20:00,Feria de Motos 2026,sandra milena hernandez betancur,573151401436,,bogota dc,whatsapp,no contesta,2026-08-01 18:20:00,2026-08-02 00:20:00,eco deluxe 100,605,SKU-021,100.0,exact,phone:573151401436,2e1b88ff-d31f-5d8c-a16a-9142ba8081de,False,,1.0,,4990000.0,,credito,media,soat,False,False
LD-00606,2026-08-02T13:30:00,Meta Ads,EMP-02,PV-008,Cristian Gómez Zapata,3123191660,cristian.gomez92@outlook.com,CARTAGENA,Honda  XR 150L,Descartado,2026-08-05 13:30:00,Feria de Motos 2026,cristian gomez zapata,573123191660,cristian.gomez92@outlook.com,cartagena,meta ads,descartado,2026-08-02 13:30:00,2026-08-05 13:30:00,honda xr 150l,606,SKU-002,100.0,fuzzy,phone:573123191660,f905889c-ca00-5ae0-bfeb-91e1923bceb5,False,,1.0,,11490000.0,,credito,,soat,False,False
LD-00607,2026-08-23 12:44:00,meta ads,EMP-02,PV-006,  Paula Andrea Castaño Marín  ,+57 313 9978610,paula.castano83@outlook.com,BARRANQUILLA,Honda Navi,no contesta,2026-08-24T06:44:00,Remate Modelos 2025,paula andrea castano marin,573139978610,paula.castano83@outlook.com,barranquilla,meta ads,no contesta,2026-08-23 12:44:00,2026-08-24 06:44:00,honda navi,607,SKU-004,100.0,fuzzy,phone:573139978610,1386b96a-c5dd-5586-a966-4df2bbcdb4ac,False,,1.0,,7290000.0,11490000.0,credito,,cuota,False,True
LD-00608,08/28/2026 02:41,Meta Ads,EMP-01,PV-002,Cristian Ramírez Franco,317-363-5574,cristian.ramirez33@yahoo.es,Itagüí,Hero Hunk,Cotización enviada,29/08/2026 08:41,Remate Modelos 2025,cristian ramirez franco,573173635574,cristian.ramirez33@yahoo.es,itagui,meta ads,cotizacion enviada,2026-08-28 02:41:00,2026-08-29 08:41:00,hero hunk,608,,66.66666666666666,unmatched,phone:573173635574,32389c46-bff9-5aad-9ba9-afd3b55ebfab,False,,1.0,,,11490000.0,credito,,cuota,False,True
LD-00609,2026-09-08 20:30:00,WhatsApp,EMP-03,PV-011,Brayan Vargas Pérez,3206064409,brayan.vargas84@gmail.com,,,sin gestion,,Retoma tu moto,brayan vargas perez,573206064409,brayan.vargas84@gmail.com,,whatsapp,sin gestion,2026-09-08 20:30:00,,,609,,0.0,none,phone:573206064409,ce94a635-0f60-5d1a-93e4-53e9307b5669,False,,1.0,,,,,,,False,False
LD-00610,2026-08-25 06:28:00,WHATSAPP,EMP-01,PV-002,Natalia Jiménez Escobar,322 119 6296,natalia.jimenez70@outlook.com,Itagui,HONDA NAVI,No contesta,2026-08-25 18:28:00,Feria de Motos 2026,natalia jimenez escobar,573221196296,natalia.jimenez70@outlook.com,itagui,whatsapp,no contesta,2026-08-25 06:28:00,2026-08-25 18:28:00,honda navi,610,SKU-004,100.0,fuzzy,phone:573221196296,0a6ca348-084d-5bd8-826c-0688ee6e4126,False,,1.0,,7290000.0,,,,,False,False
LD-00611,14-08-2026,formulario web,EMP-03,PV-014,Leidy Johana Herrera Correa,3001864073,leidy.herrera66@gmail.com,Bogotá,,Cotización enviada,08/18/2026 06:28,,leidy johana herrera correa,573001864073,leidy.herrera66@gmail.com,bogota,formulario web,cotizacion enviada,2026-08-14 00:00:00,2026-08-18 06:28:00,,611,,0.0,none,phone:573001864073,a185e3be-fade-526c-9500-6791df86f63e,False,,1.0,,,,,,,False,False
LD-00612,2026-08-17 13:31:00,WhatsApp,EMP-01,PV-003,Luz Marina Franco Rodríguez,302-210-5662,,bello,Hnda Dio 110,Sin gestión,,Remate Modelos 2025,luz marina franco rodriguez,573022105662,,bello,whatsapp,sin gestion,2026-08-17 13:31:00,,hnda dio 110,612,SKU-005,100.0,fuzzy,phone:573022105662,4ae6bc37-0d33-55af-a8b2-f3b2c5eedbea,False,,1.0,,6890000.0,11290000.0,credito,,soat,False,False
LD-00613,02-08-2026,WhatsApp,EMP-01,PV-004,  Liliana Salazar Torres  ,3229437226,liliana.salazar14@gmail.com,Rionegro,,Sin gestión,,Remate Modelos 2025,liliana salazar torres,573229437226,liliana.salazar14@gmail.com,rionegro,whatsapp,sin gestion,2026-08-02 00:00:00,,,613,,0.0,none,phone:573229437226,3190601e-85a6-5718-8df6-68a49ed966c6,False,,1.0,,,,,,,False,False
LD-00614,2026-08-12 00:47:00,Meta Ads,EMP-03,PV-013,Paula Betancur,3517401198,paula.betancur95@yahoo.es,Bogotá D.C.,Suzuki,Cotización enviada,08/12/2026 06:47,Remate Modelos 2025,paula betancur,573517401198,paula.betancur95@yahoo.es,bogota,meta ads,cotizacion enviada,2026-08-12 00:47:00,2026-12-08 06:47:00,suzuki,614,,26.66666666666667,unmatched,phone:573517401198,9b79271a-7fa9-5a32-9d3e-7a884c374bf9,True,9b79271a-7fa9-5a32-9d3e-7a884c374bf9,1.0,same_phone_or_email,,,,,,False,False
LD-00615,2026-08-04 11:40:00,WhatsApp,EMP-02,PV-010,  Diana Carolina Zapata Castaño  ,3166606811,,MONTERIA,Suzuki,Cotización enviada,2026-08-04T17:40:00,Feria de Motos 2026,diana carolina zapata castano,573166606811,,monteria,whatsapp,cotizacion enviada,2026-08-04 11:40:00,2026-08-04 17:40:00,suzuki,615,,26.66666666666667,unmatched,phone:573166606811,e0cefebb-44c6-556c-b453-f71447bea3c4,True,e0cefebb-44c6-556c-b453-f71447bea3c4,1.0,same_phone_or_email,,,,,,False,False
LD-00616,2026-08-08T15:06:00,formulario web,EMP-03,PV-015,  Marcela Franco Franco  ,3167911122,,SOACHA,,Contactado,2026-08-08 19:06:00,Remate Modelos 2025,marcela franco franco,573167911122,,soacha,formulario web,contactado,2026-08-08 15:06:00,2026-08-08 19:06:00,,616,,0.0,none,phone:573167911122,799def0d-72d6-5f49-8e56-3aeeca72b3bb,False,,1.0,,,,,,,False,False
LD-00617,2026-08-31 13:17:00,WhatsApp,EMP-03,PV-011,CLAUDIA PATRICIA HERRERA ESCOBAR,3027350859,,BOGOTA,Honda XR 150L,Sin gestión,,Retoma tu moto,claudia patricia herrera escobar,573027350859,,bogota,whatsapp,sin gestion,2026-08-31 13:17:00,,honda xr 150l,617,SKU-002,100.0,fuzzy,phone:573027350859,db82d0c6-7d86-5dac-b6c3-923505ccc5c6,False,,1.0,,11490000.0,,,,,False,False
LD-00618,2026-08-30T06:49:00,whatsapp,EMP-03,PV-012,Cristian Betancur Osorio,310-222-8043,,Bogota,Discover 125,Sin gestión,,Prima Extra,cristian betancur osorio,573102228043,,bogota,whatsapp,sin gestion,2026-08-30 06:49:00,,discover 125,618,SKU-012,100.0,exact,phone:573102228043,5e85d722-5f86-54db-a5d4-60f676d7b5fc,False,,1.0,,6990000.0,,,,,False,False
LD-00619,08/08/2026 02:21,WhatsApp,EMP-02,PV-008,FABIÁN JIMÉNEZ VARGAS, 3162188218 ,fabian.jimenez28@yahoo.es,Cartagena de Indias,akt ttr 200,Sin gestión,,Remate Modelos 2025,fabian jimenez vargas,573162188218,fabian.jimenez28@yahoo.es,cartagena de indias,whatsapp,sin gestion,2026-08-08 02:21:00,,akt ttr 200,619,SKU-019,100.0,fuzzy,phone:573162188218,8baa9c2a-1ca7-5712-81c6-a2ec8960b005,False,,1.0,,9890000.0,14990000.0,credito,,soat,False,False
LD-00620,08/24/2026 14:57,Meta Ads,EMP-03,PV-015,Jorge Iván Muñoz Muñoz,3174961861,jorge.munoz73@hotmail.com,Soacha,Bajai Pulsar NS 160,sin gestion,,Retoma tu moto,jorge ivan munoz munoz,573174961861,jorge.munoz73@hotmail.com,soacha,meta ads,sin gestion,2026-08-24 14:57:00,,bajai pulsar ns 160,620,SKU-009,100.0,fuzzy,phone:573174961861,17ef8e0e-9f5b-5fee-943e-4e74554ab9d5,False,,1.0,,11290000.0,7990000.0,credito,,cuota,False,True
LD-00621,2026-08-16 02:54:00,META ADS,EMP-03,PV-013,Katherine Betancur Quintero,3059176681,katherine.betancur17@gmail.com,Bogotá D.C.,Bajaj,Contactado,16/08/2026 14:54,,katherine betancur quintero,573059176681,katherine.betancur17@gmail.com,bogota,meta ads,contactado,2026-08-16 02:54:00,2026-08-16 14:54:00,bajaj,621,,22.22222222222223,unmatched,phone:573059176681,d9e0ce78-6a51-52bf-ab55-91c815bd3217,False,,1.0,,,,,,,False,False
LD-00622,2026-08-01 12:14:00,WhatsApp,EMP-03,PV-014,Yuliana Ramírez Giraldo,316-976-2002,yuliana.ramirez12@hotmail.com,bogotá,Honda CB 190R,sin gestion,,,yuliana ramirez giraldo,573169762002,yuliana.ramirez12@hotmail.com,bogota,whatsapp,sin gestion,2026-08-01 12:14:00,,honda cb 190r,622,SKU-003,100.0,fuzzy,phone:573169762002,a5c8eb63-4880-5d11-9a2d-72f3ddb5bcc8,False,,1.0,,13990000.0,,,,,False,False
LD-00623,2026-08-24 16:46:00,Meta Ads,EMP-03,PV-014,María Correa,323-957-5792,maria.correa55@yahoo.es,Bogota,Bajaj  Boxer CT 100,No contesta,27/08/2026 16:46,Agosto Cero Cuotas,maria correa,573239575792,maria.correa55@yahoo.es,bogota,meta ads,no contesta,2026-08-24 16:46:00,2026-08-27 16:46:00,bajaj boxer ct 100,623,SKU-007,100.0,fuzzy,phone:573239575792,702250c7-2847-5879-be9a-d865d8f217ca,True,702250c7-2847-5879-be9a-d865d8f217ca,1.0,same_phone_or_email,5790000.0,24900000.0,credito,,cuota,False,True
LD-00624,2026-08-22 12:04:00,Meta Ads,EMP-03,PV-011,Erika Rodríguez Restrepo,3158477748,erika.rodriguez35@outlook.com,Bogota,Bajaj Pulsar,Sin gestión,,,erika rodriguez restrepo,573158477748,erika.rodriguez35@outlook.com,bogota,meta ads,sin gestion,2026-08-22 12:04:00,,bajaj pulsar,624,,66.66666666666666,unmatched,phone:573158477748,2b533c7c-90ce-5ffb-b73f-3db95ef097f7,False,,1.0,,,,,,,False,False
LD-00625,09/03/2026 15:38,Formulario Web,EMP-02,PV-010,  Claudia Patricia Agudelo Hernández  ,322 266 5034,,Monteria,AKT NKD 125 2026,SIN GESTION,,,claudia patricia agudelo hernandez,573222665034,,monteria,formulario web,sin gestion,2026-03-09 15:38:00,,akt nkd 125 2026,625,SKU-017,100.0,fuzzy,phone:573222665034,18e710b3-8d69-5b2f-a918-92e2d50d2601,False,,1.0,,5290000.0,,,,,False,False
LD-00626,31/08/2026 12:53,WhatsApp,EMP-02,PV-009,  Liliana Osorio Torres  ,321 350 3176,,SANTA MARTA,Bajaj Dominar 400,Descartado,04-09-2026,Remate Modelos 2025,liliana osorio torres,573213503176,,santa marta,whatsapp,descartado,2026-08-31 12:53:00,2026-09-04 00:00:00,bajaj dominar 400,626,SKU-011,100.0,fuzzy,phone:573213503176,4df9d90c-9cf3-563c-a8a4-02d5351be494,True,4df9d90c-9cf3-563c-a8a4-02d5351be494,1.0,same_phone_or_email,24900000.0,,credito,,soat,False,False
LD-00627,2026-08-18T11:33:00,WhatsApp,EMP-02,PV-010,Natalia Herrera Arias,3506713891,natalia.herrera3@hotmail.com,MONTERIA,Hero Dash 110,Contactado,2026-08-18T15:33:00,Prima Extra,natalia herrera arias,573506713891,natalia.herrera3@hotmail.com,monteria,whatsapp,contactado,2026-08-18 11:33:00,2026-08-18 15:33:00,hero dash 110,627,SKU-024,100.0,fuzzy,phone:573506713891,4a95111b-f312-5611-98f9-381f439de730,False,,1.0,,6290000.0,8990000.0,credito,,soat,False,False
LD-00628,2026-09-01 21:46:00,Formulario Web,EMP-01,PV-003,Erika Giraldo Rodríguez,+57 318 9668234,,,suzuki best 125,Contactado,09/02/2026 09:46,Agosto Cero Cuotas,erika giraldo rodriguez,573189668234,,,formulario web,contactado,2026-09-01 21:46:00,2026-02-09 09:46:00,suzuki best 125,628,SKU-016,100.0,fuzzy,phone:573189668234,ad49f932-cfd8-5ee1-b782-4028b04e37c3,False,,1.0,,6590000.0,,,,,False,False
LD-00629,12-08-2026,Formulario Web,EMP-02,PV-008,Óscar David Muñoz Arias,304-079-3459,,Cartagena,Honda CB,Cotización enviada,12/08/2026 14:41,Prima Extra,oscar david munoz arias,573040793459,,cartagena,formulario web,cotizacion enviada,2026-08-12 00:00:00,2026-08-12 14:41:00,honda cb,629,,44.44444444444444,unmatched,phone:573040793459,06aa31b0-e5e1-5073-be06-d80fe9a10195,False,,1.0,,,5290000.0,credito,,soat,False,False
LD-00630,2026-08-03T07:59:00,Formulario Web,EMP-02,PV-010,Sebastián Franco Giraldo, 3043303339 ,sebastian.franco59@gmail.com,MONTERIA,akt nkd 125,Contactado,03/08/2026 13:59,,sebastian franco giraldo,573043303339,sebastian.franco59@gmail.com,monteria,formulario web,contactado,2026-08-03 07:59:00,2026-08-03 13:59:00,akt nkd 125,630,SKU-017,100.0,fuzzy,phone:573043303339,22ae0648-da9b-5b90-a67c-536fa3116a97,False,,1.0,,5290000.0,,,,,False,False
LD-00631,23/08/2026 00:09,WhatsApp,EMP-02,PV-006,SANDRA MILENA CORREA BEDOYA,(305) 884-5927,sandra.correa43@yahoo.es,Barranquilla,Bajaj Pulsar NS 125,En proceso,08/25/2026 00:09,Feria de Motos 2026,sandra milena correa bedoya,573058845927,sandra.correa43@yahoo.es,barranquilla,whatsapp,en proceso,2026-08-23 00:09:00,2026-08-25 00:09:00,bajaj pulsar ns 125,631,SKU-008,100.0,fuzzy,phone:573058845927,d9071026-ae89-50e2-a181-95efbb380b7e,False,,1.0,,8990000.0,,credito,,soat,False,False
LD-00632,2026-09-04 06:10:00,WhatsApp,EMP-02,PV-009,  Nelson Hernández Agudelo  ,3160241987,,Santa Marta,Bajaj,No contesta,04-09-2026,Agosto Cero Cuotas,nelson hernandez agudelo,573160241987,,santa marta,whatsapp,no contesta,2026-09-04 06:10:00,2026-09-04 00:00:00,bajaj,632,,22.22222222222223,unmatched,phone:573160241987,9476d2a2-b165-5a48-b22e-e385027444fa,False,,1.0,,,7490000.0,credito,,cuota,False,True
LD-00633,2026-08-21T09:53:00,WhatsApp,EMP-02,PV-008,Vanessa Bedoya Marín,3023670641,vanessa.bedoya96@hotmail.com,Cartagena de Indias,Heroo Dash 110,Cotización enviada,2026-08-22 09:53:00,,vanessa bedoya marin,573023670641,vanessa.bedoya96@hotmail.com,cartagena de indias,whatsapp,cotizacion enviada,2026-08-21 09:53:00,2026-08-22 09:53:00,heroo dash 110,633,SKU-024,100.0,fuzzy,phone:573023670641,3c8de016-caa9-5ae3-84e3-6c98ab531a40,False,,1.0,,6290000.0,,,,,False,False
LD-00634,2026-09-05 22:45:00,Meta Ads,EMP-01,PV-005,VANESSA ESCOBAR VARGAS,+57 310 4126674,vanessa.escobar42@yahoo.es,,HERO HUNK 160R,Contactado,2026-09-06T04:45:00,Retoma tu moto,vanessa escobar vargas,573104126674,vanessa.escobar42@yahoo.es,,meta ads,contactado,2026-09-05 22:45:00,2026-09-06 04:45:00,hero hunk 160r,634,SKU-022,100.0,fuzzy,phone:573104126674,ca1e8ac5-ac44-585f-87e7-2a26dc6cdccf,False,,1.0,,10490000.0,,credito,,soat,False,False
LD-00635,2026-09-10 00:13:00,WhatsApp,EMP-01,PV-003,  Vanessa Bedoya Gómez  ,573150867292,vanessa.bedoya5@gmail.com,bello,Suzuki Best 125 2026,Cotización enviada,09/12/2026 00:13,Retoma tu moto,vanessa bedoya gomez,573150867292,vanessa.bedoya5@gmail.com,bello,whatsapp,cotizacion enviada,2026-09-10 00:13:00,2026-12-09 00:13:00,suzuki best 125 2026,635,SKU-016,100.0,fuzzy,phone:573150867292,bde856d9-a942-5073-af53-4a8e9d7f6eab,False,,1.0,,6590000.0,,,,,False,False
LD-00636,2026-08-16 12:04:00,WhatsApp,EMP-02,PV-007,LUISA VALENCIA GIRALDO,3164119684,,SOLEDAD,Hunk 160R,Sin gestión,,,luisa valencia giraldo,573164119684,,soledad,whatsapp,sin gestion,2026-08-16 12:04:00,,hunk 160r,636,SKU-022,100.0,exact,phone:573164119684,29781daf-a637-59d6-b642-8d0e86b6bd9f,False,,1.0,,10490000.0,14990000.0,credito,media,soat,False,False
LD-00637,2026-09-09 22:39:00,Meta Ads,EMP-03,PV-015,Cristian Hernández Torres, 3139780388 ,cristian.hernandez30@yahoo.es,SOACHA,honda dio 110,Cotización enviada,09/10/2026 22:39,Retoma tu moto,cristian hernandez torres,573139780388,cristian.hernandez30@yahoo.es,soacha,meta ads,cotizacion enviada,2026-09-09 22:39:00,2026-10-09 22:39:00,honda dio 110,637,SKU-005,100.0,fuzzy,phone:573139780388,077feda7-c841-59c4-b750-5dadf96f01f9,False,,1.0,,6890000.0,,credito,media,soat,False,False
LD-00638,2026-08-23 00:29:00,WhatsApp,EMP-01,PV-001,Erika Herrera Bedoya,3058151883,erika.herrera55@outlook.com,medellin,AKT Evo RS 150,Cotización enviada,2026-08-23 06:29:00,,erika herrera bedoya,573058151883,erika.herrera55@outlook.com,medellin,whatsapp,cotizacion enviada,2026-08-23 00:29:00,2026-08-23 06:29:00,akt evo rs 150,638,SKU-020,100.0,fuzzy,phone:573058151883,60319012-286c-52bf-87ba-65bc82933020,True,60319012-286c-52bf-87ba-65bc82933020,1.0,same_phone_or_email,7190000.0,6890000.0,credito,,soat,False,False
LD-00639,12-08-2026,WhatsApp,EMP-01,PV-001,ALEXANDER ZAPATA LONDOÑO,322 334 4414,,Medellin,AKT,Sin gestión,,Feria de Motos 2026,alexander zapata londono,573223344414,,medellin,whatsapp,sin gestion,2026-08-12 00:00:00,,akt,639,,28.57142857142857,unmatched,phone:573223344414,7269b2bc-31bb-5ba9-a2ab-7882a7e33104,False,,1.0,,,,,,,False,False
LD-00640,11/08/2026 18:03,meta ads,EMP-02,PV-007,NATALIA CORREA CASTAÑO,3220989247,natalia.correa32@outlook.com,Soledad,AKT,contactado,2026-08-12 12:03:00,,natalia correa castano,573220989247,natalia.correa32@outlook.com,soledad,meta ads,contactado,2026-08-11 18:03:00,2026-08-12 12:03:00,akt,640,,28.57142857142857,unmatched,phone:573220989247,c2763f8c-d23e-5515-83b6-53306fd698ee,True,c2763f8c-d23e-5515-83b6-53306fd698ee,1.0,same_phone_or_email,,,credito,,soat,False,False
LD-00641,2026-08-16 23:22:00,Formulario Web,EMP-01,PV-004,  Mónica Bedoya Betancur  ,3117772457,,RIONEGRO,Pulsar RS 200,Sin gestión,,,monica bedoya betancur,573117772457,,rionegro,formulario web,sin gestion,2026-08-16 23:22:00,,pulsar rs 200,641,SKU-010,100.0,exact,phone:573117772457,c55b2d7a-1c52-59da-82e2-f1e0e97d13a6,False,,1.0,,15490000.0,9890000.0,credito,,cuota,False,True
LD-00642,06/08/2026 10:47,whatsapp,EMP-02,PV-007,  Kevin Ramírez Arias  ,573156827759,,,Honda XRE,Contactado,,,kevin ramirez arias,573156827759,,,whatsapp,contactado,2026-08-06 10:47:00,,honda xre,642,,60.0,unmatched,phone:573156827759,1a3a7b7a-63a1-5500-be38-469fe2d558c8,False,,1.0,,,,credito,media,soat,False,False
LD-00643,2026-09-05 18:22:00,WhatsApp,EMP-01,PV-004,Carlos Mario Agudelo Londoño,(316) 959-2892,,Rio Negro,AKT NKD 125,contactado,06/09/2026 00:22,Remate Modelos 2025,carlos mario agudelo londono,573169592892,,rio negro,whatsapp,contactado,2026-09-05 18:22:00,2026-09-06 00:22:00,akt nkd 125,643,SKU-017,100.0,fuzzy,phone:573169592892,dae7b5b1-c915-5c25-b6cd-f86b1081d6fd,False,,1.0,,5290000.0,22900000.0,credito,,cuota,False,True
LD-00644,02/08/2026 23:35,WhatsApp,EMP-01,PV-004,Erika Restrepo Arias,(301) 648-6463,erika.restrepo80@hotmail.com,RIONEGRO,Bajai Pulsar NS 160,Sin gestión,,,erika restrepo arias,573016486463,erika.restrepo80@hotmail.com,rionegro,whatsapp,sin gestion,2026-08-02 23:35:00,,bajai pulsar ns 160,644,SKU-009,100.0,fuzzy,phone:573016486463,90512f22-3cd3-5b20-8726-33432bcbb49a,False,,1.0,,11290000.0,,credito,media,soat,False,False
LD-00645,2026-08-14T07:58:00,WhatsApp,EMP-02,PV-008,Liliana Rodríguez Muñoz,(316) 913-2445,,CARTAGENA,Bajaj Dominar 400,Descartado,2026-08-15T13:58:00,,liliana rodriguez munoz,573169132445,,cartagena,whatsapp,descartado,2026-08-14 07:58:00,2026-08-15 13:58:00,bajaj dominar 400,645,SKU-011,100.0,fuzzy,phone:573169132445,bb596fab-a3c1-50ea-bd1f-8824aa238931,False,,1.0,,24900000.0,,,,,False,False
LD-00646,2026-08-06 23:58:00,WhatsApp,EMP-01,PV-002,  Leidy Johana Londoño Zapata  , 3110116945 ,,Itagüí,Honda Navi 2026,Sin gestión,,Agosto Cero Cuotas,leidy johana londono zapata,573110116945,,itagui,whatsapp,sin gestion,2026-08-06 23:58:00,,honda navi 2026,646,SKU-004,100.0,fuzzy,phone:573110116945,dba62ca5-22d1-5ee5-9219-9d2fe390699e,False,,1.0,,7290000.0,14990000.0,credito,,cuota,False,True
LD-00647,08/16/2026 19:39,WhatsApp,EMP-01,PV-003,Sebastián Restrepo Mosquera,3024470501,,BELLO,hero dash 110,Sin gestión,,Retoma tu moto,sebastian restrepo mosquera,573024470501,,bello,whatsapp,sin gestion,2026-08-16 19:39:00,,hero dash 110,647,SKU-024,100.0,fuzzy,phone:573024470501,e50965b4-4d33-5cee-b040-a7bf8ddc30a4,False,,1.0,,6290000.0,,,,,False,False
LD-00648,22-08-2026,WhatsApp,EMP-02,PV-008,ÓSCAR DAVID MUÑOZ RODRÍGUEZ,(311) 754-0286,oscar.munoz2@gmail.com,Cartagena,Bajaj Discover,Contactado,25/08/2026 19:08,Remate Modelos 2025,oscar david munoz rodriguez,573117540286,oscar.munoz2@gmail.com,cartagena,whatsapp,contactado,2026-08-22 00:00:00,2026-08-25 19:08:00,bajaj discover,648,,80.0,unmatched,phone:573117540286,f5bc086e-ce41-52f4-8619-7ba0c27a4b5f,False,,1.0,,,,credito,media,soat,False,False
LD-00649,04-08-2026,Meta Ads,EMP-02,PV-008,Claudia Patricia Franco Muñoz,+57 302 3327745,,CARTAGENA,honda dio 110,Sin gestión,,Remate Modelos 2025,claudia patricia franco munoz,573023327745,,cartagena,meta ads,sin gestion,2026-08-04 00:00:00,,honda dio 110,649,SKU-005,100.0,fuzzy,phone:573023327745,73a5920a-e8c6-53b6-b468-d060a5ec821b,False,,1.0,,6890000.0,11290000.0,credito,media,cuota,False,True
LD-00650,16-08-2026,META ADS,EMP-01,PV-004,  Édinson Pérez Arias  ,+57 314 1426378,,Rionegro,AKT NKD 125 2026,Cotización enviada,08/16/2026 10:16,Remate Modelos 2025,edinson perez arias,573141426378,,rionegro,meta ads,cotizacion enviada,2026-08-16 00:00:00,2026-08-16 10:16:00,akt nkd 125 2026,650,SKU-017,100.0,fuzzy,phone:573141426378,9a8a21ee-5c63-5a51-9f74-93d7e889fa96,False,,1.0,,5290000.0,,,,,False,False
LD-00651,17-08-2026,Formulario Web,EMP-02,PV-007,Mónica Jiménez Muñoz,323 599 2955,,Soledad,Bajaj Boxer CT 100,Contactado,2026-08-17T09:30:00,,monica jimenez munoz,573235992955,,soledad,formulario web,contactado,2026-08-17 00:00:00,2026-08-17 09:30:00,bajaj boxer ct 100,651,SKU-007,100.0,fuzzy,phone:573235992955,970afc4b-bdda-5e74-8a25-72736dcc5bb6,False,,1.0,,5790000.0,,,,,False,False
LD-00652,03/08/2026 13:48,Meta Ads,EMP-01,PV-001,Édinson Zapata Muñoz,315-811-5809,,Medellin,,Sin gestión,,,edinson zapata munoz,573158115809,,medellin,meta ads,sin gestion,2026-08-03 13:48:00,,,652,,0.0,none,phone:573158115809,24b68220-c90d-57b1-91bc-50d12dac77eb,False,,1.0,,,,,,,False,False
LD-00653,08/24/2026 00:50,Meta Ads,EMP-01,PV-002,Sebastián Rodríguez Herrera,3222043098,sebastian.rodriguez29@gmail.com,,,Sin gestión,,Prima Extra,sebastian rodriguez herrera,573222043098,sebastian.rodriguez29@gmail.com,,meta ads,sin gestion,2026-08-24 00:50:00,,,653,,0.0,none,phone:573222043098,40ae2db9-d2c7-5e58-879a-1f556fe3b46f,False,,1.0,,,,,,,False,False
LD-00654,2026-08-11 00:45:00,WhatsApp,EMP-01,PV-002,Andrés Felipe Herrera Herrera,3500854762,,,Hnda CB 125F Twister,Descartado,08/13/2026 00:45,Agosto Cero Cuotas,andres felipe herrera herrera,573500854762,,,whatsapp,descartado,2026-08-11 00:45:00,2026-08-13 00:45:00,hnda cb 125f twister,654,SKU-001,100.0,fuzzy,phone:573500854762,c61db31f-3edc-5664-afc6-df4649231f67,False,,1.0,,7990000.0,,,,,False,False
LD-00655,2026-08-02 09:08:00,WhatsApp,EMP-02,PV-010,Luz Marina Mosquera Arias,+57 318 5638299,,Montería,Honda Navi,Cotización enviada,08/03/2026 09:08,Feria de Motos 2026,luz marina mosquera arias,573185638299,,monteria,whatsapp,cotizacion enviada,2026-08-02 09:08:00,2026-03-08 09:08:00,honda navi,655,SKU-004,100.0,fuzzy,phone:573185638299,ee02a891-e694-5ea9-9afa-97177640cd55,False,,1.0,,7290000.0,24900000.0,credito,media,cuota,False,True
LD-00656,2026-09-02 07:52:00,Meta Ads,EMP-03,PV-013,KATHERINE RESTREPO CORREA,(312) 791-3127,katherine.restrepo58@yahoo.es,Bogotá,bajaj pulsar ns 160,no contesta,04-09-2026,,katherine restrepo correa,573127913127,katherine.restrepo58@yahoo.es,bogota,meta ads,no contesta,2026-09-02 07:52:00,2026-09-04 00:00:00,bajaj pulsar ns 160,656,SKU-009,100.0,fuzzy,phone:573127913127,57b9c76b-1aa4-5983-8f6d-37756d1b8140,False,,1.0,,11290000.0,,,,,False,False
LD-00657,2026-09-07 05:52:00,Meta Ads,EMP-03,PV-015,  Alexander Muñoz Franco  ,+57 317 6144844,,Soacha,Suzuki V-Strom 250,Cotización enviada,09/07/2026 17:52,Agosto Cero Cuotas,alexander munoz franco,573176144844,,soacha,meta ads,cotizacion enviada,2026-09-07 05:52:00,2026-07-09 17:52:00,suzuki v-strom 250,657,SKU-015,100.0,fuzzy,phone:573176144844,81624fd9-8246-5986-ae25-1a64b28395f8,False,,1.0,,21900000.0,,,,,False,False
LD-00658,02/09/2026 16:45,whatsapp,EMP-03,PV-012,Vanessa Vargas Betancur,312 835 1628,vanessa.vargas37@yahoo.es,Bogotá,A.K.T NKD 125,Sin gestión,,Prima Extra,vanessa vargas betancur,573128351628,vanessa.vargas37@yahoo.es,bogota,whatsapp,sin gestion,2026-09-02 16:45:00,,a.k.t nkd 125,658,SKU-017,100.0,fuzzy,phone:573128351628,a0dc902e-4d04-50da-b174-7854f49b63aa,False,,1.0,,5290000.0,7490000.0,credito,,cuota,False,True
LD-00659,2026-08-27 10:28:00,Formulario Web,EMP-02,PV-009,Yuliana Jiménez Osorio, 3024932561 ,yuliana.jimenez52@gmail.com,SANTA MARTA,Hero Dash 110 2026,Cotización enviada,08/29/2026 10:28,Prima Extra,yuliana jimenez osorio,573024932561,yuliana.jimenez52@gmail.com,santa marta,formulario web,cotizacion enviada,2026-08-27 10:28:00,2026-08-29 10:28:00,hero dash 110 2026,659,SKU-024,100.0,fuzzy,phone:573024932561,7e1039d7-0528-51eb-8068-4e9c982bf3cb,False,,1.0,,6290000.0,,credito,,soat,False,False
LD-00660,2026-08-27T05:17:00,WhatsApp,EMP-01,PV-005,Carlos Mario Bedoya Salazar, 3216564411 ,carlos.bedoya28@gmail.com,Medellin,bajaj pulsar ns 125,Descartado,27-08-2026,Feria de Motos 2026,carlos mario bedoya salazar,573216564411,carlos.bedoya28@gmail.com,medellin,whatsapp,descartado,2026-08-27 05:17:00,2026-08-27 00:00:00,bajaj pulsar ns 125,660,SKU-008,100.0,fuzzy,phone:573216564411,14cc70b4-d301-5ac2-a008-1f3c4eb90336,False,,1.0,,8990000.0,,,,,False,False
LD-00661,2026-08-01 18:24:00,Meta Ads,EMP-02,PV-010,Marcela Ospina Escobar,3216529511,marcela.ospina77@hotmail.com,MONTERIA,Honda Navi,Sin gestión,,Agosto Cero Cuotas,marcela ospina escobar,573216529511,marcela.ospina77@hotmail.com,monteria,meta ads,sin gestion,2026-08-01 18:24:00,,honda navi,661,SKU-004,100.0,fuzzy,phone:573216529511,16b8ca48-98fa-5874-9599-a5122cd048af,False,,1.0,,7290000.0,,,,,False,False
LD-00662,2026-08-20 01:09:00,WhatsApp,EMP-03,PV-012,  Andrés Felipe Giraldo Gómez  , 3214787350 ,andres.giraldo81@outlook.com,Bogotá D.C.,Hero  Dash 110,Cotización enviada,24-08-2026,Remate Modelos 2025,andres felipe giraldo gomez,573214787350,andres.giraldo81@outlook.com,bogota,whatsapp,cotizacion enviada,2026-08-20 01:09:00,2026-08-24 00:00:00,hero dash 110,662,SKU-024,100.0,fuzzy,phone:573214787350,2769ee24-4923-5ab4-98cd-d8fa9e0f72f6,False,,1.0,,6290000.0,,,,,False,False
LD-00663,09/05/2026 09:56,WhatsApp,EMP-01,PV-005,  Yesenia Cardona Ospina  ,315-471-2634,,Medellín,Hero Xpulse 200,no contesta,09/07/2026 09:56,Retoma tu moto,yesenia cardona ospina,573154712634,,medellin,whatsapp,no contesta,2026-05-09 09:56:00,2026-07-09 09:56:00,hero xpulse 200,663,SKU-023,100.0,fuzzy,phone:573154712634,ff59ad72-bce0-5270-9b23-c4bd9ec7edc2,True,ff59ad72-bce0-5270-9b23-c4bd9ec7edc2,1.0,same_phone_or_email,14990000.0,,credito,,soat,False,False
LD-00664,2026-08-11 03:34:00,Meta Ads,EMP-02,PV-008,Brayan Rodríguez Bedoya,310 056 6661,,CARTAGENA,Suzuki GN 125,no contesta,2026-08-11 05:34:00,Prima Extra,brayan rodriguez bedoya,573100566661,,cartagena,meta ads,no contesta,2026-08-11 03:34:00,2026-08-11 05:34:00,suzuki gn 125,664,SKU-013,100.0,fuzzy,phone:573100566661,95f1cc6a-b01c-56bc-8417-f12b44130061,False,,1.0,,7490000.0,13990000.0,credito,,soat,False,False
LD-00665,08/18/2026 18:39,WhatsApp,EMP-01,PV-004,ÓSCAR DAVID JIMÉNEZ MARÍN,573509163121,,RIONEGRO,Bajaj Pulsar NS 125 2026,En proceso,19/08/2026 00:39,Remate Modelos 2025,oscar david jimenez marin,573509163121,,rionegro,whatsapp,en proceso,2026-08-18 18:39:00,2026-08-19 00:39:00,bajaj pulsar ns 125 2026,665,SKU-008,100.0,fuzzy,phone:573509163121,3ef9eacd-08a3-57b0-8a49-759af9926cfc,False,,1.0,,8990000.0,,,,,False,False
LD-00666,20/08/2026 13:08,Meta Ads,EMP-01,PV-003,Luisa Valencia Vargas,314 547 7818,luisa.valencia34@gmail.com,BELLO,SUZUKI BEST 125,contactado,2026-08-20 15:08:00,Agosto Cero Cuotas,luisa valencia vargas,573145477818,luisa.valencia34@gmail.com,bello,meta ads,contactado,2026-08-20 13:08:00,2026-08-20 15:08:00,suzuki best 125,666,SKU-016,100.0,fuzzy,phone:573145477818,29f2cb16-65f3-5333-aae8-4c7cec843fab,False,,1.0,,6590000.0,,,,,False,False
LD-00667,2026-08-31 18:18:00,whatsapp,EMP-02,PV-009,DIANA CAROLINA CARDONA MOSQUERA,3110679806,diana.cardona73@yahoo.es,Santa Marta,Suzuki Gixxer 150,Sin gestión,,Prima Extra,diana carolina cardona mosquera,573110679806,diana.cardona73@yahoo.es,santa marta,whatsapp,sin gestion,2026-08-31 18:18:00,,suzuki gixxer 150,667,SKU-014,100.0,fuzzy,phone:573110679806,55b3021d-32ab-5f07-a93d-e5ff96e52725,False,,1.0,,11990000.0,,,,,False,False
LD-00668,02-09-2026,WhatsApp,EMP-02,PV-007,Nelson Restrepo Ospina,(301) 052-3960,nelson.restrepo1@outlook.com,Soledad,SUZUKI BEST 125,sin gestion,,Prima Extra,nelson restrepo ospina,573010523960,nelson.restrepo1@outlook.com,soledad,whatsapp,sin gestion,2026-09-02 00:00:00,,suzuki best 125,668,SKU-016,100.0,fuzzy,phone:573010523960,8d8dc49a-5cda-597d-8bc0-1930796cc8d4,False,,1.0,,6590000.0,,credito,baja,precio,False,True
LD-00669,2026-08-05 15:52:00,Formulario Web,EMP-03,PV-015,Nelson Zapata Restrepo,3059661745,nelson.zapata40@yahoo.es,Soacha,Suzuki V-Strom 250,sin gestion,,Retoma tu moto,nelson zapata restrepo,573059661745,nelson.zapata40@yahoo.es,soacha,formulario web,sin gestion,2026-08-05 15:52:00,,suzuki v-strom 250,669,SKU-015,100.0,fuzzy,phone:573059661745,be96c10b-83e1-5bf3-8a27-95491e07fd7b,False,,1.0,,21900000.0,5290000.0,credito,media,soat,False,False
LD-00670,2026-09-06 22:30:00,WhatsApp,EMP-02,PV-008,  Juan Carlos Correa Pérez  ,3169130724,,CARTAGENA,Bajaj Dominar 400,Sin gestión,,Retoma tu moto,juan carlos correa perez,573169130724,,cartagena,whatsapp,sin gestion,2026-09-06 22:30:00,,bajaj dominar 400,670,SKU-011,100.0,fuzzy,phone:573169130724,2faac191-0669-596d-92ab-f19b68286c63,False,,1.0,,24900000.0,,credito,,soat,False,False
LD-00671,02/08/2026 01:20,Meta Ads,EMP-03,PV-015,  Brayan Castaño Giraldo  ,3113763144,,SOACHA,Hero Dash 110,Cotización enviada,2026-08-02T19:20:00,Agosto Cero Cuotas,brayan castano giraldo,573113763144,,soacha,meta ads,cotizacion enviada,2026-08-02 01:20:00,2026-08-02 19:20:00,hero dash 110,671,SKU-024,100.0,fuzzy,phone:573113763144,75ea3d32-fb45-5cbf-9072-2a45fded2c64,False,,1.0,,6290000.0,,,,,False,False
LD-00672,2026-08-30 09:33:00,Meta Ads,EMP-03,PV-012,Nelson Jiménez Herrera,573117673715,nelson.jimenez48@outlook.com,Bogotá,AKT NKD 125 2026,Descartado,31-08-2026,Prima Extra,nelson jimenez herrera,573117673715,nelson.jimenez48@outlook.com,bogota,meta ads,descartado,2026-08-30 09:33:00,2026-08-31 00:00:00,akt nkd 125 2026,672,SKU-017,100.0,fuzzy,phone:573117673715,82cf072f-2afe-50a5-a7d5-4d4cdb4e0b88,False,,1.0,,5290000.0,,,,,False,False
LD-00673,16-08-2026,WHATSAPP,EMP-02,PV-010,Fabián Hernández Vargas,3156112717,fabian.hernandez1@hotmail.com,,Bajaj Pulsar NS 160,Sin gestión,,Prima Extra,fabian hernandez vargas,573156112717,fabian.hernandez1@hotmail.com,,whatsapp,sin gestion,2026-08-16 00:00:00,,bajaj pulsar ns 160,673,SKU-009,100.0,fuzzy,phone:573156112717,d751a709-4dd9-5283-bd89-fa7cef345f3d,False,,1.0,,11290000.0,6990000.0,credito,media,cuota,False,True
LD-00674,24-08-2026,Meta Ads,EMP-03,PV-015,PAULA ANDREA MOSQUERA CORREA, 3172026961 ,,Soacha,Suzuki Gixxer 150,Contactado,25/08/2026 12:52,,paula andrea mosquera correa,573172026961,,soacha,meta ads,contactado,2026-08-24 00:00:00,2026-08-25 12:52:00,suzuki gixxer 150,674,SKU-014,100.0,fuzzy,phone:573172026961,de8acd17-15d8-542a-a7fd-e805c57de520,False,,1.0,,11990000.0,24900000.0,credito,,soat,False,False
LD-00675,2026-09-07 06:31:00,WhatsApp,EMP-03,PV-011,Andrés Felipe Hernández Castaño,3176996608,andres.hernandez7@yahoo.es,bogotá,bajaj pulsar rs 200,Sin gestión,,,andres felipe hernandez castano,573176996608,andres.hernandez7@yahoo.es,bogota,whatsapp,sin gestion,2026-09-07 06:31:00,,bajaj pulsar rs 200,675,SKU-010,100.0,fuzzy,phone:573176996608,237324ff-8409-5439-a814-ed2ae45a7508,False,,1.0,,15490000.0,,,,,False,False
LD-00676,2026-08-04 04:33:00,WhatsApp,EMP-03,PV-014,  Angie Paola Londoño Pérez  ,305 462 9539,,bogotá,Hunk 160R,Sin gestión,,Prima Extra,angie paola londono perez,573054629539,,bogota,whatsapp,sin gestion,2026-08-04 04:33:00,,hunk 160r,676,SKU-022,100.0,exact,phone:573054629539,3e0e4a5b-34d7-5a35-beb3-a2f647f2402c,False,,1.0,,10490000.0,,,,,False,False
LD-00677,20/08/2026 03:52,Meta Ads,EMP-02,PV-010,  Fabián Restrepo Escobar  ,3027815212,fabian.restrepo23@yahoo.es,Monteria,A.K.T Dynamic R3 125,En proceso,2026-08-23T03:52:00,Remate Modelos 2025,fabian restrepo escobar,573027815212,fabian.restrepo23@yahoo.es,monteria,meta ads,en proceso,2026-08-20 03:52:00,2026-08-23 03:52:00,a.k.t dynamic r3 125,677,SKU-018,100.0,fuzzy,phone:573027815212,fd6bbab3-1254-5bdf-8728-8dc16432896e,False,,1.0,,5590000.0,14990000.0,credito,,cuota,False,True
LD-00678,13/08/2026 12:29,WhatsApp,EMP-02,PV-006,Angie Paola Pérez Quintero,304-057-7306,,B/quilla,Bajaj Pulsar RS 200,Contactado,14-08-2026,,angie paola perez quintero,573040577306,,b/quilla,whatsapp,contactado,2026-08-13 12:29:00,2026-08-14 00:00:00,bajaj pulsar rs 200,678,SKU-010,100.0,fuzzy,phone:573040577306,9f3f78af-7b51-5ca9-96ab-6057d10e190f,False,,1.0,,15490000.0,,,,,False,False
LD-00679,2026-09-02 17:10:00,whatsapp,EMP-02,PV-009,Leidy Johana Escobar Correa,573117586574,leidy.escobar43@hotmail.com,Santa Marta,HERO DASH 110,Sin gestión,,Prima Extra,leidy johana escobar correa,573117586574,leidy.escobar43@hotmail.com,santa marta,whatsapp,sin gestion,2026-09-02 17:10:00,,hero dash 110,679,SKU-024,100.0,fuzzy,phone:573117586574,60b61463-f184-5132-ad89-9c4730f0b9a9,False,,1.0,,6290000.0,,,,,False,False
LD-00680,28-08-2026,Meta Ads,EMP-02,PV-009,YESENIA TORRES CORREA,+57 350 6627819,,SANTA MARTA,Bajaj Boxer CT 100,Cotización enviada,2026-08-28T15:03:00,,yesenia torres correa,573506627819,,santa marta,meta ads,cotizacion enviada,2026-08-28 00:00:00,2026-08-28 15:03:00,bajaj boxer ct 100,680,SKU-007,100.0,fuzzy,phone:573506627819,3ab84b1d-3037-5f24-8146-30be77f1c5d9,False,,1.0,,5790000.0,,,,,False,False
LD-00681,08/22/2026 07:24,Meta Ads,EMP-01,PV-003,J. Valencia Salazar,(317) 362-2948,julian.valencia69@yahoo.es,bello,honda navi,Contactado,08/23/2026 01:24,Agosto Cero Cuotas,j. valencia salazar,573173622948,julian.valencia69@yahoo.es,bello,meta ads,contactado,2026-08-22 07:24:00,2026-08-23 01:24:00,honda navi,681,SKU-004,100.0,fuzzy,phone:573173622948,538cfdc7-2a19-5d1a-933f-0726ae850c02,True,538cfdc7-2a19-5d1a-933f-0726ae850c02,1.0,same_phone_or_email,7290000.0,4990000.0,credito,media,soat,True,False
LD-00682,31/08/2026 07:12,WhatsApp,EMP-01,PV-002,Marcela Castaño Herrera,313-501-3977,,Itagüí,akt ttr 200,No contesta,08/31/2026 13:12,Feria de Motos 2026,marcela castano herrera,573135013977,,itagui,whatsapp,no contesta,2026-08-31 07:12:00,2026-08-31 13:12:00,akt ttr 200,682,SKU-019,100.0,fuzzy,phone:573135013977,ffce6ae3-4dd9-5483-94c3-f81229e8e791,False,,1.0,,9890000.0,,,,,False,False
LD-00683,03/09/2026 08:46,WhatsApp,EMP-01,PV-003,ALEXANDER HERRERA VARGAS,+57 321 1846719,alexander.herrera20@yahoo.es,bello,Hero  Dash 110,No contesta,2026-09-04T02:46:00,Remate Modelos 2025,alexander herrera vargas,573211846719,alexander.herrera20@yahoo.es,bello,whatsapp,no contesta,2026-09-03 08:46:00,2026-09-04 02:46:00,hero dash 110,683,SKU-024,100.0,fuzzy,phone:573211846719,ff4e928f-a0b1-5bb1-aa06-c64d28506bd2,False,,1.0,,6290000.0,,,,,False,False
LD-00684,09/05/2026 17:27,Meta Ads,EMP-01,PV-001,BRAYAN TORRES OSORIO,323-400-4884,brayan.torres4@gmail.com,Medellín ,Honda XR 150L,Contactado,09/08/2026 17:27,,brayan torres osorio,573234004884,brayan.torres4@gmail.com,medellin,meta ads,contactado,2026-05-09 17:27:00,2026-08-09 17:27:00,honda xr 150l,684,SKU-002,100.0,fuzzy,phone:573234004884,4574814f-af61-5275-bcc7-b677f23089a6,False,,1.0,,11490000.0,,,,,False,False
LD-00685,14-08-2026,FORMULARIO WEB,EMP-01,PV-004,  Mónica Jiménez Franco  ,+57 311 5959529,monica.jimenez98@gmail.com,Rio Negro,Honda CB 190R 2026,No contesta,14-08-2026,Prima Extra,monica jimenez franco,573115959529,monica.jimenez98@gmail.com,rio negro,formulario web,no contesta,2026-08-14 00:00:00,2026-08-14 00:00:00,honda cb 190r 2026,685,SKU-003,100.0,fuzzy,phone:573115959529,9c892558-4bec-5270-99e7-d29d8d10e284,True,9c892558-4bec-5270-99e7-d29d8d10e284,1.0,same_phone_or_email,13990000.0,,,,,False,False
LD-00686,04/09/2026 03:14,Formulario Web,EMP-01,PV-005,Cristian Torres Franco,321 170 3957,cristian.torres92@hotmail.com,Medellin,AKT Dynamic R3 125 2026,Cotización enviada,05-09-2026,Prima Extra,cristian torres franco,573211703957,cristian.torres92@hotmail.com,medellin,formulario web,cotizacion enviada,2026-09-04 03:14:00,2026-09-05 00:00:00,akt dynamic r3 125 2026,686,SKU-018,100.0,fuzzy,phone:573211703957,29d48ceb-2018-5d22-b9c7-6729f4408da2,False,,1.0,,5590000.0,,,,,False,False
LD-00687,2026-09-01 04:02:00,WhatsApp,EMP-01,PV-005,WILMAR QUINTERO RESTREPO,318-373-9437,wilmar.quintero34@outlook.com,,Honda Navi,En proceso,01/09/2026 22:02,Remate Modelos 2025,wilmar quintero restrepo,573183739437,wilmar.quintero34@outlook.com,,whatsapp,en proceso,2026-09-01 04:02:00,2026-09-01 22:02:00,honda navi,687,SKU-004,100.0,fuzzy,phone:573183739437,f157fb45-11da-5a83-9a0b-65a38cdef799,False,,1.0,,7290000.0,,credito,media,soat,False,False
LD-00688,2026-08-18 03:40:00,Meta Ads,EMP-03,PV-012,Liliana Betancur Correa,302 751 8124,,bogotá,HERO DASH 110,Cotización enviada,2026-08-19T09:40:00,,liliana betancur correa,573027518124,,bogota,meta ads,cotizacion enviada,2026-08-18 03:40:00,2026-08-19 09:40:00,hero dash 110,688,SKU-024,100.0,fuzzy,phone:573027518124,b13ac42f-35bc-5ae2-8429-1953ca3ab09f,False,,1.0,,6290000.0,,,,,False,False
LD-00689,2026-08-09 18:40:00,whatsapp,EMP-02,PV-007,  Mónica Franco Arias  , 3104371116 ,,SOLEDAD,AKT NKD 125,SIN GESTION,,Feria de Motos 2026,monica franco arias,573104371116,,soledad,whatsapp,sin gestion,2026-08-09 18:40:00,,akt nkd 125,689,SKU-017,100.0,fuzzy,phone:573104371116,f0b62ba7-ba3d-5895-b221-2ef9f3c18e1b,False,,1.0,,5290000.0,,,,,False,False
LD-00690,2026-08-29 20:34:00,FORMULARIO WEB,EMP-03,PV-011,JORGE IVÁN ESCOBAR FRANCO,313-487-8613,,Bogotá,Bajai Boxer CT 100,Cotización enviada,2026-08-30 02:34:00,Agosto Cero Cuotas,jorge ivan escobar franco,573134878613,,bogota,formulario web,cotizacion enviada,2026-08-29 20:34:00,2026-08-30 02:34:00,bajai boxer ct 100,690,SKU-007,100.0,fuzzy,phone:573134878613,79b551c0-5a01-5e92-a1cb-1eb0aa994775,False,,1.0,,5790000.0,,credito,media,soat,False,False
LD-00691,2026-08-20 17:04:00,WhatsApp,EMP-02,PV-009,Alexander Muñoz Torres,+57 318 6490750,,SANTA MARTA,Suzuki Gixxer 150,no contesta,,Agosto Cero Cuotas,alexander munoz torres,573186490750,,santa marta,whatsapp,no contesta,2026-08-20 17:04:00,,suzuki gixxer 150,691,SKU-014,100.0,fuzzy,phone:573186490750,5e656842-6d4d-5bdc-bcad-7974a19da178,False,,1.0,,11990000.0,7490000.0,credito,,soat,False,False
LD-00692,2026-08-06 04:19:00,WhatsApp,EMP-03,PV-014,Alexander Betancur Herrera,573231150819,,Bogotá D.C.,AKT NKD,SIN GESTION,,Remate Modelos 2025,alexander betancur herrera,573231150819,,bogota,whatsapp,sin gestion,2026-08-06 04:19:00,,akt nkd,692,,60.0,unmatched,phone:573231150819,e273a6bd-79ad-5e74-a3c1-6dcab43a1d55,True,e273a6bd-79ad-5e74-a3c1-6dcab43a1d55,1.0,same_phone_or_email,,,,,,False,False
LD-00693,2026-08-29 06:04:00,WhatsApp,EMP-02,PV-009,Duván Bedoya Giraldo,(312) 094-9745,,Santa Marta,HONDA CB 125F TWISTER,Descartado,2026-08-30 12:04:00,Prima Extra,duvan bedoya giraldo,573120949745,,santa marta,whatsapp,descartado,2026-08-29 06:04:00,2026-08-30 12:04:00,honda cb 125f twister,693,SKU-001,100.0,fuzzy,phone:573120949745,2a08332f-edeb-5d1a-9d90-9603646b717b,False,,1.0,,7990000.0,11990000.0,credito,,cuota,False,True
LD-00694,2026-08-13 09:57:00,Formulario Web,EMP-01,PV-004,Duván Arias,318 545 2495,duvan.arias36@hotmail.com,Rio Negro,Honda XR 150L,En proceso,2026-08-16 09:57:00,,duvan arias,573185452495,duvan.arias36@hotmail.com,rio negro,formulario web,en proceso,2026-08-13 09:57:00,2026-08-16 09:57:00,honda xr 150l,694,SKU-002,100.0,fuzzy,phone:573185452495,fdcdde6a-9b15-5097-a9e9-db4631fc7af2,True,fdcdde6a-9b15-5097-a9e9-db4631fc7af2,1.0,same_phone_or_email,11490000.0,15490000.0,credito,,cuota,False,True
LD-00695,2026-08-08 02:03:00,Meta Ads,EMP-01,PV-005,Mónica Quintero Mosquera,313-777-6162,,medellin,AKT TTR 200,Sin gestión,,Feria de Motos 2026,monica quintero mosquera,573137776162,,medellin,meta ads,sin gestion,2026-08-08 02:03:00,,akt ttr 200,695,SKU-019,100.0,fuzzy,phone:573137776162,9ae03ad0-dad6-5cb6-8d72-bd6740fb2d8c,False,,1.0,,9890000.0,,,,,False,False
LD-00696,2026-08-13 12:45:00,Meta Ads,EMP-01,PV-005,Andrés Felipe Pérez Quintero,3125311633,andres.perez34@yahoo.es,MEDELLIN,Hero Xpulse 200,Sin gestión,,Feria de Motos 2026,andres felipe perez quintero,573125311633,andres.perez34@yahoo.es,medellin,meta ads,sin gestion,2026-08-13 12:45:00,,hero xpulse 200,696,SKU-023,100.0,fuzzy,phone:573125311633,bed06ac4-d1bb-5dfe-9274-da66fe76e962,False,,1.0,,14990000.0,,credito,,soat,False,False
LD-00697,08/17/2026 17:05,WhatsApp,EMP-01,PV-002,  Jhon Jairo Betancur Franco  ,301 602 6492,jhon.betancur64@outlook.com,Itagüí,AKT Dynamic R3 125 2026,no contesta,2026-08-18 17:05:00,Prima Extra,jhon jairo betancur franco,573016026492,jhon.betancur64@outlook.com,itagui,whatsapp,no contesta,2026-08-17 17:05:00,2026-08-18 17:05:00,akt dynamic r3 125 2026,697,SKU-018,100.0,fuzzy,phone:573016026492,246e4b7e-3eb9-546a-937a-36a927e9f219,False,,1.0,,5590000.0,,,,,False,False
LD-00698,2026-08-07 18:36:00,Meta Ads,EMP-02,PV-006,Sebastián Bedoya Quintero,320 089 1362,,BARRANQUILLA,AKT  Evo RS 150,Cotización enviada,08-08-2026,Retoma tu moto,sebastian bedoya quintero,573200891362,,barranquilla,meta ads,cotizacion enviada,2026-08-07 18:36:00,2026-08-08 00:00:00,akt evo rs 150,698,SKU-020,100.0,fuzzy,phone:573200891362,af8dd843-662e-5bd8-ac6f-8f8e8ec2ce07,False,,1.0,,7190000.0,,,,,False,False
LD-00699,10/08/2026 10:17,Meta Ads,EMP-01,PV-002,María Fernanda Giraldo Zapata, 3509307184 ,maria.giraldo58@gmail.com,ITAGUI,akt dynamic r3 125,Sin gestión,,Prima Extra,maria fernanda giraldo zapata,573509307184,maria.giraldo58@gmail.com,itagui,meta ads,sin gestion,2026-08-10 10:17:00,,akt dynamic r3 125,699,SKU-018,100.0,fuzzy,phone:573509307184,d4abeb32-f237-5384-b4e2-a6699d5a8bb2,False,,1.0,,5590000.0,,,,,False,False
LD-00700,04/09/2026 15:31,Meta Ads,EMP-01,PV-002,KATHERINE FRANCO BETANCUR,3168431066,,Itagui,Honda Dio 110,sin gestion,,Remate Modelos 2025,katherine franco betancur,573168431066,,itagui,meta ads,sin gestion,2026-09-04 15:31:00,,honda dio 110,700,SKU-005,100.0,fuzzy,phone:573168431066,8bb41a22-f6ed-5176-b21b-1730da0b543b,False,,1.0,,6890000.0,,,,,False,False
LD-00701,2026-08-29T12:59:00,Meta Ads,EMP-01,PV-002,Carlos Mario Escobar Gómez, 3518533548 ,carlos.escobar82@hotmail.com,Itagüí,bajaj pulsar rs 200,Contactado,08/29/2026 16:59,Prima Extra,carlos mario escobar gomez,573518533548,carlos.escobar82@hotmail.com,itagui,meta ads,contactado,2026-08-29 12:59:00,2026-08-29 16:59:00,bajaj pulsar rs 200,701,SKU-010,100.0,fuzzy,phone:573518533548,fa8ee78a-53f6-5589-b97d-ea4606ab42cd,False,,1.0,,15490000.0,,credito,media,precio,False,True
LD-00702,11/08/2026 13:02,Meta Ads,EMP-01,PV-001,Fabián Osorio Rodríguez,302-362-7987,fabian.osorio90@outlook.com,medellin,Honda  CB 190R,Contactado,11/08/2026 19:02,,fabian osorio rodriguez,573023627987,fabian.osorio90@outlook.com,medellin,meta ads,contactado,2026-08-11 13:02:00,2026-08-11 19:02:00,honda cb 190r,702,SKU-003,100.0,fuzzy,phone:573023627987,33052dcb-b5ad-5f87-bea5-c8b0adef9df4,False,,1.0,,13990000.0,,,,,False,False
LD-00703,22-08-2026,Meta Ads,EMP-01,PV-005,KEVIN CARDONA MUÑOZ,(318) 954-2317,kevin.cardona10@gmail.com,MEDELLIN,suzuki gixxer 150,Sin gestión,,Retoma tu moto,kevin cardona munoz,573189542317,kevin.cardona10@gmail.com,medellin,meta ads,sin gestion,2026-08-22 00:00:00,,suzuki gixxer 150,703,SKU-014,100.0,fuzzy,phone:573189542317,533ba83d-393b-5cd0-be4f-fcba46a4fa3c,True,533ba83d-393b-5cd0-be4f-fcba46a4fa3c,1.0,same_phone_or_email,11990000.0,,credito,,soat,False,False
LD-00704,2026-08-11 10:38:00,Meta Ads,EMP-01,PV-003,Camilo Quintero Zapata,305 412 6686,camilo.quintero3@hotmail.com,BELLO,suzuki best 125,En proceso,08/11/2026 14:38,Retoma tu moto,camilo quintero zapata,573054126686,camilo.quintero3@hotmail.com,bello,meta ads,en proceso,2026-08-11 10:38:00,2026-11-08 14:38:00,suzuki best 125,704,SKU-016,100.0,fuzzy,phone:573054126686,69f75a4d-e190-54bc-86fe-b9dba691ac77,False,,1.0,,6590000.0,,,,,False,False
LD-00705,09/06/2026 03:50,WhatsApp,EMP-01,PV-003,Freddy Hernández Correa,573222887178,freddy.hernandez41@outlook.com,Bello,Hero Dash 110 2026,SIN GESTION,,Feria de Motos 2026,freddy hernandez correa,573222887178,freddy.hernandez41@outlook.com,bello,whatsapp,sin gestion,2026-06-09 03:50:00,,hero dash 110 2026,705,SKU-024,100.0,fuzzy,phone:573222887178,b8d5e275-3f91-5438-a147-2b3d865e74bd,False,,1.0,,6290000.0,,credito,,soat,False,False
LD-00706,14/08/2026 18:27,formulario web,EMP-02,PV-010,  Estefanía Hernández Quintero  ,3224806236,,Montería,,Sin gestión,,Feria de Motos 2026,estefania hernandez quintero,573224806236,,monteria,formulario web,sin gestion,2026-08-14 18:27:00,,,706,,0.0,none,phone:573224806236,322bd56b-3c49-528f-934f-3d9db81ec827,False,,1.0,,,,,,,False,False
LD-00707,16/08/2026 11:11,WhatsApp,EMP-03,PV-015,  Natalia Betancur Gómez  ,315-405-7594,natalia.betancur44@hotmail.com,Soacha,,En proceso,08/16/2026 15:11,Prima Extra,natalia betancur gomez,573154057594,natalia.betancur44@hotmail.com,soacha,whatsapp,en proceso,2026-08-16 11:11:00,2026-08-16 15:11:00,,707,,0.0,none,phone:573154057594,fbe61148-472f-5e1a-a863-0626cab5fb03,False,,1.0,,,,,,,False,False
LD-00708,06-08-2026,WHATSAPP,EMP-01,PV-001,Édinson Arias Bedoya,+57 301 5875431,edinson.arias13@gmail.com,Medellín,Bajaj Dominar 400,Sin gestión,,Prima Extra,edinson arias bedoya,573015875431,edinson.arias13@gmail.com,medellin,whatsapp,sin gestion,2026-08-06 00:00:00,,bajaj dominar 400,708,SKU-011,100.0,fuzzy,phone:573015875431,2f0bdc63-25a5-5bdd-8cee-7bed9054fabf,False,,1.0,,24900000.0,,,,,False,False
LD-00709,26/08/2026 09:17,Meta Ads,EMP-03,PV-013,Vanessa Ospina Arias,(321) 488-9537,,Bogotá D.C.,Bajai Dominar 400,No contesta,2026-08-26T21:17:00,,vanessa ospina arias,573214889537,,bogota,meta ads,no contesta,2026-08-26 09:17:00,2026-08-26 21:17:00,bajai dominar 400,709,SKU-011,100.0,fuzzy,phone:573214889537,77d817d4-fa15-5e6f-ac4e-4b05982e530a,False,,1.0,,24900000.0,,,,,False,False
LD-00710,2026-08-04 21:56:00,Meta Ads,EMP-03,PV-015,JUAN CARLOS HERRERA TORRES,313 851 4160,juan.herrera62@hotmail.com,Soacha,SUZUKI GIXXER 150,contactado,05/08/2026 03:56,Retoma tu moto,juan carlos herrera torres,573138514160,juan.herrera62@hotmail.com,soacha,meta ads,contactado,2026-08-04 21:56:00,2026-08-05 03:56:00,suzuki gixxer 150,710,SKU-014,100.0,fuzzy,phone:573138514160,f20c3a01-26ce-5bca-9f88-f17f1b3773b8,False,,1.0,,11990000.0,,,,,False,False
LD-00711,08/06/2026 13:23,Formulario Web,EMP-03,PV-014,  Óscar David Arias Pérez  ,3101785129,oscar.arias99@outlook.com,BOGOTA,akt dynamic r3 125,Cotización enviada,07-08-2026,Retoma tu moto,oscar david arias perez,573101785129,oscar.arias99@outlook.com,bogota,formulario web,cotizacion enviada,2026-06-08 13:23:00,2026-08-07 00:00:00,akt dynamic r3 125,711,SKU-018,100.0,fuzzy,phone:573101785129,8c9cd519-0fd9-53ec-a5c0-a07b487a70b7,False,,1.0,,5590000.0,,,,,False,False
LD-00712,2026-08-03 09:04:00,WhatsApp,EMP-01,PV-005,Wilmar Pérez Pérez,317 528 3303,wilmar.perez12@hotmail.com,MEDELLIN,Hero Eco Deluxe 100 2026,No contesta,2026-08-04 09:04:00,,wilmar perez perez,573175283303,wilmar.perez12@hotmail.com,medellin,whatsapp,no contesta,2026-08-03 09:04:00,2026-08-04 09:04:00,hero eco deluxe 100 2026,712,SKU-021,100.0,fuzzy,phone:573175283303,6008a34a-6bc8-5049-a192-2eefd4ab54e8,False,,1.0,,4990000.0,22900000.0,credito,,soat,False,False
LD-00713,2026-08-22 03:52:00,WhatsApp,EMP-02,PV-006,  Wilmar Valencia Ramírez  ,(311) 461-6089,,BARRANQUILLA,Hero  Hunk 160R,Contactado,22/08/2026 21:52,,wilmar valencia ramirez,573114616089,,barranquilla,whatsapp,contactado,2026-08-22 03:52:00,2026-08-22 21:52:00,hero hunk 160r,713,SKU-022,100.0,fuzzy,phone:573114616089,5444457e-b259-51c3-a532-d668f442fdf7,False,,1.0,,10490000.0,,,,,False,False
LD-00714,2026-08-17 21:40:00,Meta Ads,EMP-01,PV-003,Óscar David Quintero Salazar,+57 302 9384041,oscar.quintero89@outlook.com,BELLO,Honda  Navi,Contactado,19/08/2026 21:40,Prima Extra,oscar david quintero salazar,573029384041,oscar.quintero89@outlook.com,bello,meta ads,contactado,2026-08-17 21:40:00,2026-08-19 21:40:00,honda navi,714,SKU-004,100.0,fuzzy,phone:573029384041,329e9032-3186-5b3a-86ff-23993e017aee,False,,1.0,,7290000.0,,credito,media,soat,False,False
LD-00715,09/09/2026 07:59,Formulario Web,EMP-02,PV-009,Estefanía Restrepo Bedoya,+57 312 2281291,estefania.restrepo6@outlook.com,SANTA MARTA,bajaj pulsar rs 200,Cotización enviada,10-09-2026,Remate Modelos 2025,estefania restrepo bedoya,573122281291,estefania.restrepo6@outlook.com,santa marta,formulario web,cotizacion enviada,2026-09-09 07:59:00,2026-09-10 00:00:00,bajaj pulsar rs 200,715,SKU-010,100.0,fuzzy,phone:573122281291,1550cb94-c252-55f2-9714-cfe15ef6f5b6,True,1550cb94-c252-55f2-9714-cfe15ef6f5b6,1.0,same_phone_or_email,15490000.0,,credito,baja,precio,False,True
LD-00716,19-08-2026,Meta Ads,EMP-01,PV-003,SEBASTIÁN PÉREZ CORREA,314 185 4139,,bello,Honda CB 190R,Contactado,2026-08-19T22:05:00,Prima Extra,sebastian perez correa,573141854139,,bello,meta ads,contactado,2026-08-19 00:00:00,2026-08-19 22:05:00,honda cb 190r,716,SKU-003,100.0,fuzzy,phone:573141854139,0c8a668a-50a0-5df5-b8ce-6550b92e0505,False,,1.0,,13990000.0,,,,,False,False
LD-00717,04/08/2026 14:09,WhatsApp,EMP-01,PV-004,  Liliana Mosquera Arias  ,3184347019,liliana.mosquera26@outlook.com,Rionegro,Bajaj Pulsar NS 160,Cotización enviada,,Feria de Motos 2026,liliana mosquera arias,573184347019,liliana.mosquera26@outlook.com,rionegro,whatsapp,cotizacion enviada,2026-08-04 14:09:00,,bajaj pulsar ns 160,717,SKU-009,100.0,fuzzy,phone:573184347019,a8bc0601-af79-5660-bf24-65df4d6d6366,False,,1.0,,11290000.0,,,,,False,False
LD-00718,2026-09-07 09:38:00,Meta Ads,EMP-03,PV-015,YESENIA RAMÍREZ HERNÁNDEZ, 3215149133 ,,SOACHA,Honda Dio 110,Descartado,2026-09-07 11:38:00,Remate Modelos 2025,yesenia ramirez hernandez,573215149133,,soacha,meta ads,descartado,2026-09-07 09:38:00,2026-09-07 11:38:00,honda dio 110,718,SKU-005,100.0,fuzzy,phone:573215149133,b1c5db35-96bd-50a2-b0eb-43089b3b0e00,False,,1.0,,6890000.0,6290000.0,credito,,cuota,False,True
LD-00719,07/08/2026 04:37,WHATSAPP,EMP-02,PV-008,Óscar David Agudelo Torres,3139088431,,,AKT  Evo RS 150,En proceso,08/08/2026 10:37,Agosto Cero Cuotas,oscar david agudelo torres,573139088431,,,whatsapp,en proceso,2026-08-07 04:37:00,2026-08-08 10:37:00,akt evo rs 150,719,SKU-020,100.0,fuzzy,phone:573139088431,94707d38-1ec1-5e33-af51-d98c07bd88e7,False,,1.0,,7190000.0,,,,,False,False
LD-00720,2026-08-29 22:58:00,Meta Ads,EMP-03,PV-012,Marcela Restrepo Vargas,300 501 5843,,BOGOTA,Bajaj Boxer CT 100,SIN GESTION,,Agosto Cero Cuotas,marcela restrepo vargas,573005015843,,bogota,meta ads,sin gestion,2026-08-29 22:58:00,,bajaj boxer ct 100,720,SKU-007,100.0,fuzzy,phone:573005015843,28052021-1fb5-52fa-a769-ec695e861cc4,False,,1.0,,5790000.0,,,,,False,False
LD-00721,2026-09-05 21:19:00,Meta Ads,EMP-01,PV-001,Héctor Ospina Giraldo,+57 300 3752560,hector.ospina70@yahoo.es,Medellín,Suzuki Best 125,no contesta,08-09-2026,Prima Extra,hector ospina giraldo,573003752560,hector.ospina70@yahoo.es,medellin,meta ads,no contesta,2026-09-05 21:19:00,2026-09-08 00:00:00,suzuki best 125,721,SKU-016,100.0,fuzzy,phone:573003752560,400115be-9248-5867-b106-86e98e68cb72,False,,1.0,,6590000.0,,,,,False,False
LD-00722,14/08/2026 15:02,WhatsApp,EMP-03,PV-013,KATHERINE RODRÍGUEZ SALAZAR,573042810960,,Bogota,suzuki v-strom 250,No contesta,2026-08-15T15:02:00,Retoma tu moto,katherine rodriguez salazar,573042810960,,bogota,whatsapp,no contesta,2026-08-14 15:02:00,2026-08-15 15:02:00,suzuki v-strom 250,722,SKU-015,100.0,fuzzy,phone:573042810960,39b2d2c9-4e10-5628-9450-f016e10f3c35,False,,1.0,,21900000.0,,,,,False,False
LD-00723,05/08/2026 14:44,WhatsApp,EMP-03,PV-013,Angie Paola Zapata Gómez,(302) 933-3246,,Bogotá,Hnda XR 150L,Sin gestión,,Agosto Cero Cuotas,angie paola zapata gomez,573029333246,,bogota,whatsapp,sin gestion,2026-08-05 14:44:00,,hnda xr 150l,723,SKU-002,100.0,fuzzy,phone:573029333246,5809b2bf-dde7-505f-b334-ab36073ab7ef,False,,1.0,,11490000.0,,,,,False,False
LD-00724,27/08/2026 19:26,WhatsApp,EMP-03,PV-015,CLAUDIA PATRICIA ARIAS FRANCO,3006998457,,SOACHA,Hero  Dash 110,Sin gestión,,,claudia patricia arias franco,573006998457,,soacha,whatsapp,sin gestion,2026-08-27 19:26:00,,hero dash 110,724,SKU-024,100.0,fuzzy,phone:573006998457,ec8fe931-319b-50dc-892a-c7bdbff13f22,False,,1.0,,6290000.0,,,,,False,False
LD-00725,11-08-2026,Meta Ads,EMP-02,PV-008,Camilo Pérez Torres,305 275 0249,camilo.perez27@yahoo.es,Cartagena,Bajaj Pulsar NS 160,No contesta,11/08/2026 23:44,Prima Extra,camilo perez torres,573052750249,camilo.perez27@yahoo.es,cartagena,meta ads,no contesta,2026-08-11 00:00:00,2026-08-11 23:44:00,bajaj pulsar ns 160,725,SKU-009,100.0,fuzzy,phone:573052750249,41f2a389-b0ef-56cd-8d29-5cedb47458a4,False,,1.0,,11290000.0,,,,,False,False
LD-00726,2026-08-21 15:10:00,WhatsApp,EMP-03,PV-011,Erika Castaño Pérez,305 436 9682,erika.castano54@gmail.com,Bogotá,Suzuki V-Strom 250,No contesta,,Prima Extra,erika castano perez,573054369682,erika.castano54@gmail.com,bogota,whatsapp,no contesta,2026-08-21 15:10:00,,suzuki v-strom 250,726,SKU-015,100.0,fuzzy,phone:573054369682,6e93e96d-287c-5e80-8e03-1733481ba96b,False,,1.0,,21900000.0,,,,,False,False
LD-00727,22-08-2026,WhatsApp,EMP-02,PV-009,Yesenia Betancur Bedoya,3044274114,yesenia.betancur65@outlook.com,SANTA MARTA,suzuki best 125,Cotización enviada,08/23/2026 18:54,,yesenia betancur bedoya,573044274114,yesenia.betancur65@outlook.com,santa marta,whatsapp,cotizacion enviada,2026-08-22 00:00:00,2026-08-23 18:54:00,suzuki best 125,727,SKU-016,100.0,fuzzy,phone:573044274114,8dabe3a2-90f7-5883-8fbe-c46c56ceefc2,False,,1.0,,6590000.0,,,,,False,False
LD-00728,31/08/2026 09:42,WhatsApp,EMP-01,PV-005,Brayan Restrepo Pérez,314-538-1017,,Medellin,Hero Dash 110 2026,Sin gestión,,,brayan restrepo perez,573145381017,,medellin,whatsapp,sin gestion,2026-08-31 09:42:00,,hero dash 110 2026,728,SKU-024,100.0,fuzzy,phone:573145381017,caf2a87f-7879-5b0b-a26d-606801002b85,False,,1.0,,6290000.0,,credito,media,soat,False,False
LD-00729,2026-09-08 03:50:00,Formulario Web,EMP-02,PV-008,  Nelson Londoño Muñoz  , 3501054780 ,,CARTAGENA,AKT Dynamic R3 125,Sin gestión,,,nelson londono munoz,573501054780,,cartagena,formulario web,sin gestion,2026-09-08 03:50:00,,akt dynamic r3 125,729,SKU-018,100.0,fuzzy,phone:573501054780,b1620666-96d5-56b0-acdc-8d7c251158c6,False,,1.0,,5590000.0,,credito,baja,precio,False,True
LD-00730,2026-08-30 11:26:00,Meta Ads,EMP-02,PV-008,Adriana Gómez,(350) 887-6769,adriana.gomez83@hotmail.com,Cartagena,Boxer CT 100,No contesta,2026-08-30T17:26:00,Prima Extra,adriana gomez,573508876769,adriana.gomez83@hotmail.com,cartagena,meta ads,no contesta,2026-08-30 11:26:00,2026-08-30 17:26:00,boxer ct 100,730,SKU-007,100.0,exact,phone:573508876769,36f6144e-4dfb-5338-9d29-ae53ad0b2f7e,True,36f6144e-4dfb-5338-9d29-ae53ad0b2f7e,1.0,same_phone_or_email,5790000.0,,,,,False,False
LD-00731,08/23/2026 05:50,WhatsApp,EMP-03,PV-014,Fabián Bedoya Mosquera, 3519120764 ,fabian.bedoya10@outlook.com,BOGOTA,TTR 200,Sin gestión,,Prima Extra,fabian bedoya mosquera,573519120764,fabian.bedoya10@outlook.com,bogota,whatsapp,sin gestion,2026-08-23 05:50:00,,ttr 200,731,SKU-019,100.0,exact,phone:573519120764,ed9be05e-42f1-559c-a24e-708e31c267bf,False,,1.0,,9890000.0,5790000.0,credito,media,cuota,False,True
LD-00732,12-08-2026,Formulario Web,EMP-03,PV-012,  Wilmar Gómez Torres  ,3205370489,,Bogotá D.C.,BAJAJ PULSAR NS 125,Contactado,15/08/2026 04:18,,wilmar gomez torres,573205370489,,bogota,formulario web,contactado,2026-08-12 00:00:00,2026-08-15 04:18:00,bajaj pulsar ns 125,732,SKU-008,100.0,fuzzy,phone:573205370489,db8abc9e-2a87-5cb9-9753-1e82c7276910,False,,1.0,,8990000.0,,,,,False,False
LD-00733,08/05/2026 08:14,Formulario Web,EMP-01,PV-002,Freddy Ospina Arias,304 787 4597,,Itagui,Honda Dio 110,sin gestion,,Retoma tu moto,freddy ospina arias,573047874597,,itagui,formulario web,sin gestion,2026-05-08 08:14:00,,honda dio 110,733,SKU-005,100.0,fuzzy,phone:573047874597,c1c8f50f-b8ed-5610-b636-a1b3d5c73ca5,False,,1.0,,6890000.0,6890000.0,credito,,cuota,False,True
LD-00734,09/09/2026 14:50,Formulario Web,EMP-02,PV-007,Yuliana Cardona Valencia,351-697-3266,yuliana.cardona72@gmail.com,SOLEDAD,Hunk 160R,Sin gestión,,Remate Modelos 2025,yuliana cardona valencia,573516973266,yuliana.cardona72@gmail.com,soledad,formulario web,sin gestion,2026-09-09 14:50:00,,hunk 160r,734,SKU-022,100.0,exact,phone:573516973266,49b72de7-6eaa-53e0-af87-b0ff7c17b558,False,,1.0,,10490000.0,7490000.0,credito,,cuota,False,True
LD-00735,29/08/2026 21:38,WHATSAPP,EMP-01,PV-003,Freddy Quintero Salazar,316 416 6582,freddy.quintero46@gmail.com,bello,Honda  XR 150L,Sin gestión,,Remate Modelos 2025,freddy quintero salazar,573164166582,freddy.quintero46@gmail.com,bello,whatsapp,sin gestion,2026-08-29 21:38:00,,honda xr 150l,735,SKU-002,100.0,fuzzy,phone:573164166582,b2085857-adcb-5b54-847b-70803baff537,False,,1.0,,11490000.0,6990000.0,credito,,cuota,False,True
LD-00736,31/08/2026 20:21,Formulario Web,EMP-01,PV-001,Estefanía Valencia Restrepo,311-811-0844,,medellin,AKT TTR 200,Cotización enviada,2026-09-03 20:21:00,Prima Extra,estefania valencia restrepo,573118110844,,medellin,formulario web,cotizacion enviada,2026-08-31 20:21:00,2026-09-03 20:21:00,akt ttr 200,736,SKU-019,100.0,fuzzy,phone:573118110844,35fda2fe-8b68-58a0-8b29-554e9bd181bc,False,,1.0,,9890000.0,6890000.0,credito,media,soat,False,False
LD-00737,08/02/2026 16:50,WhatsApp,EMP-03,PV-011,NELSON GIRALDO PÉREZ,+57 313 7718909,nelson.giraldo37@yahoo.es,Bogotá D.C.,,Cotización enviada,03/08/2026 16:50,Retoma tu moto,nelson giraldo perez,573137718909,nelson.giraldo37@yahoo.es,bogota,whatsapp,cotizacion enviada,2026-02-08 16:50:00,2026-08-03 16:50:00,,737,,0.0,none,phone:573137718909,f189be25-075f-5f47-b690-76e4493d772e,False,,1.0,,,,,,,False,False
LD-00738,26/08/2026 08:51,WHATSAPP,EMP-02,PV-007,LUISA VALENCIA MARÍN,573211246707,luisa.valencia97@gmail.com,SOLEDAD,Hero Eco Deluxe 100 2026,sin gestion,,Prima Extra,luisa valencia marin,573211246707,luisa.valencia97@gmail.com,soledad,whatsapp,sin gestion,2026-08-26 08:51:00,,hero eco deluxe 100 2026,738,SKU-021,100.0,fuzzy,phone:573211246707,8781bac9-897e-5e6f-8e3c-63ec443e10b0,False,,1.0,,4990000.0,,,,,False,False
LD-00739,2026-08-30 20:14:00,whatsapp,EMP-02,PV-008,  Brayan Londoño Quintero  ,573140141348,brayan.londono35@hotmail.com,Cartagena de Indias,AKT Dynamic R3 125,Descartado,31/08/2026 20:14,Agosto Cero Cuotas,brayan londono quintero,573140141348,brayan.londono35@hotmail.com,cartagena de indias,whatsapp,descartado,2026-08-30 20:14:00,2026-08-31 20:14:00,akt dynamic r3 125,739,SKU-018,100.0,fuzzy,phone:573140141348,7ba0d9db-2fef-5fd4-96aa-5bfe0d6fbd4c,False,,1.0,,5590000.0,,,,,False,False
LD-00740,2026-08-11 09:55:00,Meta Ads,EMP-03,PV-015,Erika Osorio Escobar, 3168299364 ,,SOACHA,Suzuki Gixxer 150,Contactado,12/08/2026 03:55,Prima Extra,erika osorio escobar,573168299364,,soacha,meta ads,contactado,2026-08-11 09:55:00,2026-08-12 03:55:00,suzuki gixxer 150,740,SKU-014,100.0,fuzzy,phone:573168299364,f2efc0ba-2644-5b27-bd50-98cc870b9a09,True,f2efc0ba-2644-5b27-bd50-98cc870b9a09,1.0,same_phone_or_email,11990000.0,7490000.0,credito,media,soat,False,False
LD-00741,04-08-2026,WhatsApp,EMP-03,PV-011,Julián Restrepo Betancur,322 150 5420,julian.restrepo12@gmail.com,bogotá,Bajaj Pulsar NS 125,Sin gestión,,Feria de Motos 2026,julian restrepo betancur,573221505420,julian.restrepo12@gmail.com,bogota,whatsapp,sin gestion,2026-08-04 00:00:00,,bajaj pulsar ns 125,741,SKU-008,100.0,fuzzy,phone:573221505420,8a9c8d85-2534-5843-a64a-abea91f81e06,False,,1.0,,8990000.0,,,,,False,False
LD-00742,2026-08-10 15:38:00,WhatsApp,EMP-01,PV-001,  Alexander Mosquera Giraldo  ,573182978207,alexander.mosquera9@yahoo.es,Medellin,Suzuki GN 125,Descartado,11/08/2026 09:38,Retoma tu moto,alexander mosquera giraldo,573182978207,alexander.mosquera9@yahoo.es,medellin,whatsapp,descartado,2026-08-10 15:38:00,2026-08-11 09:38:00,suzuki gn 125,742,SKU-013,100.0,fuzzy,phone:573182978207,eaaa1911-77b9-5ac1-83fd-1ff4f6d3dc41,True,eaaa1911-77b9-5ac1-83fd-1ff4f6d3dc41,1.0,same_phone_or_email,7490000.0,6590000.0,credito,media,soat,False,False
LD-00743,2026-08-24 14:14:00,WhatsApp,EMP-01,PV-003,  Fabián Ramírez Salazar  ,323 241 2298,fabian.ramirez53@outlook.com,Bello,Bajaj Discover 125,Descartado,2026-08-24 16:14:00,,fabian ramirez salazar,573232412298,fabian.ramirez53@outlook.com,bello,whatsapp,descartado,2026-08-24 14:14:00,2026-08-24 16:14:00,bajaj discover 125,743,SKU-012,100.0,fuzzy,phone:573232412298,359198db-d869-5c1f-b384-b29f72d12e0d,False,,1.0,,6990000.0,24900000.0,credito,media,cuota,False,True
LD-00744,2026-08-10 14:35:00,FORMULARIO WEB,EMP-03,PV-011,Mónica Torres Arias,(320) 044-3193,,BOGOTA,GN 125,SIN GESTION,,Retoma tu moto,monica torres arias,573200443193,,bogota,formulario web,sin gestion,2026-08-10 14:35:00,,gn 125,744,SKU-013,100.0,exact,phone:573200443193,6c2755df-6b22-581e-9ba3-6e473be6e1bc,False,,1.0,,7490000.0,,,,,False,False
LD-00745,2026-08-08 13:17:00,WhatsApp,EMP-02,PV-008,SANDRA MILENA MOSQUERA HERRERA,573511635855,,CARTAGENA,Bajaj Pulsar NS 125,Cotización enviada,2026-08-08T15:17:00,,sandra milena mosquera herrera,573511635855,,cartagena,whatsapp,cotizacion enviada,2026-08-08 13:17:00,2026-08-08 15:17:00,bajaj pulsar ns 125,745,SKU-008,100.0,fuzzy,phone:573511635855,08faf197-48c7-5ad4-ac31-1beb76c49aad,False,,1.0,,8990000.0,,,,,False,False
LD-00746,2026-08-02 02:55:00,Meta Ads,EMP-03,PV-015,Fabián Osorio Arias,323-426-6022,,SOACHA,bajaj discover 125,Sin gestión,,,fabian osorio arias,573234266022,,soacha,meta ads,sin gestion,2026-08-02 02:55:00,,bajaj discover 125,746,SKU-012,100.0,fuzzy,phone:573234266022,27d4f245-1497-5a04-aebc-fcb42ed4c4ab,False,,1.0,,6990000.0,,,,,False,False
LD-00747,08/10/2026 12:42,WhatsApp,EMP-01,PV-005,Sandra Milena Betancur Cardona,3509955591,sandra.betancur40@yahoo.es,medellin,,sin gestion,,Prima Extra,sandra milena betancur cardona,573509955591,sandra.betancur40@yahoo.es,medellin,whatsapp,sin gestion,2026-10-08 12:42:00,,,747,,0.0,none,phone:573509955591,994e1d46-5850-5220-a10d-c5f9f1a79e71,False,,1.0,,,,,,,False,False
LD-00748,2026-08-26 00:41:00,WhatsApp,EMP-03,PV-011,Jorge Iván Salazar Ramírez,+57 301 4852240,,,,Contactado,2026-08-26 18:41:00,Prima Extra,jorge ivan salazar ramirez,573014852240,,,whatsapp,contactado,2026-08-26 00:41:00,2026-08-26 18:41:00,,748,,0.0,none,phone:573014852240,d96b3b6d-0245-5e19-8e51-77ea8596c634,False,,1.0,,,,,,,False,False
LD-00749,2026-08-17 08:18:00,WhatsApp,EMP-03,PV-013,  Jorge Iván Quintero Agudelo  ,316 062 6914,,Bogota,HERO ECO DELUXE 100,En proceso,18/08/2026 08:18,Retoma tu moto,jorge ivan quintero agudelo,573160626914,,bogota,whatsapp,en proceso,2026-08-17 08:18:00,2026-08-18 08:18:00,hero eco deluxe 100,749,SKU-021,100.0,fuzzy,phone:573160626914,9e5af7c2-3579-5d63-a392-bb71b712136f,False,,1.0,,4990000.0,22900000.0,credito,,cuota,False,True
LD-00750,15/08/2026 20:00,WhatsApp,EMP-03,PV-015,NELSON ESCOBAR CARDONA, 3048824330 ,nelson.escobar26@hotmail.com,SOACHA,V-Strom 250,SIN GESTION,,Retoma tu moto,nelson escobar cardona,573048824330,nelson.escobar26@hotmail.com,soacha,whatsapp,sin gestion,2026-08-15 20:00:00,,v-strom 250,750,SKU-015,100.0,exact,phone:573048824330,57f4fa36-e30e-5320-aab9-854d1c81d6de,False,,1.0,,21900000.0,,,,,False,False
LD-00751,10/08/2026 01:29,WhatsApp,EMP-02,PV-006,  Camilo Ramírez Valencia  ,3121554059,camilo.ramirez81@gmail.com,barranquilla,Hero Dash,SIN GESTION,,Agosto Cero Cuotas,camilo ramirez valencia,573121554059,camilo.ramirez81@gmail.com,barranquilla,whatsapp,sin gestion,2026-08-10 01:29:00,,hero dash,751,,66.66666666666666,unmatched,phone:573121554059,fd5b6bcb-93c5-5e34-9956-ad6ee836e556,False,,1.0,,,15490000.0,credito,media,cuota,False,True
LD-00752,2026-08-13T23:43:00,meta ads,EMP-01,PV-001,Katherine Gómez Torres,3513425954,katherine.gomez81@hotmail.com,Medellín,Suzuki Best 125,Contactado,16/08/2026 23:43,Feria de Motos 2026,katherine gomez torres,573513425954,katherine.gomez81@hotmail.com,medellin,meta ads,contactado,2026-08-13 23:43:00,2026-08-16 23:43:00,suzuki best 125,752,SKU-016,100.0,fuzzy,phone:573513425954,9b015ec0-1a0d-50ba-9314-e2eed60cbbf8,False,,1.0,,6590000.0,,,,,False,False
LD-00753,15-08-2026,WhatsApp,EMP-03,PV-012,Óscar David Vargas Pérez,3513680668,,Bogota,hero hunk 160r,Descartado,2026-08-17 01:15:00,Feria de Motos 2026,oscar david vargas perez,573513680668,,bogota,whatsapp,descartado,2026-08-15 00:00:00,2026-08-17 01:15:00,hero hunk 160r,753,SKU-022,100.0,fuzzy,phone:573513680668,74a57c48-82b9-5818-9546-f5ba03f6308b,False,,1.0,,10490000.0,,,,,False,False
LD-00754,2026-08-07 20:20:00,WhatsApp,EMP-01,PV-001,Angie Paola Betancur Rodríguez,302-136-8697,,Medellín ,Hero Eco Deluxe 100,En proceso,08/08/2026 02:20,Remate Modelos 2025,angie paola betancur rodriguez,573021368697,,medellin,whatsapp,en proceso,2026-08-07 20:20:00,2026-08-08 02:20:00,hero eco deluxe 100,754,SKU-021,100.0,fuzzy,phone:573021368697,807f5dfd-221c-5db8-9642-c5840c9b12e5,False,,1.0,,4990000.0,13990000.0,credito,,soat,False,False
LD-00755,2026-08-18 22:32:00,WhatsApp,EMP-01,PV-004,  Mónica Pérez Franco  ,3135735661,monica.perez6@yahoo.es,Rio Negro,Honda Navi,No contesta,19/08/2026 02:32,Retoma tu moto,monica perez franco,573135735661,monica.perez6@yahoo.es,rio negro,whatsapp,no contesta,2026-08-18 22:32:00,2026-08-19 02:32:00,honda navi,755,SKU-004,100.0,fuzzy,phone:573135735661,133075f8-38fa-5877-8e63-7087dcd42258,True,133075f8-38fa-5877-8e63-7087dcd42258,1.0,same_phone_or_email,7290000.0,,,,,False,False
LD-00756,09-08-2026,WHATSAPP,EMP-02,PV-007,Luisa Mosquera Bedoya,314 584 9180,,Soledad,Dash 110,Contactado,10-08-2026,Retoma tu moto,luisa mosquera bedoya,573145849180,,soledad,whatsapp,contactado,2026-08-09 00:00:00,2026-08-10 00:00:00,dash 110,756,SKU-024,100.0,exact,phone:573145849180,c558aac4-816b-5332-843f-63f322335f94,False,,1.0,,6290000.0,,,,,False,False
LD-00757,08-08-2026,WhatsApp,EMP-01,PV-003,Jhon Jairo Arias Arias,3143398692,jhon.arias39@hotmail.com,bello,Dominar 400,No contesta,09/08/2026 23:47,Retoma tu moto,jhon jairo arias arias,573143398692,jhon.arias39@hotmail.com,bello,whatsapp,no contesta,2026-08-08 00:00:00,2026-08-09 23:47:00,dominar 400,757,SKU-011,100.0,exact,phone:573143398692,af7d581d-c866-5f37-af72-8f518b311b9e,True,af7d581d-c866-5f37-af72-8f518b311b9e,1.0,same_phone_or_email,24900000.0,,,,,False,False
LD-00758,19/08/2026 22:51,WhatsApp,EMP-01,PV-001,  Jhon Jairo Restrepo Ospina  ,3510143318,jhon.restrepo95@hotmail.com,Medellín,Suzuki,sin gestion,,Feria de Motos 2026,jhon jairo restrepo ospina,573510143318,jhon.restrepo95@hotmail.com,medellin,whatsapp,sin gestion,2026-08-19 22:51:00,,suzuki,758,,26.66666666666667,unmatched,phone:573510143318,1b8156ec-6651-5279-b77a-f8f1ec703071,False,,1.0,,,,,,,False,False
LD-00759,2026-09-04T00:03:00,Meta Ads,EMP-03,PV-011,Nelson Rodríguez Castaño,3120324065,nelson.rodriguez14@outlook.com,BOGOTA,BAJAJ DISCOVER 125,En proceso,,,nelson rodriguez castano,573120324065,nelson.rodriguez14@outlook.com,bogota,meta ads,en proceso,2026-09-04 00:03:00,,bajaj discover 125,759,SKU-012,100.0,fuzzy,phone:573120324065,4b221358-e9c1-5523-bcf1-cd2678d74f8d,True,4b221358-e9c1-5523-bcf1-cd2678d74f8d,1.0,same_phone_or_email,6990000.0,11290000.0,credito,,soat,False,False
LD-00760,2026-09-01T03:54:00,WhatsApp,EMP-02,PV-006,  Freddy Herrera Bedoya  ,3205827190,freddy.herrera36@hotmail.com,B/quilla,,En proceso,09/01/2026 05:54,Agosto Cero Cuotas,freddy herrera bedoya,573205827190,freddy.herrera36@hotmail.com,b/quilla,whatsapp,en proceso,2026-09-01 03:54:00,2026-01-09 05:54:00,,760,,0.0,none,phone:573205827190,de5e957c-95f9-5bac-8491-dea6d40e0c25,False,,1.0,,,,,,,False,False
LD-00761,2026-09-07 01:56:00,WhatsApp,EMP-03,PV-014,Adriana Salazar Rodríguez,321-079-3506,adriana.salazar57@hotmail.com,Bogotá,HONDA XR 150L,Descartado,,Remate Modelos 2025,adriana salazar rodriguez,573210793506,adriana.salazar57@hotmail.com,bogota,whatsapp,descartado,2026-09-07 01:56:00,,honda xr 150l,761,SKU-002,100.0,fuzzy,phone:573210793506,b859c9c5-fe62-5794-b292-eb2c1d7ed4a2,False,,1.0,,11490000.0,,,,,False,False
LD-00762,09/06/2026 13:32,WhatsApp,EMP-01,PV-005,Nelson Castaño Pérez,3051782293,nelson.castano20@yahoo.es,Medellin,TTR 200,Cotización enviada,09/07/2026 13:32,,nelson castano perez,573051782293,nelson.castano20@yahoo.es,medellin,whatsapp,cotizacion enviada,2026-06-09 13:32:00,2026-07-09 13:32:00,ttr 200,762,SKU-019,100.0,exact,phone:573051782293,a8385db1-da81-5fcc-93a3-3f4d6d3acad6,False,,1.0,,9890000.0,11290000.0,credito,,soat,False,False
LD-00763,2026-08-17 06:25:00,Meta Ads,EMP-01,PV-003,Adriana Rodríguez Vargas,3059920816,adriana.rodriguez39@hotmail.com,Bello,Hero,Contactado,,Agosto Cero Cuotas,adriana rodriguez vargas,573059920816,adriana.rodriguez39@hotmail.com,bello,meta ads,contactado,2026-08-17 06:25:00,,hero,763,,28.57142857142857,unmatched,phone:573059920816,b83ec266-4832-5838-8ea7-4971da6e88ae,False,,1.0,,,,,,,False,False
LD-00764,2026-08-06T01:11:00,WhatsApp,EMP-01,PV-005,Luisa Quintero Giraldo,3015409384,luisa.quintero47@hotmail.com,,Hero Xpulse 200,Descartado,2026-08-06 05:11:00,,luisa quintero giraldo,573015409384,luisa.quintero47@hotmail.com,,whatsapp,descartado,2026-08-06 01:11:00,2026-08-06 05:11:00,hero xpulse 200,764,SKU-023,100.0,fuzzy,phone:573015409384,567ff564-c89c-5b78-b963-a0b04f66ab19,False,,1.0,,14990000.0,,credito,baja,precio,False,True
LD-00765,08/20/2026 16:30,WhatsApp,EMP-03,PV-011,Vanessa Pérez Castaño,+57 320 3215784,vanessa.perez54@gmail.com,Bogota DC,Honda CB 190R,contactado,2026-08-21 16:30:00,Feria de Motos 2026,vanessa perez castano,573203215784,vanessa.perez54@gmail.com,bogota dc,whatsapp,contactado,2026-08-20 16:30:00,2026-08-21 16:30:00,honda cb 190r,765,SKU-003,100.0,fuzzy,phone:573203215784,38dc0946-f845-5f48-a9c5-801bb834427b,False,,1.0,,13990000.0,24900000.0,credito,media,cuota,False,True
LD-00766,07/09/2026 12:52,WhatsApp,EMP-03,PV-013,Erika Jiménez Agudelo,3227874706,,Bogota,AKT EVO RS 150,Cotización enviada,2026-09-07 14:52:00,,erika jimenez agudelo,573227874706,,bogota,whatsapp,cotizacion enviada,2026-09-07 12:52:00,2026-09-07 14:52:00,akt evo rs 150,766,SKU-020,100.0,fuzzy,phone:573227874706,ce6b3cd5-c7a2-575f-850d-4ada4868a092,False,,1.0,,7190000.0,,,,,False,False
LD-00767,03-09-2026,WhatsApp,EMP-03,PV-013,Claudia Patricia Quintero Vargas,311-529-1155,,Bogotá,Honda,Contactado,2026-09-05 07:14:00,,claudia patricia quintero vargas,573115291155,,bogota,whatsapp,contactado,2026-09-03 00:00:00,2026-09-05 07:14:00,honda,767,,44.44444444444444,unmatched,phone:573115291155,f75257f5-dba4-507f-a727-0458b3a23220,False,,1.0,,,24900000.0,credito,,soat,False,False
LD-00768,2026-09-05 17:05:00,WhatsApp,EMP-03,PV-012,Wilmar Giraldo Salazar,(317) 041-7915,wilmar.giraldo37@outlook.com,Bogotá D.C.,Hero Eco Deluxe 100,En proceso,05/09/2026 19:05,Prima Extra,wilmar giraldo salazar,573170417915,wilmar.giraldo37@outlook.com,bogota,whatsapp,en proceso,2026-09-05 17:05:00,2026-09-05 19:05:00,hero eco deluxe 100,768,SKU-021,100.0,fuzzy,phone:573170417915,db3fe189-a792-5852-8283-4ea60eda6c0f,False,,1.0,,4990000.0,,,,,False,False
LD-00769,30/08/2026 19:25,Formulario Web,EMP-01,PV-003,C. Vargas Correa,3149634001,,BELLO,Bajaj Pulsar NS 160 2026,sin gestion,,Agosto Cero Cuotas,c. vargas correa,573149634001,,bello,formulario web,sin gestion,2026-08-30 19:25:00,,bajaj pulsar ns 160 2026,769,SKU-009,100.0,fuzzy,phone:573149634001,f8b6cf00-259c-5d4d-91ea-3efc55217e5b,True,f8b6cf00-259c-5d4d-91ea-3efc55217e5b,1.0,same_phone_or_email,11290000.0,,credito,,soat,False,False
LD-00770,28/08/2026 17:19,WhatsApp,EMP-01,PV-004,Alexander Castaño Muñoz, 3159484997 ,,Rionegro,Honda XRE 300 2026,Cotización enviada,2026-08-28 18:19:00,Retoma tu moto,alexander castano munoz,573159484997,,rionegro,whatsapp,cotizacion enviada,2026-08-28 17:19:00,2026-08-28 18:19:00,honda xre 300 2026,770,SKU-006,100.0,fuzzy,phone:573159484997,93ea7d22-271e-50ed-9bc4-0c602377a9a3,False,,1.0,,22900000.0,24900000.0,credito,,soat,False,False
LD-00771,2026-08-09 15:50:00,Meta Ads,EMP-02,PV-010,Estefanía Herrera Zapata,314 518 5948,estefania.herrera70@outlook.com,MONTERIA,Suzuki V-Strom 250,Contactado,08/10/2026 03:50,,estefania herrera zapata,573145185948,estefania.herrera70@outlook.com,monteria,meta ads,contactado,2026-08-09 15:50:00,2026-10-08 03:50:00,suzuki v-strom 250,771,SKU-015,100.0,fuzzy,phone:573145185948,e3756b00-fe8e-55f2-bd1d-454c63a72eee,False,,1.0,,21900000.0,,,,,False,False
LD-00772,2026-08-26T02:01:00,Meta Ads,EMP-02,PV-006,Kevin Mosquera Marín,304 650 6152,,barranquilla,Honda  XR 150L,En proceso,26-08-2026,,kevin mosquera marin,573046506152,,barranquilla,meta ads,en proceso,2026-08-26 02:01:00,2026-08-26 00:00:00,honda xr 150l,772,SKU-002,100.0,fuzzy,phone:573046506152,4ad31d42-6ed6-522d-8d2c-85c41f593711,False,,1.0,,11490000.0,,,,,False,False
LD-00773,30-08-2026,Formulario Web,EMP-02,PV-006,Sebastián Muñoz Gómez, 3170538251 ,,Barranquilla,,Contactado,2026-08-31T01:07:00,Feria de Motos 2026,sebastian munoz gomez,573170538251,,barranquilla,formulario web,contactado,2026-08-30 00:00:00,2026-08-31 01:07:00,,773,,0.0,none,phone:573170538251,26d4084f-e8e7-5cac-83a5-489cad5d342f,False,,1.0,,,,,,,False,False
LD-00774,27-08-2026,WhatsApp,EMP-03,PV-011,Édinson Arias Franco,310 218 9113,edinson.arias36@outlook.com,Bogota,Hero Dash,No contesta,28-08-2026,Prima Extra,edinson arias franco,573102189113,edinson.arias36@outlook.com,bogota,whatsapp,no contesta,2026-08-27 00:00:00,2026-08-28 00:00:00,hero dash,774,,66.66666666666666,unmatched,phone:573102189113,ab98679f-7b40-5de9-a76d-96ae938ce421,False,,1.0,,,,,,,False,False
LD-00775,2026-08-21T16:24:00,WhatsApp,EMP-03,PV-012,Leidy Johana Franco Arias,(315) 149-8889,leidy.franco77@outlook.com,Bogota,akt ttr 200,sin gestion,,,leidy johana franco arias,573151498889,leidy.franco77@outlook.com,bogota,whatsapp,sin gestion,2026-08-21 16:24:00,,akt ttr 200,775,SKU-019,100.0,fuzzy,phone:573151498889,36d93002-dc71-5be0-b364-d48c9f062e1b,True,36d93002-dc71-5be0-b364-d48c9f062e1b,1.0,same_phone_or_email,9890000.0,,,,,False,False
LD-00776,2026-08-08T21:31:00,WhatsApp,EMP-03,PV-012,LILIANA PÉREZ RODRÍGUEZ,+57 320 6046478,liliana.perez72@yahoo.es,,akt dynamic r3 125,sin gestion,,,liliana perez rodriguez,573206046478,liliana.perez72@yahoo.es,,whatsapp,sin gestion,2026-08-08 21:31:00,,akt dynamic r3 125,776,SKU-018,100.0,fuzzy,phone:573206046478,a9944429-a20f-5a99-807d-b209341ae849,False,,1.0,,5590000.0,,credito,,soat,False,False
LD-00777,19/08/2026 11:38,Meta Ads,EMP-02,PV-009,Angie Paola Herrera Valencia, 3139539977 ,,Santa Marta,AKT TTR 200 2026,Sin gestión,,Agosto Cero Cuotas,angie paola herrera valencia,573139539977,,santa marta,meta ads,sin gestion,2026-08-19 11:38:00,,akt ttr 200 2026,777,SKU-019,100.0,fuzzy,phone:573139539977,5ea2e837-25ad-5d90-bdd7-812e417048ee,False,,1.0,,9890000.0,,,,,False,False
LD-00778,04/08/2026 12:50,WhatsApp,EMP-01,PV-005,Julián Osorio Giraldo,+57 317 0115119,julian.osorio46@hotmail.com,Medellin,AKT Dynamic,Contactado,04-08-2026,Agosto Cero Cuotas,julian osorio giraldo,573170115119,julian.osorio46@hotmail.com,medellin,whatsapp,contactado,2026-08-04 12:50:00,2026-08-04 00:00:00,akt dynamic,778,,77.77777777777777,unmatched,phone:573170115119,8955d543-aeec-58c0-bd3e-8550e8af71ac,False,,1.0,,,,,,,False,False
LD-00779,08/29/2026 04:48,WhatsApp,EMP-03,PV-011,Julián Muñoz Salazar,3211314168,julian.munoz11@gmail.com,Bogota,BAJAJ BOXER CT 100,no contesta,2026-08-29T10:48:00,Agosto Cero Cuotas,julian munoz salazar,573211314168,julian.munoz11@gmail.com,bogota,whatsapp,no contesta,2026-08-29 04:48:00,2026-08-29 10:48:00,bajaj boxer ct 100,779,SKU-007,100.0,fuzzy,phone:573211314168,59caa914-b0a9-5abf-b094-8c874891c1b1,False,,1.0,,5790000.0,6890000.0,credito,,soat,False,False
LD-00780,15-08-2026,Meta Ads,EMP-01,PV-002,Adriana Osorio Torres,3128183051,adriana.osorio25@outlook.com,Itagui,Bajaj,Sin gestión,,,adriana osorio torres,573128183051,adriana.osorio25@outlook.com,itagui,meta ads,sin gestion,2026-08-15 00:00:00,,bajaj,780,,22.22222222222223,unmatched,phone:573128183051,e26c9d9c-4687-55be-abbe-09f3d1f64ef1,False,,1.0,,,,,,,False,False
LD-00781,05-09-2026,Formulario Web,EMP-01,PV-003,KATHERINE RAMÍREZ AGUDELO,3507400452,katherine.ramirez84@outlook.com,BELLO,Bajaj Dominar 400 2026,Sin gestión,,Feria de Motos 2026,katherine ramirez agudelo,573507400452,katherine.ramirez84@outlook.com,bello,formulario web,sin gestion,2026-09-05 00:00:00,,bajaj dominar 400 2026,781,SKU-011,100.0,fuzzy,phone:573507400452,3b7edfbc-e8c0-5d35-bac2-031629583c64,False,,1.0,,24900000.0,,,,,False,False
LD-00782,2026-08-28T04:59:00,Meta Ads,EMP-02,PV-006,Natalia Torres Betancur,320 025 0429,natalia.torres11@outlook.com,Barranquilla,AKT,Sin gestión,,,natalia torres betancur,573200250429,natalia.torres11@outlook.com,barranquilla,meta ads,sin gestion,2026-08-28 04:59:00,,akt,782,,28.57142857142857,unmatched,phone:573200250429,75b999f0-38d3-59a7-aee7-eab84ad367fc,False,,1.0,,,4990000.0,credito,media,cuota,False,True
LD-00783,07/08/2026 20:23,Formulario Web,EMP-01,PV-002,Luisa Restrepo Londoño,313 417 4574,,Itagüí,Honda CB 190R,Contactado,2026-08-08T00:23:00,Remate Modelos 2025,luisa restrepo londono,573134174574,,itagui,formulario web,contactado,2026-08-07 20:23:00,2026-08-08 00:23:00,honda cb 190r,783,SKU-003,100.0,fuzzy,phone:573134174574,e8b79667-9f20-56a9-a412-dbc10376e10a,True,e8b79667-9f20-56a9-a412-dbc10376e10a,1.0,same_phone_or_email,13990000.0,,,,,False,False
LD-00784,2026-08-21 16:17:00,WhatsApp,EMP-03,PV-014,Estefanía Gómez Valencia,+57 300 7639828,,Bogota DC,honda xr 150l,Descartado,2026-08-24T16:17:00,Remate Modelos 2025,estefania gomez valencia,573007639828,,bogota dc,whatsapp,descartado,2026-08-21 16:17:00,2026-08-24 16:17:00,honda xr 150l,784,SKU-002,100.0,fuzzy,phone:573007639828,69cd5316-927e-5fd6-9065-813a9fc85f10,False,,1.0,,11490000.0,,,,,False,False
LD-00785,12/08/2026 06:20,meta ads,EMP-01,PV-002,FREDDY ESCOBAR ESCOBAR,312-783-8653,freddy.escobar49@outlook.com,Itagüí,Bajaj Boxer CT 100,No contesta,12/08/2026 18:20,,freddy escobar escobar,573127838653,freddy.escobar49@outlook.com,itagui,meta ads,no contesta,2026-08-12 06:20:00,2026-08-12 18:20:00,bajaj boxer ct 100,785,SKU-007,100.0,fuzzy,phone:573127838653,5552800c-d3c3-5dfd-ad92-25654e6195cc,False,,1.0,,5790000.0,,,,,False,False
LD-00786,12/08/2026 10:08,Formulario Web,EMP-03,PV-012,Liliana Bedoya Franco,573139377682,,BOGOTA,HONDA XRE 300,Descartado,12-08-2026,Feria de Motos 2026,liliana bedoya franco,573139377682,,bogota,formulario web,descartado,2026-08-12 10:08:00,2026-08-12 00:00:00,honda xre 300,786,SKU-006,100.0,fuzzy,phone:573139377682,db18a139-d80d-5461-91be-33611281be90,False,,1.0,,22900000.0,,,,,False,False
LD-00787,2026-09-04 21:13:00,WhatsApp,EMP-03,PV-013,  Jhon Jairo Arias Arias  ,+57 314 3398692,jhon.arias30@yahoo.es,Bogota,akt dynamic r3 125,Sin gestión,,Remate Modelos 2025,jhon jairo arias arias,573143398692,jhon.arias30@yahoo.es,bogota,whatsapp,sin gestion,2026-09-04 21:13:00,,akt dynamic r3 125,787,SKU-018,100.0,fuzzy,phone:573143398692,af7d581d-c866-5f37-af72-8f518b311b9e,True,af7d581d-c866-5f37-af72-8f518b311b9e,1.0,same_phone_or_email,5590000.0,7490000.0,credito,media,cuota,False,True
LD-00788,09/08/2026 09:06,WhatsApp,EMP-01,PV-002,Yesenia Arias Restrepo, 3228094847 ,yesenia.arias58@outlook.com,Itagui,AKT  NKD 125,Descartado,09/08/2026 11:06,,yesenia arias restrepo,573228094847,yesenia.arias58@outlook.com,itagui,whatsapp,descartado,2026-08-09 09:06:00,2026-08-09 11:06:00,akt nkd 125,788,SKU-017,100.0,fuzzy,phone:573228094847,5077d16c-15b1-5cbd-a2a0-2d4b27b867ac,False,,1.0,,5290000.0,21900000.0,credito,,soat,False,False
LD-00789,2026-08-18 07:21:00,Meta Ads,EMP-03,PV-014,JUAN CARLOS CASTAÑO OSORIO,311 024 7003,,,Suzuki V-Strom 250,Contactado,08/18/2026 13:21,Remate Modelos 2025,juan carlos castano osorio,573110247003,,,meta ads,contactado,2026-08-18 07:21:00,2026-08-18 13:21:00,suzuki v-strom 250,789,SKU-015,100.0,fuzzy,phone:573110247003,892b7e12-25cc-547c-b2e6-e7c317a05cc3,False,,1.0,,21900000.0,,,,,False,False
LD-00790,2026-08-19 23:28:00,Formulario Web,EMP-03,PV-013,Liliana Hernández Londoño,+57 313 4444770,,Bogota,AKT Evo RS 150 2026,Cotización enviada,20-08-2026,Retoma tu moto,liliana hernandez londono,573134444770,,bogota,formulario web,cotizacion enviada,2026-08-19 23:28:00,2026-08-20 00:00:00,akt evo rs 150 2026,790,SKU-020,100.0,fuzzy,phone:573134444770,438b2ffb-3e92-5dbd-8d8f-c433f7789aff,True,438b2ffb-3e92-5dbd-8d8f-c433f7789aff,1.0,same_phone_or_email,7190000.0,,,,,False,False
LD-00791,2026-08-17 05:26:00,Meta Ads,EMP-02,PV-006,Freddy Valencia Correa,3210077976,freddy.valencia66@yahoo.es,B/quilla,,Cotización enviada,,Agosto Cero Cuotas,freddy valencia correa,573210077976,freddy.valencia66@yahoo.es,b/quilla,meta ads,cotizacion enviada,2026-08-17 05:26:00,,,791,,0.0,none,phone:573210077976,e7eef91b-71fc-5f8a-8a24-a1bce654eac6,False,,1.0,,,,,,,False,False
LD-00792,09/09/2026 10:45,WhatsApp,EMP-02,PV-008,  Luisa Jiménez Hernández  ,3127187390,luisa.jimenez82@gmail.com,Cartagena de Indias,honda xre 300,Cotización enviada,09/11/2026 10:45,Remate Modelos 2025,luisa jimenez hernandez,573127187390,luisa.jimenez82@gmail.com,cartagena de indias,whatsapp,cotizacion enviada,2026-09-09 10:45:00,2026-11-09 10:45:00,honda xre 300,792,SKU-006,100.0,fuzzy,phone:573127187390,917ae542-4813-58e1-a606-9f5c2d2d0a32,False,,1.0,,22900000.0,,credito,,soat,False,False
LD-00793,13/08/2026 07:43,WhatsApp,EMP-02,PV-006,DUVÁN GÓMEZ MARÍN,3161979504,,B/quilla,honda xre 300,Cotización enviada,2026-08-14T07:43:00,Agosto Cero Cuotas,duvan gomez marin,573161979504,,b/quilla,whatsapp,cotizacion enviada,2026-08-13 07:43:00,2026-08-14 07:43:00,honda xre 300,793,SKU-006,100.0,fuzzy,phone:573161979504,12de8cfc-7d95-5e43-bfbb-7362f302c1b2,False,,1.0,,22900000.0,,,,,False,False
LD-00794,02/08/2026 02:28,META ADS,EMP-03,PV-013,  Luisa Agudelo Herrera  ,313-031-2521,luisa.agudelo10@yahoo.es,,BAJAJ DISCOVER 125,Contactado,08/03/2026 08:28,Prima Extra,luisa agudelo herrera,573130312521,luisa.agudelo10@yahoo.es,,meta ads,contactado,2026-08-02 02:28:00,2026-03-08 08:28:00,bajaj discover 125,794,SKU-012,100.0,fuzzy,phone:573130312521,82859ad1-168c-540e-8998-28dddbe11273,True,82859ad1-168c-540e-8998-28dddbe11273,1.0,same_phone_or_email,6990000.0,9890000.0,credito,,cuota,False,True
LD-00795,2026-08-08 06:51:00,whatsapp,EMP-02,PV-010,Liliana Valencia Mosquera,320-652-9363,,Monteria,Suzuki GN 125 2026,Cotización enviada,08/08/2026 07:51,,liliana valencia mosquera,573206529363,,monteria,whatsapp,cotizacion enviada,2026-08-08 06:51:00,2026-08-08 07:51:00,suzuki gn 125 2026,795,SKU-013,100.0,fuzzy,phone:573206529363,f27a6148-954a-5a9e-bdd7-fcb1aa415f14,False,,1.0,,7490000.0,15490000.0,credito,media,cuota,False,True
LD-00796,05/08/2026 13:11,whatsapp,EMP-01,PV-003,Marcela Restrepo Restrepo,3231332160,marcela.restrepo56@yahoo.es,bello,bajaj pulsar ns 160,contactado,06-08-2026,Prima Extra,marcela restrepo restrepo,573231332160,marcela.restrepo56@yahoo.es,bello,whatsapp,contactado,2026-08-05 13:11:00,2026-08-06 00:00:00,bajaj pulsar ns 160,796,SKU-009,100.0,fuzzy,phone:573231332160,6f40c258-b223-5263-8ebf-987a2d5f5fd4,False,,1.0,,11290000.0,,,,,False,False
LD-00797,12-08-2026,WhatsApp,EMP-03,PV-015,FABIÁN MOSQUERA AGUDELO,318-342-0203,,Soacha,Honda Dio 110,Cotización enviada,12/08/2026 06:19,,fabian mosquera agudelo,573183420203,,soacha,whatsapp,cotizacion enviada,2026-08-12 00:00:00,2026-08-12 06:19:00,honda dio 110,797,SKU-005,100.0,fuzzy,phone:573183420203,3d015ab0-d039-5d20-b17a-2801e2270a2b,True,3d015ab0-d039-5d20-b17a-2801e2270a2b,1.0,same_phone_or_email,6890000.0,6990000.0,credito,,soat,False,False
LD-00798,2026-08-28 00:48:00,Meta Ads,EMP-02,PV-010,Angie Paola Gómez Ospina, 3506059192 ,,Monteria,Honda Dio,contactado,2026-08-28T06:48:00,Retoma tu moto,angie paola gomez ospina,573506059192,,monteria,meta ads,contactado,2026-08-28 00:48:00,2026-08-28 06:48:00,honda dio,798,,60.0,unmatched,phone:573506059192,aa112c84-f8c9-5bb9-a0a3-e5790247d7d7,False,,1.0,,,,,,,False,False
LD-00799,2026-08-22 15:32:00,Meta Ads,EMP-02,PV-006,Yesenia Cardona Bedoya,+57 313 8517688,,barranquilla,AKT,Sin gestión,,Agosto Cero Cuotas,yesenia cardona bedoya,573138517688,,barranquilla,meta ads,sin gestion,2026-08-22 15:32:00,,akt,799,,28.57142857142857,unmatched,phone:573138517688,8b914eee-85c4-58fe-bd1e-938c78ec8dd2,False,,1.0,,,,,,,False,False
LD-00800,31/08/2026 13:56,meta ads,EMP-03,PV-012,WILMAR FRANCO GÓMEZ,(302) 621-2106,,Bogota DC,Bajaj Pulsar RS 200,Contactado,09/01/2026 19:56,Retoma tu moto,wilmar franco gomez,573026212106,,bogota dc,meta ads,contactado,2026-08-31 13:56:00,2026-01-09 19:56:00,bajaj pulsar rs 200,800,SKU-010,100.0,fuzzy,phone:573026212106,1bc494ad-02f6-5a7c-aa09-8f76d309a673,True,1bc494ad-02f6-5a7c-aa09-8f76d309a673,1.0,same_phone_or_email,15490000.0,6890000.0,credito,,cuota,False,True
LD-00801,2026-08-13T01:02:00,WhatsApp,EMP-03,PV-013,Liliana Vargas Londoño,3124362520,,Bogota,,Descartado,13-08-2026,Remate Modelos 2025,liliana vargas londono,573124362520,,bogota,whatsapp,descartado,2026-08-13 01:02:00,2026-08-13 00:00:00,,801,,0.0,none,phone:573124362520,369fda72-b689-5baa-8f1b-84b140564554,False,,1.0,,,,,,,False,False
LD-00802,2026-09-04 13:25:00,WhatsApp,EMP-03,PV-011,Freddy Pérez Mosquera,+57 310 8454435,,BOGOTA,,No contesta,05-09-2026,Retoma tu moto,freddy perez mosquera,573108454435,,bogota,whatsapp,no contesta,2026-09-04 13:25:00,2026-09-05 00:00:00,,802,,0.0,none,phone:573108454435,92cfbd0e-9797-53ef-883f-fe52ef21331d,False,,1.0,,,,,,,False,False
LD-00803,2026-08-04 13:51:00,Formulario Web,EMP-01,PV-002,  Duván Marín Jiménez  ,304 623 6808,duvan.marin44@hotmail.com,Itagüí,hero hunk 160r,Contactado,04/08/2026 19:51,,duvan marin jimenez,573046236808,duvan.marin44@hotmail.com,itagui,formulario web,contactado,2026-08-04 13:51:00,2026-08-04 19:51:00,hero hunk 160r,803,SKU-022,100.0,fuzzy,phone:573046236808,860802d4-ae61-52b7-9a5f-5e078300d263,False,,1.0,,10490000.0,,,,,False,False
LD-00804,10-08-2026,WhatsApp,EMP-02,PV-010,SANDRA MILENA MOSQUERA RODRÍGUEZ,3173581705,sandra.mosquera33@yahoo.es,MONTERIA,AKT,En proceso,13-08-2026,,sandra milena mosquera rodriguez,573173581705,sandra.mosquera33@yahoo.es,monteria,whatsapp,en proceso,2026-08-10 00:00:00,2026-08-13 00:00:00,akt,804,,28.57142857142857,unmatched,phone:573173581705,29e2ae1d-033b-555e-b03c-774f21da1bfa,False,,1.0,,,7990000.0,credito,,cuota,False,True
LD-00805,2026-08-13T00:06:00,WhatsApp,EMP-02,PV-009,JORGE IVÁN VALENCIA HERRERA,3000254108,jorge.valencia95@gmail.com,SANTA MARTA,Bajaj Boxer CT 100,En proceso,2026-08-13T04:06:00,Remate Modelos 2025,jorge ivan valencia herrera,573000254108,jorge.valencia95@gmail.com,santa marta,whatsapp,en proceso,2026-08-13 00:06:00,2026-08-13 04:06:00,bajaj boxer ct 100,805,SKU-007,100.0,fuzzy,phone:573000254108,9128e723-2268-575b-ae88-dd11f656a21a,False,,1.0,,5790000.0,,,,,False,False
LD-00806,28-08-2026,Meta Ads,EMP-03,PV-013,Estefanía Salazar Londoño,+57 316 3050297,,Bogotá D.C.,Suzuki GN 125 2026,Sin gestión,,Remate Modelos 2025,estefania salazar londono,573163050297,,bogota,meta ads,sin gestion,2026-08-28 00:00:00,,suzuki gn 125 2026,806,SKU-013,100.0,fuzzy,phone:573163050297,47b848ee-d125-52b5-9cfe-7f722443d6cd,False,,1.0,,7490000.0,,credito,,soat,False,False
LD-00807,08/29/2026 11:26,WhatsApp,EMP-01,PV-001,C. Restrepo Muñoz,313-169-8944,camilo.restrepo36@gmail.com,medellin,Pulsar NS 125,Cotización enviada,2026-08-31T11:26:00,Feria de Motos 2026,c. restrepo munoz,573131698944,camilo.restrepo36@gmail.com,medellin,whatsapp,cotizacion enviada,2026-08-29 11:26:00,2026-08-31 11:26:00,pulsar ns 125,807,SKU-008,100.0,exact,phone:573131698944,21c8432e-19e1-5cc3-a34b-ea7ea9e9bfb4,True,21c8432e-19e1-5cc3-a34b-ea7ea9e9bfb4,1.0,same_phone_or_email,8990000.0,,credito,baja,precio,False,True
LD-00808,2026-08-01T19:23:00,META ADS,EMP-02,PV-006,Brayan Herrera Salazar,3138869430,,Barranquilla,honda cb 190r,No contesta,02/08/2026 13:23,Remate Modelos 2025,brayan herrera salazar,573138869430,,barranquilla,meta ads,no contesta,2026-08-01 19:23:00,2026-08-02 13:23:00,honda cb 190r,808,SKU-003,100.0,fuzzy,phone:573138869430,b47d0225-3eaa-5c5b-941f-6275ec501cb1,False,,1.0,,13990000.0,,,,,False,False
LD-00809,20-08-2026,Meta Ads,EMP-03,PV-015,Mónica Gómez Vargas,318 604 9728,monica.gomez62@hotmail.com,Soacha,AKT  Evo RS 150,Cotización enviada,21-08-2026,Agosto Cero Cuotas,monica gomez vargas,573186049728,monica.gomez62@hotmail.com,soacha,meta ads,cotizacion enviada,2026-08-20 00:00:00,2026-08-21 00:00:00,akt evo rs 150,809,SKU-020,100.0,fuzzy,phone:573186049728,9634d8ef-958a-5c64-ad1e-577bd2b5614b,False,,1.0,,7190000.0,,,,,False,False
LD-00810,01-09-2026,WhatsApp,EMP-02,PV-008,Angie Paola Salazar Franco,3011414755,angie.salazar17@hotmail.com,Cartagena,Hero Dash 110,No contesta,2026-09-02 01:49:00,,angie paola salazar franco,573011414755,angie.salazar17@hotmail.com,cartagena,whatsapp,no contesta,2026-09-01 00:00:00,2026-09-02 01:49:00,hero dash 110,810,SKU-024,100.0,fuzzy,phone:573011414755,df0d7a54-3857-5a30-83d2-4e378390dc50,False,,1.0,,6290000.0,,credito,baja,precio,False,True
LD-00811,2026-08-03 17:52:00,WhatsApp,EMP-02,PV-008,  Juan Carlos Escobar Restrepo  ,+57 312 2549184,juan.escobar53@gmail.com,Cartagena de Indias,Suzuki,Descartado,08/07/2026 17:52,,juan carlos escobar restrepo,573122549184,juan.escobar53@gmail.com,cartagena de indias,whatsapp,descartado,2026-08-03 17:52:00,2026-07-08 17:52:00,suzuki,811,,26.66666666666667,unmatched,phone:573122549184,088f4c3d-5cb9-51b7-94c5-badf7eba6b5c,True,088f4c3d-5cb9-51b7-94c5-badf7eba6b5c,1.0,same_phone_or_email,,,,,,False,False
LD-00812,2026-08-17 02:02:00,Meta Ads,EMP-03,PV-014,  Luisa Escobar Betancur  , 3010014717 ,luisa.escobar98@hotmail.com,Bogota,Honda  Dio 110,Contactado,17/08/2026 20:02,Retoma tu moto,luisa escobar betancur,573010014717,luisa.escobar98@hotmail.com,bogota,meta ads,contactado,2026-08-17 02:02:00,2026-08-17 20:02:00,honda dio 110,812,SKU-005,100.0,fuzzy,phone:573010014717,d1251e78-bc91-562f-a749-3464cd07ebd6,False,,1.0,,6890000.0,,,,,False,False
LD-00813,2026-08-06T02:09:00,Meta Ads,EMP-01,PV-005,SEBASTIÁN ZAPATA RODRÍGUEZ,573023963064,,medellin,Honda Navi,Sin gestión,,Retoma tu moto,sebastian zapata rodriguez,573023963064,,medellin,meta ads,sin gestion,2026-08-06 02:09:00,,honda navi,813,SKU-004,100.0,fuzzy,phone:573023963064,50cee8ab-b7ef-5911-a766-b47154fc79fa,False,,1.0,,7290000.0,5790000.0,credito,,soat,False,False
LD-00814,02/08/2026 22:48,WhatsApp,EMP-02,PV-010,Brayan Giraldo Cardona,350 603 5269,brayan.giraldo37@yahoo.es,Montería,AKT DYNAMIC R3 125,Cotización enviada,2026-08-03T04:48:00,,brayan giraldo cardona,573506035269,brayan.giraldo37@yahoo.es,monteria,whatsapp,cotizacion enviada,2026-08-02 22:48:00,2026-08-03 04:48:00,akt dynamic r3 125,814,SKU-018,100.0,fuzzy,phone:573506035269,fc9f399a-6345-5297-8534-8c82a711bba1,True,fc9f399a-6345-5297-8534-8c82a711bba1,1.0,same_phone_or_email,5590000.0,,,,,False,False
LD-00815,17/08/2026 21:27,WhatsApp,EMP-03,PV-013,ANDRÉS FELIPE ESCOBAR RESTREPO,351 914 7206,,Bogota DC,,Descartado,18/08/2026 21:27,,andres felipe escobar restrepo,573519147206,,bogota dc,whatsapp,descartado,2026-08-17 21:27:00,2026-08-18 21:27:00,,815,,0.0,none,phone:573519147206,aad714d1-bb03-5ec7-8c65-356527eb8a95,False,,1.0,,,,,,,False,False
LD-00816,2026-08-17 12:49:00,Meta Ads,EMP-02,PV-007,  Adriana Betancur Herrera  ,314 958 0452,,Soledad,AKT NKD 125,sin gestion,,Feria de Motos 2026,adriana betancur herrera,573149580452,,soledad,meta ads,sin gestion,2026-08-17 12:49:00,,akt nkd 125,816,SKU-017,100.0,fuzzy,phone:573149580452,56554c05-4d17-5333-a502-fc17405269c6,True,56554c05-4d17-5333-a502-fc17405269c6,1.0,same_phone_or_email,5290000.0,5790000.0,credito,media,cuota,False,True
LD-00817,11/08/2026 20:01,Meta Ads,EMP-01,PV-004,Carlos Mario Marín Gómez,302 631 7258,,Rionegro,Honda,Descartado,2026-08-12T02:01:00,,carlos mario marin gomez,573026317258,,rionegro,meta ads,descartado,2026-08-11 20:01:00,2026-08-12 02:01:00,honda,817,,44.44444444444444,unmatched,phone:573026317258,271671af-8eac-58c0-a50e-3a77e8a8f1eb,False,,1.0,,,,,,,False,False
LD-00818,15/08/2026 10:45,Meta Ads,EMP-01,PV-003,Édinson Hernández Giraldo,351 772 5657,edinson.hernandez40@hotmail.com,BELLO,Hero,Descartado,08/15/2026 14:45,Remate Modelos 2025,edinson hernandez giraldo,573517725657,edinson.hernandez40@hotmail.com,bello,meta ads,descartado,2026-08-15 10:45:00,2026-08-15 14:45:00,hero,818,,28.57142857142857,unmatched,phone:573517725657,15d619aa-cea7-5208-8563-5f4f9b418730,False,,1.0,,,,,,,False,False
LD-00819,2026-08-23 14:01:00,Formulario Web,EMP-01,PV-003,Freddy Jiménez Osorio,3518367009,,bello,AKT,sin gestion,,Retoma tu moto,freddy jimenez osorio,573518367009,,bello,formulario web,sin gestion,2026-08-23 14:01:00,,akt,819,,28.57142857142857,unmatched,phone:573518367009,3dc5a891-ef3b-5cc4-895d-bcd8905e10aa,False,,1.0,,,,,,,False,False
LD-00820,08/11/2026 03:34,Meta Ads,EMP-03,PV-012,Katherine Valencia Herrera,(323) 275-3031,katherine.valencia3@yahoo.es,BOGOTA,Hero  Eco Deluxe 100,Descartado,08/12/2026 09:34,,katherine valencia herrera,573232753031,katherine.valencia3@yahoo.es,bogota,meta ads,descartado,2026-11-08 03:34:00,2026-12-08 09:34:00,hero eco deluxe 100,820,SKU-021,100.0,fuzzy,phone:573232753031,6a2d65d2-61c5-519f-8433-7e2f0e50da32,False,,1.0,,4990000.0,22900000.0,credito,media,soat,True,False
LD-00821,2026-08-17 16:06:00,WhatsApp,EMP-02,PV-007,Erika Torres Ramírez,3221759304,erika.torres56@yahoo.es,Soledad,suzuki gn 125,sin gestion,,Prima Extra,erika torres ramirez,573221759304,erika.torres56@yahoo.es,soledad,whatsapp,sin gestion,2026-08-17 16:06:00,,suzuki gn 125,821,SKU-013,100.0,fuzzy,phone:573221759304,fdceaf3e-ef90-5a42-b673-f07a6071be5c,False,,1.0,,7490000.0,10490000.0,credito,media,cuota,False,True
LD-00822,2026-08-06T05:29:00,WhatsApp,EMP-03,PV-014,Cristian Herrera Gómez,3158434615,cristian.herrera20@gmail.com,Bogota DC,Honda,Descartado,,Retoma tu moto,cristian herrera gomez,573158434615,cristian.herrera20@gmail.com,bogota dc,whatsapp,descartado,2026-08-06 05:29:00,,honda,822,,44.44444444444444,unmatched,phone:573158434615,5bf4c0c7-8e12-5520-88d5-a88909478045,False,,1.0,,,,,,,False,False
LD-00823,2026-08-30 15:05:00,WHATSAPP,EMP-03,PV-015,Andrés Felipe Zapata Zapata, 3210554510 ,,Soacha,TTR 200,Cotización enviada,31/08/2026 21:05,,andres felipe zapata zapata,573210554510,,soacha,whatsapp,cotizacion enviada,2026-08-30 15:05:00,2026-08-31 21:05:00,ttr 200,823,SKU-019,100.0,exact,phone:573210554510,0c6fa385-495e-5265-a909-a67c79a0e22c,True,0c6fa385-495e-5265-a909-a67c79a0e22c,1.0,same_phone_or_email,9890000.0,21900000.0,credito,media,cuota,False,True
LD-00824,2026-08-31 16:15:00,WhatsApp,EMP-03,PV-012,WILMAR ZAPATA RODRÍGUEZ,3106774395,,Bogotá,Bajaj Pulsar,En proceso,01-09-2026,Prima Extra,wilmar zapata rodriguez,573106774395,,bogota,whatsapp,en proceso,2026-08-31 16:15:00,2026-09-01 00:00:00,bajaj pulsar,824,,66.66666666666666,unmatched,phone:573106774395,02f178c5-c6b2-5cf2-aa9d-7257dacc524d,False,,1.0,,,,,,,False,False
LD-00825,2026-08-26 06:43:00,WhatsApp,EMP-03,PV-014,KATHERINE MOSQUERA MUÑOZ,300-140-2326,katherine.mosquera34@outlook.com,bogotá,V-Strom 250,Sin gestión,,Prima Extra,katherine mosquera munoz,573001402326,katherine.mosquera34@outlook.com,bogota,whatsapp,sin gestion,2026-08-26 06:43:00,,v-strom 250,825,SKU-015,100.0,exact,phone:573001402326,aa1c6c56-a9d6-5089-a128-abccf76df36c,False,,1.0,,21900000.0,,,,,False,False
LD-00826,05/09/2026 06:54,WHATSAPP,EMP-03,PV-013,WILMAR GIRALDO BEDOYA,573183760432,,Bogotá,Bajaj Pulsar RS 200,no contesta,09/05/2026 07:54,,wilmar giraldo bedoya,573183760432,,bogota,whatsapp,no contesta,2026-09-05 06:54:00,2026-05-09 07:54:00,bajaj pulsar rs 200,826,SKU-010,100.0,fuzzy,phone:573183760432,9ead094f-01e9-5f7c-8faa-74ad04d264b5,False,,1.0,,15490000.0,,,,,False,False
LD-00827,08/07/2026 22:49,WhatsApp,EMP-03,PV-011,  Yesenia Gómez Pérez  ,3054568923,,Bogotá D.C.,hero hunk 160r,no contesta,08-08-2026,Retoma tu moto,yesenia gomez perez,573054568923,,bogota,whatsapp,no contesta,2026-07-08 22:49:00,2026-08-08 00:00:00,hero hunk 160r,827,SKU-022,100.0,fuzzy,phone:573054568923,25a17261-8521-5a81-b213-b92aea918a9d,False,,1.0,,10490000.0,13990000.0,credito,,cuota,False,True
LD-00828,30/08/2026 03:58,whatsapp,EMP-02,PV-009,  Juan Carlos Zapata Agudelo  ,(318) 126-3880,,Sta Marta,Bajaj Pulsar NS 160 2026,no contesta,31-08-2026,,juan carlos zapata agudelo,573181263880,,santa marta,whatsapp,no contesta,2026-08-30 03:58:00,2026-08-31 00:00:00,bajaj pulsar ns 160 2026,828,SKU-009,100.0,fuzzy,phone:573181263880,b4a55a27-ed75-5f14-9043-f3facddfcff1,False,,1.0,,11290000.0,22900000.0,credito,,soat,True,False
LD-00829,14-08-2026,WhatsApp,EMP-02,PV-009,Sebastián Vargas Muñoz,3200082173,sebastian.vargas30@outlook.com,SANTA MARTA,Hero Eco Deluxe 100,En proceso,2026-08-14 13:03:00,Agosto Cero Cuotas,sebastian vargas munoz,573200082173,sebastian.vargas30@outlook.com,santa marta,whatsapp,en proceso,2026-08-14 00:00:00,2026-08-14 13:03:00,hero eco deluxe 100,829,SKU-021,100.0,fuzzy,phone:573200082173,1b0d6f5b-b673-57a7-9e08-85c1e87f9e36,False,,1.0,,4990000.0,,,,,False,False
LD-00830,2026-08-22T02:37:00,WhatsApp,EMP-03,PV-014,FABIÁN BEDOYA FRANCO,3221193836,,,,contactado,2026-08-23 08:37:00,,fabian bedoya franco,573221193836,,,whatsapp,contactado,2026-08-22 02:37:00,2026-08-23 08:37:00,,830,,0.0,none,phone:573221193836,90b09b94-84ec-5970-9965-67030be940e7,False,,1.0,,,,,,,False,False
LD-00831,30/08/2026 08:17,WhatsApp,EMP-02,PV-008,DIANA CAROLINA BETANCUR AGUDELO,(313) 946-8698,,Cartagena,Hnda CB 190R,Sin gestión,,,diana carolina betancur agudelo,573139468698,,cartagena,whatsapp,sin gestion,2026-08-30 08:17:00,,hnda cb 190r,831,SKU-003,100.0,fuzzy,phone:573139468698,cc73f088-52f3-5f44-8e04-3b6966004dd1,False,,1.0,,13990000.0,5290000.0,credito,baja,precio,False,True
LD-00832,09/05/2026 03:46,Meta Ads,EMP-03,PV-012,Angie Paola Arias Quintero,3234451503,,Bogota,AKT Dynamic R3 125,Cotización enviada,2026-09-05T21:46:00,Prima Extra,angie paola arias quintero,573234451503,,bogota,meta ads,cotizacion enviada,2026-05-09 03:46:00,2026-09-05 21:46:00,akt dynamic r3 125,832,SKU-018,100.0,fuzzy,phone:573234451503,4abc6a76-f956-5b1a-866d-fce605b3416e,False,,1.0,,5590000.0,,,,,False,False
LD-00833,15/08/2026 01:56,Meta Ads,EMP-03,PV-012,KEVIN ESCOBAR AGUDELO,3235979245,,bogotá,Honda XRE 300,SIN GESTION,,,kevin escobar agudelo,573235979245,,bogota,meta ads,sin gestion,2026-08-15 01:56:00,,honda xre 300,833,SKU-006,100.0,fuzzy,phone:573235979245,d1b377de-a512-550c-b5d4-3743fc972311,False,,1.0,,22900000.0,,,,,False,False
LD-00834,2026-08-08 06:36:00,WhatsApp,EMP-03,PV-013,Katherine Franco Restrepo,315-308-5079,,bogotá,AKT Dynamic R3 125 2026,Cotización enviada,2026-08-11T06:36:00,Remate Modelos 2025,katherine franco restrepo,573153085079,,bogota,whatsapp,cotizacion enviada,2026-08-08 06:36:00,2026-08-11 06:36:00,akt dynamic r3 125 2026,834,SKU-018,100.0,fuzzy,phone:573153085079,93485bdd-0b8c-5903-90ae-051d9fe3d604,False,,1.0,,5590000.0,,,,,False,False
LD-00835,08/24/2026 00:10,WhatsApp,EMP-01,PV-002,  Luz Marina Torres Muñoz  ,305-940-7111,,Itagui,Honda Dio 110,sin gestion,,Prima Extra,luz marina torres munoz,573059407111,,itagui,whatsapp,sin gestion,2026-08-24 00:10:00,,honda dio 110,835,SKU-005,100.0,fuzzy,phone:573059407111,0f471233-cf12-59ac-a6df-1eac00f047e1,False,,1.0,,6890000.0,,credito,media,soat,False,False
LD-00836,30-08-2026,Meta Ads,EMP-02,PV-007,Paula Andrea Hernández Bedoya,311 446 1227,paula.hernandez42@yahoo.es,Soledad,Hero Hunk 160R 2026,No contesta,30/08/2026 12:54,Remate Modelos 2025,paula andrea hernandez bedoya,573114461227,paula.hernandez42@yahoo.es,soledad,meta ads,no contesta,2026-08-30 00:00:00,2026-08-30 12:54:00,hero hunk 160r 2026,836,SKU-022,100.0,fuzzy,phone:573114461227,a17745e4-17dc-5677-b3f0-c8655ed01ef9,False,,1.0,,10490000.0,7190000.0,credito,media,cuota,False,True
LD-00837,12/08/2026 06:23,WHATSAPP,EMP-03,PV-015,  Kevin Londoño Pérez  ,3183411847,,Soacha,Hero Xpulse 200,Cotización enviada,2026-08-12T18:23:00,Remate Modelos 2025,kevin londono perez,573183411847,,soacha,whatsapp,cotizacion enviada,2026-08-12 06:23:00,2026-08-12 18:23:00,hero xpulse 200,837,SKU-023,100.0,fuzzy,phone:573183411847,0d94a628-2409-5fdc-b9da-4c7479d9a36d,False,,1.0,,14990000.0,14990000.0,credito,,cuota,False,True
LD-00838,17/08/2026 01:13,formulario web,EMP-03,PV-014,Jorge Iván Marín Vargas,+57 317 3201919,,BOGOTA,honda navi,Descartado,08/18/2026 01:13,Remate Modelos 2025,jorge ivan marin vargas,573173201919,,bogota,formulario web,descartado,2026-08-17 01:13:00,2026-08-18 01:13:00,honda navi,838,SKU-004,100.0,fuzzy,phone:573173201919,91fecab9-db8c-5497-a986-153aa9d94d55,False,,1.0,,7290000.0,,,,,False,False
LD-00839,16-08-2026,Meta Ads,EMP-01,PV-004,Leidy Johana Castaño Betancur,(317) 619-1344,leidy.castano31@outlook.com,Rio Negro,Bajaj Dominar 400,sin gestion,,,leidy johana castano betancur,573176191344,leidy.castano31@outlook.com,rio negro,meta ads,sin gestion,2026-08-16 00:00:00,,bajaj dominar 400,839,SKU-011,100.0,fuzzy,phone:573176191344,73ccb0da-5a6a-577e-83d8-215018d40869,False,,1.0,,24900000.0,14990000.0,credito,,soat,False,False
LD-00840,2026-08-14 23:21:00,WhatsApp,EMP-02,PV-008,Camilo Muñoz Rodríguez,300 264 2870,,Cartagena,BAJAJ PULSAR NS 125,Sin gestión,,,camilo munoz rodriguez,573002642870,,cartagena,whatsapp,sin gestion,2026-08-14 23:21:00,,bajaj pulsar ns 125,840,SKU-008,100.0,fuzzy,phone:573002642870,740311fd-8cec-5bd9-b496-1a834f3ef7de,False,,1.0,,8990000.0,9890000.0,credito,media,cuota,False,True
LD-00841,2026-08-21 07:01:00,Formulario Web,EMP-01,PV-005,Vanessa Salazar Mosquera,573177314335,,Medellin,Honda CB 190R,Descartado,23-08-2026,Agosto Cero Cuotas,vanessa salazar mosquera,573177314335,,medellin,formulario web,descartado,2026-08-21 07:01:00,2026-08-23 00:00:00,honda cb 190r,841,SKU-003,100.0,fuzzy,phone:573177314335,0443fa54-645b-5d1a-b179-d598aa3a696f,False,,1.0,,13990000.0,10490000.0,credito,,soat,True,False
LD-00842,2026-09-09 19:17:00,WhatsApp,EMP-03,PV-011,JULIÁN HERNÁNDEZ CASTAÑO,573501698461,julian.hernandez36@hotmail.com,Bogota,,Contactado,2026-09-12 19:17:00,,julian hernandez castano,573501698461,julian.hernandez36@hotmail.com,bogota,whatsapp,contactado,2026-09-09 19:17:00,2026-09-12 19:17:00,,842,,0.0,none,phone:573501698461,fb66a95a-6c6d-5059-b7ee-9a457e1a7e4a,True,fb66a95a-6c6d-5059-b7ee-9a457e1a7e4a,1.0,same_phone_or_email,,,,,,False,False
LD-00843,2026-09-07 19:27:00,WhatsApp,EMP-03,PV-011,  Erika Castaño Marín  ,(318) 619-9917,,Bogotá,Hnda XRE 300,En proceso,08/09/2026 07:27,Prima Extra,erika castano marin,573186199917,,bogota,whatsapp,en proceso,2026-09-07 19:27:00,2026-09-08 07:27:00,hnda xre 300,843,SKU-006,100.0,fuzzy,phone:573186199917,d7d07d09-e9ba-5ae1-af73-19864d04f0d4,True,d7d07d09-e9ba-5ae1-af73-19864d04f0d4,1.0,same_phone_or_email,22900000.0,,,,,False,False
LD-00844,19/08/2026 17:44,WhatsApp,EMP-01,PV-004,SEBASTIÁN RAMÍREZ ARIAS,3045762258,sebastian.ramirez82@outlook.com,RIONEGRO,honda xre 300,Contactado,19/08/2026 19:44,Remate Modelos 2025,sebastian ramirez arias,573045762258,sebastian.ramirez82@outlook.com,rionegro,whatsapp,contactado,2026-08-19 17:44:00,2026-08-19 19:44:00,honda xre 300,844,SKU-006,100.0,fuzzy,phone:573045762258,3268c69d-5b8e-55cb-a09f-37c5e4ca97f0,False,,1.0,,22900000.0,,,,,False,False
LD-00845,2026-08-09 09:41:00,WhatsApp,EMP-02,PV-009,  Yuliana Londoño Muñoz  ,3517875802,yuliana.londono33@yahoo.es,,AKT,En proceso,08/09/2026 11:41,Retoma tu moto,yuliana londono munoz,573517875802,yuliana.londono33@yahoo.es,,whatsapp,en proceso,2026-08-09 09:41:00,2026-09-08 11:41:00,akt,845,,28.57142857142857,unmatched,phone:573517875802,e67a7b56-77ec-5851-a4c5-b12f6b24135c,False,,1.0,,,,,,,False,False
LD-00846,2026-08-14 10:40:00,WhatsApp,EMP-01,PV-003,Fabián Osorio Giraldo,312 291 1665,fabian.osorio35@hotmail.com,BELLO,Honda CB 125F Twister,Descartado,2026-08-14 11:40:00,Retoma tu moto,fabian osorio giraldo,573122911665,fabian.osorio35@hotmail.com,bello,whatsapp,descartado,2026-08-14 10:40:00,2026-08-14 11:40:00,honda cb 125f twister,846,SKU-001,100.0,fuzzy,phone:573122911665,fe88c52d-666f-569d-9739-daaa36de229c,False,,1.0,,7990000.0,,,,,False,False
LD-00847,19-08-2026,WhatsApp,EMP-03,PV-011,Édinson Cardona Ramírez,313-741-1537,,Bogota DC,,Descartado,2026-08-20 12:51:00,,edinson cardona ramirez,573137411537,,bogota dc,whatsapp,descartado,2026-08-19 00:00:00,2026-08-20 12:51:00,,847,,0.0,none,phone:573137411537,4aaf6013-0deb-500f-baa6-4f22b14bdbaa,False,,1.0,,,,,,,False,False
LD-00848,09-08-2026,WhatsApp,EMP-02,PV-007,Erika Zapata Franco,3504961191,erika.zapata87@yahoo.es,Soledad,Bajaj Pulsar RS 200,Cotización enviada,2026-08-11T15:18:00,Retoma tu moto,erika zapata franco,573504961191,erika.zapata87@yahoo.es,soledad,whatsapp,cotizacion enviada,2026-08-09 00:00:00,2026-08-11 15:18:00,bajaj pulsar rs 200,848,SKU-010,100.0,fuzzy,phone:573504961191,e9c4c048-2c05-58e0-bdfc-a7234b43f5bd,False,,1.0,,15490000.0,,,,,False,False
LD-00849,03-08-2026,WHATSAPP,EMP-01,PV-001,Angie Paola Ospina Ospina,(305) 370-4419,,medellin,Bajaj Boxer CT 100,Sin gestión,,Remate Modelos 2025,angie paola ospina ospina,573053704419,,medellin,whatsapp,sin gestion,2026-08-03 00:00:00,,bajaj boxer ct 100,849,SKU-007,100.0,fuzzy,phone:573053704419,1764e723-dfbd-5653-96c8-b24908af5c40,False,,1.0,,5790000.0,6590000.0,credito,,soat,False,False
LD-00850,2026-08-11 23:47:00,WhatsApp,EMP-03,PV-014,Natalia Torres Ramírez,3511956108,,bogotá,AKT Dynamic R3 125,Contactado,14-08-2026,,natalia torres ramirez,573511956108,,bogota,whatsapp,contactado,2026-08-11 23:47:00,2026-08-14 00:00:00,akt dynamic r3 125,850,SKU-018,100.0,fuzzy,phone:573511956108,570879e7-166b-51f4-b883-9166649191f1,True,570879e7-166b-51f4-b883-9166649191f1,1.0,same_phone_or_email,5590000.0,11290000.0,credito,,cuota,False,True
LD-00851,15/08/2026 13:42,WhatsApp,EMP-02,PV-008,Duván Salazar Valencia,323-755-4062,,Cartagena,honda xre 300,Contactado,,Prima Extra,duvan salazar valencia,573237554062,,cartagena,whatsapp,contactado,2026-08-15 13:42:00,,honda xre 300,851,SKU-006,100.0,fuzzy,phone:573237554062,e3b2734d-19eb-56c1-a590-98e6d7056879,False,,1.0,,22900000.0,,,,,False,False
LD-00852,2026-08-07 19:51:00,Formulario Web,EMP-01,PV-003,Brayan Torres Mosquera,3004889437,brayan.torres19@gmail.com,BELLO,AKT Evo RS 150 2026,En proceso,2026-08-09T19:51:00,,brayan torres mosquera,573004889437,brayan.torres19@gmail.com,bello,formulario web,en proceso,2026-08-07 19:51:00,2026-08-09 19:51:00,akt evo rs 150 2026,852,SKU-020,100.0,fuzzy,phone:573004889437,f3787536-69c0-51e7-97da-fb187093f4c9,False,,1.0,,7190000.0,,,,,False,False
LD-00853,2026-08-24 16:57:00,WhatsApp,EMP-03,PV-013,Jhon Jairo Salazar Agudelo,573239784332,,Bogota,Xpulse 200,sin gestion,,Agosto Cero Cuotas,jhon jairo salazar agudelo,573239784332,,bogota,whatsapp,sin gestion,2026-08-24 16:57:00,,xpulse 200,853,SKU-023,100.0,exact,phone:573239784332,65d150e5-0c43-5852-80dd-fd1e44e2d6ad,False,,1.0,,14990000.0,22900000.0,credito,media,cuota,False,True
LD-00854,06/09/2026 08:02,WHATSAPP,EMP-02,PV-007,Édinson Jiménez Bedoya,3115708479,edinson.jimenez19@yahoo.es,SOLEDAD,SUZUKI GIXXER 150,Cotización enviada,09/06/2026 14:02,Agosto Cero Cuotas,edinson jimenez bedoya,573115708479,edinson.jimenez19@yahoo.es,soledad,whatsapp,cotizacion enviada,2026-09-06 08:02:00,2026-06-09 14:02:00,suzuki gixxer 150,854,SKU-014,100.0,fuzzy,phone:573115708479,ee1d3a66-9b61-572e-ba52-585f021fa149,False,,1.0,,11990000.0,24900000.0,credito,,soat,False,False
LD-00855,2026-08-18 16:53:00,WhatsApp,EMP-02,PV-009,Alexander Rodríguez,3130651448,,Santa Marta,BAJAJ DISCOVER 125,Sin gestión,,Feria de Motos 2026,alexander rodriguez,573130651448,,santa marta,whatsapp,sin gestion,2026-08-18 16:53:00,,bajaj discover 125,855,SKU-012,100.0,fuzzy,phone:573130651448,701599c5-a13b-5d88-8729-ad11da0f51a9,True,701599c5-a13b-5d88-8729-ad11da0f51a9,1.0,same_phone_or_email,6990000.0,,,,,False,False
LD-00856,2026-08-07 12:58:00,Formulario Web,EMP-01,PV-004,  María Fernanda Ospina Correa  ,305-681-7572,,RIONEGRO,Hero Hunk 160R 2026,Sin gestión,,,maria fernanda ospina correa,573056817572,,rionegro,formulario web,sin gestion,2026-08-07 12:58:00,,hero hunk 160r 2026,856,SKU-022,100.0,fuzzy,phone:573056817572,281b6e29-7f85-5144-a8fa-bc7f8bd9d4ea,False,,1.0,,10490000.0,,credito,media,cuota,False,False
LD-00857,27-08-2026,WHATSAPP,EMP-02,PV-010,Julián Valencia Jiménez,(300) 105-3654,julian.valencia93@outlook.com,MONTERIA,,En proceso,27-08-2026,Feria de Motos 2026,julian valencia jimenez,573001053654,julian.valencia93@outlook.com,monteria,whatsapp,en proceso,2026-08-27 00:00:00,2026-08-27 00:00:00,,857,,0.0,none,phone:573001053654,e5cf93b0-8eeb-5b2f-9afc-0ec493678a6e,False,,1.0,,,,,,,False,False
LD-00858,22/08/2026 21:55,WhatsApp,EMP-03,PV-012,Paula Andrea Castaño Pérez,300 066 8089,paula.castano15@hotmail.com,Bogotá D.C.,Hero Hunk 160R,Contactado,08/22/2026 22:55,Remate Modelos 2025,paula andrea castano perez,573000668089,paula.castano15@hotmail.com,bogota,whatsapp,contactado,2026-08-22 21:55:00,2026-08-22 22:55:00,hero hunk 160r,858,SKU-022,100.0,fuzzy,phone:573000668089,31657597-9187-518e-b19c-ba82eb992020,True,31657597-9187-518e-b19c-ba82eb992020,1.0,same_phone_or_email,10490000.0,,,,,False,False
LD-00859,30-08-2026,WhatsApp,EMP-01,PV-005,JHON JAIRO RODRÍGUEZ LONDOÑO,323 211 9696,jhon.rodriguez24@outlook.com,,Bajai Discover 125,Contactado,2026-08-30T17:46:00,Retoma tu moto,jhon jairo rodriguez londono,573232119696,jhon.rodriguez24@outlook.com,,whatsapp,contactado,2026-08-30 00:00:00,2026-08-30 17:46:00,bajai discover 125,859,SKU-012,100.0,fuzzy,phone:573232119696,0a27d126-f683-5c0b-8f63-ea532b363d92,False,,1.0,,6990000.0,4990000.0,credito,media,cuota,False,True
LD-00860,2026-08-19 02:51:00,Meta Ads,EMP-02,PV-006,Liliana Betancur Restrepo,3051224727,,barranquilla,AKT Dynamic R3 125,Contactado,2026-08-19 04:51:00,Remate Modelos 2025,liliana betancur restrepo,573051224727,,barranquilla,meta ads,contactado,2026-08-19 02:51:00,2026-08-19 04:51:00,akt dynamic r3 125,860,SKU-018,100.0,fuzzy,phone:573051224727,9fafc248-3f79-50d4-b703-70da693f5edc,True,9fafc248-3f79-50d4-b703-70da693f5edc,1.0,same_phone_or_email,5590000.0,21900000.0,credito,,cuota,False,True
LD-00861,2026-08-28 15:22:00,WhatsApp,EMP-01,PV-004,Carlos Mario Betancur Giraldo,311 638 0980,carlos.betancur17@hotmail.com,Rio Negro,Bajaj Boxer CT 100,Contactado,2026-08-28T21:22:00,Feria de Motos 2026,carlos mario betancur giraldo,573116380980,carlos.betancur17@hotmail.com,rio negro,whatsapp,contactado,2026-08-28 15:22:00,2026-08-28 21:22:00,bajaj boxer ct 100,861,SKU-007,100.0,fuzzy,phone:573116380980,15bdcf45-fdca-5c3d-b20c-3afeb435b357,False,,1.0,,5790000.0,,,,,False,False
LD-00862,2026-08-11 15:58:00,WhatsApp,EMP-02,PV-009,  Erika Restrepo Valencia  ,3146560190,,SANTA MARTA,BAJAJ DISCOVER 125,Sin gestión,,Remate Modelos 2025,erika restrepo valencia,573146560190,,santa marta,whatsapp,sin gestion,2026-08-11 15:58:00,,bajaj discover 125,862,SKU-012,100.0,fuzzy,phone:573146560190,c509b196-39ca-57e7-8d9a-755f5966a295,False,,1.0,,6990000.0,,,,,False,False
LD-00863,09-08-2026,WhatsApp,EMP-03,PV-015,Nelson Torres Quintero,311-016-6293,nelson.torres10@gmail.com,SOACHA,Bajai Dominar 400,no contesta,2026-08-10 18:19:00,Agosto Cero Cuotas,nelson torres quintero,573110166293,nelson.torres10@gmail.com,soacha,whatsapp,no contesta,2026-08-09 00:00:00,2026-08-10 18:19:00,bajai dominar 400,863,SKU-011,100.0,fuzzy,phone:573110166293,9197847c-007e-51c1-9118-0baea8cfcc6e,False,,1.0,,24900000.0,21900000.0,credito,,cuota,False,True
LD-00864,2026-08-10 16:22:00,WhatsApp,EMP-01,PV-003,Óscar David Torres Giraldo, 3508524363 ,,bello,,Sin gestión,,Remate Modelos 2025,oscar david torres giraldo,573508524363,,bello,whatsapp,sin gestion,2026-08-10 16:22:00,,,864,,0.0,none,phone:573508524363,50ddbdb2-8765-5675-8cf5-efa2f31cd28e,False,,1.0,,,,,,,False,False
LD-00865,04/09/2026 12:45,WhatsApp,EMP-03,PV-012,María Fernanda Franco Jiménez,573137421361,,Bogotá D.C.,Honda CB 190R,Sin gestión,,,maria fernanda franco jimenez,573137421361,,bogota,whatsapp,sin gestion,2026-09-04 12:45:00,,honda cb 190r,865,SKU-003,100.0,fuzzy,phone:573137421361,d93768cc-b3a8-53bc-bc5b-6e0a2c899a71,False,,1.0,,13990000.0,,,,,False,False
LD-00866,2026-09-02 23:05:00,FORMULARIO WEB,EMP-02,PV-008,Diana Carolina Rodríguez Cardona,3134127538,,Cartagena de Indias,Hnda CB 125F Twister,Descartado,09/04/2026 05:05,Agosto Cero Cuotas,diana carolina rodriguez cardona,573134127538,,cartagena de indias,formulario web,descartado,2026-09-02 23:05:00,2026-04-09 05:05:00,hnda cb 125f twister,866,SKU-001,100.0,fuzzy,phone:573134127538,ab795b53-f5d4-5c43-a8f1-da725b1f81a4,False,,1.0,,7990000.0,,,,,False,False
LD-00867,2026-08-02 09:52:00,Meta Ads,EMP-01,PV-002,WILMAR CORREA GIRALDO,3219741159,,Itagüí,Bajaj Pulsar RS 200 2026,No contesta,02-08-2026,Feria de Motos 2026,wilmar correa giraldo,573219741159,,itagui,meta ads,no contesta,2026-08-02 09:52:00,2026-08-02 00:00:00,bajaj pulsar rs 200 2026,867,SKU-010,100.0,fuzzy,phone:573219741159,e48fe088-bf0d-5d9f-9404-21792b7d407d,False,,1.0,,15490000.0,5590000.0,credito,media,cuota,False,True
LD-00868,2026-08-16 12:22:00,Meta Ads,EMP-03,PV-013,Sebastián Quintero Franco,3226706648,sebastian.quintero93@yahoo.es,bogotá,Honda  XR 150L,En proceso,19/08/2026 12:22,Agosto Cero Cuotas,sebastian quintero franco,573226706648,sebastian.quintero93@yahoo.es,bogota,meta ads,en proceso,2026-08-16 12:22:00,2026-08-19 12:22:00,honda xr 150l,868,SKU-002,100.0,fuzzy,phone:573226706648,11abe410-9785-5371-8806-3e444c6dfd97,False,,1.0,,11490000.0,,,,,False,False
LD-00869,2026-09-04 05:11:00,WhatsApp,EMP-03,PV-014,Sandra Milena Osorio Londoño,+57 313 7014305,sandra.osorio67@hotmail.com,Bogotá,AKT TTR,Sin gestión,,Feria de Motos 2026,sandra milena osorio londono,573137014305,sandra.osorio67@hotmail.com,bogota,whatsapp,sin gestion,2026-09-04 05:11:00,,akt ttr,869,,60.0,unmatched,phone:573137014305,54260248-e747-59fa-92a1-5bca24a34902,False,,1.0,,,,,,,False,False
LD-00870,2026-09-09 08:43:00,Meta Ads,EMP-03,PV-014,CARLOS MARIO MARÍN BEDOYA, 3117028097 ,carlos.marin61@outlook.com,Bogota DC,Hero Eco Deluxe 100,No contesta,,Remate Modelos 2025,carlos mario marin bedoya,573117028097,carlos.marin61@outlook.com,bogota dc,meta ads,no contesta,2026-09-09 08:43:00,,hero eco deluxe 100,870,SKU-021,100.0,fuzzy,phone:573117028097,5269cb06-ac19-5e88-bd1c-76db343bcab9,True,5269cb06-ac19-5e88-bd1c-76db343bcab9,1.0,same_phone_or_email,4990000.0,,,,,False,False
LD-00871,29/08/2026 22:27,WHATSAPP,EMP-01,PV-002,Héctor Cardona Gómez,317 767 3628,hector.cardona69@hotmail.com,ITAGUI,Hero Hunk 160R 2026,Contactado,2026-08-31 22:27:00,Retoma tu moto,hector cardona gomez,573177673628,hector.cardona69@hotmail.com,itagui,whatsapp,contactado,2026-08-29 22:27:00,2026-08-31 22:27:00,hero hunk 160r 2026,871,SKU-022,100.0,fuzzy,phone:573177673628,6b078fcb-9fb3-5782-abfc-35d8a8de2d3b,False,,1.0,,10490000.0,,credito,,soat,False,False
LD-00872,2026-08-04 03:54:00,Meta Ads,EMP-02,PV-007,FABIÁN BETANCUR AGUDELO,+57 323 9843524,fabian.betancur51@hotmail.com,SOLEDAD,bajaj pulsar ns 160,Contactado,07/08/2026 03:54,,fabian betancur agudelo,573239843524,fabian.betancur51@hotmail.com,soledad,meta ads,contactado,2026-08-04 03:54:00,2026-08-07 03:54:00,bajaj pulsar ns 160,872,SKU-009,100.0,fuzzy,phone:573239843524,7d6b992e-1d50-53af-8191-49dcbd25ddda,False,,1.0,,11290000.0,,,,,False,False
LD-00873,24/08/2026 16:57,WhatsApp,EMP-03,PV-011,  Jhon Jairo Franco Castaño  ,+57 313 2946343,jhon.franco13@gmail.com,Bogota DC,Hero Hunk 160R,Sin gestión,,Retoma tu moto,jhon jairo franco castano,573132946343,jhon.franco13@gmail.com,bogota dc,whatsapp,sin gestion,2026-08-24 16:57:00,,hero hunk 160r,873,SKU-022,100.0,fuzzy,phone:573132946343,c1b96aa8-3355-592c-807a-e92a76591881,False,,1.0,,10490000.0,,,,,False,False
LD-00874,2026-09-07 23:25:00,meta ads,EMP-03,PV-015,  Juan Carlos Londoño Ospina  ,320 781 0104,,SOACHA,HONDA CB 125F TWISTER,Sin gestión,,,juan carlos londono ospina,573207810104,,soacha,meta ads,sin gestion,2026-09-07 23:25:00,,honda cb 125f twister,874,SKU-001,100.0,fuzzy,phone:573207810104,ef2cc0b7-0852-5ef1-ad35-13cba463611a,False,,1.0,,7990000.0,,,,,False,False
LD-00875,2026-09-07 01:53:00,Meta Ads,EMP-01,PV-001,  Liliana Pérez Franco  ,3142284641,,Medellin,Hero,No contesta,07-09-2026,Remate Modelos 2025,liliana perez franco,573142284641,,medellin,meta ads,no contesta,2026-09-07 01:53:00,2026-09-07 00:00:00,hero,875,,28.57142857142857,unmatched,phone:573142284641,831bbb70-d4cf-5771-bfb7-defc397aec44,False,,1.0,,,,,,,False,False
LD-00876,2026-09-03 12:51:00,WhatsApp,EMP-03,PV-014,LUZ MARINA AGUDELO FRANCO,3123917356,,Bogotá,SUZUKI BEST 125,sin gestion,,Feria de Motos 2026,luz marina agudelo franco,573123917356,,bogota,whatsapp,sin gestion,2026-09-03 12:51:00,,suzuki best 125,876,SKU-016,100.0,fuzzy,phone:573123917356,11826ee3-c923-57b8-9190-e6d29f0927b2,False,,1.0,,6590000.0,7290000.0,credito,,soat,False,False
LD-00877,2026-09-08 18:22:00,whatsapp,EMP-02,PV-006,  Julián Torres Arias  ,305 741 6222,,BARRANQUILLA,BAJAJ PULSAR NS 125,Sin gestión,,Feria de Motos 2026,julian torres arias,573057416222,,barranquilla,whatsapp,sin gestion,2026-09-08 18:22:00,,bajaj pulsar ns 125,877,SKU-008,100.0,fuzzy,phone:573057416222,115904ac-8c4c-5ba2-ab89-3b88dbbb0dcd,False,,1.0,,8990000.0,,,,,False,False
LD-00878,02-08-2026,WhatsApp,EMP-02,PV-009,nelson marin castano,573052381002,nelson.marin40@gmail.com,Santa Marta,AKT  NKD 125,Sin gestión,,Feria de Motos 2026,nelson marin castano,573052381002,nelson.marin40@gmail.com,santa marta,whatsapp,sin gestion,2026-08-02 00:00:00,,akt nkd 125,878,SKU-017,100.0,fuzzy,phone:573052381002,a079f35c-4406-5cb7-98e5-12c6f92e0d09,True,a079f35c-4406-5cb7-98e5-12c6f92e0d09,1.0,same_phone_or_email,5290000.0,,,,,False,False
LD-00879,31-08-2026,Meta Ads,EMP-01,PV-001,  Marcela Quintero Ramírez  ,351 803 5385,marcela.quintero19@outlook.com,Medellín ,AKT Dynamic R3 125,no contesta,2026-08-31T20:34:00,Retoma tu moto,marcela quintero ramirez,573518035385,marcela.quintero19@outlook.com,medellin,meta ads,no contesta,2026-08-31 00:00:00,2026-08-31 20:34:00,akt dynamic r3 125,879,SKU-018,100.0,fuzzy,phone:573518035385,f4cf07fd-a27a-5f63-8ea2-db3ea3e4fbb7,False,,1.0,,5590000.0,,,,,False,False
LD-00880,2026-09-09 22:58:00,META ADS,EMP-02,PV-006,Yesenia Betancur Castaño,(322) 530-9908,yesenia.betancur53@outlook.com,barranquilla,AKT TTR 200,Sin gestión,,Agosto Cero Cuotas,yesenia betancur castano,573225309908,yesenia.betancur53@outlook.com,barranquilla,meta ads,sin gestion,2026-09-09 22:58:00,,akt ttr 200,880,SKU-019,100.0,fuzzy,phone:573225309908,d80a0185-edff-52c2-adfc-9d89b5d45bdc,False,,1.0,,9890000.0,,credito,,soat,False,False
LD-00881,2026-08-10 01:27:00,META ADS,EMP-02,PV-010,  Claudia Patricia Salazar Castaño  , 3515370428 ,,Montería,Hero  Xpulse 200,Cotización enviada,13-08-2026,Feria de Motos 2026,claudia patricia salazar castano,573515370428,,monteria,meta ads,cotizacion enviada,2026-08-10 01:27:00,2026-08-13 00:00:00,hero xpulse 200,881,SKU-023,100.0,fuzzy,phone:573515370428,58cd4d94-fee3-5217-975f-9864931bc025,False,,1.0,,14990000.0,,credito,,soat,True,False
LD-00882,2026-08-06T06:08:00,WhatsApp,EMP-02,PV-010,  Fabián Agudelo Ramírez  ,322 092 4680,fabian.agudelo76@hotmail.com,Montería,Honda CB 190R 2026,Cotización enviada,2026-08-10T06:08:00,Feria de Motos 2026,fabian agudelo ramirez,573220924680,fabian.agudelo76@hotmail.com,monteria,whatsapp,cotizacion enviada,2026-08-06 06:08:00,2026-08-10 06:08:00,honda cb 190r 2026,882,SKU-003,100.0,fuzzy,phone:573220924680,05d82789-5397-5de8-b7f7-264c3d61efb1,False,,1.0,,13990000.0,,,,,False,False
LD-00883,08-09-2026,whatsapp,EMP-01,PV-001,NATALIA CASTAÑO ARIAS,+57 321 5354048,natalia.castano35@hotmail.com,MEDELLIN,,Cotización enviada,08/09/2026 22:50,,natalia castano arias,573215354048,natalia.castano35@hotmail.com,medellin,whatsapp,cotizacion enviada,2026-09-08 00:00:00,2026-09-08 22:50:00,,883,,0.0,none,phone:573215354048,0f817279-a2d1-5616-b778-fcab8dd314f6,False,,1.0,,,,,,,False,False
LD-00884,2026-08-09T08:35:00,WhatsApp,EMP-03,PV-014,Yesenia Restrepo Herrera,3054039154,,bogotá,Bajaj Boxer CT 100,En proceso,2026-08-12T08:35:00,Remate Modelos 2025,yesenia restrepo herrera,573054039154,,bogota,whatsapp,en proceso,2026-08-09 08:35:00,2026-08-12 08:35:00,bajaj boxer ct 100,884,SKU-007,100.0,fuzzy,phone:573054039154,7a2b99b3-e3dc-588e-bb89-98c3785e8f0a,False,,1.0,,5790000.0,,credito,baja,precio,False,True
LD-00885,19/08/2026 18:22,WhatsApp,EMP-03,PV-014,Kevin Muñoz Rodríguez, 3172744678 ,,BOGOTA,A.K.T TTR 200,contactado,2026-08-22T18:22:00,Agosto Cero Cuotas,kevin munoz rodriguez,573172744678,,bogota,whatsapp,contactado,2026-08-19 18:22:00,2026-08-22 18:22:00,a.k.t ttr 200,885,SKU-019,100.0,fuzzy,phone:573172744678,791aee22-6c03-521e-a590-34219f6bb2d0,False,,1.0,,9890000.0,,credito,,soat,False,False
LD-00886,2026-08-15 05:49:00,Meta Ads,EMP-01,PV-002,Yesenia Pérez Quintero,+57 312 0424333,,ITAGUI,Honda Dio 110,Descartado,2026-08-15 06:49:00,Prima Extra,yesenia perez quintero,573120424333,,itagui,meta ads,descartado,2026-08-15 05:49:00,2026-08-15 06:49:00,honda dio 110,886,SKU-005,100.0,fuzzy,phone:573120424333,189ba60e-04b7-50d6-9d37-62f738c71777,False,,1.0,,6890000.0,,,,,False,False
LD-00887,2026-08-28 16:48:00,Meta Ads,EMP-03,PV-015,  Yesenia Agudelo Salazar  ,301 854 5456,,Soacha,Honda XR 150L,Sin gestión,,Retoma tu moto,yesenia agudelo salazar,573018545456,,soacha,meta ads,sin gestion,2026-08-28 16:48:00,,honda xr 150l,887,SKU-002,100.0,fuzzy,phone:573018545456,2cd2d4bd-f00c-5db8-9e57-0b8840a9be53,True,2cd2d4bd-f00c-5db8-9e57-0b8840a9be53,1.0,same_phone_or_email,11490000.0,,,,,False,False
LD-00888,2026-08-29T11:01:00,Formulario Web,EMP-02,PV-008,Freddy Valencia Escobar,3213679773,freddy.valencia14@hotmail.com,Cartagena,suzuki best 125,Contactado,,Feria de Motos 2026,freddy valencia escobar,573213679773,freddy.valencia14@hotmail.com,cartagena,formulario web,contactado,2026-08-29 11:01:00,,suzuki best 125,888,SKU-016,100.0,fuzzy,phone:573213679773,34d24058-3d90-51ed-a8d9-cb2e3bf932f5,False,,1.0,,6590000.0,,,,,False,False
LD-00889,08/24/2026 19:49,WhatsApp,EMP-03,PV-015,Adriana Quintero Valencia,573164147640,,SOACHA,Hero Hunk 160R,No contesta,08/24/2026 21:49,Retoma tu moto,adriana quintero valencia,573164147640,,soacha,whatsapp,no contesta,2026-08-24 19:49:00,2026-08-24 21:49:00,hero hunk 160r,889,SKU-022,100.0,fuzzy,phone:573164147640,54bcfe01-c0b3-5890-b897-5bc53b868d4c,False,,1.0,,10490000.0,,credito,,soat,False,False
LD-00890,2026-09-03 09:51:00,WhatsApp,EMP-02,PV-008,sebastian quintero gomez,3169663345,sebastian.quintero86@hotmail.com,CARTAGENA,Honda,SIN GESTION,,Agosto Cero Cuotas,sebastian quintero gomez,573169663345,sebastian.quintero86@hotmail.com,cartagena,whatsapp,sin gestion,2026-09-03 09:51:00,,honda,890,,44.44444444444444,unmatched,phone:573169663345,359789ba-14e1-5aa2-9e84-bbffa191737b,True,359789ba-14e1-5aa2-9e84-bbffa191737b,1.0,same_phone_or_email,,,,,,False,False
LD-00891,28/08/2026 13:56,WhatsApp,EMP-02,PV-010,  Yesenia Salazar Cardona  ,3153520341,yesenia.salazar33@gmail.com,Monteria,Hero Hunk 160R,Descartado,29/08/2026 01:56,,yesenia salazar cardona,573153520341,yesenia.salazar33@gmail.com,monteria,whatsapp,descartado,2026-08-28 13:56:00,2026-08-29 01:56:00,hero hunk 160r,891,SKU-022,100.0,fuzzy,phone:573153520341,30963581-492e-53f8-a6af-bab60e3f48f5,False,,1.0,,10490000.0,,credito,media,soat,False,False
LD-00892,2026-08-24 09:28:00,WhatsApp,EMP-01,PV-004,Kevin Londoño Valencia,3173905909,,Rionegro,Bajaj Pulsar NS 125,En proceso,2026-08-28 09:28:00,Feria de Motos 2026,kevin londono valencia,573173905909,,rionegro,whatsapp,en proceso,2026-08-24 09:28:00,2026-08-28 09:28:00,bajaj pulsar ns 125,892,SKU-008,100.0,fuzzy,phone:573173905909,d502a48a-6f93-536c-ba29-d5d2d048878a,False,,1.0,,8990000.0,,,,,False,False
LD-00893,08/09/2026 05:28,whatsapp,EMP-01,PV-004,Kevin Pérez Muñoz,320-061-0087,kevin.perez56@gmail.com,Rio Negro,Hero,Cotización enviada,2026-09-12 05:28:00,Agosto Cero Cuotas,kevin perez munoz,573200610087,kevin.perez56@gmail.com,rio negro,whatsapp,cotizacion enviada,2026-09-08 05:28:00,2026-09-12 05:28:00,hero,893,,28.57142857142857,unmatched,phone:573200610087,144bbc84-9612-5163-a739-4e79920deb98,False,,1.0,,,14990000.0,credito,baja,precio,False,True
LD-00894,2026-08-08T14:24:00,WhatsApp,EMP-03,PV-014,Adriana Zapata Rodríguez,300 774 8537,,bogotá,Hero Dash 110,No contesta,08/08/2026 15:24,,adriana zapata rodriguez,573007748537,,bogota,whatsapp,no contesta,2026-08-08 14:24:00,2026-08-08 15:24:00,hero dash 110,894,SKU-024,100.0,fuzzy,phone:573007748537,137522e2-3310-504c-bdd9-75e18af23b61,False,,1.0,,6290000.0,,credito,media,soat,False,False
LD-00895,2026-09-06T00:36:00,Meta Ads,EMP-02,PV-007,Liliana Correa Londoño,302 441 7097,liliana.correa6@gmail.com,Soledad,Honda  XRE 300,En proceso,2026-09-07 06:36:00,Feria de Motos 2026,liliana correa londono,573024417097,liliana.correa6@gmail.com,soledad,meta ads,en proceso,2026-09-06 00:36:00,2026-09-07 06:36:00,honda xre 300,895,SKU-006,100.0,fuzzy,phone:573024417097,d91bf486-7667-571d-a100-4b398524e349,False,,1.0,,22900000.0,,credito,baja,precio,False,True
LD-00896,2026-08-17 02:17:00,Meta Ads,EMP-01,PV-004,Natalia Bedoya Castaño,573201822239,natalia.bedoya50@yahoo.es,Rionegro,Bajaj Pulsar NS 125 2026,No contesta,08/17/2026 08:17,Agosto Cero Cuotas,natalia bedoya castano,573201822239,natalia.bedoya50@yahoo.es,rionegro,meta ads,no contesta,2026-08-17 02:17:00,2026-08-17 08:17:00,bajaj pulsar ns 125 2026,896,SKU-008,100.0,fuzzy,phone:573201822239,eb37aa2d-3ad2-564e-9333-132716564d0c,False,,1.0,,8990000.0,,,,,False,False
LD-00897,2026-08-22 08:09:00,WhatsApp,EMP-01,PV-001,WILMAR SALAZAR HERRERA,3121972329,,Medellin,AKT Evo,Sin gestión,,,wilmar salazar herrera,573121972329,,medellin,whatsapp,sin gestion,2026-08-22 08:09:00,,akt evo,897,,60.0,unmatched,phone:573121972329,3727b49a-3aad-5c36-b5a3-e71aa85a367e,True,3727b49a-3aad-5c36-b5a3-e71aa85a367e,1.0,same_phone_or_email,,21900000.0,credito,,cuota,False,True
LD-00898,18/08/2026 04:29,WhatsApp,EMP-02,PV-010,  Brayan Rodríguez Herrera  ,3159898526,brayan.rodriguez3@outlook.com,MONTERIA,AKT NKD 125,Descartado,08/20/2026 04:29,Retoma tu moto,brayan rodriguez herrera,573159898526,brayan.rodriguez3@outlook.com,monteria,whatsapp,descartado,2026-08-18 04:29:00,2026-08-20 04:29:00,akt nkd 125,898,SKU-017,100.0,fuzzy,phone:573159898526,3083a863-9fcb-5994-a0de-5f864dedb2d6,False,,1.0,,5290000.0,,credito,,soat,False,False
LD-00899,2026-09-07 23:45:00,meta ads,EMP-03,PV-014,Juan Carlos Castaño Jiménez,3132156742,juan.castano47@outlook.com,Bogota,bajaj discover 125,Cotización enviada,08/09/2026 17:45,Retoma tu moto,juan carlos castano jimenez,573132156742,juan.castano47@outlook.com,bogota,meta ads,cotizacion enviada,2026-09-07 23:45:00,2026-09-08 17:45:00,bajaj discover 125,899,SKU-012,100.0,fuzzy,phone:573132156742,3390c9e6-0e87-5fcf-9b48-de9444e22305,False,,1.0,,6990000.0,,,,,False,False
LD-00900,02-08-2026,WhatsApp,EMP-03,PV-012,Alexander Agudelo Restrepo,3018924548,alexander.agudelo72@gmail.com,Bogota DC,AKT NKD 125,No contesta,2026-08-02 10:54:00,Prima Extra,alexander agudelo restrepo,573018924548,alexander.agudelo72@gmail.com,bogota dc,whatsapp,no contesta,2026-08-02 00:00:00,2026-08-02 10:54:00,akt nkd 125,900,SKU-017,100.0,fuzzy,phone:573018924548,60a99a33-75c3-5e0a-ac82-948254e4a475,False,,1.0,,5290000.0,,,,,False,False
LD-00901,06/08/2026 19:04,Meta Ads,EMP-02,PV-008,NATALIA BEDOYA RESTREPO,312-476-3375,natalia.bedoya99@hotmail.com,CARTAGENA,A.K.T Evo RS 150,Descartado,2026-08-06 21:04:00,Remate Modelos 2025,natalia bedoya restrepo,573124763375,natalia.bedoya99@hotmail.com,cartagena,meta ads,descartado,2026-08-06 19:04:00,2026-08-06 21:04:00,a.k.t evo rs 150,901,SKU-020,100.0,fuzzy,phone:573124763375,97e61f7f-3440-53aa-984f-c5507185aa00,False,,1.0,,7190000.0,,,,,False,False
LD-00902,08/29/2026 04:45,WhatsApp,EMP-03,PV-014,Vanessa Valencia Castaño,3180441932,vanessa.valencia26@yahoo.es,BOGOTA,Suzuki  GN 125,Cotización enviada,2026-08-29 22:45:00,Retoma tu moto,vanessa valencia castano,573180441932,vanessa.valencia26@yahoo.es,bogota,whatsapp,cotizacion enviada,2026-08-29 04:45:00,2026-08-29 22:45:00,suzuki gn 125,902,SKU-013,100.0,fuzzy,phone:573180441932,9c5c225b-0570-54f0-b28f-dbaf524c0cb0,False,,1.0,,7490000.0,21900000.0,credito,,soat,False,False
LD-00903,2026-08-22T02:37:00,WhatsApp,EMP-02,PV-008,Wilmar Osorio Pérez,+57 313 3606722,wilmar.osorio68@hotmail.com,,Suzuki GN 125,Cotización enviada,22-08-2026,Prima Extra,wilmar osorio perez,573133606722,wilmar.osorio68@hotmail.com,,whatsapp,cotizacion enviada,2026-08-22 02:37:00,2026-08-22 00:00:00,suzuki gn 125,903,SKU-013,100.0,fuzzy,phone:573133606722,21edea50-a81f-5455-b512-16b141514920,False,,1.0,,7490000.0,14990000.0,credito,,soat,False,False
LD-00904,2026-08-19 01:39:00,WhatsApp,EMP-01,PV-004,Angie Paola Betancur Castaño,3209070665,angie.betancur2@gmail.com,Rio Negro,honda cb 125f twister,Descartado,08/19/2026 13:39,,angie paola betancur castano,573209070665,angie.betancur2@gmail.com,rio negro,whatsapp,descartado,2026-08-19 01:39:00,2026-08-19 13:39:00,honda cb 125f twister,904,SKU-001,100.0,fuzzy,phone:573209070665,ea213425-1304-5aa9-95ec-85a3366b68a2,False,,1.0,,7990000.0,,,,,False,False
LD-00905,2026-08-13 08:32:00,WHATSAPP,EMP-01,PV-002,Wilmar Vargas Bedoya,3228490555,wilmar.vargas80@outlook.com,Itagui,Honda XRE 300,Contactado,17/08/2026 08:32,Retoma tu moto,wilmar vargas bedoya,573228490555,wilmar.vargas80@outlook.com,itagui,whatsapp,contactado,2026-08-13 08:32:00,2026-08-17 08:32:00,honda xre 300,905,SKU-006,100.0,fuzzy,phone:573228490555,05218181-33ee-5d1e-bfda-4de77233d4df,False,,1.0,,22900000.0,,,,,False,False
LD-00906,19/08/2026 17:40,Formulario Web,EMP-01,PV-003,  Claudia Patricia Marín Muñoz  ,(322) 315-6416,claudia.marin43@yahoo.es,bello,Dominar 400,Contactado,2026-08-22 17:40:00,,claudia patricia marin munoz,573223156416,claudia.marin43@yahoo.es,bello,formulario web,contactado,2026-08-19 17:40:00,2026-08-22 17:40:00,dominar 400,906,SKU-011,100.0,exact,phone:573223156416,237bdca6-8877-566e-9e9d-b404e5686f20,False,,1.0,,24900000.0,,,,,False,False
LD-00907,08/14/2026 22:23,Meta Ads,EMP-01,PV-004,cristian castano giraldo,3104983766,,Rio Negro,hero xpulse 200,no contesta,2026-08-15T04:23:00,Agosto Cero Cuotas,cristian castano giraldo,573104983766,,rio negro,meta ads,no contesta,2026-08-14 22:23:00,2026-08-15 04:23:00,hero xpulse 200,907,SKU-023,100.0,fuzzy,phone:573104983766,49546bd1-a490-5bba-9c1f-f4387e9e90da,True,49546bd1-a490-5bba-9c1f-f4387e9e90da,1.0,same_phone_or_email,14990000.0,,,,,False,False
LD-00908,10/08/2026 19:51,whatsapp,EMP-03,PV-012,Marcela Arias Franco,573212774009,marcela.arias85@hotmail.com,Bogota DC,SUZUKI GN 125,Cotización enviada,08/12/2026 01:51,Prima Extra,marcela arias franco,573212774009,marcela.arias85@hotmail.com,bogota dc,whatsapp,cotizacion enviada,2026-08-10 19:51:00,2026-12-08 01:51:00,suzuki gn 125,908,SKU-013,100.0,fuzzy,phone:573212774009,06bbe771-0d93-574d-85e9-d87f847d2707,False,,1.0,,7490000.0,,,,,False,False
LD-00909,09-09-2026,Meta Ads,EMP-01,PV-003,SEBASTIÁN FRANCO HERNÁNDEZ,311-202-2983,,Bello,Bajaj Discover 125,No contesta,,Agosto Cero Cuotas,sebastian franco hernandez,573112022983,,bello,meta ads,no contesta,2026-09-09 00:00:00,,bajaj discover 125,909,SKU-012,100.0,fuzzy,phone:573112022983,216f1ba6-941f-57a4-90e4-0cb8577a83bb,False,,1.0,,6990000.0,,,,,False,False
LD-00910,2026-08-01 21:56:00,whatsapp,EMP-03,PV-014,JHON JAIRO HERRERA HERNÁNDEZ,3201384327,jhon.herrera80@yahoo.es,bogotá,Honda CB 125F Twister,En proceso,03/08/2026 21:56,Agosto Cero Cuotas,jhon jairo herrera hernandez,573201384327,jhon.herrera80@yahoo.es,bogota,whatsapp,en proceso,2026-08-01 21:56:00,2026-08-03 21:56:00,honda cb 125f twister,910,SKU-001,100.0,fuzzy,phone:573201384327,ece01567-7291-5a31-9eef-606f7e880ec6,False,,1.0,,7990000.0,7190000.0,credito,,soat,False,False
LD-00911,11-08-2026,WhatsApp,EMP-01,PV-002,Héctor Torres Agudelo, 3050804820 ,hector.torres94@gmail.com,Itagüí,Bajaj,Sin gestión,,Feria de Motos 2026,hector torres agudelo,573050804820,hector.torres94@gmail.com,itagui,whatsapp,sin gestion,2026-08-11 00:00:00,,bajaj,911,,22.22222222222223,unmatched,phone:573050804820,73dd6277-ec3e-5017-a568-5f7037825c05,False,,1.0,,,22900000.0,credito,,soat,False,False
LD-00912,2026-08-10 04:39:00,Meta Ads,EMP-02,PV-007,Katherine Herrera Ramírez,311-321-6369,katherine.herrera38@gmail.com,Soledad,Hero Eco Deluxe 100,No contesta,11-08-2026,Prima Extra,katherine herrera ramirez,573113216369,katherine.herrera38@gmail.com,soledad,meta ads,no contesta,2026-08-10 04:39:00,2026-08-11 00:00:00,hero eco deluxe 100,912,SKU-021,100.0,fuzzy,phone:573113216369,20734d83-c452-53e8-bf46-df5a02e0bcbc,False,,1.0,,4990000.0,,,,,False,False
LD-00913,2026-09-04T15:19:00,Formulario Web,EMP-03,PV-013,CLAUDIA PATRICIA AGUDELO HERRERA,3046919005,claudia.agudelo2@yahoo.es,Bogotá,Honda XR 150L 2026,Contactado,05/09/2026 09:19,Remate Modelos 2025,claudia patricia agudelo herrera,573046919005,claudia.agudelo2@yahoo.es,bogota,formulario web,contactado,2026-09-04 15:19:00,2026-09-05 09:19:00,honda xr 150l 2026,913,SKU-002,100.0,fuzzy,phone:573046919005,25b851b5-4645-5cb7-9ca0-655e326a5406,False,,1.0,,11490000.0,,,,,False,False
LD-00914,02/09/2026 03:24,whatsapp,EMP-02,PV-010,Julián Rodríguez Ospina,+57 302 4950438,,Montería,Hnda XRE 300,contactado,06-09-2026,,julian rodriguez ospina,573024950438,,monteria,whatsapp,contactado,2026-09-02 03:24:00,2026-09-06 00:00:00,hnda xre 300,914,SKU-006,100.0,fuzzy,phone:573024950438,9e45716b-6338-58c9-b42f-b7c5fe6f836b,False,,1.0,,22900000.0,,,,,False,False
LD-00915,26-08-2026,FORMULARIO WEB,EMP-03,PV-011,Juan Carlos Pérez Escobar,573122913656,,Bogotá,Hero Xpulse 200,Sin gestión,,,juan carlos perez escobar,573122913656,,bogota,formulario web,sin gestion,2026-08-26 00:00:00,,hero xpulse 200,915,SKU-023,100.0,fuzzy,phone:573122913656,a298b712-6624-5895-afb2-38a30b9059e1,False,,1.0,,14990000.0,,,,,False,False
LD-00916,01/08/2026 08:13,Meta Ads,EMP-01,PV-004,Édinson Quintero Giraldo,3512838851,,Rio Negro,Gixxer 150,Descartado,03-08-2026,Remate Modelos 2025,edinson quintero giraldo,573512838851,,rio negro,meta ads,descartado,2026-08-01 08:13:00,2026-08-03 00:00:00,gixxer 150,916,SKU-014,100.0,exact,phone:573512838851,6ee87153-f356-5019-b8aa-425d6e0f5504,False,,1.0,,11990000.0,,credito,,soat,False,False
LD-00917,2026-08-23 17:58:00,WhatsApp,EMP-03,PV-013,  Juan Carlos Ospina Bedoya  ,3518031832,juan.ospina7@gmail.com,BOGOTA,BAJAJ PULSAR NS 125,Sin gestión,,,juan carlos ospina bedoya,573518031832,juan.ospina7@gmail.com,bogota,whatsapp,sin gestion,2026-08-23 17:58:00,,bajaj pulsar ns 125,917,SKU-008,100.0,fuzzy,phone:573518031832,8b9ea420-a54f-5fd3-ab3e-bba7b8921699,False,,1.0,,8990000.0,,credito,media,soat,False,False
LD-00918,2026-08-22 19:32:00,WhatsApp,EMP-01,PV-001,JULIÁN MARÍN ESCOBAR,573115856503,julian.marin10@gmail.com,,Suzuki Gixxer 150 2026,Sin gestión,,Retoma tu moto,julian marin escobar,573115856503,julian.marin10@gmail.com,,whatsapp,sin gestion,2026-08-22 19:32:00,,suzuki gixxer 150 2026,918,SKU-014,100.0,fuzzy,phone:573115856503,3b6d44d6-4eb1-54ad-a7e4-8e5173aa9236,False,,1.0,,11990000.0,,,,,False,False
LD-00919,2026-08-25 20:17:00,WHATSAPP,EMP-03,PV-014,Angie Paola Salazar Ospina,3117122631,angie.salazar77@yahoo.es,Bogota,Bajaj Dominar 400,Contactado,26-08-2026,,angie paola salazar ospina,573117122631,angie.salazar77@yahoo.es,bogota,whatsapp,contactado,2026-08-25 20:17:00,2026-08-26 00:00:00,bajaj dominar 400,919,SKU-011,100.0,fuzzy,phone:573117122631,266b83f4-a186-591d-9d07-6bb43d102017,True,266b83f4-a186-591d-9d07-6bb43d102017,1.0,same_phone_or_email,24900000.0,,,,,False,False
LD-00920,23/08/2026 18:30,WhatsApp,EMP-01,PV-002,Natalia Zapata,573142060957,,,Dynamic R3 125,Sin gestión,,Feria de Motos 2026,natalia zapata,573142060957,,,whatsapp,sin gestion,2026-08-23 18:30:00,,dynamic r3 125,920,SKU-018,100.0,exact,phone:573142060957,3d162378-4ca6-5c6d-9092-127c9cc12552,True,3d162378-4ca6-5c6d-9092-127c9cc12552,1.0,same_phone_or_email,5590000.0,4990000.0,credito,media,cuota,False,True
LD-00921,2026-08-25 02:13:00,meta ads,EMP-03,PV-014,Marcela Franco Valencia,320-013-7460,marcela.franco76@hotmail.com,,AKT TTR 200,Cotización enviada,08/26/2026 02:13,Agosto Cero Cuotas,marcela franco valencia,573200137460,marcela.franco76@hotmail.com,,meta ads,cotizacion enviada,2026-08-25 02:13:00,2026-08-26 02:13:00,akt ttr 200,921,SKU-019,100.0,fuzzy,phone:573200137460,3fa4a63f-0800-51d6-90c6-01525741ab0b,False,,1.0,,9890000.0,6590000.0,credito,media,soat,False,False
LD-00922,13-08-2026,WhatsApp,EMP-03,PV-011,Carlos Mario Londoño Mosquera,3133291339,,Bogotá,Bajaj Dominar,Descartado,13-08-2026,Retoma tu moto,carlos mario londono mosquera,573133291339,,bogota,whatsapp,descartado,2026-08-13 00:00:00,2026-08-13 00:00:00,bajaj dominar,922,,77.77777777777777,unmatched,phone:573133291339,591279e8-6a1f-510b-b5e0-d756aa3ea9b9,False,,1.0,,,22900000.0,credito,,soat,False,False
LD-00923,13/08/2026 19:54,Meta Ads,EMP-03,PV-015,CAMILO HERRERA BEDOYA,(321) 194-2990,,Soacha,HONDA DIO 110,Contactado,08/15/2026 01:54,Feria de Motos 2026,camilo herrera bedoya,573211942990,,soacha,meta ads,contactado,2026-08-13 19:54:00,2026-08-15 01:54:00,honda dio 110,923,SKU-005,100.0,fuzzy,phone:573211942990,7601ca17-bfb7-5b5d-87b1-9873cea337e9,False,,1.0,,6890000.0,,,,,False,False
LD-00924,31/08/2026 23:33,Meta Ads,EMP-02,PV-009,Alexander Pérez Quintero,573108585516,alexander.perez89@outlook.com,SANTA MARTA,Bajaj  Dominar 400,no contesta,2026-09-01T03:33:00,Feria de Motos 2026,alexander perez quintero,573108585516,alexander.perez89@outlook.com,santa marta,meta ads,no contesta,2026-08-31 23:33:00,2026-09-01 03:33:00,bajaj dominar 400,924,SKU-011,100.0,fuzzy,phone:573108585516,a87b8e41-3a5d-56e6-b2cb-666748e5815c,False,,1.0,,24900000.0,,,,,False,False
LD-00925,2026-08-30 00:01:00,meta ads,EMP-01,PV-002,ALEXANDER FRANCO OSPINA, 3517528075 ,alexander.franco66@gmail.com,Itagüí,,Contactado,08/30/2026 01:01,Feria de Motos 2026,alexander franco ospina,573517528075,alexander.franco66@gmail.com,itagui,meta ads,contactado,2026-08-30 00:01:00,2026-08-30 01:01:00,,925,,0.0,none,phone:573517528075,443f1f94-db29-511c-b66b-4689364fad98,False,,1.0,,,,,,,False,False
LD-00926,03/09/2026 12:40,WhatsApp,EMP-02,PV-009,Estefanía Rodríguez Vargas,3113233371,estefania.rodriguez12@outlook.com,SANTA MARTA,hero hunk 160r,Cotización enviada,07-09-2026,Agosto Cero Cuotas,estefania rodriguez vargas,573113233371,estefania.rodriguez12@outlook.com,santa marta,whatsapp,cotizacion enviada,2026-09-03 12:40:00,2026-09-07 00:00:00,hero hunk 160r,926,SKU-022,100.0,fuzzy,phone:573113233371,5c8460ed-19f9-50e1-87e3-1fa5658ce458,False,,1.0,,10490000.0,,,,,False,False
LD-00927,21-08-2026,WhatsApp,EMP-01,PV-004,Vanessa Marín,3054818688,vanessa.marin95@hotmail.com,Rio Negro,Honda XR 150L 2026,Sin gestión,,,vanessa marin,573054818688,vanessa.marin95@hotmail.com,rio negro,whatsapp,sin gestion,2026-08-21 00:00:00,,honda xr 150l 2026,927,SKU-002,100.0,fuzzy,phone:573054818688,fb9f1f05-1558-57d1-a420-f72cb5d4519f,True,fb9f1f05-1558-57d1-a420-f72cb5d4519f,1.0,same_phone_or_email,11490000.0,11490000.0,credito,media,soat,False,False
LD-00928,2026-08-02 04:08:00,WhatsApp,EMP-03,PV-011,Estefanía Quintero Valencia,322 971 7150,,Bogotá D.C.,AKT Dynamic,contactado,02-08-2026,Retoma tu moto,estefania quintero valencia,573229717150,,bogota,whatsapp,contactado,2026-08-02 04:08:00,2026-08-02 00:00:00,akt dynamic,928,,77.77777777777777,unmatched,phone:573229717150,31554d08-693d-5c96-85cf-bd084191b9ac,False,,1.0,,,,credito,,soat,False,False
LD-00929,2026-08-02 20:32:00,Meta Ads,EMP-01,PV-001,CARLOS MARIO VARGAS HERNÁNDEZ,351 968 8328,,medellin,AKT Dynamic R3 125,Sin gestión,,,carlos mario vargas hernandez,573519688328,,medellin,meta ads,sin gestion,2026-08-02 20:32:00,,akt dynamic r3 125,929,SKU-018,100.0,fuzzy,phone:573519688328,5b58db90-0483-51e3-9479-b737ce92faa8,True,5b58db90-0483-51e3-9479-b737ce92faa8,1.0,same_phone_or_email,5590000.0,,credito,media,soat,False,False
LD-00930,08/15/2026 06:03,whatsapp,EMP-02,PV-009,Juan Carlos Restrepo Torres,3136206668,,,suzuki gn 125,En proceso,2026-08-19 06:03:00,,juan carlos restrepo torres,573136206668,,,whatsapp,en proceso,2026-08-15 06:03:00,2026-08-19 06:03:00,suzuki gn 125,930,SKU-013,100.0,fuzzy,phone:573136206668,4f5c7bbb-b7b8-5446-a8dc-654cb363405d,False,,1.0,,7490000.0,,,,,False,False
LD-00931,2026-08-12 17:08:00,WhatsApp,EMP-03,PV-012,Édinson Salazar Zapata,3102979164,,Bogotá D.C.,AKT,Cotización enviada,13/08/2026 23:08,,edinson salazar zapata,573102979164,,bogota,whatsapp,cotizacion enviada,2026-08-12 17:08:00,2026-08-13 23:08:00,akt,931,,28.57142857142857,unmatched,phone:573102979164,f5628c56-99f9-5384-91f5-3ebd31ccd156,False,,1.0,,,,credito,,soat,False,False
LD-00932,14-08-2026,Meta Ads,EMP-03,PV-015,Estefanía Ramírez Cardona,(322) 837-4267,,Soacha,Honda Navi 2026,Cotización enviada,2026-08-14 21:30:00,Remate Modelos 2025,estefania ramirez cardona,573228374267,,soacha,meta ads,cotizacion enviada,2026-08-14 00:00:00,2026-08-14 21:30:00,honda navi 2026,932,SKU-004,100.0,fuzzy,phone:573228374267,b1c8f3ca-09fa-52cb-8b19-6339ba21aa59,False,,1.0,,7290000.0,5790000.0,credito,,soat,False,False
LD-00933,2026-08-09 17:44:00,WhatsApp,EMP-02,PV-007,angie paola salazar ospina,+57 311 7122631,,Soledad,Honda Navi 2026,En proceso,08/09/2026 23:44,,angie paola salazar ospina,573117122631,,soledad,whatsapp,en proceso,2026-08-09 17:44:00,2026-09-08 23:44:00,honda navi 2026,933,SKU-004,100.0,fuzzy,phone:573117122631,266b83f4-a186-591d-9d07-6bb43d102017,True,266b83f4-a186-591d-9d07-6bb43d102017,1.0,same_phone_or_email,7290000.0,,credito,,soat,False,False
LD-00934,2026-08-07 11:20:00,Formulario Web,EMP-01,PV-004,Carlos Mario Pérez Giraldo,+57 320 0181513,,RIONEGRO,Honda XR 150L,contactado,2026-08-10 11:20:00,Prima Extra,carlos mario perez giraldo,573200181513,,rionegro,formulario web,contactado,2026-08-07 11:20:00,2026-08-10 11:20:00,honda xr 150l,934,SKU-002,100.0,fuzzy,phone:573200181513,b7dcd602-b59a-55be-b23f-ea7b0c1f99b8,False,,1.0,,11490000.0,,credito,,soat,False,False
LD-00935,2026-08-10 18:29:00,WhatsApp,EMP-01,PV-003,Andrés Felipe Restrepo Gómez,+57 321 3391458,,BELLO,Bajaj Discover 125 2026,Descartado,2026-08-12 18:29:00,,andres felipe restrepo gomez,573213391458,,bello,whatsapp,descartado,2026-08-10 18:29:00,2026-08-12 18:29:00,bajaj discover 125 2026,935,SKU-012,100.0,fuzzy,phone:573213391458,f2c650e9-59b7-59bd-b2ee-771d69b15ed4,False,,1.0,,6990000.0,,,,,False,False
LD-00936,2026-08-29T02:14:00,WhatsApp,EMP-02,PV-007,  Fabián Herrera Agudelo  ,(320) 738-2930,,SOLEDAD,Honda XR,Contactado,29-08-2026,Retoma tu moto,fabian herrera agudelo,573207382930,,soledad,whatsapp,contactado,2026-08-29 02:14:00,2026-08-29 00:00:00,honda xr,936,,44.44444444444444,unmatched,phone:573207382930,2cbda4ec-8e8a-5396-b0e2-f4824e916432,False,,1.0,,,,,,,False,False
LD-00937,2026-09-05 13:01:00,WhatsApp,EMP-03,PV-015,SEBASTIÁN CASTAÑO HERRERA, 3050073889 ,,SOACHA,akt evo rs 150,sin gestion,,Prima Extra,sebastian castano herrera,573050073889,,soacha,whatsapp,sin gestion,2026-09-05 13:01:00,,akt evo rs 150,937,SKU-020,100.0,fuzzy,phone:573050073889,ef9af054-8cdf-54d1-93ef-d48fa0f759f0,True,ef9af054-8cdf-54d1-93ef-d48fa0f759f0,1.0,same_phone_or_email,7190000.0,,,,,False,False
LD-00938,2026-09-06 08:26:00,WhatsApp,EMP-02,PV-010,Brayan Salazar Agudelo,573225927841,brayan.salazar12@outlook.com,Montería,Bajaj Boxer,Contactado,09/09/2026 08:26,Feria de Motos 2026,brayan salazar agudelo,573225927841,brayan.salazar12@outlook.com,monteria,whatsapp,contactado,2026-09-06 08:26:00,2026-09-09 08:26:00,bajaj boxer,938,,62.5,unmatched,phone:573225927841,876bc788-9f81-5483-b3e3-864d74bbe1d6,False,,1.0,,,,,,,False,False
LD-00939,2026-08-08 15:21:00,Formulario Web,EMP-03,PV-012,  Adriana Salazar Rodríguez  ,3141088922,,Bogotá D.C.,suzuki gixxer 150,Contactado,08/08/2026 16:21,Retoma tu moto,adriana salazar rodriguez,573141088922,,bogota,formulario web,contactado,2026-08-08 15:21:00,2026-08-08 16:21:00,suzuki gixxer 150,939,SKU-014,100.0,fuzzy,phone:573141088922,76a4f9ee-1177-563c-a3b6-064395160892,False,,1.0,,11990000.0,,,,,False,False
LD-00940,06/08/2026 06:27,Meta Ads,EMP-02,PV-006,  Katherine Gómez Londoño  ,312 783 0137,,B/quilla,Honda CB 125F Twister 2026,No contesta,09-08-2026,,katherine gomez londono,573127830137,,b/quilla,meta ads,no contesta,2026-08-06 06:27:00,2026-08-09 00:00:00,honda cb 125f twister 2026,940,SKU-001,100.0,fuzzy,phone:573127830137,453c28a6-1801-569f-ba3d-3df9bb1bec73,False,,1.0,,7990000.0,11290000.0,credito,media,soat,False,False
LD-00941,05/08/2026 03:34,Formulario Web,EMP-02,PV-006,Brayan Vargas Restrepo,3153728383,brayan.vargas44@yahoo.es,,Hnda Dio 110,sin gestion,,Remate Modelos 2025,brayan vargas restrepo,573153728383,brayan.vargas44@yahoo.es,,formulario web,sin gestion,2026-08-05 03:34:00,,hnda dio 110,941,SKU-005,100.0,fuzzy,phone:573153728383,8a1f4339-fd78-5802-beea-45ec137a71f4,False,,1.0,,6890000.0,,,,,False,False
LD-00942,2026-08-21 08:37:00,Meta Ads,EMP-01,PV-002,Paula Andrea Jiménez Marín,3228202509,paula.jimenez66@outlook.com,Itagui,hero hunk 160r,No contesta,2026-08-22T08:37:00,Prima Extra,paula andrea jimenez marin,573228202509,paula.jimenez66@outlook.com,itagui,meta ads,no contesta,2026-08-21 08:37:00,2026-08-22 08:37:00,hero hunk 160r,942,SKU-022,100.0,fuzzy,phone:573228202509,b79212b6-ef09-5820-aec5-7639a90a8e24,False,,1.0,,10490000.0,,,,,False,False
LD-00943,08/11/2026 07:45,WhatsApp,EMP-02,PV-006,Julián Escobar Ospina,3187677247,,B/quilla,AKT Dynamic R3 125 2026,En proceso,08/11/2026 19:45,,julian escobar ospina,573187677247,,b/quilla,whatsapp,en proceso,2026-11-08 07:45:00,2026-11-08 19:45:00,akt dynamic r3 125 2026,943,SKU-018,100.0,fuzzy,phone:573187677247,ed6279ee-6a7d-56de-bbb7-555453a64ff2,True,ed6279ee-6a7d-56de-bbb7-555453a64ff2,1.0,same_phone_or_email,5590000.0,,,,,False,False
LD-00944,2026-09-03 11:26:00,WhatsApp,EMP-03,PV-012,  Diana Carolina Osorio Escobar  ,310 410 1472,,BOGOTA,suzuki gixxer 150,En proceso,09/03/2026 13:26,Feria de Motos 2026,diana carolina osorio escobar,573104101472,,bogota,whatsapp,en proceso,2026-09-03 11:26:00,2026-03-09 13:26:00,suzuki gixxer 150,944,SKU-014,100.0,fuzzy,phone:573104101472,36ff4cc7-fa8e-50fd-9a25-84837fea94fc,False,,1.0,,11990000.0,15490000.0,credito,media,precio,False,True
LD-00945,2026-08-20 05:02:00,WhatsApp,EMP-03,PV-011,Juan Jiménez,3151024673,,Bogotá,hero eco deluxe 100,Contactado,2026-08-22T05:02:00,,juan jimenez,573151024673,,bogota,whatsapp,contactado,2026-08-20 05:02:00,2026-08-22 05:02:00,hero eco deluxe 100,945,SKU-021,100.0,fuzzy,phone:573151024673,808445a6-a7c9-5047-b842-98bc165e0b24,True,808445a6-a7c9-5047-b842-98bc165e0b24,1.0,same_phone_or_email,4990000.0,,,,,False,False
LD-00946,2026-08-19 13:51:00,Meta Ads,EMP-02,PV-009,Camilo Bedoya Salazar,+57 350 3123882,,Santa Marta,bajaj pulsar rs 200,Contactado,08/20/2026 01:51,Retoma tu moto,camilo bedoya salazar,573503123882,,santa marta,meta ads,contactado,2026-08-19 13:51:00,2026-08-20 01:51:00,bajaj pulsar rs 200,946,SKU-010,100.0,fuzzy,phone:573503123882,2950c8c7-324d-5855-a489-7967484b4ad7,False,,1.0,,15490000.0,4990000.0,credito,baja,precio,False,True
LD-00947,01/09/2026 15:08,WhatsApp,EMP-01,PV-001,Leidy Johana Bedoya Salazar,301-347-8833,leidy.bedoya72@hotmail.com,MEDELLIN,Suzuki GN 125,Contactado,01-09-2026,Retoma tu moto,leidy johana bedoya salazar,573013478833,leidy.bedoya72@hotmail.com,medellin,whatsapp,contactado,2026-09-01 15:08:00,2026-09-01 00:00:00,suzuki gn 125,947,SKU-013,100.0,fuzzy,phone:573013478833,59429f6f-98cf-55d9-b9b3-631a51368f6d,False,,1.0,,7490000.0,,,,,False,False
LD-00948,20-08-2026,Meta Ads,EMP-03,PV-012,  Liliana Osorio Torres  ,(321) 350-3176,liliana.osorio9@hotmail.com,Bogotá D.C.,hero hunk 160r,No contesta,2026-08-21 13:20:00,Feria de Motos 2026,liliana osorio torres,573213503176,liliana.osorio9@hotmail.com,bogota,meta ads,no contesta,2026-08-20 00:00:00,2026-08-21 13:20:00,hero hunk 160r,948,SKU-022,100.0,fuzzy,phone:573213503176,4df9d90c-9cf3-563c-a8a4-02d5351be494,True,4df9d90c-9cf3-563c-a8a4-02d5351be494,1.0,same_phone_or_email,10490000.0,,,,,False,False
LD-00949,31-08-2026,Meta Ads,EMP-03,PV-015,  Brayan Herrera Pérez  ,(322) 344-6614,brayan.herrera66@yahoo.es,SOACHA,Bajaj Pulsar,Sin gestión,,Feria de Motos 2026,brayan herrera perez,573223446614,brayan.herrera66@yahoo.es,soacha,meta ads,sin gestion,2026-08-31 00:00:00,,bajaj pulsar,949,,66.66666666666666,unmatched,phone:573223446614,fe90c89a-6daf-512e-95c9-bc0c2ae8f9c7,False,,1.0,,,,credito,,soat,False,False
LD-00950,02/09/2026 11:59,Meta Ads,EMP-02,PV-010,Mónica Jiménez Cardona,+57 304 4936340,monica.jimenez53@hotmail.com,Montería,Honda,Sin gestión,,Retoma tu moto,monica jimenez cardona,573044936340,monica.jimenez53@hotmail.com,monteria,meta ads,sin gestion,2026-09-02 11:59:00,,honda,950,,44.44444444444444,unmatched,phone:573044936340,6f24e075-91df-560b-857a-8207ce170aaf,True,6f24e075-91df-560b-857a-8207ce170aaf,1.0,same_phone_or_email,,14990000.0,credito,media,cuota,False,True
LD-00951,2026-09-08 04:24:00,Meta Ads,EMP-02,PV-007,Adriana Franco Rodríguez,(312) 996-4103,,Soledad,Hero Eco Deluxe 100 2026,sin gestion,,,adriana franco rodriguez,573129964103,,soledad,meta ads,sin gestion,2026-09-08 04:24:00,,hero eco deluxe 100 2026,951,SKU-021,100.0,fuzzy,phone:573129964103,88cbad7d-935a-52ad-987b-eafaa4b4f71c,True,88cbad7d-935a-52ad-987b-eafaa4b4f71c,1.0,same_phone_or_email,4990000.0,,,,,False,False
LD-00952,08/30/2026 11:52,WhatsApp,EMP-01,PV-004,ÓSCAR DAVID RODRÍGUEZ JIMÉNEZ,300-051-1750,oscar.rodriguez68@gmail.com,Rionegro,,Descartado,08/30/2026 12:52,Retoma tu moto,oscar david rodriguez jimenez,573000511750,oscar.rodriguez68@gmail.com,rionegro,whatsapp,descartado,2026-08-30 11:52:00,2026-08-30 12:52:00,,952,,0.0,none,phone:573000511750,e767bbdb-c678-54de-a473-168b5fd7572a,False,,1.0,,,,,,,False,False
LD-00953,2026-08-10 10:55:00,Meta Ads,EMP-03,PV-013,Vanessa Restrepo Hernández,304 445 5092,vanessa.restrepo31@yahoo.es,bogotá,bajaj boxer ct 100,SIN GESTION,,,vanessa restrepo hernandez,573044455092,vanessa.restrepo31@yahoo.es,bogota,meta ads,sin gestion,2026-08-10 10:55:00,,bajaj boxer ct 100,953,SKU-007,100.0,fuzzy,phone:573044455092,7e17144f-af7c-5ff6-9601-b7231c254313,False,,1.0,,5790000.0,,,,,False,False
LD-00954,11-08-2026,WhatsApp,EMP-03,PV-011,É. Cardona Ospina,3510976361,,Bogota,AKT Evo RS 150 2026,Sin gestión,,Retoma tu moto,e. cardona ospina,573510976361,,bogota,whatsapp,sin gestion,2026-08-11 00:00:00,,akt evo rs 150 2026,954,SKU-020,100.0,fuzzy,phone:573510976361,4d326646-44a5-56cc-acab-708ebedadccc,True,4d326646-44a5-56cc-acab-708ebedadccc,1.0,same_phone_or_email,7190000.0,,credito,,soat,False,False
LD-00955,2026-09-03 23:25:00,Meta Ads,EMP-02,PV-006,Sandra Milena Muñoz Marín,313 114 2727,,B/quilla,Hnda XR 150L,No contesta,09/04/2026 17:25,Feria de Motos 2026,sandra milena munoz marin,573131142727,,b/quilla,meta ads,no contesta,2026-09-03 23:25:00,2026-04-09 17:25:00,hnda xr 150l,955,SKU-002,100.0,fuzzy,phone:573131142727,b32e8cd0-2085-5624-88cc-e452290fcfbc,False,,1.0,,11490000.0,24900000.0,credito,,soat,False,False
LD-00956,2026-08-10 19:07:00,Formulario Web,EMP-02,PV-006,Estefanía Marín Valencia,+57 310 0620196,estefania.marin3@outlook.com,,Suzuki Best 125,Cotización enviada,08/11/2026 19:07,,estefania marin valencia,573100620196,estefania.marin3@outlook.com,,formulario web,cotizacion enviada,2026-08-10 19:07:00,2026-11-08 19:07:00,suzuki best 125,956,SKU-016,100.0,fuzzy,phone:573100620196,be1a5132-e9a2-5879-8814-d9724c58ac87,False,,1.0,,6590000.0,7990000.0,credito,media,soat,False,False
LD-00957,2026-09-07 12:43:00,WHATSAPP,EMP-03,PV-013,Yesenia Ospina Mosquera,3518260910,,Bogota,A.K.T Evo RS 150,Descartado,11-09-2026,Prima Extra,yesenia ospina mosquera,573518260910,,bogota,whatsapp,descartado,2026-09-07 12:43:00,2026-09-11 00:00:00,a.k.t evo rs 150,957,SKU-020,100.0,fuzzy,phone:573518260910,ead4d0ac-abf0-5844-a2c7-5c840b823af3,False,,1.0,,7190000.0,,,,,False,False
LD-00958,2026-08-06 18:01:00,WhatsApp,EMP-02,PV-009,Jhon Jairo Torres Ospina,305 746 6655,jhon.torres15@hotmail.com,Sta Marta,HERO DASH 110,Sin gestión,,,jhon jairo torres ospina,573057466655,jhon.torres15@hotmail.com,santa marta,whatsapp,sin gestion,2026-08-06 18:01:00,,hero dash 110,958,SKU-024,100.0,fuzzy,phone:573057466655,ddc97579-3762-51b0-ad07-30d977e74999,False,,1.0,,6290000.0,,credito,,soat,False,False
LD-00959,2026-09-03 05:34:00,Meta Ads,EMP-03,PV-011,Jhon Jairo Ramírez Correa,351 275 3922,,Bogota DC,Bajaj Pulsar NS 125,no contesta,03-09-2026,,jhon jairo ramirez correa,573512753922,,bogota dc,meta ads,no contesta,2026-09-03 05:34:00,2026-09-03 00:00:00,bajaj pulsar ns 125,959,SKU-008,100.0,fuzzy,phone:573512753922,08cdbb6a-b7d8-5c1b-b815-43315d886ff3,False,,1.0,,8990000.0,,,,,False,False
LD-00960,26-08-2026,WhatsApp,EMP-02,PV-006,Juan Carlos Herrera Cardona,3236003089,,barranquilla,AKT Dynamic R3 125,sin gestion,,,juan carlos herrera cardona,573236003089,,barranquilla,whatsapp,sin gestion,2026-08-26 00:00:00,,akt dynamic r3 125,960,SKU-018,100.0,fuzzy,phone:573236003089,928fe2e5-8f9a-53fe-ab68-f429e38dc68f,False,,1.0,,5590000.0,5290000.0,credito,media,soat,False,False
LD-00961,2026-09-08T19:23:00,Meta Ads,EMP-03,PV-013,Liliana Torres Marín,+57 322 0374817,liliana.torres35@hotmail.com,Bogotá,Suzuki  V-Strom 250,Descartado,,,liliana torres marin,573220374817,liliana.torres35@hotmail.com,bogota,meta ads,descartado,2026-09-08 19:23:00,,suzuki v-strom 250,961,SKU-015,100.0,fuzzy,phone:573220374817,f8f25730-83db-5e7d-962a-6ca28d0a8c98,False,,1.0,,21900000.0,,,,,False,False
LD-00962,2026-09-07T10:59:00,Meta Ads,EMP-01,PV-001,  María Fernanda Quintero Betancur  ,+57 351 1424907,maria.quintero88@outlook.com,medellin,Suzuki  V-Strom 250,Descartado,2026-09-07 22:59:00,Feria de Motos 2026,maria fernanda quintero betancur,573511424907,maria.quintero88@outlook.com,medellin,meta ads,descartado,2026-09-07 10:59:00,2026-09-07 22:59:00,suzuki v-strom 250,962,SKU-015,100.0,fuzzy,phone:573511424907,f3ea6676-9f06-5b94-bde5-b12b106675a8,True,f3ea6676-9f06-5b94-bde5-b12b106675a8,1.0,same_phone_or_email,21900000.0,,,,,False,False
LD-00963,2026-09-08T04:14:00,Meta Ads,EMP-03,PV-014,Camilo Marín,3156484992,,Bogota,Honda,Descartado,2026-09-08T06:14:00,Remate Modelos 2025,camilo marin,573156484992,,bogota,meta ads,descartado,2026-09-08 04:14:00,2026-09-08 06:14:00,honda,963,,44.44444444444444,unmatched,phone:573156484992,d6a6234a-620d-5bb1-b688-6f93a01737ea,True,d6a6234a-620d-5bb1-b688-6f93a01737ea,1.0,same_phone_or_email,,7490000.0,credito,media,precio,False,True
LD-00964,2026-09-07T09:39:00,meta ads,EMP-02,PV-007,Duván Zapata Cardona,3161589013,duvan.zapata26@hotmail.com,Soledad,Suzuki  Gixxer 150,no contesta,2026-09-07T11:39:00,,duvan zapata cardona,573161589013,duvan.zapata26@hotmail.com,soledad,meta ads,no contesta,2026-09-07 09:39:00,2026-09-07 11:39:00,suzuki gixxer 150,964,SKU-014,100.0,fuzzy,phone:573161589013,ff3fd2f9-16df-5580-a421-f0fbb2fa8d40,False,,1.0,,11990000.0,,,,,False,False
LD-00965,2026-08-16 11:02:00,WhatsApp,EMP-03,PV-013,Alexander Restrepo Castaño,(323) 509-6458,,Bogotá,BAJAJ DOMINAR 400,Contactado,,,alexander restrepo castano,573235096458,,bogota,whatsapp,contactado,2026-08-16 11:02:00,,bajaj dominar 400,965,SKU-011,100.0,fuzzy,phone:573235096458,68bfe37b-5e8c-5c0c-ac6e-bcbb7fe3fbc3,False,,1.0,,24900000.0,,credito,,soat,False,False
LD-00966,2026-08-06T07:14:00,WhatsApp,EMP-02,PV-007,LUISA PÉREZ RAMÍREZ,+57 351 2105265,luisa.perez25@outlook.com,Soledad,Honda XRE 300,Cotización enviada,2026-08-09T07:14:00,Retoma tu moto,luisa perez ramirez,573512105265,luisa.perez25@outlook.com,soledad,whatsapp,cotizacion enviada,2026-08-06 07:14:00,2026-08-09 07:14:00,honda xre 300,966,SKU-006,100.0,fuzzy,phone:573512105265,0c059a21-8ed6-53be-b526-295ee94ce380,False,,1.0,,22900000.0,,,,,False,False
LD-00967,2026-09-07 08:46:00,Meta Ads,EMP-03,PV-015,ALEXANDER CORREA JIMÉNEZ,3513136644,alexander.correa6@hotmail.com,Soacha,suzuki gn 125,Contactado,07/09/2026 14:46,,alexander correa jimenez,573513136644,alexander.correa6@hotmail.com,soacha,meta ads,contactado,2026-09-07 08:46:00,2026-09-07 14:46:00,suzuki gn 125,967,SKU-013,100.0,fuzzy,phone:573513136644,7e9d60b7-5d90-5ef7-a1b5-02ef96aed3c8,False,,1.0,,7490000.0,,,,,False,False
LD-00968,26/08/2026 01:20,WhatsApp,EMP-01,PV-001,María Fernanda Cardona Castaño,3235691722,,Medellin,Honda,Sin gestión,,Feria de Motos 2026,maria fernanda cardona castano,573235691722,,medellin,whatsapp,sin gestion,2026-08-26 01:20:00,,honda,968,,44.44444444444444,unmatched,phone:573235691722,a0f93cf6-876d-5b15-95f5-1d72e62fb3d3,True,a0f93cf6-876d-5b15-95f5-1d72e62fb3d3,1.0,same_phone_or_email,,,,,,False,False
LD-00969,16/08/2026 23:44,WhatsApp,EMP-01,PV-003,Marcela Rodríguez Escobar,573163147749,marcela.rodriguez63@gmail.com,bello,Bajaj Dominar 400,Sin gestión,,Feria de Motos 2026,marcela rodriguez escobar,573163147749,marcela.rodriguez63@gmail.com,bello,whatsapp,sin gestion,2026-08-16 23:44:00,,bajaj dominar 400,969,SKU-011,100.0,fuzzy,phone:573163147749,19748f2e-c369-56dc-9105-8a1dde59e811,False,,1.0,,24900000.0,,,,,False,False
LD-00970,05-08-2026,WhatsApp,EMP-03,PV-012,Vanessa Marín Gómez,(315) 908-2340,vanessa.marin22@hotmail.com,Bogota DC,hero eco deluxe 100,sin gestion,,Remate Modelos 2025,vanessa marin gomez,573159082340,vanessa.marin22@hotmail.com,bogota dc,whatsapp,sin gestion,2026-08-05 00:00:00,,hero eco deluxe 100,970,SKU-021,100.0,fuzzy,phone:573159082340,c2c2ac05-062f-5a11-a8f2-fed8719e7c4b,True,c2c2ac05-062f-5a11-a8f2-fed8719e7c4b,1.0,same_phone_or_email,4990000.0,,,,,False,False
LD-00971,2026-09-03 03:25:00,whatsapp,EMP-03,PV-013,PAULA ANDREA RODRÍGUEZ GIRALDO,300-602-2797,paula.rodriguez20@outlook.com,bogotá,AKT EVO RS 150,contactado,2026-09-06 03:25:00,Retoma tu moto,paula andrea rodriguez giraldo,573006022797,paula.rodriguez20@outlook.com,bogota,whatsapp,contactado,2026-09-03 03:25:00,2026-09-06 03:25:00,akt evo rs 150,971,SKU-020,100.0,fuzzy,phone:573006022797,59d094e0-d006-5558-a988-490cc1d9eaa6,False,,1.0,,7190000.0,,,,,False,False
LD-00972,2026-08-24 20:02:00,Meta Ads,EMP-01,PV-002,K. Vargas Jiménez,311-892-4494,katherine.vargas71@hotmail.com,Itagüí,HERO XPULSE 200,Sin gestión,,Feria de Motos 2026,k. vargas jimenez,573118924494,katherine.vargas71@hotmail.com,itagui,meta ads,sin gestion,2026-08-24 20:02:00,,hero xpulse 200,972,SKU-023,100.0,fuzzy,phone:573118924494,84226c36-82f6-5116-b985-ec597d042122,True,84226c36-82f6-5116-b985-ec597d042122,1.0,same_phone_or_email,14990000.0,8990000.0,credito,,cuota,False,True
LD-00973,2026-08-31 20:47:00,Formulario Web,EMP-03,PV-012,ERIKA GÓMEZ RESTREPO,351-678-7760,erika.gomez96@yahoo.es,,hero dash 110,No contesta,03-09-2026,,erika gomez restrepo,573516787760,erika.gomez96@yahoo.es,,formulario web,no contesta,2026-08-31 20:47:00,2026-09-03 00:00:00,hero dash 110,973,SKU-024,100.0,fuzzy,phone:573516787760,28e4d3cc-f0a5-572c-8512-6947c80bf078,False,,1.0,,6290000.0,,,,,False,False
LD-00974,2026-08-28 08:28:00,WhatsApp,EMP-01,PV-002,MARÍA FERNANDA ZAPATA GIRALDO,313-956-0344,,Itagui,Bajaj,sin gestion,,Prima Extra,maria fernanda zapata giraldo,573139560344,,itagui,whatsapp,sin gestion,2026-08-28 08:28:00,,bajaj,974,,22.22222222222223,unmatched,phone:573139560344,07ed58de-eba3-5290-b516-d41f7e152f0f,False,,1.0,,,,,,,False,False
LD-00975,2026-08-14 03:41:00,WhatsApp,EMP-02,PV-006,Luz Marina Jiménez Ospina,3238193020,luz.jimenez60@yahoo.es,BARRANQUILLA,NKD 125,Descartado,2026-08-15T09:41:00,,luz marina jimenez ospina,573238193020,luz.jimenez60@yahoo.es,barranquilla,whatsapp,descartado,2026-08-14 03:41:00,2026-08-15 09:41:00,nkd 125,975,SKU-017,100.0,exact,phone:573238193020,ca602b6f-9e5e-5ed6-b616-9d756e960a94,True,ca602b6f-9e5e-5ed6-b616-9d756e960a94,1.0,same_phone_or_email,5290000.0,,credito,,soat,False,False
LD-00976,2026-09-02 23:37:00,whatsapp,EMP-03,PV-012,  Sebastián Valencia Betancur  ,311-972-5919,sebastian.valencia75@gmail.com,Bogota,AKT Evo,No contesta,2026-09-03T03:37:00,,sebastian valencia betancur,573119725919,sebastian.valencia75@gmail.com,bogota,whatsapp,no contesta,2026-09-02 23:37:00,2026-09-03 03:37:00,akt evo,976,,60.0,unmatched,phone:573119725919,0f26e449-09ae-5100-a956-3a18d8989a57,False,,1.0,,,,,,,False,False
LD-00977,2026-08-12T05:14:00,WHATSAPP,EMP-02,PV-008,Alexander Jiménez Valencia,318 555 8466,alexander.jimenez98@yahoo.es,CARTAGENA,Suzuki V-Strom 250,No contesta,2026-08-12 11:14:00,Agosto Cero Cuotas,alexander jimenez valencia,573185558466,alexander.jimenez98@yahoo.es,cartagena,whatsapp,no contesta,2026-08-12 05:14:00,2026-08-12 11:14:00,suzuki v-strom 250,977,SKU-015,100.0,fuzzy,phone:573185558466,cc698705-c6ee-5e6e-9f70-151878d19c25,False,,1.0,,21900000.0,,,,,False,False
LD-00978,2026-08-18T15:35:00,WhatsApp,EMP-02,PV-007,ERIKA BETANCUR CASTAÑO,302-683-4586,,Soledad,Honda  CB 125F Twister,Sin gestión,,Agosto Cero Cuotas,erika betancur castano,573026834586,,soledad,whatsapp,sin gestion,2026-08-18 15:35:00,,honda cb 125f twister,978,SKU-001,100.0,fuzzy,phone:573026834586,667073c2-89d2-53bb-9a96-2a6ab6b4a657,False,,1.0,,7990000.0,,credito,media,soat,False,False
LD-00979,03/09/2026 17:00,WhatsApp,EMP-02,PV-008,Kevin Rodríguez Arias,573112285188,kevin.rodriguez90@hotmail.com,Cartagena de Indias,Hero Eco Deluxe 100 2026,Contactado,2026-09-04T11:00:00,Agosto Cero Cuotas,kevin rodriguez arias,573112285188,kevin.rodriguez90@hotmail.com,cartagena de indias,whatsapp,contactado,2026-09-03 17:00:00,2026-09-04 11:00:00,hero eco deluxe 100 2026,979,SKU-021,100.0,fuzzy,phone:573112285188,0aeb3b96-17f7-55c7-a70e-19d5e100a01a,False,,1.0,,4990000.0,11490000.0,credito,media,soat,True,False
LD-00980,2026-08-13 10:17:00,Meta Ads,EMP-03,PV-015,Brayan Marín Torres,+57 315 5097749,brayan.marin72@hotmail.com,Soacha,Honda CB 125F Twister 2026,Sin gestión,,Agosto Cero Cuotas,brayan marin torres,573155097749,brayan.marin72@hotmail.com,soacha,meta ads,sin gestion,2026-08-13 10:17:00,,honda cb 125f twister 2026,980,SKU-001,100.0,fuzzy,phone:573155097749,5f6fb7a9-883e-532c-9732-f57d6e0a6599,False,,1.0,,7990000.0,11290000.0,credito,media,soat,True,False
LD-00981,08/09/2026 03:09,WHATSAPP,EMP-02,PV-008,Sandra Milena Ramírez Muñoz,314-609-8469,,CARTAGENA,A.K.T Dynamic R3 125,SIN GESTION,,Prima Extra,sandra milena ramirez munoz,573146098469,,cartagena,whatsapp,sin gestion,2026-09-08 03:09:00,,a.k.t dynamic r3 125,981,SKU-018,100.0,fuzzy,phone:573146098469,2cfbaa52-6a32-5433-8b7c-68dbc2ba4c32,True,2cfbaa52-6a32-5433-8b7c-68dbc2ba4c32,1.0,same_phone_or_email,5590000.0,,credito,media,soat,False,False
LD-00982,03/08/2026 22:54,whatsapp,EMP-03,PV-014,Yesenia Gómez Gómez,305 090 9710,yesenia.gomez21@hotmail.com,bogotá,A.K.T Dynamic R3 125,Cotización enviada,2026-08-06T22:54:00,,yesenia gomez gomez,573050909710,yesenia.gomez21@hotmail.com,bogota,whatsapp,cotizacion enviada,2026-08-03 22:54:00,2026-08-06 22:54:00,a.k.t dynamic r3 125,982,SKU-018,100.0,fuzzy,phone:573050909710,74a7c848-916b-54c3-9c9f-351ac132c41e,False,,1.0,,5590000.0,,credito,,soat,False,False
LD-00983,08/26/2026 21:42,whatsapp,EMP-03,PV-012,Andrés Felipe Cardona Bedoya,311 937 7000,andres.cardona9@hotmail.com,Bogota DC,Hero Hunk 160R,Contactado,2026-08-27 09:42:00,,andres felipe cardona bedoya,573119377000,andres.cardona9@hotmail.com,bogota dc,whatsapp,contactado,2026-08-26 21:42:00,2026-08-27 09:42:00,hero hunk 160r,983,SKU-022,100.0,fuzzy,phone:573119377000,fae54d7a-d3ce-525b-8be4-b54e3723fa9d,False,,1.0,,10490000.0,9890000.0,credito,media,soat,False,False
LD-00984,2026-08-19T10:05:00,Formulario Web,EMP-01,PV-001,Diana Carolina Zapata Quintero,312 394 6642,diana.zapata33@outlook.com,Medellín,BAJAJ BOXER CT 100,En proceso,22/08/2026 10:05,Agosto Cero Cuotas,diana carolina zapata quintero,573123946642,diana.zapata33@outlook.com,medellin,formulario web,en proceso,2026-08-19 10:05:00,2026-08-22 10:05:00,bajaj boxer ct 100,984,SKU-007,100.0,fuzzy,phone:573123946642,09502500-1d94-5825-abd6-20bd6698b874,False,,1.0,,5790000.0,,credito,,soat,False,False
LD-00985,10/09/2026 01:22,Formulario Web,EMP-01,PV-004,Erika Mosquera Mosquera,573010497833,erika.mosquera66@hotmail.com,RIONEGRO,Honda XR 150L,Contactado,2026-09-14 01:22:00,Agosto Cero Cuotas,erika mosquera mosquera,573010497833,erika.mosquera66@hotmail.com,rionegro,formulario web,contactado,2026-09-10 01:22:00,2026-09-14 01:22:00,honda xr 150l,985,SKU-002,100.0,fuzzy,phone:573010497833,c51b17f7-f74e-5950-af85-1eeabe936f12,False,,1.0,,11490000.0,,,,,False,False
LD-00986,08/04/2026 12:19,Formulario Web,EMP-01,PV-004,FABIÁN FRANCO HERNÁNDEZ, 3189145189 ,,RIONEGRO,Honda  Navi,Sin gestión,,,fabian franco hernandez,573189145189,,rionegro,formulario web,sin gestion,2026-04-08 12:19:00,,honda navi,986,SKU-004,100.0,fuzzy,phone:573189145189,843677e9-001d-53d5-9a5c-3c62fbe36bec,False,,1.0,,7290000.0,24900000.0,credito,media,cuota,False,True
LD-00987,31/08/2026 17:26,Meta Ads,EMP-02,PV-006,JULIÁN MOSQUERA ZAPATA,3154479475,julian.mosquera62@hotmail.com,barranquilla,,sin gestion,,Remate Modelos 2025,julian mosquera zapata,573154479475,julian.mosquera62@hotmail.com,barranquilla,meta ads,sin gestion,2026-08-31 17:26:00,,,987,,0.0,none,phone:573154479475,3a490e33-b8c8-5156-8130-4daea2b7a02b,False,,1.0,,,,,,,False,False
LD-00988,2026-08-18 05:53:00,Formulario Web,EMP-02,PV-006,Liliana Betancur,573051224727,liliana.betancur63@hotmail.com,B/quilla,HONDA NAVI,contactado,21/08/2026 05:53,Agosto Cero Cuotas,liliana betancur,573051224727,liliana.betancur63@hotmail.com,b/quilla,formulario web,contactado,2026-08-18 05:53:00,2026-08-21 05:53:00,honda navi,988,SKU-004,100.0,fuzzy,phone:573051224727,9fafc248-3f79-50d4-b703-70da693f5edc,True,9fafc248-3f79-50d4-b703-70da693f5edc,1.0,same_phone_or_email,7290000.0,21900000.0,credito,media,soat,True,True
LD-00989,05/09/2026 15:42,WhatsApp,EMP-01,PV-005,Cristian Cardona Giraldo, 3008417334 ,cristian.cardona73@outlook.com,MEDELLIN,Hero,sin gestion,,Retoma tu moto,cristian cardona giraldo,573008417334,cristian.cardona73@outlook.com,medellin,whatsapp,sin gestion,2026-09-05 15:42:00,,hero,989,,28.57142857142857,unmatched,phone:573008417334,0e409062-a49d-5413-8829-1681840a5c68,False,,1.0,,,,,,,False,False
LD-00990,17-08-2026,WhatsApp,EMP-02,PV-006,Nelson Zapata Vargas,+57 316 4027926,,B/quilla,Bajaj Boxer CT 100 2026,Contactado,21/08/2026 20:10,Prima Extra,nelson zapata vargas,573164027926,,b/quilla,whatsapp,contactado,2026-08-17 00:00:00,2026-08-21 20:10:00,bajaj boxer ct 100 2026,990,SKU-007,100.0,fuzzy,phone:573164027926,8ce5c886-1453-5656-b726-ca6b52497868,True,8ce5c886-1453-5656-b726-ca6b52497868,1.0,same_phone_or_email,5790000.0,,,,,False,False
LD-00991,31-08-2026,whatsapp,EMP-02,PV-009,MARÍA FERNANDA JIMÉNEZ FRANCO,321 371 5574,maria.jimenez96@gmail.com,Sta Marta,HONDA CB 125F TWISTER,Contactado,,Agosto Cero Cuotas,maria fernanda jimenez franco,573213715574,maria.jimenez96@gmail.com,santa marta,whatsapp,contactado,2026-08-31 00:00:00,,honda cb 125f twister,991,SKU-001,100.0,fuzzy,phone:573213715574,2b94c5ba-b29e-52ee-9d44-96e79a3f8be7,True,2b94c5ba-b29e-52ee-9d44-96e79a3f8be7,1.0,same_phone_or_email,7990000.0,11490000.0,credito,media,cuota,False,True
LD-00992,08/19/2026 03:47,WhatsApp,EMP-03,PV-013,VANESSA GÓMEZ VALENCIA,(313) 863-4264,,bogotá,HERO HUNK 160R,Cotización enviada,2026-08-20T03:47:00,,vanessa gomez valencia,573138634264,,bogota,whatsapp,cotizacion enviada,2026-08-19 03:47:00,2026-08-20 03:47:00,hero hunk 160r,992,SKU-022,100.0,fuzzy,phone:573138634264,920d7c21-46d7-5f27-9308-619021a93189,True,920d7c21-46d7-5f27-9308-619021a93189,1.0,same_phone_or_email,10490000.0,,credito,,soat,False,False
LD-00993,2026-08-24 19:27:00,WhatsApp,EMP-01,PV-002,Camilo Mosquera Valencia,3161854257,camilo.mosquera96@hotmail.com,Itagui,Bajaj Boxer CT 100 2026,Descartado,2026-08-25T19:27:00,Retoma tu moto,camilo mosquera valencia,573161854257,camilo.mosquera96@hotmail.com,itagui,whatsapp,descartado,2026-08-24 19:27:00,2026-08-25 19:27:00,bajaj boxer ct 100 2026,993,SKU-007,100.0,fuzzy,phone:573161854257,153952a7-736b-58ec-bf2c-c608612e3717,False,,1.0,,5790000.0,13990000.0,credito,,cuota,False,True
LD-00994,11/08/2026 09:54,WhatsApp,EMP-01,PV-003,Erika Franco Franco,573236921604,erika.franco35@yahoo.es,bello,Honda XRE 300,En proceso,15-08-2026,Agosto Cero Cuotas,erika franco franco,573236921604,erika.franco35@yahoo.es,bello,whatsapp,en proceso,2026-08-11 09:54:00,2026-08-15 00:00:00,honda xre 300,994,SKU-006,100.0,fuzzy,phone:573236921604,82e15742-496e-58ff-bc07-193b3c5d9c36,False,,1.0,,22900000.0,,,,,False,False
LD-00995,2026-09-07 13:18:00,Meta Ads,EMP-03,PV-011,NELSON JIMÉNEZ HERNÁNDEZ,315 876 9808,nelson.jimenez89@outlook.com,bogotá,AKT Evo RS 150 2026,SIN GESTION,,Remate Modelos 2025,nelson jimenez hernandez,573158769808,nelson.jimenez89@outlook.com,bogota,meta ads,sin gestion,2026-09-07 13:18:00,,akt evo rs 150 2026,995,SKU-020,100.0,fuzzy,phone:573158769808,3f4a58dd-33bd-5164-8986-f17580367c5d,False,,1.0,,7190000.0,,,,,False,False
LD-00996,08/31/2026 15:22,WhatsApp,EMP-03,PV-014,SANDRA MILENA SALAZAR MOSQUERA,3140329132,,BOGOTA,Bajaj,Descartado,03-09-2026,,sandra milena salazar mosquera,573140329132,,bogota,whatsapp,descartado,2026-08-31 15:22:00,2026-09-03 00:00:00,bajaj,996,,22.22222222222223,unmatched,phone:573140329132,364ee42a-7ffb-52e0-985b-a41ce986de56,False,,1.0,,,,,,,False,False
LD-00997,07/09/2026 22:23,WhatsApp,EMP-02,PV-006,V. Gómez Valencia,3138634264,vanessa.gomez21@yahoo.es,B/quilla,Gixxer 150,Sin gestión,,Prima Extra,v. gomez valencia,573138634264,vanessa.gomez21@yahoo.es,b/quilla,whatsapp,sin gestion,2026-09-07 22:23:00,,gixxer 150,997,SKU-014,100.0,exact,phone:573138634264,920d7c21-46d7-5f27-9308-619021a93189,True,920d7c21-46d7-5f27-9308-619021a93189,1.0,same_phone_or_email,11990000.0,7990000.0,credito,,cuota,False,True
LD-00998,18/08/2026 02:51,WhatsApp,EMP-02,PV-009,Leidy Johana Castaño Arias,(350) 069-9238,,SANTA MARTA,,Sin gestión,,Prima Extra,leidy johana castano arias,573500699238,,santa marta,whatsapp,sin gestion,2026-08-18 02:51:00,,,998,,0.0,none,phone:573500699238,074cad32-1d25-57a2-8868-4e5247f0e142,False,,1.0,,,,,,,False,False
LD-00999,09/04/2026 18:39,META ADS,EMP-02,PV-006,Paula Andrea Agudelo Cardona,323-687-0746,paula.agudelo71@outlook.com,barranquilla,honda xr 150l,sin gestion,,,paula andrea agudelo cardona,573236870746,paula.agudelo71@outlook.com,barranquilla,meta ads,sin gestion,2026-04-09 18:39:00,,honda xr 150l,999,SKU-002,100.0,fuzzy,phone:573236870746,a0bbedbe-0197-5f42-828c-c4a4fb9cf079,False,,1.0,,11490000.0,,,,,False,False
LD-01000,2026-08-29T15:56:00,WhatsApp,EMP-01,PV-005,KATHERINE RAMÍREZ MUÑOZ,3107174898,,Medellin,suzuki gn 125,Sin gestión,,Agosto Cero Cuotas,katherine ramirez munoz,573107174898,,medellin,whatsapp,sin gestion,2026-08-29 15:56:00,,suzuki gn 125,1000,SKU-013,100.0,fuzzy,phone:573107174898,dc9b37e5-e9db-5964-994b-bc3ca597035b,True,dc9b37e5-e9db-5964-994b-bc3ca597035b,1.0,same_phone_or_email,7490000.0,,,,,False,False
LD-01001,04/09/2026 06:19,WhatsApp,EMP-02,PV-008,Luisa Agudelo, 3130312521 ,,Cartagena,Suzuki GN,En proceso,2026-09-05T00:19:00,Agosto Cero Cuotas,luisa agudelo,573130312521,,cartagena,whatsapp,en proceso,2026-09-04 06:19:00,2026-09-05 00:19:00,suzuki gn,1001,,50.0,unmatched,phone:573130312521,82859ad1-168c-540e-8998-28dddbe11273,True,82859ad1-168c-540e-8998-28dddbe11273,1.0,same_phone_or_email,,,,,,False,False
LD-01002,02-08-2026,WhatsApp,EMP-03,PV-015,NATALIA MOSQUERA RESTREPO, 3163893482 ,natalia.mosquera34@outlook.com,Soacha,Honda CB 125F Twister,contactado,02-08-2026,,natalia mosquera restrepo,573163893482,natalia.mosquera34@outlook.com,soacha,whatsapp,contactado,2026-08-02 00:00:00,2026-08-02 00:00:00,honda cb 125f twister,1002,SKU-001,100.0,fuzzy,phone:573163893482,6004a4a9-2c4f-517b-b6c6-8f7947ed6db2,True,6004a4a9-2c4f-517b-b6c6-8f7947ed6db2,1.0,same_phone_or_email,7990000.0,7490000.0,credito,,soat,False,False
LD-01003,2026-09-06 05:28:00,Meta Ads,EMP-01,PV-001,Katherine Giraldo Torres,3173763315,,MEDELLIN,Bajaj Dominar 400,Cotización enviada,,,katherine giraldo torres,573173763315,,medellin,meta ads,cotizacion enviada,2026-09-06 05:28:00,,bajaj dominar 400,1003,SKU-011,100.0,fuzzy,phone:573173763315,3a759fd8-d91f-5a81-8156-4de99cbd7d2a,False,,1.0,,24900000.0,,,,,False,False
LD-01004,2026-08-13 07:21:00,Meta Ads,EMP-02,PV-006,Leidy Johana Herrera Zapata,3170773909,leidy.herrera56@gmail.com,barranquilla,AKT Dynamic R3 125,Contactado,08/15/2026 07:21,Retoma tu moto,leidy johana herrera zapata,573170773909,leidy.herrera56@gmail.com,barranquilla,meta ads,contactado,2026-08-13 07:21:00,2026-08-15 07:21:00,akt dynamic r3 125,1004,SKU-018,100.0,fuzzy,phone:573170773909,2cb538b9-a388-5d8c-823d-fdb5b8e6c607,False,,1.0,,5590000.0,,credito,media,soat,False,False
LD-01005,09/08/2026 06:50,WhatsApp,EMP-02,PV-008,Luz Marina Rodríguez Zapata,(322) 106-1441,,Cartagena de Indias,Bajaj Discover 125,Contactado,09/08/2026 18:50,Agosto Cero Cuotas,luz marina rodriguez zapata,573221061441,,cartagena de indias,whatsapp,contactado,2026-08-09 06:50:00,2026-08-09 18:50:00,bajaj discover 125,1005,SKU-012,100.0,fuzzy,phone:573221061441,42210774-010c-5a16-a7e4-b97d13e5b195,False,,1.0,,6990000.0,,credito,media,soat,False,False
LD-01006,2026-08-10 22:13:00,FORMULARIO WEB,EMP-03,PV-013,NATALIA PÉREZ LONDOÑO,3012842944,natalia.perez62@hotmail.com,bogotá,HERO XPULSE 200,Descartado,2026-08-14 22:13:00,Agosto Cero Cuotas,natalia perez londono,573012842944,natalia.perez62@hotmail.com,bogota,formulario web,descartado,2026-08-10 22:13:00,2026-08-14 22:13:00,hero xpulse 200,1006,SKU-023,100.0,fuzzy,phone:573012842944,8e449d43-c4f5-5ade-b137-4eb63f863722,False,,1.0,,14990000.0,,credito,media,soat,False,False
LD-01007,2026-09-09T19:54:00,formulario web,EMP-03,PV-013,  Estefanía Salazar Franco  ,3024896753,estefania.salazar3@gmail.com,Bogotá,Suzuki V-Strom 250 2026,Cotización enviada,09/09/2026 20:54,Feria de Motos 2026,estefania salazar franco,573024896753,estefania.salazar3@gmail.com,bogota,formulario web,cotizacion enviada,2026-09-09 19:54:00,2026-09-09 20:54:00,suzuki v-strom 250 2026,1007,SKU-015,100.0,fuzzy,phone:573024896753,5534f04d-fe98-5110-b8a8-ce594f53f182,False,,1.0,,21900000.0,,,,,False,False
LD-01008,2026-08-31 19:34:00,WHATSAPP,EMP-02,PV-006,Cristian Agudelo Gómez,3143586472,,BARRANQUILLA,Honda CB 125F Twister,Descartado,2026-09-01T13:34:00,Agosto Cero Cuotas,cristian agudelo gomez,573143586472,,barranquilla,whatsapp,descartado,2026-08-31 19:34:00,2026-09-01 13:34:00,honda cb 125f twister,1008,SKU-001,100.0,fuzzy,phone:573143586472,279542a1-9668-5fa8-b3ea-bd51b39aec52,False,,1.0,,7990000.0,,,,,False,False
LD-01009,2026-08-20T23:35:00,Meta Ads,EMP-01,PV-002,  Héctor Cardona Osorio  ,310 731 2079,hector.cardona24@hotmail.com,Itagui,Dash 110,contactado,21/08/2026 23:35,Prima Extra,hector cardona osorio,573107312079,hector.cardona24@hotmail.com,itagui,meta ads,contactado,2026-08-20 23:35:00,2026-08-21 23:35:00,dash 110,1009,SKU-024,100.0,exact,phone:573107312079,7589bba2-7e51-5233-b646-e3d40b0c79fe,False,,1.0,,6290000.0,,,,,False,False
LD-01010,2026-08-20 15:07:00,WhatsApp,EMP-02,PV-009,  Juan Carlos Valencia Betancur  ,(351) 038-7391,,SANTA MARTA,bajaj discover 125,En proceso,2026-08-21 21:07:00,Prima Extra,juan carlos valencia betancur,573510387391,,santa marta,whatsapp,en proceso,2026-08-20 15:07:00,2026-08-21 21:07:00,bajaj discover 125,1010,SKU-012,100.0,fuzzy,phone:573510387391,8c4e8e41-db67-5ce3-99e5-df4d90f896a4,False,,1.0,,6990000.0,,,,,False,False
LD-01011,2026-08-20 03:01:00,Meta Ads,EMP-02,PV-008,Yuliana Muñoz Valencia,3137247410,yuliana.munoz84@outlook.com,CARTAGENA,,Sin gestión,,Agosto Cero Cuotas,yuliana munoz valencia,573137247410,yuliana.munoz84@outlook.com,cartagena,meta ads,sin gestion,2026-08-20 03:01:00,,,1011,,0.0,none,phone:573137247410,8851a5df-899c-582e-85c6-a7c9f6d72b94,False,,1.0,,,,,,,False,False
LD-01012,2026-08-06 00:20:00,WHATSAPP,EMP-03,PV-015,Wilmar Restrepo Muñoz,+57 305 8268774,wilmar.restrepo7@gmail.com,SOACHA,Suzuki  Best 125,Contactado,2026-08-10T00:20:00,Feria de Motos 2026,wilmar restrepo munoz,573058268774,wilmar.restrepo7@gmail.com,soacha,whatsapp,contactado,2026-08-06 00:20:00,2026-08-10 00:20:00,suzuki best 125,1012,SKU-016,100.0,fuzzy,phone:573058268774,bfaae00b-984c-595a-a5b9-bd80646716b3,False,,1.0,,6590000.0,11490000.0,credito,media,cuota,False,True
LD-01013,08/29/2026 14:21,WhatsApp,EMP-01,PV-004,FABIÁN TORRES BETANCUR,573001294580,fabian.torres27@gmail.com,Rio Negro,AKT Dynamic R3 125,No contesta,08/30/2026 02:21,Retoma tu moto,fabian torres betancur,573001294580,fabian.torres27@gmail.com,rio negro,whatsapp,no contesta,2026-08-29 14:21:00,2026-08-30 02:21:00,akt dynamic r3 125,1013,SKU-018,100.0,fuzzy,phone:573001294580,b26bf873-a8ec-5bd5-82b3-76f7058e74ab,False,,1.0,,5590000.0,,,,,False,False
LD-01014,07-08-2026,Formulario Web,EMP-02,PV-006,Jorge Iván Vargas Franco,573500237864,,Barranquilla,A.K.T NKD 125,Cotización enviada,,Prima Extra,jorge ivan vargas franco,573500237864,,barranquilla,formulario web,cotizacion enviada,2026-08-07 00:00:00,,a.k.t nkd 125,1014,SKU-017,100.0,fuzzy,phone:573500237864,49c9158e-44bb-5c9a-9a72-8a2f9d3e0fb3,False,,1.0,,5290000.0,6990000.0,credito,,cuota,False,True
LD-01015,2026-08-22 00:15:00,Meta Ads,EMP-03,PV-015,SANDRA MILENA MOSQUERA TORRES,3100455444,sandra.mosquera75@hotmail.com,,Suzuki,Descartado,08/22/2026 12:15,Agosto Cero Cuotas,sandra milena mosquera torres,573100455444,sandra.mosquera75@hotmail.com,,meta ads,descartado,2026-08-22 00:15:00,2026-08-22 12:15:00,suzuki,1015,,26.66666666666667,unmatched,phone:573100455444,59865f8e-652d-5599-a6e6-28c71063fc0c,False,,1.0,,,7290000.0,credito,,soat,True,False
LD-01016,2026-08-20 12:27:00,WhatsApp,EMP-01,PV-004,Freddy Betancur Correa,310-850-5847,freddy.betancur24@hotmail.com,RIONEGRO,Honda XRE 300,En proceso,24-08-2026,Feria de Motos 2026,freddy betancur correa,573108505847,freddy.betancur24@hotmail.com,rionegro,whatsapp,en proceso,2026-08-20 12:27:00,2026-08-24 00:00:00,honda xre 300,1016,SKU-006,100.0,fuzzy,phone:573108505847,c7fe5587-ffbb-5e09-978e-de642bc81c9e,False,,1.0,,22900000.0,,,,,False,False
LD-01017,2026-08-21 21:05:00,Meta Ads,EMP-03,PV-014,  Claudia Patricia Osorio Hernández  ,+57 320 3793985,claudia.osorio51@yahoo.es,bogotá,Hero,Contactado,23-08-2026,Prima Extra,claudia patricia osorio hernandez,573203793985,claudia.osorio51@yahoo.es,bogota,meta ads,contactado,2026-08-21 21:05:00,2026-08-23 00:00:00,hero,1017,,28.57142857142857,unmatched,phone:573203793985,7753d771-aea6-5f1d-99d6-b8a0f120774d,False,,1.0,,,13990000.0,credito,,cuota,False,True
LD-01018,2026-08-08T10:33:00,META ADS,EMP-02,PV-006,Carlos Mario Hernández Pérez,3131927084,carlos.hernandez71@outlook.com,B/quilla,,SIN GESTION,,Remate Modelos 2025,carlos mario hernandez perez,573131927084,carlos.hernandez71@outlook.com,b/quilla,meta ads,sin gestion,2026-08-08 10:33:00,,,1018,,0.0,none,phone:573131927084,435bdc3c-34a6-50ae-8a63-1beb23f58ea0,False,,1.0,,,,,,,False,False
LD-01019,10/09/2026 05:50,FORMULARIO WEB,EMP-02,PV-008,ANDRÉS FELIPE AGUDELO HERRERA,573104368757,andres.agudelo34@hotmail.com,Cartagena de Indias,Honda Dio 110 2026,Sin gestión,,,andres felipe agudelo herrera,573104368757,andres.agudelo34@hotmail.com,cartagena de indias,formulario web,sin gestion,2026-09-10 05:50:00,,honda dio 110 2026,1019,SKU-005,100.0,fuzzy,phone:573104368757,3e69eb78-e162-5399-bdf5-2c5ede20b06f,False,,1.0,,6890000.0,7990000.0,credito,media,soat,False,False
LD-01020,08-09-2026,WhatsApp,EMP-01,PV-004,Jorge Iván Herrera Pérez,3503044043,jorge.herrera52@outlook.com,Rionegro,,Sin gestión,,,jorge ivan herrera perez,573503044043,jorge.herrera52@outlook.com,rionegro,whatsapp,sin gestion,2026-09-08 00:00:00,,,1020,,0.0,none,phone:573503044043,0015c2f3-cfed-56bf-b8c5-5c17d3a13a6e,False,,1.0,,,,,,,False,False
LD-01021,04/09/2026 01:37,WHATSAPP,EMP-01,PV-005,Fabián Muñoz Ospina,573109505387,fabian.munoz27@yahoo.es,Medellin,Hero Eco Deluxe 100,Contactado,,Agosto Cero Cuotas,fabian munoz ospina,573109505387,fabian.munoz27@yahoo.es,medellin,whatsapp,contactado,2026-09-04 01:37:00,,hero eco deluxe 100,1021,SKU-021,100.0,fuzzy,phone:573109505387,64534484-9e31-5dfa-ae96-e5aa9e4d88fd,False,,1.0,,4990000.0,7490000.0,credito,,soat,False,False
LD-01022,08/11/2026 16:29,WHATSAPP,EMP-02,PV-009,Óscar David Franco Restrepo,313-714-1712,oscar.franco66@gmail.com,SANTA MARTA,suzuki gn 125,contactado,08/11/2026 20:29,Feria de Motos 2026,oscar david franco restrepo,573137141712,oscar.franco66@gmail.com,santa marta,whatsapp,contactado,2026-11-08 16:29:00,2026-11-08 20:29:00,suzuki gn 125,1022,SKU-013,100.0,fuzzy,phone:573137141712,dd5d3835-2784-5ab1-bb84-67456cd37003,False,,1.0,,7490000.0,11490000.0,credito,,cuota,False,True
LD-01023,2026-08-15 23:39:00,Meta Ads,EMP-02,PV-008,Carlos Mario Pérez Rodríguez,3152214394,,Cartagena de Indias,Bajaj Pulsar NS 160,Contactado,,Feria de Motos 2026,carlos mario perez rodriguez,573152214394,,cartagena de indias,meta ads,contactado,2026-08-15 23:39:00,,bajaj pulsar ns 160,1023,SKU-009,100.0,fuzzy,phone:573152214394,5e857654-b2d1-5a8f-9de8-f6364669607c,False,,1.0,,11290000.0,,,,,False,False
LD-01024,24/08/2026 06:19,WhatsApp,EMP-01,PV-003,MARCELA HERNÁNDEZ OSPINA,318 184 9795,,Bello,HONDA DIO 110,Contactado,25-08-2026,Agosto Cero Cuotas,marcela hernandez ospina,573181849795,,bello,whatsapp,contactado,2026-08-24 06:19:00,2026-08-25 00:00:00,honda dio 110,1024,SKU-005,100.0,fuzzy,phone:573181849795,5ec8ad37-2503-5a82-b578-1e8ffd4aed2f,False,,1.0,,6890000.0,15490000.0,credito,media,cuota,False,True
LD-01025,03-08-2026,Meta Ads,EMP-02,PV-007,BRAYAN BEDOYA ESCOBAR, 3012090676 ,,SOLEDAD,Hero Hunk 160R 2026,sin gestion,,Feria de Motos 2026,brayan bedoya escobar,573012090676,,soledad,meta ads,sin gestion,2026-08-03 00:00:00,,hero hunk 160r 2026,1025,SKU-022,100.0,fuzzy,phone:573012090676,3f1dae37-c9bd-52d2-8ef4-c2635d623d80,False,,1.0,,10490000.0,,credito,,soat,False,False
LD-01026,19-08-2026,WhatsApp,EMP-03,PV-013,Brayan Salazar Rodríguez,(312) 146-4917,,Bogota,Hero Xpulse 200 2026,sin gestion,,Retoma tu moto,brayan salazar rodriguez,573121464917,,bogota,whatsapp,sin gestion,2026-08-19 00:00:00,,hero xpulse 200 2026,1026,SKU-023,100.0,fuzzy,phone:573121464917,1c940c48-1660-5337-bd1f-e2a0be5b161b,False,,1.0,,14990000.0,,credito,,soat,False,False
LD-01027,2026-09-02 16:42:00,Meta Ads,EMP-02,PV-007,Angie Paola Correa Londoño,318 874 5611,,SOLEDAD,,Descartado,03/09/2026 16:42,,angie paola correa londono,573188745611,,soledad,meta ads,descartado,2026-09-02 16:42:00,2026-09-03 16:42:00,,1027,,0.0,none,phone:573188745611,d77e2962-21c0-5b95-83d2-330041c0b689,False,,1.0,,,,,,,False,False
LD-01028,2026-09-06 10:06:00,WhatsApp,EMP-01,PV-005,Carlos Mario Valencia Agudelo,318 089 7911,,Medellín ,Hero Xpulse 200,sin gestion,,,carlos mario valencia agudelo,573180897911,,medellin,whatsapp,sin gestion,2026-09-06 10:06:00,,hero xpulse 200,1028,SKU-023,100.0,fuzzy,phone:573180897911,b0dc61a7-d0cd-5c4b-b1ae-78469ffd0ee3,False,,1.0,,14990000.0,,credito,baja,precio,False,True
LD-01029,30/08/2026 06:17,WhatsApp,EMP-03,PV-011,Marcela Castaño Rodríguez,315 828 6220,marcela.castano39@hotmail.com,bogotá,Bajai Pulsar NS 160,No contesta,2026-08-31T06:17:00,,marcela castano rodriguez,573158286220,marcela.castano39@hotmail.com,bogota,whatsapp,no contesta,2026-08-30 06:17:00,2026-08-31 06:17:00,bajai pulsar ns 160,1029,SKU-009,100.0,fuzzy,phone:573158286220,127814f3-feff-52ca-bfcd-763df35a917a,False,,1.0,,11290000.0,11490000.0,credito,,soat,False,False
LD-01030,20-08-2026,WhatsApp,EMP-01,PV-003,Carlos Mario Quintero Quintero,3130435166,carlos.quintero55@gmail.com,Bello,Bajaj Pulsar NS 160,Contactado,08/20/2026 21:50,Remate Modelos 2025,carlos mario quintero quintero,573130435166,carlos.quintero55@gmail.com,bello,whatsapp,contactado,2026-08-20 00:00:00,2026-08-20 21:50:00,bajaj pulsar ns 160,1030,SKU-009,100.0,fuzzy,phone:573130435166,35b2b786-6193-52da-baef-c40190090c1f,False,,1.0,,11290000.0,,,,,False,False
LD-01031,2026-08-31T04:58:00,FORMULARIO WEB,EMP-03,PV-015,Cristian Castaño Arias,3145886959,cristian.castano97@yahoo.es,SOACHA,Suzuki Gixxer 150 2026,En proceso,2026-09-03 04:58:00,Feria de Motos 2026,cristian castano arias,573145886959,cristian.castano97@yahoo.es,soacha,formulario web,en proceso,2026-08-31 04:58:00,2026-09-03 04:58:00,suzuki gixxer 150 2026,1031,SKU-014,100.0,fuzzy,phone:573145886959,c9a3bb62-b583-51f2-9102-df468aa155ab,False,,1.0,,11990000.0,,credito,media,soat,False,False
LD-01032,2026-08-26 16:50:00,WhatsApp,EMP-01,PV-003,CARLOS MARIO OSORIO FRANCO,3118844134,carlos.osorio18@yahoo.es,BELLO,Bajaj Dominar,En proceso,2026-08-29 16:50:00,Remate Modelos 2025,carlos mario osorio franco,573118844134,carlos.osorio18@yahoo.es,bello,whatsapp,en proceso,2026-08-26 16:50:00,2026-08-29 16:50:00,bajaj dominar,1032,,77.77777777777777,unmatched,phone:573118844134,8e718899-9cd6-5dd3-b630-2459d3299e71,True,8e718899-9cd6-5dd3-b630-2459d3299e71,1.0,same_phone_or_email,,,credito,,soat,False,False
LD-01033,08/12/2026 00:21,Meta Ads,EMP-02,PV-009,Óscar David Franco Pérez,3519888773,oscar.franco5@outlook.com,Santa Marta,Hero Dash,Sin gestión,,,oscar david franco perez,573519888773,oscar.franco5@outlook.com,santa marta,meta ads,sin gestion,2026-12-08 00:21:00,,hero dash,1033,,66.66666666666666,unmatched,phone:573519888773,5b2de2e8-35a8-55a0-975a-52fd1f21fb03,False,,1.0,,,,,,,False,False
LD-01034,2026-08-30 16:10:00,Meta Ads,EMP-01,PV-005,LEIDY JOHANA SALAZAR SALAZAR,351 921 1529,,medellin,honda navi,En proceso,31-08-2026,Prima Extra,leidy johana salazar salazar,573519211529,,medellin,meta ads,en proceso,2026-08-30 16:10:00,2026-08-31 00:00:00,honda navi,1034,SKU-004,100.0,fuzzy,phone:573519211529,736f6da9-90f5-5681-b08e-39168fd0162f,False,,1.0,,7290000.0,21900000.0,credito,media,soat,False,False
LD-01035,2026-08-13T18:55:00,WhatsApp,EMP-01,PV-001,JORGE IVÁN GIRALDO LONDOÑO, 3150927553 ,jorge.giraldo3@gmail.com,Medellín,hero eco deluxe 100,Sin gestión,,,jorge ivan giraldo londono,573150927553,jorge.giraldo3@gmail.com,medellin,whatsapp,sin gestion,2026-08-13 18:55:00,,hero eco deluxe 100,1035,SKU-021,100.0,fuzzy,phone:573150927553,e6f33ad8-d354-5cb8-945f-2a067816bac3,False,,1.0,,4990000.0,,,,,False,False
LD-01036,15/08/2026 02:23,WhatsApp,EMP-03,PV-013,Claudia Patricia Escobar Restrepo,(316) 160-5837,,Bogota DC,Suzuki Best 125,sin gestion,,Remate Modelos 2025,claudia patricia escobar restrepo,573161605837,,bogota dc,whatsapp,sin gestion,2026-08-15 02:23:00,,suzuki best 125,1036,SKU-016,100.0,fuzzy,phone:573161605837,21af5abc-14bd-54a2-ae18-8b0d071f9587,False,,1.0,,6590000.0,,credito,media,precio,False,True
LD-01037,06/09/2026 01:39,Formulario Web,EMP-01,PV-003,julian escobar ospina,+57 318 7677247,,Bello,Honda Navi,Contactado,,,julian escobar ospina,573187677247,,bello,formulario web,contactado,2026-09-06 01:39:00,,honda navi,1037,SKU-004,100.0,fuzzy,phone:573187677247,ed6279ee-6a7d-56de-bbb7-555453a64ff2,True,ed6279ee-6a7d-56de-bbb7-555453a64ff2,1.0,same_phone_or_email,7290000.0,,,,,False,False
LD-01038,22/08/2026 08:44,WhatsApp,EMP-02,PV-006,Paula Andrea Cardona Salazar,3507438357,,BARRANQUILLA,Bajaj,Sin gestión,,,paula andrea cardona salazar,573507438357,,barranquilla,whatsapp,sin gestion,2026-08-22 08:44:00,,bajaj,1038,,22.22222222222223,unmatched,phone:573507438357,24589407-f584-51b4-bb10-72279730e8ab,False,,1.0,,,,,,,False,False
LD-01039,20/08/2026 22:39,Formulario Web,EMP-02,PV-009,Yesenia Herrera Ramírez,+57 311 3196078,,Santa Marta,BAJAJ DOMINAR 400,Contactado,23-08-2026,,yesenia herrera ramirez,573113196078,,santa marta,formulario web,contactado,2026-08-20 22:39:00,2026-08-23 00:00:00,bajaj dominar 400,1039,SKU-011,100.0,fuzzy,phone:573113196078,39f191ec-a979-52de-86ad-1013947d67c2,False,,1.0,,24900000.0,,credito,,soat,False,False
LD-01040,2026-08-30 15:55:00,WhatsApp,EMP-01,PV-001,  Leidy Johana Ramírez Salazar  ,3117464269,leidy.ramirez33@gmail.com,Medellín,Honda CB 125F Twister 2026,Descartado,31/08/2026 21:55,,leidy johana ramirez salazar,573117464269,leidy.ramirez33@gmail.com,medellin,whatsapp,descartado,2026-08-30 15:55:00,2026-08-31 21:55:00,honda cb 125f twister 2026,1040,SKU-001,100.0,fuzzy,phone:573117464269,42a600ea-febe-58cd-b36a-45890c9dae82,False,,1.0,,7990000.0,,,,,False,False
LD-01041,04-09-2026,WhatsApp,EMP-02,PV-007,Angie Paola Torres Londoño,+57 316 9079541,,Soledad,Suzuki GN 125 2026,Cotización enviada,09/04/2026 08:43,Agosto Cero Cuotas,angie paola torres londono,573169079541,,soledad,whatsapp,cotizacion enviada,2026-09-04 00:00:00,2026-04-09 08:43:00,suzuki gn 125 2026,1041,SKU-013,100.0,fuzzy,phone:573169079541,e64d487c-08d4-501e-8ff1-0d425d6b7369,False,,1.0,,7490000.0,5290000.0,credito,,cuota,False,True
LD-01042,2026-09-05 18:23:00,Formulario Web,EMP-01,PV-005,KATHERINE SALAZAR RESTREPO,573139203239,katherine.salazar64@gmail.com,Medellin,honda xre 300,No contesta,2026-09-05T22:23:00,,katherine salazar restrepo,573139203239,katherine.salazar64@gmail.com,medellin,formulario web,no contesta,2026-09-05 18:23:00,2026-09-05 22:23:00,honda xre 300,1042,SKU-006,100.0,fuzzy,phone:573139203239,e7445f7d-bb4b-5385-90e8-563399d39e68,False,,1.0,,22900000.0,14990000.0,credito,,cuota,False,True
LD-01043,09-08-2026,Formulario Web,EMP-02,PV-007,Édinson Escobar Jiménez,320-388-6948,,SOLEDAD,Honda Navi,SIN GESTION,,Prima Extra,edinson escobar jimenez,573203886948,,soledad,formulario web,sin gestion,2026-08-09 00:00:00,,honda navi,1043,SKU-004,100.0,fuzzy,phone:573203886948,e1a603e7-9ace-5e76-b05d-b640807ddaf5,False,,1.0,,7290000.0,,credito,,soat,False,False
LD-01044,2026-08-17 10:02:00,WhatsApp,EMP-03,PV-013,Camilo Arias Zapata,3012255968,,Bogotá D.C.,NKD 125,No contesta,21/08/2026 10:02,Remate Modelos 2025,camilo arias zapata,573012255968,,bogota,whatsapp,no contesta,2026-08-17 10:02:00,2026-08-21 10:02:00,nkd 125,1044,SKU-017,100.0,exact,phone:573012255968,d73c6825-9f2e-54eb-b829-5def04b71c45,False,,1.0,,5290000.0,10490000.0,credito,,cuota,False,True
LD-01045,2026-08-11 01:38:00,Meta Ads,EMP-02,PV-010,Édinson Rodríguez Escobar,3009347463,edinson.rodriguez54@yahoo.es,Monteria,Bajaj Boxer CT 100,Descartado,11-08-2026,Remate Modelos 2025,edinson rodriguez escobar,573009347463,edinson.rodriguez54@yahoo.es,monteria,meta ads,descartado,2026-08-11 01:38:00,2026-08-11 00:00:00,bajaj boxer ct 100,1045,SKU-007,100.0,fuzzy,phone:573009347463,c3e3855f-9910-564d-b687-6f2688371eeb,False,,1.0,,5790000.0,11490000.0,credito,,cuota,False,True
LD-01046,2026-08-22T06:14:00,WhatsApp,EMP-03,PV-011,Paula Andrea Torres Jiménez,+57 350 2963602,paula.torres70@yahoo.es,Bogotá,Hero Xpulse 200 2026,sin gestion,,,paula andrea torres jimenez,573502963602,paula.torres70@yahoo.es,bogota,whatsapp,sin gestion,2026-08-22 06:14:00,,hero xpulse 200 2026,1046,SKU-023,100.0,fuzzy,phone:573502963602,90645d9b-58a3-5d18-9fc6-77bc861b9406,False,,1.0,,14990000.0,,,,,False,False
LD-01047,19/08/2026 07:27,Meta Ads,EMP-03,PV-015,HÉCTOR VALENCIA OSPINA, 3214630290 ,,Soacha,hero hunk 160r,no contesta,,Agosto Cero Cuotas,hector valencia ospina,573214630290,,soacha,meta ads,no contesta,2026-08-19 07:27:00,,hero hunk 160r,1047,SKU-022,100.0,fuzzy,phone:573214630290,2cf41fa1-8de7-51a0-8afe-2670e6316e2f,False,,1.0,,10490000.0,,,,,False,False
LD-01048,08/13/2026 12:50,whatsapp,EMP-03,PV-014,  Nelson Zapata Vargas  ,3164027926,,BOGOTA,bajaj dominar 400,Contactado,2026-08-13 16:50:00,Agosto Cero Cuotas,nelson zapata vargas,573164027926,,bogota,whatsapp,contactado,2026-08-13 12:50:00,2026-08-13 16:50:00,bajaj dominar 400,1048,SKU-011,100.0,fuzzy,phone:573164027926,8ce5c886-1453-5656-b726-ca6b52497868,True,8ce5c886-1453-5656-b726-ca6b52497868,1.0,same_phone_or_email,24900000.0,,,,,False,False
LD-01049,2026-09-03 01:46:00,Meta Ads,EMP-03,PV-014,SEBASTIÁN CASTAÑO FRANCO,+57 305 4847039,,BOGOTA,honda cb 190r,Descartado,04/09/2026 01:46,,sebastian castano franco,573054847039,,bogota,meta ads,descartado,2026-09-03 01:46:00,2026-09-04 01:46:00,honda cb 190r,1049,SKU-003,100.0,fuzzy,phone:573054847039,d268690b-ea6b-5f02-b464-e30db32f255c,False,,1.0,,13990000.0,,,,,False,False
LD-01050,2026-09-04 06:04:00,Meta Ads,EMP-01,PV-005,Brayan Vargas Zapata,3012292832,brayan.vargas73@yahoo.es,Medellín ,Navi,contactado,2026-09-05T12:04:00,Prima Extra,brayan vargas zapata,573012292832,brayan.vargas73@yahoo.es,medellin,meta ads,contactado,2026-09-04 06:04:00,2026-09-05 12:04:00,navi,1050,SKU-004,100.0,exact,phone:573012292832,b663a984-b970-59b7-af04-e65d32f987ad,False,,1.0,,7290000.0,,,,,False,False
LD-01051,2026-08-04T07:34:00,WhatsApp,EMP-03,PV-012,Cristian Vargas Agudelo,(302) 759-8699,cristian.vargas39@hotmail.com,bogotá,Bajaj Pulsar,En proceso,2026-08-05T01:34:00,Remate Modelos 2025,cristian vargas agudelo,573027598699,cristian.vargas39@hotmail.com,bogota,whatsapp,en proceso,2026-08-04 07:34:00,2026-08-05 01:34:00,bajaj pulsar,1051,,66.66666666666666,unmatched,phone:573027598699,70c20188-4c82-5f4d-b753-18e7c839d1bb,False,,1.0,,,,,,,False,False
LD-01052,06-09-2026,META ADS,EMP-02,PV-008,ERIKA ARIAS PÉREZ,573125751550,erika.arias65@gmail.com,Cartagena,Bajaj Boxer CT 100,Cotización enviada,10-09-2026,Agosto Cero Cuotas,erika arias perez,573125751550,erika.arias65@gmail.com,cartagena,meta ads,cotizacion enviada,2026-09-06 00:00:00,2026-09-10 00:00:00,bajaj boxer ct 100,1052,SKU-007,100.0,fuzzy,phone:573125751550,eeeecbc4-0e61-5b6c-9fbc-190c8ba66d23,True,eeeecbc4-0e61-5b6c-9fbc-190c8ba66d23,1.0,same_phone_or_email,5790000.0,,,,,False,False
LD-01053,2026-08-22 04:55:00,Meta Ads,EMP-03,PV-015,Luisa Bedoya Castaño,311-160-7710,luisa.bedoya83@gmail.com,Soacha,Suzuki,sin gestion,,Prima Extra,luisa bedoya castano,573111607710,luisa.bedoya83@gmail.com,soacha,meta ads,sin gestion,2026-08-22 04:55:00,,suzuki,1053,,26.66666666666667,unmatched,phone:573111607710,59bc22a5-ccde-5abe-b8fb-0beeb2c24607,True,59bc22a5-ccde-5abe-b8fb-0beeb2c24607,1.0,same_phone_or_email,,4990000.0,credito,,cuota,False,True
LD-01054,2026-08-03T10:08:00,Meta Ads,EMP-02,PV-009,  Wilmar Osorio Betancur  ,+57 317 8572238,wilmar.osorio57@outlook.com,Sta Marta,Suzuki  Gixxer 150,Contactado,04-08-2026,Retoma tu moto,wilmar osorio betancur,573178572238,wilmar.osorio57@outlook.com,santa marta,meta ads,contactado,2026-08-03 10:08:00,2026-08-04 00:00:00,suzuki gixxer 150,1054,SKU-014,100.0,fuzzy,phone:573178572238,8797b768-bbe5-5c19-9794-4c2c5a8c1250,False,,1.0,,11990000.0,,,,,False,False
LD-01055,06-09-2026,WhatsApp,EMP-01,PV-005,Jhon Jairo Hernández Torres,3202393818,jhon.hernandez53@gmail.com,Medellín ,Bajaj Boxer CT 100,no contesta,07-09-2026,Agosto Cero Cuotas,jhon jairo hernandez torres,573202393818,jhon.hernandez53@gmail.com,medellin,whatsapp,no contesta,2026-09-06 00:00:00,2026-09-07 00:00:00,bajaj boxer ct 100,1055,SKU-007,100.0,fuzzy,phone:573202393818,8f187a8a-cdea-5c36-8b53-5126453fb898,False,,1.0,,5790000.0,,,,,False,False
LD-01056,26/08/2026 19:14,Formulario Web,EMP-03,PV-012,  Liliana Cardona Restrepo  , 3109630234 ,liliana.cardona56@hotmail.com,Bogota DC,Bajaj Discover 125,No contesta,2026-08-26T20:14:00,Remate Modelos 2025,liliana cardona restrepo,573109630234,liliana.cardona56@hotmail.com,bogota dc,formulario web,no contesta,2026-08-26 19:14:00,2026-08-26 20:14:00,bajaj discover 125,1056,SKU-012,100.0,fuzzy,phone:573109630234,210c506a-bbb1-5ca6-83e4-e41db556fd00,False,,1.0,,6990000.0,11290000.0,credito,,cuota,False,True
LD-01057,03-09-2026,Meta Ads,EMP-02,PV-006,Yuliana Quintero Marín,321 762 7802,yuliana.quintero56@hotmail.com,BARRANQUILLA,HERO XPULSE 200,Descartado,2026-09-03T23:54:00,Prima Extra,yuliana quintero marin,573217627802,yuliana.quintero56@hotmail.com,barranquilla,meta ads,descartado,2026-09-03 00:00:00,2026-09-03 23:54:00,hero xpulse 200,1057,SKU-023,100.0,fuzzy,phone:573217627802,df6375b3-0b5f-5b77-8b90-03a2267c86bb,False,,1.0,,14990000.0,,,,,False,False
LD-01058,08/03/2026 13:44,Meta Ads,EMP-01,PV-002,Luisa Bedoya Pérez,3207479232,luisa.bedoya13@gmail.com,Itagüí,Heroo Xpulse 200,Sin gestión,,Remate Modelos 2025,luisa bedoya perez,573207479232,luisa.bedoya13@gmail.com,itagui,meta ads,sin gestion,2026-03-08 13:44:00,,heroo xpulse 200,1058,SKU-023,100.0,fuzzy,phone:573207479232,791f3121-64cd-5c9a-9f2e-118d96e4b0e3,False,,1.0,,14990000.0,,,,,False,False
LD-01059,2026-08-01 12:28:00,Meta Ads,EMP-03,PV-013,LUZ MARINA FRANCO CARDONA, 3205053816 ,luz.franco85@gmail.com,Bogota DC,suzuki v-strom 250,Contactado,2026-08-02T06:28:00,Retoma tu moto,luz marina franco cardona,573205053816,luz.franco85@gmail.com,bogota dc,meta ads,contactado,2026-08-01 12:28:00,2026-08-02 06:28:00,suzuki v-strom 250,1059,SKU-015,100.0,fuzzy,phone:573205053816,6ef88849-dd6b-56f6-bb2f-cb7912925d39,False,,1.0,,21900000.0,,,,,False,False
LD-01060,2026-09-05T03:00:00,Formulario Web,EMP-02,PV-007,Leidy Johana Zapata Arias,+57 351 3265046,leidy.zapata40@yahoo.es,SOLEDAD,honda navi,Cotización enviada,06-09-2026,Remate Modelos 2025,leidy johana zapata arias,573513265046,leidy.zapata40@yahoo.es,soledad,formulario web,cotizacion enviada,2026-09-05 03:00:00,2026-09-06 00:00:00,honda navi,1060,SKU-004,100.0,fuzzy,phone:573513265046,4477a982-e4ce-557b-8adb-6edac3aa66ef,False,,1.0,,7290000.0,,,,,False,False
LD-01061,02/08/2026 06:06,WhatsApp,EMP-03,PV-013,  Adriana Muñoz Bedoya  , 3109151636 ,,Bogota,AKT Evo RS 150,En proceso,,,adriana munoz bedoya,573109151636,,bogota,whatsapp,en proceso,2026-08-02 06:06:00,,akt evo rs 150,1061,SKU-020,100.0,fuzzy,phone:573109151636,43d302f9-45a2-502a-9267-219607e9acdb,False,,1.0,,7190000.0,,credito,,soat,False,False
LD-01062,2026-09-09T20:34:00,WhatsApp,EMP-03,PV-015,Erika Rodríguez Betancur,(312) 425-1079,,Soacha,AKT  Evo RS 150,Cotización enviada,2026-09-10T02:34:00,,erika rodriguez betancur,573124251079,,soacha,whatsapp,cotizacion enviada,2026-09-09 20:34:00,2026-09-10 02:34:00,akt evo rs 150,1062,SKU-020,100.0,fuzzy,phone:573124251079,2dea3205-a236-55ab-9342-940ecd8ed981,False,,1.0,,7190000.0,,credito,baja,precio,False,True
LD-01063,2026-08-08 03:15:00,WhatsApp,EMP-01,PV-003,SANDRA MILENA CARDONA BETANCUR,314-299-2011,sandra.cardona79@hotmail.com,bello,bajaj discover 125,Contactado,08/08/2026 04:15,Remate Modelos 2025,sandra milena cardona betancur,573142992011,sandra.cardona79@hotmail.com,bello,whatsapp,contactado,2026-08-08 03:15:00,2026-08-08 04:15:00,bajaj discover 125,1063,SKU-012,100.0,fuzzy,phone:573142992011,65c41a35-ba33-5041-a3c0-d3f9d2f9e9f2,False,,1.0,,6990000.0,,,,,False,False
LD-01064,2026-08-03 12:53:00,Meta Ads,EMP-02,PV-010,Freddy Agudelo Cardona,3057641089,freddy.agudelo99@gmail.com,Monteria,AKT Evo RS 150,Cotización enviada,2026-08-03 16:53:00,Retoma tu moto,freddy agudelo cardona,573057641089,freddy.agudelo99@gmail.com,monteria,meta ads,cotizacion enviada,2026-08-03 12:53:00,2026-08-03 16:53:00,akt evo rs 150,1064,SKU-020,100.0,fuzzy,phone:573057641089,8ed00d15-636e-565b-9d8d-620e59df7072,False,,1.0,,7190000.0,,credito,baja,precio,False,True
LD-01065,2026-09-03 15:37:00,META ADS,EMP-03,PV-015,VANESSA TORRES VALENCIA, 3214266477 ,vanessa.torres33@hotmail.com,SOACHA,Suzuki  Best 125,Cotización enviada,2026-09-03 16:37:00,Agosto Cero Cuotas,vanessa torres valencia,573214266477,vanessa.torres33@hotmail.com,soacha,meta ads,cotizacion enviada,2026-09-03 15:37:00,2026-09-03 16:37:00,suzuki best 125,1065,SKU-016,100.0,fuzzy,phone:573214266477,4b2d93e3-7f35-517c-bf11-75d797606021,False,,1.0,,6590000.0,,,,,False,False
LD-01066,21-08-2026,WHATSAPP,EMP-01,PV-002,DIANA CAROLINA CORREA HERNÁNDEZ,351-269-8569,,Itagüí,Honda XR,Sin gestión,,,diana carolina correa hernandez,573512698569,,itagui,whatsapp,sin gestion,2026-08-21 00:00:00,,honda xr,1066,,44.44444444444444,unmatched,phone:573512698569,e383f794-aecb-5611-a6c8-4af467413242,True,e383f794-aecb-5611-a6c8-4af467413242,1.0,same_phone_or_email,,,credito,,soat,False,False
LD-01067,2026-08-17 11:49:00,Formulario Web,EMP-01,PV-002,JUAN CARLOS GIRALDO GIRALDO,321-646-9963,juan.giraldo38@gmail.com,ITAGUI,HONDA NAVI,Contactado,17-08-2026,Remate Modelos 2025,juan carlos giraldo giraldo,573216469963,juan.giraldo38@gmail.com,itagui,formulario web,contactado,2026-08-17 11:49:00,2026-08-17 00:00:00,honda navi,1067,SKU-004,100.0,fuzzy,phone:573216469963,3db97bb6-73a1-5fda-9bfb-5fb54f505d8b,False,,1.0,,7290000.0,,,,,False,False
LD-01068,21/08/2026 16:09,WhatsApp,EMP-02,PV-007,Duván Valencia Agudelo,(317) 197-7441,,Soledad,Hero Dash 110 2026,no contesta,,,duvan valencia agudelo,573171977441,,soledad,whatsapp,no contesta,2026-08-21 16:09:00,,hero dash 110 2026,1068,SKU-024,100.0,fuzzy,phone:573171977441,d42ef491-c75c-55c5-82a8-9f24dc65450e,False,,1.0,,6290000.0,,credito,,soat,False,False
LD-01069,2026-08-20 08:42:00,Meta Ads,EMP-03,PV-011,NELSON OSPINA ARIAS,+57 311 7200146,nelson.ospina50@outlook.com,Bogota DC,Bajaj Pulsar NS 160,En proceso,2026-08-20T10:42:00,Prima Extra,nelson ospina arias,573117200146,nelson.ospina50@outlook.com,bogota dc,meta ads,en proceso,2026-08-20 08:42:00,2026-08-20 10:42:00,bajaj pulsar ns 160,1069,SKU-009,100.0,fuzzy,phone:573117200146,8f18a32f-706f-59ea-af8e-44ddfbc47266,False,,1.0,,11290000.0,,,,,False,False
LD-01070,08/01/2026 07:00,WhatsApp,EMP-01,PV-001,MARCELA MUÑOZ RAMÍREZ,300-890-9773,marcela.munoz33@yahoo.es,Medellin,Hero  Hunk 160R,Contactado,2026-08-04 07:00:00,Remate Modelos 2025,marcela munoz ramirez,573008909773,marcela.munoz33@yahoo.es,medellin,whatsapp,contactado,2026-01-08 07:00:00,2026-08-04 07:00:00,hero hunk 160r,1070,SKU-022,100.0,fuzzy,phone:573008909773,d87e4215-243a-52ba-a3f2-9f1e75b73f85,True,d87e4215-243a-52ba-a3f2-9f1e75b73f85,1.0,same_phone_or_email,10490000.0,,,,,False,False
LD-01071,08/20/2026 14:02,whatsapp,EMP-03,PV-011,Paula Andrea Bedoya Cardona,+57 301 9623825,paula.bedoya87@yahoo.es,Bogota,hero xpulse 200,Contactado,2026-08-21 20:02:00,,paula andrea bedoya cardona,573019623825,paula.bedoya87@yahoo.es,bogota,whatsapp,contactado,2026-08-20 14:02:00,2026-08-21 20:02:00,hero xpulse 200,1071,SKU-023,100.0,fuzzy,phone:573019623825,81901f0e-a351-534f-b5c3-2762cdd31b97,False,,1.0,,14990000.0,,credito,baja,precio,False,True
LD-01072,2026-08-11 03:26:00,FORMULARIO WEB,EMP-03,PV-012,  Julián Osorio Salazar  ,(302) 669-3961,julian.osorio98@gmail.com,Bogotá,akt ttr 200,Sin gestión,,Retoma tu moto,julian osorio salazar,573026693961,julian.osorio98@gmail.com,bogota,formulario web,sin gestion,2026-08-11 03:26:00,,akt ttr 200,1072,SKU-019,100.0,fuzzy,phone:573026693961,4607dae1-9c2b-54ab-b6e1-ee5aa45a8a55,False,,1.0,,9890000.0,6590000.0,credito,,cuota,False,True
LD-01073,2026-09-07 23:21:00,WhatsApp,EMP-03,PV-015,Katherine Pérez Ospina,(314) 294-4824,,SOACHA,Suzuki  V-Strom 250,sin gestion,,Agosto Cero Cuotas,katherine perez ospina,573142944824,,soacha,whatsapp,sin gestion,2026-09-07 23:21:00,,suzuki v-strom 250,1073,SKU-015,100.0,fuzzy,phone:573142944824,df4b9580-f750-5af4-98cf-1f333ceda39f,False,,1.0,,21900000.0,,,,,False,False
LD-01074,2026-08-11T09:03:00,WhatsApp,EMP-03,PV-013,Diana Carolina Gómez Franco,3239909764,diana.gomez40@gmail.com,Bogota,Hnda CB 190R,sin gestion,,Retoma tu moto,diana carolina gomez franco,573239909764,diana.gomez40@gmail.com,bogota,whatsapp,sin gestion,2026-08-11 09:03:00,,hnda cb 190r,1074,SKU-003,100.0,fuzzy,phone:573239909764,b6fd49fa-5ba3-546c-b9f4-5d2acd8e551e,False,,1.0,,13990000.0,,credito,media,precio,False,True
LD-01075,09/08/2026 01:05,Formulario Web,EMP-02,PV-008,Camilo Muñoz Londoño,(305) 925-3934,,CARTAGENA,Dash 110,no contesta,2026-08-12T01:05:00,,camilo munoz londono,573059253934,,cartagena,formulario web,no contesta,2026-08-09 01:05:00,2026-08-12 01:05:00,dash 110,1075,SKU-024,100.0,exact,phone:573059253934,cea71e4a-933c-5b42-b067-4629d1a36954,False,,1.0,,6290000.0,,,,,False,False
LD-01076,18/08/2026 15:41,Meta Ads,EMP-03,PV-014,  Sandra Milena Restrepo Valencia  ,+57 301 2321117,,Bogota DC,SUZUKI GN 125,Cotización enviada,18-08-2026,Remate Modelos 2025,sandra milena restrepo valencia,573012321117,,bogota dc,meta ads,cotizacion enviada,2026-08-18 15:41:00,2026-08-18 00:00:00,suzuki gn 125,1076,SKU-013,100.0,fuzzy,phone:573012321117,b4ca026e-820f-5d1f-9b6b-16b87375a231,False,,1.0,,7490000.0,,,,,False,False
LD-01077,2026-09-02 07:35:00,Formulario Web,EMP-02,PV-010,Yuliana Cardona Franco,+57 304 6444372,yuliana.cardona86@hotmail.com,Monteria,Navi,No contesta,2026-09-06T07:35:00,Retoma tu moto,yuliana cardona franco,573046444372,yuliana.cardona86@hotmail.com,monteria,formulario web,no contesta,2026-09-02 07:35:00,2026-09-06 07:35:00,navi,1077,SKU-004,100.0,exact,phone:573046444372,5a016b97-bc5b-5192-a56b-eea9c8a25b74,False,,1.0,,7290000.0,,,,,False,False
LD-01078,2026-09-03 00:42:00,Formulario Web,EMP-01,PV-003,Erika Osorio Escobar,316 829 9364,,,Honda CB 190R,no contesta,09/07/2026 00:42,Remate Modelos 2025,erika osorio escobar,573168299364,,,formulario web,no contesta,2026-09-03 00:42:00,2026-07-09 00:42:00,honda cb 190r,1078,SKU-003,100.0,fuzzy,phone:573168299364,f2efc0ba-2644-5b27-bd50-98cc870b9a09,True,f2efc0ba-2644-5b27-bd50-98cc870b9a09,1.0,same_phone_or_email,13990000.0,,,,,False,False
LD-01079,2026-09-09 01:29:00,WhatsApp,EMP-02,PV-008,Alexander Castaño Cardona,3161771872,,Cartagena,AKT,Contactado,09/09/2026 13:29,,alexander castano cardona,573161771872,,cartagena,whatsapp,contactado,2026-09-09 01:29:00,2026-09-09 13:29:00,akt,1079,,28.57142857142857,unmatched,phone:573161771872,4383adeb-fc03-5867-98e7-6413d16e07d0,False,,1.0,,,,,,,False,False
LD-01080,2026-09-04 05:27:00,WhatsApp,EMP-01,PV-002,Marcela Agudelo Cardona,3165842976,marcela.agudelo39@gmail.com,Itagui,AKT NKD,Sin gestión,,,marcela agudelo cardona,573165842976,marcela.agudelo39@gmail.com,itagui,whatsapp,sin gestion,2026-09-04 05:27:00,,akt nkd,1080,,60.0,unmatched,phone:573165842976,e7d7c279-3bb7-5639-85a1-df0eea2e6eb3,False,,1.0,,,,credito,media,precio,False,True
LD-01081,2026-08-13 03:33:00,WHATSAPP,EMP-02,PV-008,  Claudia Patricia Ospina Hernández  ,315 931 5236,,Cartagena,honda cb 190r,No contesta,2026-08-13 07:33:00,,claudia patricia ospina hernandez,573159315236,,cartagena,whatsapp,no contesta,2026-08-13 03:33:00,2026-08-13 07:33:00,honda cb 190r,1081,SKU-003,100.0,fuzzy,phone:573159315236,e9544bc8-3cbf-5b23-a1cf-4aa0a47d4a2f,False,,1.0,,13990000.0,,,,,False,False
LD-01082,2026-09-08 03:44:00,meta ads,EMP-03,PV-015,  Luz Marina Franco Jiménez  ,3163454273,luz.franco69@gmail.com,SOACHA,Bajaj  Boxer CT 100,Sin gestión,,Remate Modelos 2025,luz marina franco jimenez,573163454273,luz.franco69@gmail.com,soacha,meta ads,sin gestion,2026-09-08 03:44:00,,bajaj boxer ct 100,1082,SKU-007,100.0,fuzzy,phone:573163454273,71da61a1-d5ac-579b-95fd-891b71769d67,False,,1.0,,5790000.0,,credito,media,soat,True,False
LD-01083,22-08-2026,whatsapp,EMP-01,PV-005,Cristian Castaño Jiménez,3137095013,,Medellín ,Hero Xpulse 200 2026,Sin gestión,,Prima Extra,cristian castano jimenez,573137095013,,medellin,whatsapp,sin gestion,2026-08-22 00:00:00,,hero xpulse 200 2026,1083,SKU-023,100.0,fuzzy,phone:573137095013,c55b16fd-fcfd-55b4-8c06-0eec02d6f9cc,False,,1.0,,14990000.0,,credito,,soat,False,False
LD-01084,2026-09-02 17:06:00,Meta Ads,EMP-03,PV-012,Sandra Milena Muñoz Franco,304-589-0842,,BOGOTA,Dash 110,En proceso,05-09-2026,Retoma tu moto,sandra milena munoz franco,573045890842,,bogota,meta ads,en proceso,2026-09-02 17:06:00,2026-09-05 00:00:00,dash 110,1084,SKU-024,100.0,exact,phone:573045890842,4ef3d7c7-c4e1-5bab-933f-5515ded04490,False,,1.0,,6290000.0,,credito,,soat,False,False
LD-01085,27-08-2026,WhatsApp,EMP-01,PV-001,Leidy Johana Castaño Vargas,3025642561,leidy.castano54@gmail.com,Medellín,Honda Navi,no contesta,2026-08-28 10:52:00,Feria de Motos 2026,leidy johana castano vargas,573025642561,leidy.castano54@gmail.com,medellin,whatsapp,no contesta,2026-08-27 00:00:00,2026-08-28 10:52:00,honda navi,1085,SKU-004,100.0,fuzzy,phone:573025642561,b3c92e65-8a80-58df-9425-969cac212fe2,False,,1.0,,7290000.0,6990000.0,credito,,soat,False,False
LD-01086,08/08/2026 10:57,WHATSAPP,EMP-02,PV-008,Liliana Giraldo Londoño,+57 322 5882892,liliana.giraldo46@hotmail.com,Cartagena de Indias,,Descartado,11-08-2026,Feria de Motos 2026,liliana giraldo londono,573225882892,liliana.giraldo46@hotmail.com,cartagena de indias,whatsapp,descartado,2026-08-08 10:57:00,2026-08-11 00:00:00,,1086,,0.0,none,phone:573225882892,ace2fc6a-4767-52be-b607-8f93a0e7ee77,False,,1.0,,,,,,,False,False
LD-01087,2026-08-15 07:14:00,whatsapp,EMP-02,PV-009,FREDDY OSPINA ESCOBAR,3059122769,freddy.ospina1@hotmail.com,Sta Marta,Honda Dio 110,Contactado,,Feria de Motos 2026,freddy ospina escobar,573059122769,freddy.ospina1@hotmail.com,santa marta,whatsapp,contactado,2026-08-15 07:14:00,,honda dio 110,1087,SKU-005,100.0,fuzzy,phone:573059122769,d4b91d0b-0442-5a3d-a22f-4ac43bdefc22,False,,1.0,,6890000.0,,,,,False,False
LD-01088,2026-08-05 23:17:00,WhatsApp,EMP-02,PV-008,Marcela Ospina Londoño,+57 310 9888088,marcela.ospina49@yahoo.es,Cartagena de Indias,BAJAJ PULSAR RS 200,Contactado,08/06/2026 23:17,Agosto Cero Cuotas,marcela ospina londono,573109888088,marcela.ospina49@yahoo.es,cartagena de indias,whatsapp,contactado,2026-08-05 23:17:00,2026-06-08 23:17:00,bajaj pulsar rs 200,1088,SKU-010,100.0,fuzzy,phone:573109888088,403eea64-eaec-53bf-86a8-50dcda33af52,False,,1.0,,15490000.0,6290000.0,credito,media,cuota,False,True
LD-01089,2026-09-01 00:40:00,WhatsApp,EMP-03,PV-015,Carlos Mario Osorio Betancur,3126021569,,Soacha,,sin gestion,,Retoma tu moto,carlos mario osorio betancur,573126021569,,soacha,whatsapp,sin gestion,2026-09-01 00:40:00,,,1089,,0.0,none,phone:573126021569,771e0a80-700d-5fa9-b88f-cec2c18191f7,False,,1.0,,,,,,,False,False
LD-01090,2026-08-30 03:42:00,Meta Ads,EMP-03,PV-012,Yuliana Vargas Hernández,+57 315 1985971,,Bogotá,Bajaj  Pulsar NS 125,Cotización enviada,08/30/2026 05:42,Agosto Cero Cuotas,yuliana vargas hernandez,573151985971,,bogota,meta ads,cotizacion enviada,2026-08-30 03:42:00,2026-08-30 05:42:00,bajaj pulsar ns 125,1090,SKU-008,100.0,fuzzy,phone:573151985971,b85ba3c9-9efa-5df3-b60f-5b000f72469d,False,,1.0,,8990000.0,11290000.0,credito,media,soat,False,False
LD-01091,08/23/2026 18:49,Formulario Web,EMP-03,PV-014,Yuliana Ramírez Arias,315 518 1010,,BOGOTA,Honda Dio 110 2026,En proceso,08/23/2026 19:49,,yuliana ramirez arias,573155181010,,bogota,formulario web,en proceso,2026-08-23 18:49:00,2026-08-23 19:49:00,honda dio 110 2026,1091,SKU-005,100.0,fuzzy,phone:573155181010,fec7caaa-3ea9-5a29-bdc6-18912d01f6fc,False,,1.0,,6890000.0,,,,,False,False
LD-01092,09/09/2026 01:40,WhatsApp,EMP-02,PV-007,ANDRÉS FELIPE GIRALDO BEDOYA,3122598373,andres.giraldo28@yahoo.es,Soledad,akt dynamic r3 125,Cotización enviada,09/09/2026 02:40,,andres felipe giraldo bedoya,573122598373,andres.giraldo28@yahoo.es,soledad,whatsapp,cotizacion enviada,2026-09-09 01:40:00,2026-09-09 02:40:00,akt dynamic r3 125,1092,SKU-018,100.0,fuzzy,phone:573122598373,fc81beea-171b-5a33-8ebd-a212386e64cf,True,fc81beea-171b-5a33-8ebd-a212386e64cf,1.0,same_phone_or_email,5590000.0,,,,,False,False
LD-01093,2026-08-20T15:34:00,whatsapp,EMP-03,PV-013,BRAYAN MUÑOZ CASTAÑO,3225067636,brayan.munoz99@yahoo.es,Bogotá,Honda XR 150L,Contactado,2026-08-21T15:34:00,,brayan munoz castano,573225067636,brayan.munoz99@yahoo.es,bogota,whatsapp,contactado,2026-08-20 15:34:00,2026-08-21 15:34:00,honda xr 150l,1093,SKU-002,100.0,fuzzy,phone:573225067636,9a4b47c6-18cb-5856-bb70-15ff7ec1ebe1,False,,1.0,,11490000.0,,,,,False,False
LD-01094,11/08/2026 02:47,formulario web,EMP-01,PV-005,Kevin Agudelo Ramírez,315-475-5981,,medellin,Suzuki GN 125,Cotización enviada,11-08-2026,Retoma tu moto,kevin agudelo ramirez,573154755981,,medellin,formulario web,cotizacion enviada,2026-08-11 02:47:00,2026-08-11 00:00:00,suzuki gn 125,1094,SKU-013,100.0,fuzzy,phone:573154755981,5935ae70-d599-554a-abbc-236c814f3d42,False,,1.0,,7490000.0,6990000.0,credito,,cuota,False,True
LD-01095,26/08/2026 15:04,Meta Ads,EMP-02,PV-008,  Wilmar Agudelo Pérez  ,350 915 8179,,CARTAGENA,Heroo Eco Deluxe 100,SIN GESTION,,Retoma tu moto,wilmar agudelo perez,573509158179,,cartagena,meta ads,sin gestion,2026-08-26 15:04:00,,heroo eco deluxe 100,1095,SKU-021,100.0,fuzzy,phone:573509158179,17e73fcd-3f07-567a-84cb-135a9fbb1147,False,,1.0,,4990000.0,,credito,,soat,False,False
LD-01096,03/08/2026 18:11,WhatsApp,EMP-01,PV-002,Liliana Muñoz Escobar,3014358883,liliana.munoz36@outlook.com,,BAJAJ PULSAR NS 125,Contactado,08/04/2026 18:11,Agosto Cero Cuotas,liliana munoz escobar,573014358883,liliana.munoz36@outlook.com,,whatsapp,contactado,2026-08-03 18:11:00,2026-04-08 18:11:00,bajaj pulsar ns 125,1096,SKU-008,100.0,fuzzy,phone:573014358883,cf6428e4-7e04-5989-9311-f54a81baf4b8,True,cf6428e4-7e04-5989-9311-f54a81baf4b8,1.0,same_phone_or_email,8990000.0,11490000.0,credito,media,soat,True,True
LD-01097,2026-08-11T07:41:00,WhatsApp,EMP-01,PV-002,  María Fernanda Zapata Agudelo  ,3137917945,,Itagui,Suzuki GN 125,No contesta,,Remate Modelos 2025,maria fernanda zapata agudelo,573137917945,,itagui,whatsapp,no contesta,2026-08-11 07:41:00,,suzuki gn 125,1097,SKU-013,100.0,fuzzy,phone:573137917945,41edfe34-b92d-5d3b-86b2-abd64eafb190,False,,1.0,,7490000.0,9890000.0,credito,,cuota,False,True
LD-01098,16/08/2026 04:36,Meta Ads,EMP-02,PV-006,Carlos Mario Franco Jiménez,3137306497,,Barranquilla,CB 125F Twister,Contactado,17/08/2026 04:36,Prima Extra,carlos mario franco jimenez,573137306497,,barranquilla,meta ads,contactado,2026-08-16 04:36:00,2026-08-17 04:36:00,cb 125f twister,1098,SKU-001,100.0,exact,phone:573137306497,1838257c-a9e0-5f71-977d-673af654f8ca,False,,1.0,,7990000.0,6290000.0,credito,media,cuota,False,True
LD-01099,2026-08-17T20:33:00,meta ads,EMP-03,PV-013,Héctor Cardona Correa,3141533827,,BOGOTA,Honda XRE 300,SIN GESTION,,,hector cardona correa,573141533827,,bogota,meta ads,sin gestion,2026-08-17 20:33:00,,honda xre 300,1099,SKU-006,100.0,fuzzy,phone:573141533827,9bfe22ee-021b-5e1a-9655-be5d7a9b3be0,False,,1.0,,22900000.0,6990000.0,credito,media,soat,True,False
LD-01100,08/09/2026 02:09,whatsapp,EMP-02,PV-006,Nelson Rodríguez Rodríguez,+57 313 8606419,,B/quilla,Hero Dash 110,sin gestion,,Prima Extra,nelson rodriguez rodriguez,573138606419,,b/quilla,whatsapp,sin gestion,2026-09-08 02:09:00,,hero dash 110,1100,SKU-024,100.0,fuzzy,phone:573138606419,24030162-4801-5c46-97fc-47698eb809a1,False,,1.0,,6290000.0,4990000.0,credito,media,cuota,False,True
LD-01101,2026-08-19T04:37:00,WhatsApp,EMP-01,PV-002,Yesenia Osorio Escobar,3148273467,yesenia.osorio71@hotmail.com,ITAGUI,Bajaj Boxer,Contactado,2026-08-19T10:37:00,Feria de Motos 2026,yesenia osorio escobar,573148273467,yesenia.osorio71@hotmail.com,itagui,whatsapp,contactado,2026-08-19 04:37:00,2026-08-19 10:37:00,bajaj boxer,1101,,62.5,unmatched,phone:573148273467,23593d3f-9fb0-59b8-97fd-474c11502e91,False,,1.0,,,,credito,baja,precio,False,True
LD-01102,2026-09-07 06:48:00,WhatsApp,EMP-02,PV-006,  Fabián Quintero Londoño  ,(304) 228-8423,fabian.quintero24@yahoo.es,B/quilla,HERO HUNK 160R,En proceso,09/07/2026 08:48,,fabian quintero londono,573042288423,fabian.quintero24@yahoo.es,b/quilla,whatsapp,en proceso,2026-09-07 06:48:00,2026-07-09 08:48:00,hero hunk 160r,1102,SKU-022,100.0,fuzzy,phone:573042288423,53f1510e-f59b-5b2c-85a0-5aefbada3c83,False,,1.0,,10490000.0,,,,,False,False
LD-01103,04-08-2026,WhatsApp,EMP-03,PV-012,ALEXANDER QUINTERO HERNÁNDEZ, 3154318201 ,,Bogota DC,Bajaj Pulsar NS 125 2026,Contactado,05-08-2026,Remate Modelos 2025,alexander quintero hernandez,573154318201,,bogota dc,whatsapp,contactado,2026-08-04 00:00:00,2026-08-05 00:00:00,bajaj pulsar ns 125 2026,1103,SKU-008,100.0,fuzzy,phone:573154318201,0808f758-04bc-5143-b599-5c0eb28841ab,True,0808f758-04bc-5143-b599-5c0eb28841ab,1.0,same_phone_or_email,8990000.0,,,,,False,False
LD-01104,18/08/2026 16:34,Formulario Web,EMP-02,PV-009,Andrés Felipe Franco Valencia, 3186991996 ,,Santa Marta,Bajaj Discover 125,No contesta,18/08/2026 17:34,Feria de Motos 2026,andres felipe franco valencia,573186991996,,santa marta,formulario web,no contesta,2026-08-18 16:34:00,2026-08-18 17:34:00,bajaj discover 125,1104,SKU-012,100.0,fuzzy,phone:573186991996,53ac2ccc-f480-5249-b27f-ba54a101441c,False,,1.0,,6990000.0,,,,,False,False
LD-01105,2026-08-10 17:38:00,META ADS,EMP-03,PV-015,Jorge Iván Agudelo Escobar,3018984547,jorge.agudelo29@gmail.com,SOACHA,Honda Navi,Cotización enviada,2026-08-11 11:38:00,Remate Modelos 2025,jorge ivan agudelo escobar,573018984547,jorge.agudelo29@gmail.com,soacha,meta ads,cotizacion enviada,2026-08-10 17:38:00,2026-08-11 11:38:00,honda navi,1105,SKU-004,100.0,fuzzy,phone:573018984547,93d6d09c-e376-5f3e-a74d-21bd0518195d,False,,1.0,,7290000.0,,,,,False,False
LD-01106,19/08/2026 19:23,Formulario Web,EMP-01,PV-003,Duván Torres Escobar,573161553609,,BELLO,Bajaj Pulsar NS 125,Descartado,20/08/2026 13:23,,duvan torres escobar,573161553609,,bello,formulario web,descartado,2026-08-19 19:23:00,2026-08-20 13:23:00,bajaj pulsar ns 125,1106,SKU-008,100.0,fuzzy,phone:573161553609,24d5c346-6189-5263-93cf-095d1d675e47,False,,1.0,,8990000.0,,credito,media,soat,False,False
LD-01107,2026-08-19 09:25:00,Meta Ads,EMP-02,PV-006,Camilo Torres Londoño,304 476 5657,,Barranquilla,suzuki gixxer 150,Contactado,19-08-2026,Agosto Cero Cuotas,camilo torres londono,573044765657,,barranquilla,meta ads,contactado,2026-08-19 09:25:00,2026-08-19 00:00:00,suzuki gixxer 150,1107,SKU-014,100.0,fuzzy,phone:573044765657,98433e7d-7576-5539-9403-c68724aec7f1,False,,1.0,,11990000.0,6590000.0,credito,,cuota,False,True
LD-01108,08/04/2026 05:23,Meta Ads,EMP-02,PV-008,YESENIA ZAPATA ARIAS, 3176575775 ,yesenia.zapata39@gmail.com,Cartagena de Indias,Honda XRE 300 2026,Cotización enviada,,Retoma tu moto,yesenia zapata arias,573176575775,yesenia.zapata39@gmail.com,cartagena de indias,meta ads,cotizacion enviada,2026-04-08 05:23:00,,honda xre 300 2026,1108,SKU-006,100.0,fuzzy,phone:573176575775,79530257-353c-5bbc-8c77-755da2128517,False,,1.0,,22900000.0,5590000.0,credito,,cuota,False,True
LD-01109,2026-09-07 12:10:00,WhatsApp,EMP-01,PV-003,  Héctor Betancur Escobar  ,+57 304 2025090,,Bello,AKT TTR 200,Cotización enviada,09/07/2026 13:10,,hector betancur escobar,573042025090,,bello,whatsapp,cotizacion enviada,2026-09-07 12:10:00,2026-07-09 13:10:00,akt ttr 200,1109,SKU-019,100.0,fuzzy,phone:573042025090,5483468e-a159-55d5-9a20-c9af051c5cd1,True,5483468e-a159-55d5-9a20-c9af051c5cd1,1.0,same_phone_or_email,9890000.0,,,,,False,False
LD-01110,23-08-2026,meta ads,EMP-02,PV-007,Carlos Escobar,320 919 6079,carlos.escobar23@outlook.com,Soledad,Hero Eco,Descartado,2026-08-23 10:46:00,Agosto Cero Cuotas,carlos escobar,573209196079,carlos.escobar23@outlook.com,soledad,meta ads,descartado,2026-08-23 00:00:00,2026-08-23 10:46:00,hero eco,1110,,54.54545454545455,unmatched,phone:573209196079,23f5252f-5731-5b0d-a19a-cff1dcc26a16,True,23f5252f-5731-5b0d-a19a-cff1dcc26a16,1.0,same_phone_or_email,,,,,,False,False
LD-01111,2026-08-11 08:59:00,WhatsApp,EMP-01,PV-002,  Duván Londoño Jiménez  ,3105974971,duvan.londono49@hotmail.com,Itagui,Bajaj Pulsar RS 200 2026,no contesta,15/08/2026 08:59,Retoma tu moto,duvan londono jimenez,573105974971,duvan.londono49@hotmail.com,itagui,whatsapp,no contesta,2026-08-11 08:59:00,2026-08-15 08:59:00,bajaj pulsar rs 200 2026,1111,SKU-010,100.0,fuzzy,phone:573105974971,c96d75be-1a27-5c66-bf23-c647e1c3929b,False,,1.0,,15490000.0,,,,,False,False
LD-01112,2026-08-07 16:52:00,WhatsApp,EMP-01,PV-001,KEVIN MUÑOZ RAMÍREZ,3152388731,kevin.munoz50@hotmail.com,Medellín ,AKT Evo RS 150,No contesta,07/08/2026 22:52,Feria de Motos 2026,kevin munoz ramirez,573152388731,kevin.munoz50@hotmail.com,medellin,whatsapp,no contesta,2026-08-07 16:52:00,2026-08-07 22:52:00,akt evo rs 150,1112,SKU-020,100.0,fuzzy,phone:573152388731,3dd91cd6-ff4c-5c83-8a3a-efdde018c99b,False,,1.0,,7190000.0,7290000.0,credito,,cuota,False,True
LD-01113,2026-08-04 20:53:00,Meta Ads,EMP-03,PV-015,Liliana Gómez Bedoya,3040776451,,SOACHA,Honda Navi,En proceso,06-08-2026,Prima Extra,liliana gomez bedoya,573040776451,,soacha,meta ads,en proceso,2026-08-04 20:53:00,2026-08-06 00:00:00,honda navi,1113,SKU-004,100.0,fuzzy,phone:573040776451,46c95eca-8025-5618-bfec-829434d12008,False,,1.0,,7290000.0,,credito,,soat,False,False
LD-01114,2026-08-13 16:37:00,WhatsApp,EMP-03,PV-015,Sandra Milena Herrera Ospina,3133800119,,Soacha,Heroo Xpulse 200,SIN GESTION,,,sandra milena herrera ospina,573133800119,,soacha,whatsapp,sin gestion,2026-08-13 16:37:00,,heroo xpulse 200,1114,SKU-023,100.0,fuzzy,phone:573133800119,928dc0bf-0edb-5fb0-a47c-69b571b6f89a,False,,1.0,,14990000.0,,,,,False,False
LD-01115,15/08/2026 07:17,WhatsApp,EMP-02,PV-009,SANDRA MILENA RAMÍREZ MUÑOZ,314-609-8469,sandra.ramirez2@hotmail.com,Santa Marta,Bajaj Pulsar RS 200 2026,No contesta,2026-08-15 11:17:00,Remate Modelos 2025,sandra milena ramirez munoz,573146098469,sandra.ramirez2@hotmail.com,santa marta,whatsapp,no contesta,2026-08-15 07:17:00,2026-08-15 11:17:00,bajaj pulsar rs 200 2026,1115,SKU-010,100.0,fuzzy,phone:573146098469,2cfbaa52-6a32-5433-8b7c-68dbc2ba4c32,True,2cfbaa52-6a32-5433-8b7c-68dbc2ba4c32,1.0,same_phone_or_email,15490000.0,,,,,False,False
LD-01116,08/08/2026 05:53,Formulario Web,EMP-02,PV-010,  Liliana Muñoz Jiménez  ,311-656-4438,,Montería,Honda Navi,Sin gestión,,Retoma tu moto,liliana munoz jimenez,573116564438,,monteria,formulario web,sin gestion,2026-08-08 05:53:00,,honda navi,1116,SKU-004,100.0,fuzzy,phone:573116564438,1c42063c-d21b-5cee-93a9-529049c187ef,False,,1.0,,7290000.0,,,,,False,False
LD-01117,07/09/2026 22:05,Formulario Web,EMP-02,PV-009,natalia correa castano,322 098 9247,natalia.correa83@outlook.com,SANTA MARTA,Discover 125,Descartado,07/09/2026 23:05,Remate Modelos 2025,natalia correa castano,573220989247,natalia.correa83@outlook.com,santa marta,formulario web,descartado,2026-09-07 22:05:00,2026-09-07 23:05:00,discover 125,1117,SKU-012,100.0,exact,phone:573220989247,c2763f8c-d23e-5515-83b6-53306fd698ee,True,c2763f8c-d23e-5515-83b6-53306fd698ee,1.0,same_phone_or_email,6990000.0,5290000.0,credito,,soat,False,False
LD-01118,2026-09-08 16:19:00,Formulario Web,EMP-02,PV-009,Juan Carlos Giraldo Arias,3155612414,juan.giraldo27@gmail.com,Santa Marta,Suzuki V-Strom 250,Sin gestión,,,juan carlos giraldo arias,573155612414,juan.giraldo27@gmail.com,santa marta,formulario web,sin gestion,2026-09-08 16:19:00,,suzuki v-strom 250,1118,SKU-015,100.0,fuzzy,phone:573155612414,9dc27049-5b26-55b1-9df8-f1d46eb7ef27,False,,1.0,,21900000.0,6990000.0,credito,,cuota,False,True
LD-01119,2026-09-02 03:45:00,WhatsApp,EMP-02,PV-009,A. Betancur Herrera,323-115-0819,alexander.betancur94@hotmail.com,Santa Marta,Honda  XRE 300,Contactado,09/02/2026 21:45,,a. betancur herrera,573231150819,alexander.betancur94@hotmail.com,santa marta,whatsapp,contactado,2026-09-02 03:45:00,2026-02-09 21:45:00,honda xre 300,1119,SKU-006,100.0,fuzzy,phone:573231150819,e273a6bd-79ad-5e74-a3c1-6dcab43a1d55,True,e273a6bd-79ad-5e74-a3c1-6dcab43a1d55,1.0,same_phone_or_email,22900000.0,,,,,False,False
LD-01120,2026-09-01 05:01:00,WHATSAPP,EMP-01,PV-001,Natalia Giraldo Jiménez,312 010 8793,natalia.giraldo79@gmail.com,Medellín,Honda XR 150L 2026,sin gestion,,Agosto Cero Cuotas,natalia giraldo jimenez,573120108793,natalia.giraldo79@gmail.com,medellin,whatsapp,sin gestion,2026-09-01 05:01:00,,honda xr 150l 2026,1120,SKU-002,100.0,fuzzy,phone:573120108793,8e47e94a-4d7c-5e66-b34e-6f6fb75a7671,False,,1.0,,11490000.0,,,,,False,False
LD-01121,08/08/2026 00:18,Meta Ads,EMP-02,PV-008,WILMAR RESTREPO FRANCO,317 783 4272,wilmar.restrepo45@hotmail.com,Cartagena de Indias,bajaj pulsar ns 125,En proceso,08/12/2026 00:18,Remate Modelos 2025,wilmar restrepo franco,573177834272,wilmar.restrepo45@hotmail.com,cartagena de indias,meta ads,en proceso,2026-08-08 00:18:00,2026-12-08 00:18:00,bajaj pulsar ns 125,1121,SKU-008,100.0,fuzzy,phone:573177834272,7717d89e-51b1-5fb3-8c50-555f08660fa2,False,,1.0,,8990000.0,,,,,False,False
LD-01122,2026-09-09 06:03:00,meta ads,EMP-02,PV-010,Estefanía Ramírez Rodríguez,311-799-4507,,Montería,AKT NKD 125 2026,En proceso,10/09/2026 12:03,,estefania ramirez rodriguez,573117994507,,monteria,meta ads,en proceso,2026-09-09 06:03:00,2026-09-10 12:03:00,akt nkd 125 2026,1122,SKU-017,100.0,fuzzy,phone:573117994507,def9e87a-78c9-542b-8a37-2f9b5359041b,False,,1.0,,5290000.0,,,,,False,False
LD-01123,2026-08-24 23:38:00,Meta Ads,EMP-01,PV-001,Vanessa Ramírez Quintero,312-586-3781,vanessa.ramirez87@hotmail.com,Medellín,CB 125F Twister,Cotización enviada,08/27/2026 23:38,Agosto Cero Cuotas,vanessa ramirez quintero,573125863781,vanessa.ramirez87@hotmail.com,medellin,meta ads,cotizacion enviada,2026-08-24 23:38:00,2026-08-27 23:38:00,cb 125f twister,1123,SKU-001,100.0,exact,phone:573125863781,8e79054d-571d-53b7-873c-d64155c4dba0,False,,1.0,,7990000.0,,,,,False,False
LD-01124,08-08-2026,WhatsApp,EMP-03,PV-012,Erika Herrera,305 815 1883,,Bogota DC,Hero Xpulse 200,No contesta,09/08/2026 05:06,Prima Extra,erika herrera,573058151883,,bogota dc,whatsapp,no contesta,2026-08-08 00:00:00,2026-08-09 05:06:00,hero xpulse 200,1124,SKU-023,100.0,fuzzy,phone:573058151883,60319012-286c-52bf-87ba-65bc82933020,True,60319012-286c-52bf-87ba-65bc82933020,1.0,same_phone_or_email,14990000.0,,,,,False,False
LD-01125,2026-08-28 08:02:00,Meta Ads,EMP-02,PV-008,Nelson Rodríguez Castaño,573120324065,nelson.rodriguez77@yahoo.es,Cartagena,Bajaj,Contactado,,Remate Modelos 2025,nelson rodriguez castano,573120324065,nelson.rodriguez77@yahoo.es,cartagena,meta ads,contactado,2026-08-28 08:02:00,,bajaj,1125,,22.22222222222223,unmatched,phone:573120324065,4b221358-e9c1-5523-bcf1-cd2678d74f8d,True,4b221358-e9c1-5523-bcf1-cd2678d74f8d,1.0,same_phone_or_email,,,credito,,soat,False,False
LD-01126,08/30/2026 12:03,Meta Ads,EMP-03,PV-014,Luz Marina Gómez Valencia,3028410040,,Bogotá,honda dio 110,En proceso,30/08/2026 14:03,Agosto Cero Cuotas,luz marina gomez valencia,573028410040,,bogota,meta ads,en proceso,2026-08-30 12:03:00,2026-08-30 14:03:00,honda dio 110,1126,SKU-005,100.0,fuzzy,phone:573028410040,4b793cdb-1927-5275-b1b8-6a11a808fe7b,False,,1.0,,6890000.0,,,,,False,False
LD-01127,2026-08-10 03:09:00,WhatsApp,EMP-02,PV-009,Jorge Iván Hernández Cardona,573015783161,jorge.hernandez36@yahoo.es,SANTA MARTA,Xpulse 200,Contactado,08/10/2026 04:09,,jorge ivan hernandez cardona,573015783161,jorge.hernandez36@yahoo.es,santa marta,whatsapp,contactado,2026-08-10 03:09:00,2026-10-08 04:09:00,xpulse 200,1127,SKU-023,100.0,exact,phone:573015783161,1da0206b-d2bb-5896-a8a4-440019f46e95,False,,1.0,,14990000.0,,,,,False,False
LD-01128,2026-09-04 15:28:00,Meta Ads,EMP-03,PV-013,  Sandra Milena Hernández Londoño  ,573109866428,,Bogotá D.C.,Bajaj Pulsar NS 125,Sin gestión,,Feria de Motos 2026,sandra milena hernandez londono,573109866428,,bogota,meta ads,sin gestion,2026-09-04 15:28:00,,bajaj pulsar ns 125,1128,SKU-008,100.0,fuzzy,phone:573109866428,4bfd8dcd-0cd7-5cb5-b126-561e284f0183,False,,1.0,,8990000.0,9890000.0,credito,,soat,False,False
LD-01129,09-08-2026,Formulario Web,EMP-03,PV-011,Wilmar Mosquera Rodríguez,+57 301 6558965,,Bogota,Dynamic R3 125,Contactado,2026-08-10T07:10:00,Agosto Cero Cuotas,wilmar mosquera rodriguez,573016558965,,bogota,formulario web,contactado,2026-08-09 00:00:00,2026-08-10 07:10:00,dynamic r3 125,1129,SKU-018,100.0,exact,phone:573016558965,ff0786a1-fed7-5961-81a9-2473bd88c0a6,False,,1.0,,5590000.0,,credito,,soat,False,False
LD-01130,2026-08-13 16:48:00,WhatsApp,EMP-02,PV-010,SEBASTIÁN PÉREZ RESTREPO,321-684-4102,,MONTERIA,AKT DYNAMIC R3 125,sin gestion,,Agosto Cero Cuotas,sebastian perez restrepo,573216844102,,monteria,whatsapp,sin gestion,2026-08-13 16:48:00,,akt dynamic r3 125,1130,SKU-018,100.0,fuzzy,phone:573216844102,1bd7b740-242a-5db9-aa48-c667626f4dbd,False,,1.0,,5590000.0,,,,,False,False
LD-01131,2026-08-07 05:02:00,WhatsApp,EMP-01,PV-001,Angie Paola Valencia Zapata, 3048075738 ,,medellin,Hero,En proceso,09-08-2026,Feria de Motos 2026,angie paola valencia zapata,573048075738,,medellin,whatsapp,en proceso,2026-08-07 05:02:00,2026-08-09 00:00:00,hero,1131,,28.57142857142857,unmatched,phone:573048075738,851ca98d-c18e-5aca-8b55-0a652824dd44,False,,1.0,,,,,,,False,False
LD-01132,08/08/2026 15:30,Meta Ads,EMP-02,PV-008,  Vanessa Marín Bedoya  ,305 585 8314,vanessa.marin47@outlook.com,Cartagena de Indias,Bajaj Boxer CT 100,En proceso,,,vanessa marin bedoya,573055858314,vanessa.marin47@outlook.com,cartagena de indias,meta ads,en proceso,2026-08-08 15:30:00,,bajaj boxer ct 100,1132,SKU-007,100.0,fuzzy,phone:573055858314,dcc59972-bc0a-5838-ad09-629354a36a3f,True,dcc59972-bc0a-5838-ad09-629354a36a3f,1.0,same_phone_or_email,5790000.0,,,,,False,False
LD-01133,28-08-2026,WhatsApp,EMP-01,PV-001,Erika Castaño Restrepo,573015823762,,Medellín ,Gixxer 150,No contesta,2026-08-31T14:34:00,Prima Extra,erika castano restrepo,573015823762,,medellin,whatsapp,no contesta,2026-08-28 00:00:00,2026-08-31 14:34:00,gixxer 150,1133,SKU-014,100.0,exact,phone:573015823762,cc41a27a-deec-5271-a0a4-84e1f5be16f1,False,,1.0,,11990000.0,22900000.0,credito,,cuota,False,True
LD-01134,2026-08-19 02:21:00,WhatsApp,EMP-02,PV-009,  Claudia Patricia Osorio Zapata  ,573054412914,,SANTA MARTA,Hero Eco,Sin gestión,,Prima Extra,claudia patricia osorio zapata,573054412914,,santa marta,whatsapp,sin gestion,2026-08-19 02:21:00,,hero eco,1134,,54.54545454545455,unmatched,phone:573054412914,ea9f0374-e78f-50ae-836a-1a6b93988cc5,False,,1.0,,,21900000.0,credito,media,soat,False,False
LD-01135,09-09-2026,Meta Ads,EMP-03,PV-011,Liliana Ramírez Ospina,573225752124,liliana.ramirez29@outlook.com,Bogota DC,bajaj pulsar ns 125,Sin gestión,,Remate Modelos 2025,liliana ramirez ospina,573225752124,liliana.ramirez29@outlook.com,bogota dc,meta ads,sin gestion,2026-09-09 00:00:00,,bajaj pulsar ns 125,1135,SKU-008,100.0,fuzzy,phone:573225752124,d67117e6-dae8-5102-952b-138dd42ecd6e,False,,1.0,,8990000.0,,,,,False,False
LD-01136,2026-08-23T22:32:00,Meta Ads,EMP-01,PV-002,  Juan Carlos Osorio Mosquera  ,3022081077,juan.osorio61@outlook.com,Itagui,Bajai Boxer CT 100,Descartado,25-08-2026,,juan carlos osorio mosquera,573022081077,juan.osorio61@outlook.com,itagui,meta ads,descartado,2026-08-23 22:32:00,2026-08-25 00:00:00,bajai boxer ct 100,1136,SKU-007,100.0,fuzzy,phone:573022081077,5fab5add-7a76-5151-9373-b20c10ac4960,True,5fab5add-7a76-5151-9373-b20c10ac4960,1.0,same_phone_or_email,5790000.0,22900000.0,credito,,soat,False,False
LD-01137,08/25/2026 21:50,Meta Ads,EMP-01,PV-001,Paula Andrea Londoño Rodríguez, 3005246477 ,paula.londono15@outlook.com,MEDELLIN,hero xpulse 200,No contesta,08/27/2026 03:50,Feria de Motos 2026,paula andrea londono rodriguez,573005246477,paula.londono15@outlook.com,medellin,meta ads,no contesta,2026-08-25 21:50:00,2026-08-27 03:50:00,hero xpulse 200,1137,SKU-023,100.0,fuzzy,phone:573005246477,82c4f671-ebfb-54e0-826b-e18a0315f5a7,False,,1.0,,14990000.0,6590000.0,credito,,cuota,False,True
LD-01138,2026-08-31 03:16:00,whatsapp,EMP-02,PV-006,Alexander Salazar Giraldo,317-484-9159,alexander.salazar15@outlook.com,barranquilla,SUZUKI GN 125,Contactado,2026-08-31T15:16:00,Prima Extra,alexander salazar giraldo,573174849159,alexander.salazar15@outlook.com,barranquilla,whatsapp,contactado,2026-08-31 03:16:00,2026-08-31 15:16:00,suzuki gn 125,1138,SKU-013,100.0,fuzzy,phone:573174849159,f64f487c-378f-5a48-9f2d-2d75fecf0b8a,False,,1.0,,7490000.0,,,,,False,False
LD-01139,2026-08-20T22:35:00,meta ads,EMP-03,PV-013,JORGE IVÁN JIMÉNEZ ESCOBAR,314 024 9879,jorge.jimenez54@gmail.com,BOGOTA,BAJAJ DISCOVER 125,Cotización enviada,21/08/2026 00:35,Agosto Cero Cuotas,jorge ivan jimenez escobar,573140249879,jorge.jimenez54@gmail.com,bogota,meta ads,cotizacion enviada,2026-08-20 22:35:00,2026-08-21 00:35:00,bajaj discover 125,1139,SKU-012,100.0,fuzzy,phone:573140249879,ef4de20a-c614-5a93-95fe-44e7ed64272c,False,,1.0,,6990000.0,13990000.0,credito,,soat,False,False
LD-01140,06/09/2026 00:03,WHATSAPP,EMP-01,PV-002,  Jhon Jairo Zapata Mosquera  ,(351) 696-5852,,Itagui,AKT TTR 200,Contactado,,Agosto Cero Cuotas,jhon jairo zapata mosquera,573516965852,,itagui,whatsapp,contactado,2026-09-06 00:03:00,,akt ttr 200,1140,SKU-019,100.0,fuzzy,phone:573516965852,ec24cfd3-f2cc-5599-a19a-b25ac3037dd6,False,,1.0,,9890000.0,,credito,,soat,False,False
LD-01141,08-09-2026,Formulario Web,EMP-03,PV-015,Mónica Jiménez Franco,311-595-9529,monica.jimenez68@hotmail.com,Soacha,Bajaj Dominar 400,Cotización enviada,2026-09-08T22:00:00,Retoma tu moto,monica jimenez franco,573115959529,monica.jimenez68@hotmail.com,soacha,formulario web,cotizacion enviada,2026-09-08 00:00:00,2026-09-08 22:00:00,bajaj dominar 400,1141,SKU-011,100.0,fuzzy,phone:573115959529,9c892558-4bec-5270-99e7-d29d8d10e284,True,9c892558-4bec-5270-99e7-d29d8d10e284,1.0,same_phone_or_email,24900000.0,,,,,False,False
LD-01142,2026-08-13 08:21:00,Formulario Web,EMP-03,PV-012,Cristian Cardona Ramírez,351 961 0538,cristian.cardona11@outlook.com,Bogotá,Honda Dio 110 2026,Descartado,2026-08-13 09:21:00,,cristian cardona ramirez,573519610538,cristian.cardona11@outlook.com,bogota,formulario web,descartado,2026-08-13 08:21:00,2026-08-13 09:21:00,honda dio 110 2026,1142,SKU-005,100.0,fuzzy,phone:573519610538,577439be-99dc-53d7-9e0d-bdcf4a2ef83f,False,,1.0,,6890000.0,11490000.0,credito,,soat,False,False
LD-01143,13/08/2026 11:33,Meta Ads,EMP-03,PV-013,Julián Muñoz Castaño,+57 322 1142667,julian.munoz34@yahoo.es,Bogotá,HONDA CB 125F TWISTER,No contesta,08/13/2026 17:33,Prima Extra,julian munoz castano,573221142667,julian.munoz34@yahoo.es,bogota,meta ads,no contesta,2026-08-13 11:33:00,2026-08-13 17:33:00,honda cb 125f twister,1143,SKU-001,100.0,fuzzy,phone:573221142667,976f0f99-d456-5248-9751-464743e512b5,False,,1.0,,7990000.0,,credito,baja,precio,False,True
LD-01144,15/08/2026 23:29,FORMULARIO WEB,EMP-01,PV-005,VANESSA VARGAS AGUDELO,3226208432,,medellin,Pulsar NS 125,No contesta,2026-08-16T11:29:00,Remate Modelos 2025,vanessa vargas agudelo,573226208432,,medellin,formulario web,no contesta,2026-08-15 23:29:00,2026-08-16 11:29:00,pulsar ns 125,1144,SKU-008,100.0,exact,phone:573226208432,6a8041c1-eec6-55f4-b016-162d0a2ecefe,False,,1.0,,8990000.0,,,,,False,False
LD-01145,2026-08-20 00:15:00,WhatsApp,EMP-02,PV-006,JORGE IVÁN BETANCUR QUINTERO,+57 320 0667085,jorge.betancur39@gmail.com,B/quilla,Honda  CB 125F Twister,Descartado,2026-08-23 00:15:00,,jorge ivan betancur quintero,573200667085,jorge.betancur39@gmail.com,b/quilla,whatsapp,descartado,2026-08-20 00:15:00,2026-08-23 00:15:00,honda cb 125f twister,1145,SKU-001,100.0,fuzzy,phone:573200667085,2aa46b22-a35b-518a-af1a-38bb3b714b1f,False,,1.0,,7990000.0,,,,,False,False
LD-01146,2026-08-02 20:00:00,WhatsApp,EMP-03,PV-011,  Natalia Torres Ramírez  ,3511956108,natalia.torres59@hotmail.com,Bogotá,Bajai Pulsar RS 200,Descartado,06/08/2026 20:00,Agosto Cero Cuotas,natalia torres ramirez,573511956108,natalia.torres59@hotmail.com,bogota,whatsapp,descartado,2026-08-02 20:00:00,2026-08-06 20:00:00,bajai pulsar rs 200,1146,SKU-010,100.0,fuzzy,phone:573511956108,570879e7-166b-51f4-b883-9166649191f1,True,570879e7-166b-51f4-b883-9166649191f1,1.0,same_phone_or_email,15490000.0,13990000.0,credito,,soat,False,False
LD-01147,09/05/2026 18:51,WhatsApp,EMP-01,PV-005,Julián Ramírez Valencia,+57 312 1152660,julian.ramirez77@gmail.com,Medellín,AKT Evo RS 150,Sin gestión,,,julian ramirez valencia,573121152660,julian.ramirez77@gmail.com,medellin,whatsapp,sin gestion,2026-05-09 18:51:00,,akt evo rs 150,1147,SKU-020,100.0,fuzzy,phone:573121152660,72ccf5c6-5c71-53e5-8b13-02955ec0efde,False,,1.0,,7190000.0,,,,,False,False
LD-01148,27/08/2026 13:43,WhatsApp,EMP-03,PV-011,ÓSCAR DAVID FRANCO OSPINA,573044003757,,BOGOTA,Hero Dash 110 2026,Cotización enviada,08/27/2026 19:43,Prima Extra,oscar david franco ospina,573044003757,,bogota,whatsapp,cotizacion enviada,2026-08-27 13:43:00,2026-08-27 19:43:00,hero dash 110 2026,1148,SKU-024,100.0,fuzzy,phone:573044003757,139441ee-e398-56fc-9cb0-667a3be20e74,True,139441ee-e398-56fc-9cb0-667a3be20e74,1.0,same_phone_or_email,6290000.0,,,,,False,False
LD-01149,23/08/2026 07:47,FORMULARIO WEB,EMP-02,PV-009,ESTEFANÍA GÓMEZ FRANCO,3049116194,estefania.gomez73@hotmail.com,SANTA MARTA,Pulsar NS 160,Sin gestión,,Feria de Motos 2026,estefania gomez franco,573049116194,estefania.gomez73@hotmail.com,santa marta,formulario web,sin gestion,2026-08-23 07:47:00,,pulsar ns 160,1149,SKU-009,100.0,exact,phone:573049116194,6c59c129-f9cd-5239-aed7-7079a0331f9d,False,,1.0,,11290000.0,,,,,False,False
LD-01150,2026-08-07 16:25:00,WhatsApp,EMP-03,PV-011,Julián Hernández Mosquera,3238192146,,bogotá,Hero Xpulse,Contactado,08/07/2026 18:25,,julian hernandez mosquera,573238192146,,bogota,whatsapp,contactado,2026-08-07 16:25:00,2026-07-08 18:25:00,hero xpulse,1150,,75.0,unmatched,phone:573238192146,57d2ccdb-6fca-5e12-a82b-31e6fead63ab,False,,1.0,,,,,,,False,False
LD-01151,16/08/2026 11:17,WhatsApp,EMP-02,PV-006,F. Mosquera Londoño,316 463 8297,fabian.mosquera50@yahoo.es,BARRANQUILLA,,Contactado,,Retoma tu moto,f. mosquera londono,573164638297,fabian.mosquera50@yahoo.es,barranquilla,whatsapp,contactado,2026-08-16 11:17:00,,,1151,,0.0,none,phone:573164638297,18e1d4d3-fc27-5774-af75-1ad6c8ba0482,True,18e1d4d3-fc27-5774-af75-1ad6c8ba0482,1.0,same_phone_or_email,,,,,,False,False
LD-01152,15/08/2026 02:43,WhatsApp,EMP-02,PV-006,Adriana Bedoya Betancur,302-304-2324,adriana.bedoya74@outlook.com,BARRANQUILLA,TTR 200,Cotización enviada,2026-08-15 06:43:00,,adriana bedoya betancur,573023042324,adriana.bedoya74@outlook.com,barranquilla,whatsapp,cotizacion enviada,2026-08-15 02:43:00,2026-08-15 06:43:00,ttr 200,1152,SKU-019,100.0,exact,phone:573023042324,b91c5029-be62-56e3-b694-fe39448408b0,False,,1.0,,9890000.0,,,,,False,False
LD-01153,2026-09-07 01:48:00,Formulario Web,EMP-03,PV-011,  María Fernanda Correa Valencia  , 3120029343 ,,Bogota DC,Gixxer 150,Cotización enviada,2026-09-07T05:48:00,Feria de Motos 2026,maria fernanda correa valencia,573120029343,,bogota dc,formulario web,cotizacion enviada,2026-09-07 01:48:00,2026-09-07 05:48:00,gixxer 150,1153,SKU-014,100.0,exact,phone:573120029343,ce690593-2039-5a0c-acb7-7dda66c36262,False,,1.0,,11990000.0,,,,,False,False
LD-01154,06/09/2026 02:42,WhatsApp,EMP-01,PV-001,Sebastián Valencia Ospina, 3205994242 ,,Medellín,,Sin gestión,,Prima Extra,sebastian valencia ospina,573205994242,,medellin,whatsapp,sin gestion,2026-09-06 02:42:00,,,1154,,0.0,none,phone:573205994242,9ef95ef8-fb6c-5988-9a1b-9cce35c568bf,False,,1.0,,,,,,,False,False
LD-01155,17/08/2026 11:45,Meta Ads,EMP-03,PV-015,Alexander Correa Ramírez,3113217750,alexander.correa58@outlook.com,Soacha,hero hunk 160r,No contesta,18-08-2026,Agosto Cero Cuotas,alexander correa ramirez,573113217750,alexander.correa58@outlook.com,soacha,meta ads,no contesta,2026-08-17 11:45:00,2026-08-18 00:00:00,hero hunk 160r,1155,SKU-022,100.0,fuzzy,phone:573113217750,6fee7511-cfd8-5097-a40b-42c76855759d,False,,1.0,,10490000.0,15490000.0,credito,media,cuota,False,True
LD-01156,01/09/2026 18:35,Meta Ads,EMP-01,PV-002,Diana Carolina Salazar Mosquera,3022008321,diana.salazar94@yahoo.es,,Bajaj Discover 125 2026,No contesta,01/09/2026 19:35,Agosto Cero Cuotas,diana carolina salazar mosquera,573022008321,diana.salazar94@yahoo.es,,meta ads,no contesta,2026-09-01 18:35:00,2026-09-01 19:35:00,bajaj discover 125 2026,1156,SKU-012,100.0,fuzzy,phone:573022008321,1e81d072-04e1-57e4-8421-570017ed0fc5,False,,1.0,,6990000.0,,,,,False,False
LD-01157,2026-08-09T18:08:00,Formulario Web,EMP-03,PV-011,KATHERINE MOSQUERA HERRERA,302 493 9025,,bogotá,bajaj boxer ct 100,En proceso,2026-08-09T20:08:00,Prima Extra,katherine mosquera herrera,573024939025,,bogota,formulario web,en proceso,2026-08-09 18:08:00,2026-08-09 20:08:00,bajaj boxer ct 100,1157,SKU-007,100.0,fuzzy,phone:573024939025,7e265416-6453-553d-a710-43adc879eafc,False,,1.0,,5790000.0,,,,,False,False
LD-01158,07-09-2026,WhatsApp,EMP-02,PV-007,Paula Andrea Arias Gómez, 3145518283 ,,Soledad,Bajaj Boxer CT 100,sin gestion,,,paula andrea arias gomez,573145518283,,soledad,whatsapp,sin gestion,2026-09-07 00:00:00,,bajaj boxer ct 100,1158,SKU-007,100.0,fuzzy,phone:573145518283,411b5865-91e6-5184-8592-429221b7cfee,False,,1.0,,5790000.0,,,,,False,False
LD-01159,15/08/2026 00:13,WHATSAPP,EMP-01,PV-003,  María Fernanda Ospina Marín  ,3159603566,maria.ospina9@gmail.com,bello,Pulsar RS 200,Cotización enviada,08/19/2026 00:13,,maria fernanda ospina marin,573159603566,maria.ospina9@gmail.com,bello,whatsapp,cotizacion enviada,2026-08-15 00:13:00,2026-08-19 00:13:00,pulsar rs 200,1159,SKU-010,100.0,exact,phone:573159603566,2998c931-a96d-514c-a983-976dc0c5dddf,False,,1.0,,15490000.0,,,,,False,False
LD-01160,2026-08-28 20:22:00,WhatsApp,EMP-01,PV-003,  Jhon Jairo Ramírez Torres  ,321-944-7301,jhon.ramirez52@gmail.com,bello,Honda  Dio 110,Sin gestión,,Retoma tu moto,jhon jairo ramirez torres,573219447301,jhon.ramirez52@gmail.com,bello,whatsapp,sin gestion,2026-08-28 20:22:00,,honda dio 110,1160,SKU-005,100.0,fuzzy,phone:573219447301,69710aa2-36a4-588c-810d-b3665cce5cb1,False,,1.0,,6890000.0,,credito,,soat,False,False
LD-01161,26/08/2026 09:28,WHATSAPP,EMP-02,PV-006,liliana munoz escobar,3014358883,liliana.munoz85@outlook.com,barranquilla,,Cotización enviada,08/26/2026 11:28,Feria de Motos 2026,liliana munoz escobar,573014358883,liliana.munoz85@outlook.com,barranquilla,whatsapp,cotizacion enviada,2026-08-26 09:28:00,2026-08-26 11:28:00,,1161,,0.0,none,phone:573014358883,cf6428e4-7e04-5989-9311-f54a81baf4b8,True,cf6428e4-7e04-5989-9311-f54a81baf4b8,1.0,same_phone_or_email,,,,,,False,False
LD-01162,28-08-2026,WhatsApp,EMP-02,PV-010,Jorge Iván Herrera Rodríguez,3174313973,jorge.herrera57@gmail.com,Montería,Bajaj,Contactado,2026-08-28T14:31:00,,jorge ivan herrera rodriguez,573174313973,jorge.herrera57@gmail.com,monteria,whatsapp,contactado,2026-08-28 00:00:00,2026-08-28 14:31:00,bajaj,1162,,22.22222222222223,unmatched,phone:573174313973,cd1689a1-68d7-5a0d-87d6-9dcbc5a3435d,False,,1.0,,,21900000.0,credito,media,cuota,False,True
LD-01163,2026-08-20 14:33:00,WhatsApp,EMP-02,PV-009,estefania perez ramirez, 3003807544 ,,Sta Marta,suzuki gn 125,En proceso,2026-08-20 20:33:00,Retoma tu moto,estefania perez ramirez,573003807544,,santa marta,whatsapp,en proceso,2026-08-20 14:33:00,2026-08-20 20:33:00,suzuki gn 125,1163,SKU-013,100.0,fuzzy,phone:573003807544,094b452d-6321-5344-8941-cecfca50c8ec,True,094b452d-6321-5344-8941-cecfca50c8ec,1.0,same_phone_or_email,7490000.0,,,,,False,False
LD-01164,2026-09-06 04:53:00,WhatsApp,EMP-01,PV-004,Marcela Muñoz Ramírez,300 890 9773,marcela.munoz80@gmail.com,RIONEGRO,honda dio 110,Descartado,2026-09-10 04:53:00,Feria de Motos 2026,marcela munoz ramirez,573008909773,marcela.munoz80@gmail.com,rionegro,whatsapp,descartado,2026-09-06 04:53:00,2026-09-10 04:53:00,honda dio 110,1164,SKU-005,100.0,fuzzy,phone:573008909773,d87e4215-243a-52ba-a3f2-9f1e75b73f85,True,d87e4215-243a-52ba-a3f2-9f1e75b73f85,1.0,same_phone_or_email,6890000.0,13990000.0,credito,media,cuota,False,True
LD-01165,2026-09-07T01:17:00,Meta Ads,EMP-02,PV-006,  Paula Andrea Cardona Rodríguez  ,+57 317 1436008,,barranquilla,Hero Eco,Contactado,2026-09-08 01:17:00,Prima Extra,paula andrea cardona rodriguez,573171436008,,barranquilla,meta ads,contactado,2026-09-07 01:17:00,2026-09-08 01:17:00,hero eco,1165,,54.54545454545455,unmatched,phone:573171436008,ade911d2-1fe9-5f6f-985a-e0032797d92b,False,,1.0,,,,credito,,soat,False,False
LD-01166,16/08/2026 17:25,WHATSAPP,EMP-02,PV-009,  Julián Agudelo Giraldo  ,310 236 6707,,Santa Marta,AKT NKD 125,Contactado,2026-08-17 17:25:00,Remate Modelos 2025,julian agudelo giraldo,573102366707,,santa marta,whatsapp,contactado,2026-08-16 17:25:00,2026-08-17 17:25:00,akt nkd 125,1166,SKU-017,100.0,fuzzy,phone:573102366707,c3603f3b-ccd1-5a78-ba59-c7f9668b872f,False,,1.0,,5290000.0,4990000.0,credito,,soat,True,False
LD-01167,06-08-2026,meta ads,EMP-03,PV-014,LILIANA GÓMEZ CASTAÑO,+57 310 7056565,liliana.gomez26@outlook.com,BOGOTA,honda navi,En proceso,2026-08-08T07:27:00,Feria de Motos 2026,liliana gomez castano,573107056565,liliana.gomez26@outlook.com,bogota,meta ads,en proceso,2026-08-06 00:00:00,2026-08-08 07:27:00,honda navi,1167,SKU-004,100.0,fuzzy,phone:573107056565,f1d66eda-3355-55d2-92eb-caa166d1fb5f,False,,1.0,,7290000.0,,,,,False,False
LD-01168,2026-09-05 02:53:00,WhatsApp,EMP-01,PV-001,Édinson Londoño Ramírez,3134646945,,Medellín ,Bajai Boxer CT 100,Sin gestión,,,edinson londono ramirez,573134646945,,medellin,whatsapp,sin gestion,2026-09-05 02:53:00,,bajai boxer ct 100,1168,SKU-007,100.0,fuzzy,phone:573134646945,e62ea3a3-5f9c-582b-abdc-b4b00449c012,False,,1.0,,5790000.0,,,,,False,False
LD-01169,08/06/2026 12:50,whatsapp,EMP-03,PV-011,Andrés Felipe Agudelo Cardona,+57 301 4474392,andres.agudelo19@hotmail.com,Bogota DC,HONDA XRE 300,Sin gestión,,,andres felipe agudelo cardona,573014474392,andres.agudelo19@hotmail.com,bogota dc,whatsapp,sin gestion,2026-06-08 12:50:00,,honda xre 300,1169,SKU-006,100.0,fuzzy,phone:573014474392,2afba7ba-ded7-55e5-8078-c32b8eb5566b,False,,1.0,,22900000.0,6290000.0,credito,media,cuota,False,True
LD-01170,2026-08-25T11:45:00,WhatsApp,EMP-02,PV-009,Fabián Ramírez Herrera,(321) 627-7442,fabian.ramirez93@gmail.com,Sta Marta,Bajaj  Dominar 400,Contactado,25-08-2026,Retoma tu moto,fabian ramirez herrera,573216277442,fabian.ramirez93@gmail.com,santa marta,whatsapp,contactado,2026-08-25 11:45:00,2026-08-25 00:00:00,bajaj dominar 400,1170,SKU-011,100.0,fuzzy,phone:573216277442,c7ca7816-6029-5ad4-b07e-89abad3975bf,False,,1.0,,24900000.0,9890000.0,credito,,soat,False,False
LD-01171,2026-08-21 00:10:00,WhatsApp,EMP-02,PV-010,Cristian Salazar Herrera,3506268114,,MONTERIA,,Cotización enviada,,,cristian salazar herrera,573506268114,,monteria,whatsapp,cotizacion enviada,2026-08-21 00:10:00,,,1171,,0.0,none,phone:573506268114,08b23272-41bf-5563-9ffd-96b657ff16a7,False,,1.0,,,,,,,False,False
LD-01172,15-08-2026,WhatsApp,EMP-01,PV-004,LUISA BETANCUR TORRES,322-624-9985,luisa.betancur34@hotmail.com,Rionegro,akt nkd 125,No contesta,18/08/2026 19:50,Feria de Motos 2026,luisa betancur torres,573226249985,luisa.betancur34@hotmail.com,rionegro,whatsapp,no contesta,2026-08-15 00:00:00,2026-08-18 19:50:00,akt nkd 125,1172,SKU-017,100.0,fuzzy,phone:573226249985,9e877a6f-6cb9-5d6d-9502-948d457948d6,True,9e877a6f-6cb9-5d6d-9502-948d457948d6,1.0,same_phone_or_email,5290000.0,,,,,False,False
LD-01173,02/09/2026 03:36,WhatsApp,EMP-03,PV-013,Óscar David Correa Herrera,351 373 7904,,Bogotá D.C.,AKT Evo RS 150,No contesta,2026-09-02T04:36:00,Prima Extra,oscar david correa herrera,573513737904,,bogota,whatsapp,no contesta,2026-09-02 03:36:00,2026-09-02 04:36:00,akt evo rs 150,1173,SKU-020,100.0,fuzzy,phone:573513737904,fb0a806d-42ce-5146-a1eb-10263e7c1bd3,False,,1.0,,7190000.0,,,,,False,False
LD-01174,18/08/2026 23:10,Meta Ads,EMP-02,PV-008,Jorge Iván Betancur Quintero,321-020-1353,,Cartagena de Indias,Honda Navi,contactado,19-08-2026,,jorge ivan betancur quintero,573210201353,,cartagena de indias,meta ads,contactado,2026-08-18 23:10:00,2026-08-19 00:00:00,honda navi,1174,SKU-004,100.0,fuzzy,phone:573210201353,762e27d3-3ef9-52e2-b2a2-997dfa502471,False,,1.0,,7290000.0,,,,,False,False
LD-01175,2026-08-30 04:24:00,WhatsApp,EMP-02,PV-009,Cristian Quintero Quintero,+57 312 6488496,cristian.quintero28@hotmail.com,Sta Marta,Suzuki Best 125 2026,Descartado,30/08/2026 10:24,Remate Modelos 2025,cristian quintero quintero,573126488496,cristian.quintero28@hotmail.com,santa marta,whatsapp,descartado,2026-08-30 04:24:00,2026-08-30 10:24:00,suzuki best 125 2026,1175,SKU-016,100.0,fuzzy,phone:573126488496,683b3aec-0b92-54ef-83fd-b3b262353e6b,False,,1.0,,6590000.0,,,,,False,False
LD-01176,05/09/2026 12:30,Formulario Web,EMP-01,PV-003,ÉDINSON MUÑOZ CARDONA, 3048137683 ,edinson.munoz95@gmail.com,bello,Bajaj Discover 125,Sin gestión,,,edinson munoz cardona,573048137683,edinson.munoz95@gmail.com,bello,formulario web,sin gestion,2026-09-05 12:30:00,,bajaj discover 125,1176,SKU-012,100.0,fuzzy,phone:573048137683,bc3da50f-badc-5da1-a253-8d38ebbd8def,False,,1.0,,6990000.0,,,,,False,False
LD-01177,08/20/2026 05:19,WhatsApp,EMP-02,PV-008,Katherine Bedoya Londoño,+57 304 9334381,,CARTAGENA,Suzuki Best,sin gestion,,Agosto Cero Cuotas,katherine bedoya londono,573049334381,,cartagena,whatsapp,sin gestion,2026-08-20 05:19:00,,suzuki best,1177,,66.66666666666666,unmatched,phone:573049334381,7a38de68-8ba0-5739-bb4b-35873d3aaab7,False,,1.0,,,13990000.0,credito,,soat,False,False
LD-01178,2026-09-08 17:27:00,WhatsApp,EMP-01,PV-005,Jorge Iván Osorio Franco,+57 315 8626117,,medellin,hero hunk 160r,Contactado,09/08/2026 23:27,Feria de Motos 2026,jorge ivan osorio franco,573158626117,,medellin,whatsapp,contactado,2026-09-08 17:27:00,2026-08-09 23:27:00,hero hunk 160r,1178,SKU-022,100.0,fuzzy,phone:573158626117,3566be35-5f71-5785-81ba-201c4c0bf820,False,,1.0,,10490000.0,,credito,,soat,False,False
LD-01179,07-09-2026,Formulario Web,EMP-03,PV-014,Katherine Castaño Salazar,351-328-1204,katherine.castano98@gmail.com,Bogota,Honda XRE 300 2026,En proceso,2026-09-08T10:51:00,Prima Extra,katherine castano salazar,573513281204,katherine.castano98@gmail.com,bogota,formulario web,en proceso,2026-09-07 00:00:00,2026-09-08 10:51:00,honda xre 300 2026,1179,SKU-006,100.0,fuzzy,phone:573513281204,fa2f288b-55c3-5e94-9b2c-9cc267d5abd5,False,,1.0,,22900000.0,,,,,False,False
LD-01180,08/01/2026 17:27,Formulario Web,EMP-02,PV-010,Angie Paola Torres Giraldo,(317) 207-3150,,MONTERIA,suzuki best 125,Contactado,02-08-2026,Retoma tu moto,angie paola torres giraldo,573172073150,,monteria,formulario web,contactado,2026-01-08 17:27:00,2026-08-02 00:00:00,suzuki best 125,1180,SKU-016,100.0,fuzzy,phone:573172073150,2d1b845b-a0bb-5f36-9290-b7c15b2538ae,False,,1.0,,6590000.0,5290000.0,credito,,cuota,False,True
LD-01181,2026-08-11 03:09:00,WhatsApp,EMP-03,PV-012,A. Agudelo Ospina,573019645786,angie.agudelo61@yahoo.es,Bogota,Bajaj Boxer CT 100,No contesta,2026-08-11 21:09:00,,a. agudelo ospina,573019645786,angie.agudelo61@yahoo.es,bogota,whatsapp,no contesta,2026-08-11 03:09:00,2026-08-11 21:09:00,bajaj boxer ct 100,1181,SKU-007,100.0,fuzzy,phone:573019645786,ceb52090-bfbb-545f-afe6-7af5f9d1baa3,True,ceb52090-bfbb-545f-afe6-7af5f9d1baa3,1.0,same_phone_or_email,5790000.0,11990000.0,credito,media,cuota,False,True
LD-01182,06/09/2026 04:47,Meta Ads,EMP-03,PV-011,Luisa Londoño Vargas,311 001 8694,luisa.londono94@gmail.com,Bogotá D.C.,,SIN GESTION,,Remate Modelos 2025,luisa londono vargas,573110018694,luisa.londono94@gmail.com,bogota,meta ads,sin gestion,2026-09-06 04:47:00,,,1182,,0.0,none,phone:573110018694,053d5a62-375e-5b8a-8bfb-fbbb728f7c5e,True,053d5a62-375e-5b8a-8bfb-fbbb728f7c5e,1.0,same_phone_or_email,,,,,,False,False
LD-01183,2026-08-22 15:40:00,WhatsApp,EMP-03,PV-013,ÓSCAR DAVID SALAZAR TORRES,304 518 2896,,Bogota DC,HONDA XRE 300,sin gestion,,,oscar david salazar torres,573045182896,,bogota dc,whatsapp,sin gestion,2026-08-22 15:40:00,,honda xre 300,1183,SKU-006,100.0,fuzzy,phone:573045182896,34c7a99b-069a-5e9e-94d1-a0331505cfe3,False,,1.0,,22900000.0,,,,,False,False
LD-01184,22/08/2026 10:20,WhatsApp,EMP-02,PV-010,Brayan Gómez Valencia,(318) 305-9903,brayan.gomez42@outlook.com,MONTERIA,Bajaj Pulsar RS 200,Contactado,2026-08-22T16:20:00,,brayan gomez valencia,573183059903,brayan.gomez42@outlook.com,monteria,whatsapp,contactado,2026-08-22 10:20:00,2026-08-22 16:20:00,bajaj pulsar rs 200,1184,SKU-010,100.0,fuzzy,phone:573183059903,e0ecc27c-7547-575e-b039-be04e336490d,False,,1.0,,15490000.0,,,,,False,False
LD-01185,17/08/2026 23:14,WhatsApp,EMP-02,PV-006,Vanessa Escobar Agudelo,3500424675,vanessa.escobar24@yahoo.es,barranquilla,honda dio 110,Sin gestión,,,vanessa escobar agudelo,573500424675,vanessa.escobar24@yahoo.es,barranquilla,whatsapp,sin gestion,2026-08-17 23:14:00,,honda dio 110,1185,SKU-005,100.0,fuzzy,phone:573500424675,60562481-f4ac-5968-a621-243deacaec11,True,60562481-f4ac-5968-a621-243deacaec11,1.0,same_phone_or_email,6890000.0,,,,,False,False
LD-01186,15-08-2026,Meta Ads,EMP-03,PV-011,Kevin Rodríguez Salazar,3512437034,kevin.rodriguez73@outlook.com,Bogotá,AKT Evo RS 150,Contactado,15-08-2026,,kevin rodriguez salazar,573512437034,kevin.rodriguez73@outlook.com,bogota,meta ads,contactado,2026-08-15 00:00:00,2026-08-15 00:00:00,akt evo rs 150,1186,SKU-020,100.0,fuzzy,phone:573512437034,64f950a2-9311-5d38-b8e1-546db56c4873,False,,1.0,,7190000.0,7990000.0,credito,media,cuota,False,True
LD-01187,2026-08-24 04:43:00,WhatsApp,EMP-02,PV-010,Cristian Jiménez Ospina,302 714 5767,,Monteria,Bajaj Discover 125,Contactado,2026-08-24T16:43:00,Retoma tu moto,cristian jimenez ospina,573027145767,,monteria,whatsapp,contactado,2026-08-24 04:43:00,2026-08-24 16:43:00,bajaj discover 125,1187,SKU-012,100.0,fuzzy,phone:573027145767,69b507cd-bfdb-5be3-bf6d-5ba3a93e04a8,False,,1.0,,6990000.0,14990000.0,credito,,soat,False,False
LD-01188,17/08/2026 16:30,WhatsApp,EMP-01,PV-003,Claudia Patricia Rodríguez Arias,3001532337,,BELLO,Honda CB 190R,Descartado,17-08-2026,,claudia patricia rodriguez arias,573001532337,,bello,whatsapp,descartado,2026-08-17 16:30:00,2026-08-17 00:00:00,honda cb 190r,1188,SKU-003,100.0,fuzzy,phone:573001532337,4d3fcf3d-e29a-59c5-9306-4fbd11814712,False,,1.0,,13990000.0,,,,,False,False
LD-01189,11-08-2026,META ADS,EMP-02,PV-009,Wilmar Escobar Correa,3003020476,wilmar.escobar95@yahoo.es,SANTA MARTA,akt dynamic r3 125,Contactado,2026-08-12 04:22:00,,wilmar escobar correa,573003020476,wilmar.escobar95@yahoo.es,santa marta,meta ads,contactado,2026-08-11 00:00:00,2026-08-12 04:22:00,akt dynamic r3 125,1189,SKU-018,100.0,fuzzy,phone:573003020476,ac825f42-7631-590d-8084-38e9a44c918b,True,ac825f42-7631-590d-8084-38e9a44c918b,1.0,same_phone_or_email,5590000.0,,,,,False,False
LD-01190,2026-08-25 16:51:00,Meta Ads,EMP-01,PV-003,Liliana Muñoz Agudelo,+57 351 5272752,,Bello,,Descartado,2026-08-25 17:51:00,Agosto Cero Cuotas,liliana munoz agudelo,573515272752,,bello,meta ads,descartado,2026-08-25 16:51:00,2026-08-25 17:51:00,,1190,,0.0,none,phone:573515272752,57db1854-7075-5250-aa58-5ee75218d4f1,False,,1.0,,,,,,,False,False
LD-01191,22/08/2026 09:59,WhatsApp,EMP-03,PV-011,ANGIE PAOLA CASTAÑO VARGAS,3173047081,angie.castano56@hotmail.com,BOGOTA,Honda CB 125F Twister,Sin gestión,,Prima Extra,angie paola castano vargas,573173047081,angie.castano56@hotmail.com,bogota,whatsapp,sin gestion,2026-08-22 09:59:00,,honda cb 125f twister,1191,SKU-001,100.0,fuzzy,phone:573173047081,782cbf92-d0cd-56b6-8d13-a7002c0416cc,False,,1.0,,7990000.0,,,,,False,False
LD-01192,2026-09-04 15:31:00,WhatsApp,EMP-03,PV-015,  Juan Carlos Ospina Franco  ,305 702 7030,,Soacha,Hero Xpulse,SIN GESTION,,Agosto Cero Cuotas,juan carlos ospina franco,573057027030,,soacha,whatsapp,sin gestion,2026-09-04 15:31:00,,hero xpulse,1192,,75.0,unmatched,phone:573057027030,3807dbf3-265c-5451-b2b2-0e2a9515be62,False,,1.0,,,11490000.0,credito,,soat,False,False
LD-01193,02/08/2026 12:35,Meta Ads,EMP-01,PV-005,Jorge Iván Jiménez Rodríguez,3178139056,,Medellín ,Honda  XR 150L,Cotización enviada,05-08-2026,Agosto Cero Cuotas,jorge ivan jimenez rodriguez,573178139056,,medellin,meta ads,cotizacion enviada,2026-08-02 12:35:00,2026-08-05 00:00:00,honda xr 150l,1193,SKU-002,100.0,fuzzy,phone:573178139056,6b567a2c-b5a1-5781-8eaa-b9e2092a2ea5,False,,1.0,,11490000.0,,,,,False,False
LD-01194,27-08-2026,WhatsApp,EMP-02,PV-007,  Duván Gómez Pérez  , 3163077072 ,duvan.gomez46@hotmail.com,SOLEDAD,Honda,No contesta,2026-08-31T23:54:00,,duvan gomez perez,573163077072,duvan.gomez46@hotmail.com,soledad,whatsapp,no contesta,2026-08-27 00:00:00,2026-08-31 23:54:00,honda,1194,,44.44444444444444,unmatched,phone:573163077072,3bc63c2d-67f2-597a-bc68-4b80da0aafe4,False,,1.0,,,,,,,False,False
LD-01195,22/08/2026 16:57,Formulario Web,EMP-03,PV-014,ÓSCAR DAVID VALENCIA AGUDELO,573239309503,oscar.valencia74@yahoo.es,,Bajaj  Pulsar NS 125,Sin gestión,,,oscar david valencia agudelo,573239309503,oscar.valencia74@yahoo.es,,formulario web,sin gestion,2026-08-22 16:57:00,,bajaj pulsar ns 125,1195,SKU-008,100.0,fuzzy,phone:573239309503,50c7d0d7-97f8-58c5-8e6f-48e9c28c8a04,False,,1.0,,8990000.0,,,,,False,False
LD-01196,08/26/2026 01:50,meta ads,EMP-02,PV-009,Jhon Jairo Valencia Rodríguez,316 501 5127,,SANTA MARTA,Honda Dio 110 2026,No contesta,08/26/2026 07:50,Retoma tu moto,jhon jairo valencia rodriguez,573165015127,,santa marta,meta ads,no contesta,2026-08-26 01:50:00,2026-08-26 07:50:00,honda dio 110 2026,1196,SKU-005,100.0,fuzzy,phone:573165015127,7b113499-683f-57e3-b7a0-afed64ef5aa3,False,,1.0,,6890000.0,,,,,False,False
LD-01197,05/08/2026 19:42,Meta Ads,EMP-03,PV-012,  Jorge Iván Pérez Correa  ,573045307407,,Bogota DC,Bajaj Pulsar,Sin gestión,,Prima Extra,jorge ivan perez correa,573045307407,,bogota dc,meta ads,sin gestion,2026-08-05 19:42:00,,bajaj pulsar,1197,,66.66666666666666,unmatched,phone:573045307407,025bc060-bc55-50a8-9581-f2a141b0d843,True,025bc060-bc55-50a8-9581-f2a141b0d843,1.0,same_phone_or_email,,,credito,,soat,True,False
LD-01198,01/09/2026 08:03,Meta Ads,EMP-03,PV-013,Yesenia Vargas Ospina,3155137784,yesenia.vargas23@yahoo.es,Bogotá,bajaj pulsar ns 125,Sin gestión,,Prima Extra,yesenia vargas ospina,573155137784,yesenia.vargas23@yahoo.es,bogota,meta ads,sin gestion,2026-09-01 08:03:00,,bajaj pulsar ns 125,1198,SKU-008,100.0,fuzzy,phone:573155137784,946069e1-0188-51cb-b471-89764e4b3f5e,False,,1.0,,8990000.0,7290000.0,credito,,cuota,False,True
LD-01199,02-08-2026,Meta Ads,EMP-02,PV-008,Juan Carlos Correa Salazar,321 497 5922,juan.correa55@yahoo.es,Cartagena de Indias,Bajaj Pulsar NS 125,Sin gestión,,,juan carlos correa salazar,573214975922,juan.correa55@yahoo.es,cartagena de indias,meta ads,sin gestion,2026-08-02 00:00:00,,bajaj pulsar ns 125,1199,SKU-008,100.0,fuzzy,phone:573214975922,42e7746c-f5de-5f1d-8cd1-e8297d25b982,False,,1.0,,8990000.0,21900000.0,credito,media,soat,False,False
LD-01200,2026-08-04 16:33:00,Meta Ads,EMP-03,PV-012,Erika Cardona Jiménez,312 272 7243,,Bogotá D.C.,Bajaj Boxer CT 100,sin gestion,,,erika cardona jimenez,573122727243,,bogota,meta ads,sin gestion,2026-08-04 16:33:00,,bajaj boxer ct 100,1200,SKU-007,100.0,fuzzy,phone:573122727243,d28ec92e-9edf-5885-8a6f-b73005c148dc,False,,1.0,,5790000.0,,,,,False,False
LD-01201,01/09/2026 00:32,Meta Ads,EMP-03,PV-012,FREDDY OSORIO MUÑOZ,310-426-0907,freddy.osorio14@yahoo.es,Bogota,,Sin gestión,,,freddy osorio munoz,573104260907,freddy.osorio14@yahoo.es,bogota,meta ads,sin gestion,2026-09-01 00:32:00,,,1201,,0.0,none,phone:573104260907,cf690b99-2c15-51f7-a6b1-980971ca9d70,False,,1.0,,,,,,,False,False
LD-01202,2026-08-27 15:25:00,WhatsApp,EMP-03,PV-014,Alexander Arias Agudelo,+57 350 1193019,,bogotá,akt evo rs 150,Contactado,30-08-2026,Agosto Cero Cuotas,alexander arias agudelo,573501193019,,bogota,whatsapp,contactado,2026-08-27 15:25:00,2026-08-30 00:00:00,akt evo rs 150,1202,SKU-020,100.0,fuzzy,phone:573501193019,bf31e479-8368-5674-b77d-f6a6362ff28d,False,,1.0,,7190000.0,13990000.0,credito,,soat,False,False
LD-01203,08/09/2026 04:50,Meta Ads,EMP-01,PV-005,CLAUDIA PATRICIA QUINTERO ESCOBAR,322 780 1936,claudia.quintero29@hotmail.com,,AKT Dynamic R3 125 2026,no contesta,08/09/2026 05:50,Remate Modelos 2025,claudia patricia quintero escobar,573227801936,claudia.quintero29@hotmail.com,,meta ads,no contesta,2026-09-08 04:50:00,2026-09-08 05:50:00,akt dynamic r3 125 2026,1203,SKU-018,100.0,fuzzy,phone:573227801936,3b24fa09-49f0-5bbd-8a66-11bbcb077228,True,3b24fa09-49f0-5bbd-8a66-11bbcb077228,1.0,same_phone_or_email,5590000.0,,,,,False,False
LD-01204,2026-08-21 12:36:00,Formulario Web,EMP-02,PV-006,  Marcela Bedoya Jiménez  ,3504815858,,BARRANQUILLA,Heroo Hunk 160R,contactado,21-08-2026,Feria de Motos 2026,marcela bedoya jimenez,573504815858,,barranquilla,formulario web,contactado,2026-08-21 12:36:00,2026-08-21 00:00:00,heroo hunk 160r,1204,SKU-022,100.0,fuzzy,phone:573504815858,c7c70ed6-f942-51b8-a9e7-301085ae8a94,False,,1.0,,10490000.0,,,,,False,False
LD-01205,2026-08-07 07:33:00,formulario web,EMP-03,PV-012,Estefanía Herrera Arias,573189895785,,Bogota,Bajaj Pulsar RS 200,Contactado,08/08/2026 07:33,,estefania herrera arias,573189895785,,bogota,formulario web,contactado,2026-08-07 07:33:00,2026-08-08 07:33:00,bajaj pulsar rs 200,1205,SKU-010,100.0,fuzzy,phone:573189895785,9594cf41-ee07-5060-8a85-79c091370c1f,False,,1.0,,15490000.0,8990000.0,credito,media,cuota,False,True
LD-01206,27/08/2026 01:25,WhatsApp,EMP-03,PV-014,Sandra Milena Osorio Valencia,314 978 7254,sandra.osorio44@yahoo.es,BOGOTA,,Contactado,2026-08-27T13:25:00,Feria de Motos 2026,sandra milena osorio valencia,573149787254,sandra.osorio44@yahoo.es,bogota,whatsapp,contactado,2026-08-27 01:25:00,2026-08-27 13:25:00,,1206,,0.0,none,phone:573149787254,2391659a-2ee3-5ddf-90b8-4d3ad3767abf,False,,1.0,,,,,,,False,False
LD-01207,18/08/2026 07:26,WhatsApp,EMP-03,PV-013,MÓNICA RESTREPO CARDONA, 3178998397 ,,Bogotá D.C.,Honda CB 190R 2026,Sin gestión,,Agosto Cero Cuotas,monica restrepo cardona,573178998397,,bogota,whatsapp,sin gestion,2026-08-18 07:26:00,,honda cb 190r 2026,1207,SKU-003,100.0,fuzzy,phone:573178998397,968c3cde-60a1-59f9-9618-4910b7b6a51e,False,,1.0,,13990000.0,,,,,False,False
LD-01208,2026-08-29 11:35:00,WhatsApp,EMP-03,PV-013,Estefanía Correa Salazar,317 451 1369,estefania.correa99@gmail.com,BOGOTA,Honda Navi,No contesta,2026-08-29T23:35:00,Feria de Motos 2026,estefania correa salazar,573174511369,estefania.correa99@gmail.com,bogota,whatsapp,no contesta,2026-08-29 11:35:00,2026-08-29 23:35:00,honda navi,1208,SKU-004,100.0,fuzzy,phone:573174511369,055d6bc1-41e4-5bb1-85c3-4c358e91e545,False,,1.0,,7290000.0,22900000.0,credito,,cuota,False,True
LD-01209,14/08/2026 03:01,META ADS,EMP-02,PV-009,ANGIE PAOLA OSORIO HERRERA,322 693 5115,,Santa Marta,Honda XR 150L,En proceso,2026-08-14T07:01:00,,angie paola osorio herrera,573226935115,,santa marta,meta ads,en proceso,2026-08-14 03:01:00,2026-08-14 07:01:00,honda xr 150l,1209,SKU-002,100.0,fuzzy,phone:573226935115,c12e4b48-5b84-5d93-acac-9bf9a2339978,False,,1.0,,11490000.0,7990000.0,credito,,cuota,False,True
LD-01210,14-08-2026,formulario web,EMP-02,PV-007,Héctor Bedoya Agudelo,3211704459,,SOLEDAD,Honda CB 190R,Contactado,08/18/2026 20:53,Prima Extra,hector bedoya agudelo,573211704459,,soledad,formulario web,contactado,2026-08-14 00:00:00,2026-08-18 20:53:00,honda cb 190r,1210,SKU-003,100.0,fuzzy,phone:573211704459,c152ca65-0d41-5b54-87c6-53359d9f478c,False,,1.0,,13990000.0,6990000.0,credito,,cuota,True,True
LD-01211,08/05/2026 03:36,WhatsApp,EMP-01,PV-002,W. Escobar Correa, 3003020476 ,,Itagüí,honda dio 110,sin gestion,,Feria de Motos 2026,w. escobar correa,573003020476,,itagui,whatsapp,sin gestion,2026-05-08 03:36:00,,honda dio 110,1211,SKU-005,100.0,fuzzy,phone:573003020476,ac825f42-7631-590d-8084-38e9a44c918b,True,ac825f42-7631-590d-8084-38e9a44c918b,1.0,same_phone_or_email,6890000.0,,,,,False,False
LD-01212,29/08/2026 18:56,Formulario Web,EMP-01,PV-003,ERIKA OSORIO ARIAS,(351) 009-7254,,Bello,Bajaj Pulsar RS 200,Sin gestión,,,erika osorio arias,573510097254,,bello,formulario web,sin gestion,2026-08-29 18:56:00,,bajaj pulsar rs 200,1212,SKU-010,100.0,fuzzy,phone:573510097254,d1f936fc-d063-54a2-8a2e-d4b7ba3bed24,False,,1.0,,15490000.0,9890000.0,credito,media,cuota,False,True
LD-01213,08/25/2026 23:28,WhatsApp,EMP-02,PV-006,  Julián Arias Osorio  ,+57 301 2709758,,barranquilla,Hero Dash 110,Cotización enviada,26-08-2026,Remate Modelos 2025,julian arias osorio,573012709758,,barranquilla,whatsapp,cotizacion enviada,2026-08-25 23:28:00,2026-08-26 00:00:00,hero dash 110,1213,SKU-024,100.0,fuzzy,phone:573012709758,4557f3bc-cb53-5ed0-b2bd-9f46cd954280,False,,1.0,,6290000.0,6590000.0,credito,,cuota,False,True
LD-01214,2026-08-31 08:31:00,WHATSAPP,EMP-02,PV-009,Erika Quintero Valencia,302-683-4394,erika.quintero6@gmail.com,SANTA MARTA,TTR 200,Contactado,01-09-2026,Prima Extra,erika quintero valencia,573026834394,erika.quintero6@gmail.com,santa marta,whatsapp,contactado,2026-08-31 08:31:00,2026-09-01 00:00:00,ttr 200,1214,SKU-019,100.0,exact,phone:573026834394,1b8cdb5e-673c-5b77-afff-1c33f1d034fc,True,1b8cdb5e-673c-5b77-afff-1c33f1d034fc,1.0,same_phone_or_email,9890000.0,,,,,False,False
LD-01215,2026-09-02 09:17:00,Meta Ads,EMP-03,PV-014,Wilmar Restrepo Giraldo, 3142393554 ,,Bogotá D.C.,Honda Dio 110,Contactado,02-09-2026,Remate Modelos 2025,wilmar restrepo giraldo,573142393554,,bogota,meta ads,contactado,2026-09-02 09:17:00,2026-09-02 00:00:00,honda dio 110,1215,SKU-005,100.0,fuzzy,phone:573142393554,76ff7029-ca80-5c8d-b9b5-cfd23c83b2be,False,,1.0,,6890000.0,11290000.0,credito,,soat,False,False
LD-01216,09/10/2026 00:32,WhatsApp,EMP-03,PV-013,Vanessa Herrera Cardona,318 118 0220,vanessa.herrera55@outlook.com,bogotá,hero hunk 160r,Contactado,10/09/2026 12:32,,vanessa herrera cardona,573181180220,vanessa.herrera55@outlook.com,bogota,whatsapp,contactado,2026-10-09 00:32:00,2026-09-10 12:32:00,hero hunk 160r,1216,SKU-022,100.0,fuzzy,phone:573181180220,09240cf9-45ac-594e-ac39-0e676bcbf6d0,False,,1.0,,10490000.0,,,,,False,False
LD-01217,2026-09-05T21:11:00,WhatsApp,EMP-03,PV-012,Yesenia Torres Mosquera,3144550063,,bogotá,Honda CB 125F Twister 2026,sin gestion,,Agosto Cero Cuotas,yesenia torres mosquera,573144550063,,bogota,whatsapp,sin gestion,2026-09-05 21:11:00,,honda cb 125f twister 2026,1217,SKU-001,100.0,fuzzy,phone:573144550063,cc719598-ab44-5e6b-b8d4-7aa0d29fe605,False,,1.0,,7990000.0,15490000.0,credito,,soat,False,False
LD-01218,02/09/2026 00:04,WhatsApp,EMP-02,PV-007,hector ramirez bedoya,3511759608,,Soledad,AKT Evo RS 150 2026,En proceso,05-09-2026,Remate Modelos 2025,hector ramirez bedoya,573511759608,,soledad,whatsapp,en proceso,2026-09-02 00:04:00,2026-09-05 00:00:00,akt evo rs 150 2026,1218,SKU-020,100.0,fuzzy,phone:573511759608,3c8ec904-2fcf-5344-8484-2bc74335e82c,True,3c8ec904-2fcf-5344-8484-2bc74335e82c,1.0,same_phone_or_email,7190000.0,,,,,False,False
LD-01219,2026-08-20 09:01:00,Meta Ads,EMP-01,PV-004,Fabián Vargas Ospina,+57 321 8329906,fabian.vargas39@yahoo.es,Rio Negro,bajaj pulsar ns 125,En proceso,20-08-2026,Prima Extra,fabian vargas ospina,573218329906,fabian.vargas39@yahoo.es,rio negro,meta ads,en proceso,2026-08-20 09:01:00,2026-08-20 00:00:00,bajaj pulsar ns 125,1219,SKU-008,100.0,fuzzy,phone:573218329906,401dc214-c026-59f0-bf1e-f97f9c7b60de,False,,1.0,,8990000.0,,credito,media,soat,False,False
LD-01220,02-08-2026,WhatsApp,EMP-01,PV-005,Juan Carlos Vargas Marín,3509518578,juan.vargas45@outlook.com,Medellín ,Suzuki GN 125,Contactado,2026-08-02 13:41:00,Remate Modelos 2025,juan carlos vargas marin,573509518578,juan.vargas45@outlook.com,medellin,whatsapp,contactado,2026-08-02 00:00:00,2026-08-02 13:41:00,suzuki gn 125,1220,SKU-013,100.0,fuzzy,phone:573509518578,22015a81-a348-5a9f-bd9f-77ce919ea4cf,False,,1.0,,7490000.0,,,,,False,False
LD-01221,17/08/2026 05:14,whatsapp,EMP-01,PV-003,  Wilmar Franco Agudelo  ,3205743171,,BELLO,Suzuki GN 125 2026,contactado,18-08-2026,Retoma tu moto,wilmar franco agudelo,573205743171,,bello,whatsapp,contactado,2026-08-17 05:14:00,2026-08-18 00:00:00,suzuki gn 125 2026,1221,SKU-013,100.0,fuzzy,phone:573205743171,1c1cff92-49a7-5014-9e97-dd44da1bb0a8,False,,1.0,,7490000.0,,,,,False,False
LD-01222,04-09-2026,Meta Ads,EMP-01,PV-001,  Wilmar Agudelo Restrepo  , 3149037411 ,wilmar.agudelo98@outlook.com,Medellín ,Suzuki Best 125,Cotización enviada,2026-09-04T15:00:00,Prima Extra,wilmar agudelo restrepo,573149037411,wilmar.agudelo98@outlook.com,medellin,meta ads,cotizacion enviada,2026-09-04 00:00:00,2026-09-04 15:00:00,suzuki best 125,1222,SKU-016,100.0,fuzzy,phone:573149037411,4d04808a-3a57-55eb-a76d-932d31a5ed32,False,,1.0,,6590000.0,,,,,False,False
LD-01223,2026-09-02 08:03:00,Formulario Web,EMP-02,PV-008,Claudia Patricia Marín Bedoya,3132967584,,Cartagena,Bajaj Discover 125,Contactado,09/02/2026 14:03,,claudia patricia marin bedoya,573132967584,,cartagena,formulario web,contactado,2026-09-02 08:03:00,2026-02-09 14:03:00,bajaj discover 125,1223,SKU-012,100.0,fuzzy,phone:573132967584,110bff07-358b-5fac-9126-64b2f78cc672,False,,1.0,,6990000.0,7490000.0,credito,,soat,False,False
LD-01224,2026-08-15T17:17:00,Meta Ads,EMP-01,PV-004,Vanessa Ospina Jiménez, 3228150341 ,,Rionegro,Hero Hunk 160R,No contesta,08/16/2026 05:17,Agosto Cero Cuotas,vanessa ospina jimenez,573228150341,,rionegro,meta ads,no contesta,2026-08-15 17:17:00,2026-08-16 05:17:00,hero hunk 160r,1224,SKU-022,100.0,fuzzy,phone:573228150341,2d50423a-698e-5f97-aa88-df0531a96e40,False,,1.0,,10490000.0,,,,,False,False
LD-01225,2026-09-07T00:05:00,Formulario Web,EMP-02,PV-010,Kevin Bedoya Bedoya, 3178604980 ,kevin.bedoya77@gmail.com,Montería,Dominar 400,Sin gestión,,,kevin bedoya bedoya,573178604980,kevin.bedoya77@gmail.com,monteria,formulario web,sin gestion,2026-09-07 00:05:00,,dominar 400,1225,SKU-011,100.0,exact,phone:573178604980,71650092-8677-55d3-8ea5-a6690785d588,False,,1.0,,24900000.0,,,,,False,False
LD-01226,2026-08-23T16:23:00,WhatsApp,EMP-01,PV-003,  Mónica Giraldo Escobar  ,3111950532,monica.giraldo27@gmail.com,BELLO,Suzuki Gixxer 150,sin gestion,,,monica giraldo escobar,573111950532,monica.giraldo27@gmail.com,bello,whatsapp,sin gestion,2026-08-23 16:23:00,,suzuki gixxer 150,1226,SKU-014,100.0,fuzzy,phone:573111950532,33091f57-25f4-5107-9788-b72d8886956d,False,,1.0,,11990000.0,,,,,False,False
LD-01227,2026-08-05T19:40:00,WhatsApp,EMP-03,PV-014,CLAUDIA PATRICIA SALAZAR VALENCIA,312-082-0796,claudia.salazar96@yahoo.es,Bogotá,AKT Dynamic R3 125,Sin gestión,,,claudia patricia salazar valencia,573120820796,claudia.salazar96@yahoo.es,bogota,whatsapp,sin gestion,2026-08-05 19:40:00,,akt dynamic r3 125,1227,SKU-018,100.0,fuzzy,phone:573120820796,b77f7ed5-6b24-5269-b2b6-a372914818d2,False,,1.0,,5590000.0,,,,,False,False
LD-01228,14/08/2026 05:07,Formulario Web,EMP-01,PV-005,ESTEFANÍA AGUDELO GÓMEZ,+57 350 2826310,estefania.agudelo42@yahoo.es,Medellín ,Bajaj Boxer,Contactado,18-08-2026,Remate Modelos 2025,estefania agudelo gomez,573502826310,estefania.agudelo42@yahoo.es,medellin,formulario web,contactado,2026-08-14 05:07:00,2026-08-18 00:00:00,bajaj boxer,1228,,62.5,unmatched,phone:573502826310,e9ef9ffa-b7f3-5d13-908f-95aa11a7a683,True,e9ef9ffa-b7f3-5d13-908f-95aa11a7a683,1.0,same_phone_or_email,,7490000.0,credito,,soat,False,False
LD-01229,08/25/2026 01:52,WhatsApp,EMP-02,PV-008,LILIANA HERNÁNDEZ LONDOÑO,3134444770,,Cartagena,honda navi,Sin gestión,,,liliana hernandez londono,573134444770,,cartagena,whatsapp,sin gestion,2026-08-25 01:52:00,,honda navi,1229,SKU-004,100.0,fuzzy,phone:573134444770,438b2ffb-3e92-5dbd-8d8f-c433f7789aff,True,438b2ffb-3e92-5dbd-8d8f-c433f7789aff,1.0,same_phone_or_email,7290000.0,,credito,,soat,True,False
LD-01230,2026-08-05 23:42:00,Meta Ads,EMP-01,PV-001,Freddy Salazar Cardona,350-077-1559,,medellin,Bajaj,Cotización enviada,06/08/2026 00:42,Remate Modelos 2025,freddy salazar cardona,573500771559,,medellin,meta ads,cotizacion enviada,2026-08-05 23:42:00,2026-08-06 00:42:00,bajaj,1230,,22.22222222222223,unmatched,phone:573500771559,7fb056d0-0399-5565-847b-fa0941415318,False,,1.0,,,,,,,False,False
LD-01231,2026-08-14 19:15:00,WhatsApp,EMP-02,PV-010,Freddy Rodríguez Marín,301-766-7723,freddy.rodriguez91@outlook.com,Montería,AKT,contactado,2026-08-15T19:15:00,Prima Extra,freddy rodriguez marin,573017667723,freddy.rodriguez91@outlook.com,monteria,whatsapp,contactado,2026-08-14 19:15:00,2026-08-15 19:15:00,akt,1231,,28.57142857142857,unmatched,phone:573017667723,434d13c6-c102-5f5f-9c12-4cae93d5cf59,False,,1.0,,,,,,,False,False
LD-01232,2026-08-05 14:35:00,whatsapp,EMP-02,PV-006,DIANA CAROLINA TORRES OSORIO,3162980044,diana.torres16@gmail.com,BARRANQUILLA,Hnda CB 190R,Contactado,2026-08-08T14:35:00,Agosto Cero Cuotas,diana carolina torres osorio,573162980044,diana.torres16@gmail.com,barranquilla,whatsapp,contactado,2026-08-05 14:35:00,2026-08-08 14:35:00,hnda cb 190r,1232,SKU-003,100.0,fuzzy,phone:573162980044,f6e2ff02-0864-55bd-9713-8c496ce3e7b6,False,,1.0,,13990000.0,,,,,False,False
LD-01233,19/08/2026 09:19,Meta Ads,EMP-03,PV-015,Paula Andrea Mosquera Herrera,3139528303,paula.mosquera7@yahoo.es,Soacha,,Sin gestión,,,paula andrea mosquera herrera,573139528303,paula.mosquera7@yahoo.es,soacha,meta ads,sin gestion,2026-08-19 09:19:00,,,1233,,0.0,none,phone:573139528303,7766bd8d-ee37-539c-801a-3d69deee51db,False,,1.0,,,,,,,False,False
LD-01234,2026-08-10 02:29:00,Formulario Web,EMP-02,PV-006,Luisa Betancur Torres,(315) 104-7341,,BARRANQUILLA,Honda,Contactado,2026-08-10 08:29:00,,luisa betancur torres,573151047341,,barranquilla,formulario web,contactado,2026-08-10 02:29:00,2026-08-10 08:29:00,honda,1234,,44.44444444444444,unmatched,phone:573151047341,34cbacf7-6a81-5fe7-b8b0-10f7bc88b937,False,,1.0,,,,,,,False,False
LD-01235,09/01/2026 15:46,WhatsApp,EMP-02,PV-009,  Freddy Correa Muñoz  ,3154235528,freddy.correa38@outlook.com,Santa Marta,bajaj pulsar ns 125,Sin gestión,,Agosto Cero Cuotas,freddy correa munoz,573154235528,freddy.correa38@outlook.com,santa marta,whatsapp,sin gestion,2026-01-09 15:46:00,,bajaj pulsar ns 125,1235,SKU-008,100.0,fuzzy,phone:573154235528,899aa8db-5d83-5c6d-a728-bc5d0ecff063,True,899aa8db-5d83-5c6d-a728-bc5d0ecff063,1.0,same_phone_or_email,8990000.0,,,,,False,False
LD-01236,2026-08-19 03:40:00,WhatsApp,EMP-03,PV-011,Juan Carlos Hernández Escobar,315-452-8205,,Bogotá,Hero,En proceso,19/08/2026 07:40,,juan carlos hernandez escobar,573154528205,,bogota,whatsapp,en proceso,2026-08-19 03:40:00,2026-08-19 07:40:00,hero,1236,,28.57142857142857,unmatched,phone:573154528205,9864f345-7a18-52bc-bf53-43b9b47e7c5d,False,,1.0,,,4990000.0,credito,,cuota,False,True
LD-01237,2026-08-22 14:49:00,meta ads,EMP-02,PV-006,Héctor Torres Muñoz,3006953296,hector.torres14@yahoo.es,B/quilla,Honda XR 150L,En proceso,08/23/2026 08:49,,hector torres munoz,573006953296,hector.torres14@yahoo.es,b/quilla,meta ads,en proceso,2026-08-22 14:49:00,2026-08-23 08:49:00,honda xr 150l,1237,SKU-002,100.0,fuzzy,phone:573006953296,e81849d5-f461-51b0-8512-f0e761b3df55,False,,1.0,,11490000.0,,,,,False,False
LD-01238,2026-08-25 17:21:00,Meta Ads,EMP-03,PV-015,JUAN CARLOS CASTAÑO AGUDELO, 3509596481 ,,SOACHA,Bajaj Dominar 400 2026,Descartado,,,juan carlos castano agudelo,573509596481,,soacha,meta ads,descartado,2026-08-25 17:21:00,,bajaj dominar 400 2026,1238,SKU-011,100.0,fuzzy,phone:573509596481,aa02a322-5936-5f7b-8807-b1dcc8bfd1d4,False,,1.0,,24900000.0,5290000.0,credito,,cuota,False,True
LD-01239,2026-09-06T22:07:00,WhatsApp,EMP-02,PV-010,Vanessa Herrera Torres,3002309564,,Monteria,Bajaj Pulsar RS 200,contactado,07-09-2026,Prima Extra,vanessa herrera torres,573002309564,,monteria,whatsapp,contactado,2026-09-06 22:07:00,2026-09-07 00:00:00,bajaj pulsar rs 200,1239,SKU-010,100.0,fuzzy,phone:573002309564,68893cac-e6db-566f-84f3-2aaafc5e388a,False,,1.0,,15490000.0,,,,,False,False
LD-01240,2026-08-02 21:00:00,Meta Ads,EMP-01,PV-005,  Diana Carolina Rodríguez Torres  ,573020424343,diana.rodriguez75@gmail.com,Medellín ,AKT,Cotización enviada,03-08-2026,Agosto Cero Cuotas,diana carolina rodriguez torres,573020424343,diana.rodriguez75@gmail.com,medellin,meta ads,cotizacion enviada,2026-08-02 21:00:00,2026-08-03 00:00:00,akt,1240,,28.57142857142857,unmatched,phone:573020424343,0e3af784-a576-5946-ae37-f286fe5cf365,True,0e3af784-a576-5946-ae37-f286fe5cf365,1.0,same_phone_or_email,,,,,,False,False
LD-01241,24/08/2026 12:05,META ADS,EMP-02,PV-006,Alexander Salazar Muñoz,573000536500,,barranquilla,AKT NKD 125,En proceso,25-08-2026,Remate Modelos 2025,alexander salazar munoz,573000536500,,barranquilla,meta ads,en proceso,2026-08-24 12:05:00,2026-08-25 00:00:00,akt nkd 125,1241,SKU-017,100.0,fuzzy,phone:573000536500,29732912-ee93-5f5a-8f0d-f57962762d68,False,,1.0,,5290000.0,6590000.0,credito,,soat,False,False
LD-01242,2026-08-08 15:32:00,WhatsApp,EMP-01,PV-003,Angie Paola Ramírez Mosquera,573502392019,angie.ramirez97@gmail.com,Bello,Honda XRE 300 2026,Cotización enviada,09/08/2026 15:32,Prima Extra,angie paola ramirez mosquera,573502392019,angie.ramirez97@gmail.com,bello,whatsapp,cotizacion enviada,2026-08-08 15:32:00,2026-08-09 15:32:00,honda xre 300 2026,1242,SKU-006,100.0,fuzzy,phone:573502392019,85790e75-2a97-5c0c-91e4-cda457951758,False,,1.0,,22900000.0,6990000.0,credito,,cuota,False,True
LD-01243,15-08-2026,WhatsApp,EMP-01,PV-005,Adriana Cardona Torres,(302) 951-0230,adriana.cardona27@outlook.com,MEDELLIN,hero xpulse 200,sin gestion,,Feria de Motos 2026,adriana cardona torres,573029510230,adriana.cardona27@outlook.com,medellin,whatsapp,sin gestion,2026-08-15 00:00:00,,hero xpulse 200,1243,SKU-023,100.0,fuzzy,phone:573029510230,f0ae0c0d-1d02-5fb0-b270-038389522788,False,,1.0,,14990000.0,11990000.0,credito,media,cuota,False,True
LD-01244,2026-08-08 05:16:00,WhatsApp,EMP-03,PV-014,Leidy Johana Valencia Vargas,313 778 7451,,Bogotá D.C.,BAJAJ PULSAR NS 125,Contactado,08-08-2026,,leidy johana valencia vargas,573137787451,,bogota,whatsapp,contactado,2026-08-08 05:16:00,2026-08-08 00:00:00,bajaj pulsar ns 125,1244,SKU-008,100.0,fuzzy,phone:573137787451,7abc6310-72fc-5896-aaae-2a5fcb54732e,False,,1.0,,8990000.0,,,,,False,False
LD-01245,09/09/2026 03:37,WhatsApp,EMP-02,PV-006,María Fernanda Agudelo Londoño,304-180-4161,,Barranquilla,akt ttr 200,Sin gestión,,Retoma tu moto,maria fernanda agudelo londono,573041804161,,barranquilla,whatsapp,sin gestion,2026-09-09 03:37:00,,akt ttr 200,1245,SKU-019,100.0,fuzzy,phone:573041804161,4792d8ae-1ebb-5321-872c-c4dff8c0d08a,False,,1.0,,9890000.0,,,,,False,False
LD-01246,21-08-2026,Formulario Web,EMP-01,PV-004,CAMILO OSORIO VALENCIA,301-361-9146,,Rio Negro,AKT NKD 125 2026,sin gestion,,,camilo osorio valencia,573013619146,,rio negro,formulario web,sin gestion,2026-08-21 00:00:00,,akt nkd 125 2026,1246,SKU-017,100.0,fuzzy,phone:573013619146,c846857e-d452-50f1-a78c-7d0a44c4f0c5,False,,1.0,,5290000.0,,credito,media,soat,False,False
LD-01247,09/02/2026 02:32,Formulario Web,EMP-03,PV-015,Juan Carlos Quintero Cardona,3008246842,juan.quintero8@outlook.com,SOACHA,Suzuki Best 125 2026,Sin gestión,,,juan carlos quintero cardona,573008246842,juan.quintero8@outlook.com,soacha,formulario web,sin gestion,2026-02-09 02:32:00,,suzuki best 125 2026,1247,SKU-016,100.0,fuzzy,phone:573008246842,8b0679f1-cedc-530e-8d0a-c46de56c291c,False,,1.0,,6590000.0,,,,,False,False
LD-01248,2026-08-18T12:57:00,Formulario Web,EMP-01,PV-005,Kevin Osorio Muñoz,3178301044,kevin.osorio76@gmail.com,,Suzuki V-Strom 250,Sin gestión,,Remate Modelos 2025,kevin osorio munoz,573178301044,kevin.osorio76@gmail.com,,formulario web,sin gestion,2026-08-18 12:57:00,,suzuki v-strom 250,1248,SKU-015,100.0,fuzzy,phone:573178301044,7d91f920-cc3c-507b-968c-0a694a945ea2,True,7d91f920-cc3c-507b-968c-0a694a945ea2,1.0,same_phone_or_email,21900000.0,,credito,,soat,False,False
LD-01249,2026-08-11T19:41:00,Meta Ads,EMP-01,PV-005,Angie Paola Hernández Zapata,3207331096,angie.hernandez11@hotmail.com,MEDELLIN,AKT TTR,Sin gestión,,Prima Extra,angie paola hernandez zapata,573207331096,angie.hernandez11@hotmail.com,medellin,meta ads,sin gestion,2026-08-11 19:41:00,,akt ttr,1249,,60.0,unmatched,phone:573207331096,c9d3ab2d-dd49-5ed4-a381-077449b7795f,False,,1.0,,,,,,,False,False
LD-01250,10/08/2026 22:58,WhatsApp,EMP-01,PV-004,LEIDY JOHANA JIMÉNEZ BETANCUR,315-851-2799,,RIONEGRO,BAJAJ BOXER CT 100,Contactado,,Retoma tu moto,leidy johana jimenez betancur,573158512799,,rionegro,whatsapp,contactado,2026-08-10 22:58:00,,bajaj boxer ct 100,1250,SKU-007,100.0,fuzzy,phone:573158512799,28a3d322-c2e7-5ac0-9433-5618e340d291,False,,1.0,,5790000.0,11490000.0,credito,,soat,False,False
LD-01251,2026-08-07 16:24:00,WhatsApp,EMP-03,PV-014,Sebastián Giraldo Marín,3007187396,sebastian.giraldo91@gmail.com,Bogotá D.C.,Honda Navi,contactado,,Retoma tu moto,sebastian giraldo marin,573007187396,sebastian.giraldo91@gmail.com,bogota,whatsapp,contactado,2026-08-07 16:24:00,,honda navi,1251,SKU-004,100.0,fuzzy,phone:573007187396,614869ed-5c63-5fcb-87a5-a6eedf0e7549,False,,1.0,,7290000.0,,,,,False,False
LD-01252,08/09/2026 04:20,meta ads,EMP-03,PV-012,Adriana Restrepo Escobar,310 919 0236,,Bogotá D.C.,AKT,En proceso,08/09/2026 10:20,,adriana restrepo escobar,573109190236,,bogota,meta ads,en proceso,2026-09-08 04:20:00,2026-09-08 10:20:00,akt,1252,,28.57142857142857,unmatched,phone:573109190236,ded1c8dd-d286-5105-af35-5bfc4ca04a53,False,,1.0,,,,,,,False,False
LD-01253,2026-08-08 10:51:00,Meta Ads,EMP-03,PV-014,Sebastián Londoño Gómez,3214477421,sebastian.londono72@outlook.com,bogotá,SUZUKI GIXXER 150,no contesta,08-08-2026,Feria de Motos 2026,sebastian londono gomez,573214477421,sebastian.londono72@outlook.com,bogota,meta ads,no contesta,2026-08-08 10:51:00,2026-08-08 00:00:00,suzuki gixxer 150,1253,SKU-014,100.0,fuzzy,phone:573214477421,6926ab27-3adb-5647-853f-9ff472392367,False,,1.0,,11990000.0,,,,,False,False
LD-01254,2026-08-26 13:22:00,Meta Ads,EMP-02,PV-009,Carlos Mario Restrepo Betancur,3226297833,carlos.restrepo44@hotmail.com,SANTA MARTA,Dash 110,Contactado,2026-08-26 15:22:00,Remate Modelos 2025,carlos mario restrepo betancur,573226297833,carlos.restrepo44@hotmail.com,santa marta,meta ads,contactado,2026-08-26 13:22:00,2026-08-26 15:22:00,dash 110,1254,SKU-024,100.0,exact,phone:573226297833,03a0a2c7-5d32-564f-8340-7f1fb27f7585,False,,1.0,,6290000.0,,,,,False,False
LD-01255,18/08/2026 12:55,Meta Ads,EMP-03,PV-014,Carlos Mario Marín Bedoya,+57 311 7028097,,Bogota,Hero Eco Deluxe 100,no contesta,08/19/2026 12:55,,carlos mario marin bedoya,573117028097,,bogota,meta ads,no contesta,2026-08-18 12:55:00,2026-08-19 12:55:00,hero eco deluxe 100,1255,SKU-021,100.0,fuzzy,phone:573117028097,5269cb06-ac19-5e88-bd1c-76db343bcab9,True,5269cb06-ac19-5e88-bd1c-76db343bcab9,1.0,same_phone_or_email,4990000.0,5590000.0,credito,,soat,False,False
LD-01256,2026-08-27 11:00:00,META ADS,EMP-01,PV-003,KATHERINE CASTAÑO BEDOYA,322-627-5592,,bello,AKT Dynamic R3 125,Sin gestión,,,katherine castano bedoya,573226275592,,bello,meta ads,sin gestion,2026-08-27 11:00:00,,akt dynamic r3 125,1256,SKU-018,100.0,fuzzy,phone:573226275592,c4f35d5b-b457-539d-8e16-ca2807cc6b38,False,,1.0,,5590000.0,,,,,False,False
LD-01257,2026-09-07 16:49:00,WhatsApp,EMP-02,PV-006,  Juan Carlos Gómez Mosquera  ,3109479222,juan.gomez43@outlook.com,B/quilla,Suzuki GN 125,Sin gestión,,Feria de Motos 2026,juan carlos gomez mosquera,573109479222,juan.gomez43@outlook.com,b/quilla,whatsapp,sin gestion,2026-09-07 16:49:00,,suzuki gn 125,1257,SKU-013,100.0,fuzzy,phone:573109479222,bc041288-aed7-5eeb-972a-feca24151647,False,,1.0,,7490000.0,,,,,False,False
LD-01258,2026-08-16 18:42:00,Meta Ads,EMP-01,PV-003,Luisa Marín Vargas,350 265 3065,,BELLO,hero hunk 160r,No contesta,08/16/2026 19:42,,luisa marin vargas,573502653065,,bello,meta ads,no contesta,2026-08-16 18:42:00,2026-08-16 19:42:00,hero hunk 160r,1258,SKU-022,100.0,fuzzy,phone:573502653065,8212971f-4daf-5f8a-8d24-d91f7b5aac94,False,,1.0,,10490000.0,,,,,False,False
LD-01259,05-09-2026,WhatsApp,EMP-02,PV-008,Paula Andrea Escobar Castaño,573026867483,paula.escobar54@gmail.com,CARTAGENA,Honda,Sin gestión,,Prima Extra,paula andrea escobar castano,573026867483,paula.escobar54@gmail.com,cartagena,whatsapp,sin gestion,2026-09-05 00:00:00,,honda,1259,,44.44444444444444,unmatched,phone:573026867483,a340e413-719a-5579-bb0e-689da0b70744,False,,1.0,,,7990000.0,credito,,soat,False,False
LD-01260,18/08/2026 11:13,WhatsApp,EMP-01,PV-002,  Brayan Betancur Hernández  ,3059805874,brayan.betancur44@yahoo.es,ITAGUI,Suzuki,Contactado,08/19/2026 11:13,Retoma tu moto,brayan betancur hernandez,573059805874,brayan.betancur44@yahoo.es,itagui,whatsapp,contactado,2026-08-18 11:13:00,2026-08-19 11:13:00,suzuki,1260,,26.66666666666667,unmatched,phone:573059805874,bc59f1a1-4d06-57ef-ab2d-fcbc9885787f,False,,1.0,,,,,,,False,False
LD-01261,2026-08-27 12:08:00,Meta Ads,EMP-01,PV-005,Kevin Osorio Muñoz,+57 317 8301044,kevin.osorio75@hotmail.com,Medellín ,,En proceso,2026-08-27T13:08:00,Prima Extra,kevin osorio munoz,573178301044,kevin.osorio75@hotmail.com,medellin,meta ads,en proceso,2026-08-27 12:08:00,2026-08-27 13:08:00,,1261,,0.0,none,phone:573178301044,7d91f920-cc3c-507b-968c-0a694a945ea2,True,7d91f920-cc3c-507b-968c-0a694a945ea2,1.0,same_phone_or_email,,,,,,False,False
LD-01262,2026-08-23T16:04:00,Meta Ads,EMP-03,PV-012,SEBASTIÁN RODRÍGUEZ ARIAS, 3219211108 ,,Bogotá D.C.,Bajaj Pulsar NS 125,contactado,,Remate Modelos 2025,sebastian rodriguez arias,573219211108,,bogota,meta ads,contactado,2026-08-23 16:04:00,,bajaj pulsar ns 125,1262,SKU-008,100.0,fuzzy,phone:573219211108,d14cc4f6-0bd8-51f7-9d81-c436d316a6bd,False,,1.0,,8990000.0,21900000.0,credito,media,cuota,False,True
LD-01263,2026-09-06 04:18:00,Meta Ads,EMP-01,PV-004,Carlos Mario Franco Ramírez,3509070749,carlos.franco24@yahoo.es,Rio Negro,Suzuki,No contesta,2026-09-06 22:18:00,Retoma tu moto,carlos mario franco ramirez,573509070749,carlos.franco24@yahoo.es,rio negro,meta ads,no contesta,2026-09-06 04:18:00,2026-09-06 22:18:00,suzuki,1263,,26.66666666666667,unmatched,phone:573509070749,b9d48551-926c-570b-9fc5-8207303ab791,False,,1.0,,,,,,,False,False
LD-01264,2026-08-18 23:17:00,WhatsApp,EMP-02,PV-006,Wilmar Zapata Pérez,573026353723,wilmar.zapata3@gmail.com,barranquilla,honda cb 190r,sin gestion,,,wilmar zapata perez,573026353723,wilmar.zapata3@gmail.com,barranquilla,whatsapp,sin gestion,2026-08-18 23:17:00,,honda cb 190r,1264,SKU-003,100.0,fuzzy,phone:573026353723,f7956862-6e4f-5d66-9219-339448a5c914,False,,1.0,,13990000.0,,,,,False,False
LD-01265,29-08-2026,Meta Ads,EMP-03,PV-014,Andrés Felipe Salazar Correa,+57 351 1900858,andres.salazar21@yahoo.es,bogotá,BAJAJ PULSAR RS 200,Contactado,01-09-2026,Feria de Motos 2026,andres felipe salazar correa,573511900858,andres.salazar21@yahoo.es,bogota,meta ads,contactado,2026-08-29 00:00:00,2026-09-01 00:00:00,bajaj pulsar rs 200,1265,SKU-010,100.0,fuzzy,phone:573511900858,599c627b-fba3-59ef-963a-60edfca46d83,False,,1.0,,15490000.0,,,,,False,False
LD-01266,05/09/2026 15:43,Meta Ads,EMP-01,PV-001,  Diana Carolina Hernández Herrera  ,(302) 315-8066,,Medellin,suzuki gixxer 150,Contactado,2026-09-06 15:43:00,Retoma tu moto,diana carolina hernandez herrera,573023158066,,medellin,meta ads,contactado,2026-09-05 15:43:00,2026-09-06 15:43:00,suzuki gixxer 150,1266,SKU-014,100.0,fuzzy,phone:573023158066,a5b3a313-a60b-51d2-aed8-0756b4601ed9,False,,1.0,,11990000.0,,,,,False,False
LD-01267,2026-09-03 20:48:00,Formulario Web,EMP-02,PV-008,LILIANA CORREA SALAZAR, 3126632254 ,,CARTAGENA,,Sin gestión,,,liliana correa salazar,573126632254,,cartagena,formulario web,sin gestion,2026-09-03 20:48:00,,,1267,,0.0,none,phone:573126632254,7caad447-702f-5f4b-bcab-0d2dc40c4865,False,,1.0,,,,,,,False,False
LD-01268,2026-08-04T12:16:00,Formulario Web,EMP-02,PV-008,Alexander Jiménez Agudelo,+57 315 0460536,,Cartagena,Hero Hunk 160R,Sin gestión,,Feria de Motos 2026,alexander jimenez agudelo,573150460536,,cartagena,formulario web,sin gestion,2026-08-04 12:16:00,,hero hunk 160r,1268,SKU-022,100.0,fuzzy,phone:573150460536,410be003-dfc9-57e4-8d36-57c468557c32,False,,1.0,,10490000.0,,,,,False,False
LD-01269,02/08/2026 02:15,WhatsApp,EMP-01,PV-004,estefania escobar valencia,3128446915,estefania.escobar62@outlook.com,Rio Negro,Bajaj Pulsar NS 125,En proceso,05/08/2026 02:15,Feria de Motos 2026,estefania escobar valencia,573128446915,estefania.escobar62@outlook.com,rio negro,whatsapp,en proceso,2026-08-02 02:15:00,2026-08-05 02:15:00,bajaj pulsar ns 125,1269,SKU-008,100.0,fuzzy,phone:573128446915,0602f044-de28-5c8c-8d45-d09d2a00156a,True,0602f044-de28-5c8c-8d45-d09d2a00156a,1.0,same_phone_or_email,8990000.0,13990000.0,credito,media,cuota,False,True
LD-01270,2026-08-31 09:06:00,Formulario Web,EMP-01,PV-005,Andrés Felipe Pérez Betancur,301 288 3073,,Medellín ,HONDA DIO 110,En proceso,2026-08-31T21:06:00,Remate Modelos 2025,andres felipe perez betancur,573012883073,,medellin,formulario web,en proceso,2026-08-31 09:06:00,2026-08-31 21:06:00,honda dio 110,1270,SKU-005,100.0,fuzzy,phone:573012883073,7ab2d72c-2690-583d-8dbf-26e2e2e5439a,False,,1.0,,6890000.0,,,,,False,False
LD-01271,06/08/2026 04:42,whatsapp,EMP-01,PV-002,H. Valencia Ospina,3176036920,hector.valencia93@gmail.com,ITAGUI,Hero Eco Deluxe 100,Contactado,08/08/2026 04:42,Feria de Motos 2026,h. valencia ospina,573176036920,hector.valencia93@gmail.com,itagui,whatsapp,contactado,2026-08-06 04:42:00,2026-08-08 04:42:00,hero eco deluxe 100,1271,SKU-021,100.0,fuzzy,phone:573176036920,c7ee69e0-7dcf-5674-ac5a-5e4c87a05168,True,c7ee69e0-7dcf-5674-ac5a-5e4c87a05168,1.0,same_phone_or_email,4990000.0,6590000.0,credito,,cuota,False,True
LD-01272,2026-08-16 00:10:00,WhatsApp,EMP-02,PV-007,  Angie Paola Gómez Castaño  ,+57 318 6677732,angie.gomez74@gmail.com,SOLEDAD,AKT Dynamic R3 125,En proceso,2026-08-16 18:10:00,Retoma tu moto,angie paola gomez castano,573186677732,angie.gomez74@gmail.com,soledad,whatsapp,en proceso,2026-08-16 00:10:00,2026-08-16 18:10:00,akt dynamic r3 125,1272,SKU-018,100.0,fuzzy,phone:573186677732,04f1d916-39ff-5de1-85c9-e2520d292e8a,False,,1.0,,5590000.0,22900000.0,credito,media,soat,False,False
LD-01273,2026-08-24T14:11:00,WhatsApp,EMP-01,PV-003,Estefanía Ospina Correa,3104846448,estefania.ospina10@outlook.com,BELLO,BAJAJ PULSAR NS 160,Sin gestión,,,estefania ospina correa,573104846448,estefania.ospina10@outlook.com,bello,whatsapp,sin gestion,2026-08-24 14:11:00,,bajaj pulsar ns 160,1273,SKU-009,100.0,fuzzy,phone:573104846448,29d0f2ed-1f09-5596-8519-e9d7b51a4aba,False,,1.0,,11290000.0,13990000.0,credito,,cuota,False,True
LD-01274,13/08/2026 05:27,WhatsApp,EMP-01,PV-005,  María Fernanda Correa Correa  , 3157280319 ,,Medellín ,Bajaj Pulsar NS 125 2026,Contactado,13-08-2026,Agosto Cero Cuotas,maria fernanda correa correa,573157280319,,medellin,whatsapp,contactado,2026-08-13 05:27:00,2026-08-13 00:00:00,bajaj pulsar ns 125 2026,1274,SKU-008,100.0,fuzzy,phone:573157280319,a10ca3fa-f9a0-5512-b9b2-9c739fdfe5cf,False,,1.0,,8990000.0,13990000.0,credito,,cuota,False,True
LD-01275,2026-08-28 15:32:00,Formulario Web,EMP-02,PV-006,Erika Marín Mosquera,3505218682,,BARRANQUILLA,Bajaj  Pulsar RS 200,Sin gestión,,Prima Extra,erika marin mosquera,573505218682,,barranquilla,formulario web,sin gestion,2026-08-28 15:32:00,,bajaj pulsar rs 200,1275,SKU-010,100.0,fuzzy,phone:573505218682,6361ac9f-a9ab-54f8-93a0-ac257636e4e9,False,,1.0,,15490000.0,24900000.0,credito,media,cuota,False,True
LD-01276,2026-08-18 19:57:00,WhatsApp,EMP-03,PV-012,Duván Torres Mosquera, 3516039229 ,duvan.torres93@gmail.com,bogotá,bajaj boxer ct 100,Sin gestión,,Agosto Cero Cuotas,duvan torres mosquera,573516039229,duvan.torres93@gmail.com,bogota,whatsapp,sin gestion,2026-08-18 19:57:00,,bajaj boxer ct 100,1276,SKU-007,100.0,fuzzy,phone:573516039229,3ba8cc24-7087-5ab4-8cc1-4dbe52b34ffd,False,,1.0,,5790000.0,,,,,False,False
LD-01277,2026-08-04 16:42:00,WhatsApp,EMP-02,PV-007,Édinson Osorio Herrera,322-619-1215,,Soledad,AKT Dynamic R3 125 2026,Contactado,2026-08-05 04:42:00,,edinson osorio herrera,573226191215,,soledad,whatsapp,contactado,2026-08-04 16:42:00,2026-08-05 04:42:00,akt dynamic r3 125 2026,1277,SKU-018,100.0,fuzzy,phone:573226191215,672edcb7-6b67-5fef-96ed-815c2a2c6b42,False,,1.0,,5590000.0,7190000.0,credito,media,cuota,False,True
LD-01278,19-08-2026,FORMULARIO WEB,EMP-02,PV-009,  Paula Andrea Ramírez Marín  ,3146915527,,Sta Marta,SUZUKI GIXXER 150,Contactado,2026-08-22 11:49:00,Retoma tu moto,paula andrea ramirez marin,573146915527,,santa marta,formulario web,contactado,2026-08-19 00:00:00,2026-08-22 11:49:00,suzuki gixxer 150,1278,SKU-014,100.0,fuzzy,phone:573146915527,ac9b3971-3848-5d4e-8b4c-2f8eb23f039b,False,,1.0,,11990000.0,,credito,,soat,False,False
LD-01279,2026-08-04 09:23:00,Formulario Web,EMP-01,PV-002,Kevin Marín Ospina,+57 320 6051014,kevin.marin75@hotmail.com,ITAGUI,Bajaj  Boxer CT 100,Contactado,05-08-2026,,kevin marin ospina,573206051014,kevin.marin75@hotmail.com,itagui,formulario web,contactado,2026-08-04 09:23:00,2026-08-05 00:00:00,bajaj boxer ct 100,1279,SKU-007,100.0,fuzzy,phone:573206051014,74e55138-0e89-5395-b1d5-323af2383e53,False,,1.0,,5790000.0,,,,,False,False
LD-01280,02/08/2026 04:54,WhatsApp,EMP-03,PV-014,JORGE IVÁN ARIAS SALAZAR,3215025918,jorge.arias63@yahoo.es,BOGOTA,suzuki best 125,Contactado,02/08/2026 10:54,Remate Modelos 2025,jorge ivan arias salazar,573215025918,jorge.arias63@yahoo.es,bogota,whatsapp,contactado,2026-08-02 04:54:00,2026-08-02 10:54:00,suzuki best 125,1280,SKU-016,100.0,fuzzy,phone:573215025918,92a9917a-6358-5c4d-b902-b953e147e3c9,False,,1.0,,6590000.0,11490000.0,credito,,soat,False,False
LD-01281,19/08/2026 19:14,Meta Ads,EMP-02,PV-006,JUAN CARLOS RESTREPO QUINTERO,3178538728,,B/quilla,Bajaj Boxer CT 100,no contesta,20/08/2026 19:14,Remate Modelos 2025,juan carlos restrepo quintero,573178538728,,b/quilla,meta ads,no contesta,2026-08-19 19:14:00,2026-08-20 19:14:00,bajaj boxer ct 100,1281,SKU-007,100.0,fuzzy,phone:573178538728,dbb2cd9b-ea30-52f5-a679-c3746f17fa57,False,,1.0,,5790000.0,,,,,False,False
LD-01282,20/08/2026 17:04,WhatsApp,EMP-01,PV-004,Vanessa Escobar Agudelo,350 042 4675,vanessa.escobar64@outlook.com,Rio Negro,Suzuki Best 125,no contesta,21/08/2026 11:04,,vanessa escobar agudelo,573500424675,vanessa.escobar64@outlook.com,rio negro,whatsapp,no contesta,2026-08-20 17:04:00,2026-08-21 11:04:00,suzuki best 125,1282,SKU-016,100.0,fuzzy,phone:573500424675,60562481-f4ac-5968-a621-243deacaec11,True,60562481-f4ac-5968-a621-243deacaec11,1.0,same_phone_or_email,6590000.0,,,,,False,False
LD-01283,2026-08-05 12:31:00,WhatsApp,EMP-02,PV-008,María Valencia, 3161530381 ,,Cartagena,AKT EVO RS 150,sin gestion,,,maria valencia,573161530381,,cartagena,whatsapp,sin gestion,2026-08-05 12:31:00,,akt evo rs 150,1283,SKU-020,100.0,fuzzy,phone:573161530381,1a31aa6b-7d83-5a49-a5d5-77a0c65d0257,True,1a31aa6b-7d83-5a49-a5d5-77a0c65d0257,1.0,same_phone_or_email,7190000.0,,,,,False,False
LD-01284,08/14/2026 23:37,whatsapp,EMP-01,PV-005,Juan Restrepo,3181791662,juan.restrepo38@yahoo.es,Medellín,Suzuki V-Strom 250,Descartado,08/15/2026 01:37,Retoma tu moto,juan restrepo,573181791662,juan.restrepo38@yahoo.es,medellin,whatsapp,descartado,2026-08-14 23:37:00,2026-08-15 01:37:00,suzuki v-strom 250,1284,SKU-015,100.0,fuzzy,phone:573181791662,8877da2f-a34d-58b9-9d1a-ae36a710cd6e,True,8877da2f-a34d-58b9-9d1a-ae36a710cd6e,1.0,same_phone_or_email,21900000.0,,,,,False,False
LD-01285,08/28/2026 17:20,Formulario Web,EMP-02,PV-006,Leidy Johana Betancur Ospina,(321) 503-6724,leidy.betancur32@gmail.com,barranquilla,Bajaj Pulsar NS 125,no contesta,2026-08-29 11:20:00,Prima Extra,leidy johana betancur ospina,573215036724,leidy.betancur32@gmail.com,barranquilla,formulario web,no contesta,2026-08-28 17:20:00,2026-08-29 11:20:00,bajaj pulsar ns 125,1285,SKU-008,100.0,fuzzy,phone:573215036724,997dc41b-b365-52a2-ac38-75f1bea1327c,False,,1.0,,8990000.0,,credito,,soat,False,False
LD-01286,12-08-2026,WhatsApp,EMP-02,PV-007,Jorge Iván Bedoya Salazar,304-094-1410,jorge.bedoya1@hotmail.com,Soledad,Bajaj Pulsar NS 125,En proceso,2026-08-13T02:09:00,Prima Extra,jorge ivan bedoya salazar,573040941410,jorge.bedoya1@hotmail.com,soledad,whatsapp,en proceso,2026-08-12 00:00:00,2026-08-13 02:09:00,bajaj pulsar ns 125,1286,SKU-008,100.0,fuzzy,phone:573040941410,0de53fd3-9ac5-5afc-9d08-4647d1918e62,False,,1.0,,8990000.0,,credito,media,precio,False,True
LD-01287,2026-08-31 03:23:00,formulario web,EMP-01,PV-005,CARLOS MARIO MARÍN RESTREPO,(321) 120-3543,,Medellin,BAJAJ BOXER CT 100,No contesta,31-08-2026,Remate Modelos 2025,carlos mario marin restrepo,573211203543,,medellin,formulario web,no contesta,2026-08-31 03:23:00,2026-08-31 00:00:00,bajaj boxer ct 100,1287,SKU-007,100.0,fuzzy,phone:573211203543,6bac25f8-4033-500e-bd81-bc9329aeae52,False,,1.0,,5790000.0,6590000.0,credito,baja,precio,False,True
LD-01288,02/09/2026 08:14,WhatsApp,EMP-01,PV-002,ÓSCAR DAVID ARIAS MOSQUERA,+57 310 2705112,oscar.arias55@hotmail.com,Itagüí,Hnda CB 125F Twister,Sin gestión,,Agosto Cero Cuotas,oscar david arias mosquera,573102705112,oscar.arias55@hotmail.com,itagui,whatsapp,sin gestion,2026-09-02 08:14:00,,hnda cb 125f twister,1288,SKU-001,100.0,fuzzy,phone:573102705112,0fd39818-aa56-5639-9259-4b85d2e75ee9,False,,1.0,,7990000.0,,,,,False,False
LD-01289,06/08/2026 10:05,whatsapp,EMP-02,PV-008,Camilo Bedoya Rodríguez,3102956577,camilo.bedoya20@gmail.com,Cartagena,Honda CB 190R,Sin gestión,,Agosto Cero Cuotas,camilo bedoya rodriguez,573102956577,camilo.bedoya20@gmail.com,cartagena,whatsapp,sin gestion,2026-08-06 10:05:00,,honda cb 190r,1289,SKU-003,100.0,fuzzy,phone:573102956577,f26d4668-c79c-556d-9a63-45212ed9a09b,False,,1.0,,13990000.0,9890000.0,credito,,cuota,False,True
LD-01290,2026-08-04T08:50:00,Meta Ads,EMP-01,PV-003,ADRIANA FRANCO RODRÍGUEZ,3129964103,adriana.franco29@yahoo.es,BELLO,CB 190R,Descartado,04-08-2026,Feria de Motos 2026,adriana franco rodriguez,573129964103,adriana.franco29@yahoo.es,bello,meta ads,descartado,2026-08-04 08:50:00,2026-08-04 00:00:00,cb 190r,1290,SKU-003,100.0,exact,phone:573129964103,88cbad7d-935a-52ad-987b-eafaa4b4f71c,True,88cbad7d-935a-52ad-987b-eafaa4b4f71c,1.0,same_phone_or_email,13990000.0,11990000.0,credito,,cuota,False,True
LD-01291,2026-09-08 08:30:00,WhatsApp,EMP-03,PV-012,ADRIANA RESTREPO CORREA,3014091087,adriana.restrepo96@outlook.com,Bogota,Hero Hunk 160R,sin gestion,,,adriana restrepo correa,573014091087,adriana.restrepo96@outlook.com,bogota,whatsapp,sin gestion,2026-09-08 08:30:00,,hero hunk 160r,1291,SKU-022,100.0,fuzzy,phone:573014091087,9a8bfff3-2707-5dcd-ac72-bc6810333b76,False,,1.0,,10490000.0,,,,,False,False
LD-01292,21/08/2026 08:29,WhatsApp,EMP-03,PV-014,JHON JAIRO OSPINA TORRES,(301) 058-4302,jhon.ospina95@outlook.com,Bogotá,Honda XRE 300 2026,Descartado,08/24/2026 08:29,Prima Extra,jhon jairo ospina torres,573010584302,jhon.ospina95@outlook.com,bogota,whatsapp,descartado,2026-08-21 08:29:00,2026-08-24 08:29:00,honda xre 300 2026,1292,SKU-006,100.0,fuzzy,phone:573010584302,128a11af-8a6d-5094-91d8-cf929ba02d2d,False,,1.0,,22900000.0,,,,,False,False
LD-01293,2026-09-08T02:47:00,WhatsApp,EMP-01,PV-004,María Fernanda Vargas Muñoz,3021916223,maria.vargas98@gmail.com,Rio Negro,AKT TTR 200,No contesta,08-09-2026,Feria de Motos 2026,maria fernanda vargas munoz,573021916223,maria.vargas98@gmail.com,rio negro,whatsapp,no contesta,2026-09-08 02:47:00,2026-09-08 00:00:00,akt ttr 200,1293,SKU-019,100.0,fuzzy,phone:573021916223,2baa1abd-4042-5486-b497-efc20bb3bef8,False,,1.0,,9890000.0,,,,,False,False
LD-01294,2026-08-16 07:42:00,Meta Ads,EMP-03,PV-015,Sebastián Zapata Franco,3122894310,sebastian.zapata76@gmail.com,Soacha,Honda Navi,sin gestion,,,sebastian zapata franco,573122894310,sebastian.zapata76@gmail.com,soacha,meta ads,sin gestion,2026-08-16 07:42:00,,honda navi,1294,SKU-004,100.0,fuzzy,phone:573122894310,d359bb0f-bd8b-5520-8b3a-e7242b78fc05,False,,1.0,,7290000.0,,,,,False,False
LD-01295,20/08/2026 08:45,WHATSAPP,EMP-03,PV-011,BRAYAN OSPINA CORREA, 3103617165 ,,Bogota,AKT NKD 125,Sin gestión,,Prima Extra,brayan ospina correa,573103617165,,bogota,whatsapp,sin gestion,2026-08-20 08:45:00,,akt nkd 125,1295,SKU-017,100.0,fuzzy,phone:573103617165,0a4aca6a-69c1-59be-bb4d-8f42ef69f232,False,,1.0,,5290000.0,,,,,False,False
LD-01296,2026-08-22 18:35:00,Formulario Web,EMP-03,PV-015,  Brayan Ramírez Muñoz  ,300 082 2078,,Soacha,Hero  Xpulse 200,Sin gestión,,,brayan ramirez munoz,573000822078,,soacha,formulario web,sin gestion,2026-08-22 18:35:00,,hero xpulse 200,1296,SKU-023,100.0,fuzzy,phone:573000822078,a7de5426-b237-5da8-8460-002057d79724,False,,1.0,,14990000.0,,credito,media,precio,False,True
LD-01297,2026-08-01T22:02:00,Formulario Web,EMP-03,PV-011,María Fernanda Quintero Vargas,3179629296,maria.quintero35@gmail.com,Bogotá D.C.,Hero Xpulse 200 2026,Contactado,2026-08-01T23:02:00,Agosto Cero Cuotas,maria fernanda quintero vargas,573179629296,maria.quintero35@gmail.com,bogota,formulario web,contactado,2026-08-01 22:02:00,2026-08-01 23:02:00,hero xpulse 200 2026,1297,SKU-023,100.0,fuzzy,phone:573179629296,87185f02-46ae-5d6e-a2d4-9513c49c570b,False,,1.0,,14990000.0,6590000.0,credito,,cuota,False,True
LD-01298,2026-08-19 10:09:00,Meta Ads,EMP-01,PV-003,  Kevin Cardona Muñoz  ,+57 318 9542317,kevin.cardona36@hotmail.com,Bello,HERO HUNK 160R,Descartado,2026-08-20 16:09:00,,kevin cardona munoz,573189542317,kevin.cardona36@hotmail.com,bello,meta ads,descartado,2026-08-19 10:09:00,2026-08-20 16:09:00,hero hunk 160r,1298,SKU-022,100.0,fuzzy,phone:573189542317,533ba83d-393b-5cd0-be4f-fcba46a4fa3c,True,533ba83d-393b-5cd0-be4f-fcba46a4fa3c,1.0,same_phone_or_email,10490000.0,,,,,False,False
LD-01299,21-08-2026,Meta Ads,EMP-02,PV-008,PAULA ANDREA GIRALDO OSORIO,3008881330,,Cartagena,Honda XRE 300 2026,Sin gestión,,,paula andrea giraldo osorio,573008881330,,cartagena,meta ads,sin gestion,2026-08-21 00:00:00,,honda xre 300 2026,1299,SKU-006,100.0,fuzzy,phone:573008881330,67140ca1-d0fe-5b62-bde4-e786cd087999,False,,1.0,,22900000.0,,,,,False,False
LD-01300,07/08/2026 03:51,Formulario Web,EMP-02,PV-007,Vanessa Zapata Vargas,310-898-9598,vanessa.zapata2@gmail.com,,Hero Dash 110,Cotización enviada,2026-08-07 21:51:00,Retoma tu moto,vanessa zapata vargas,573108989598,vanessa.zapata2@gmail.com,,formulario web,cotizacion enviada,2026-08-07 03:51:00,2026-08-07 21:51:00,hero dash 110,1300,SKU-024,100.0,fuzzy,phone:573108989598,a55a3446-15a7-50b7-bcf2-6379aedf68a9,False,,1.0,,6290000.0,24900000.0,credito,,cuota,False,True
LD-01301,2026-08-11 20:58:00,Meta Ads,EMP-02,PV-006,Óscar David Valencia Londoño, 3143131512 ,,BARRANQUILLA,suzuki gixxer 150,Sin gestión,,Feria de Motos 2026,oscar david valencia londono,573143131512,,barranquilla,meta ads,sin gestion,2026-08-11 20:58:00,,suzuki gixxer 150,1301,SKU-014,100.0,fuzzy,phone:573143131512,5203bd6b-d492-58df-bb0d-b9b0926039f2,False,,1.0,,11990000.0,,,,,False,False
LD-01302,01/09/2026 01:18,WhatsApp,EMP-02,PV-008,Jorge Iván Franco Muñoz,3510742759,jorge.franco7@outlook.com,CARTAGENA,hero dash 110,contactado,02-09-2026,Prima Extra,jorge ivan franco munoz,573510742759,jorge.franco7@outlook.com,cartagena,whatsapp,contactado,2026-09-01 01:18:00,2026-09-02 00:00:00,hero dash 110,1302,SKU-024,100.0,fuzzy,phone:573510742759,f9073585-1867-543d-97f1-b733bf652e9e,False,,1.0,,6290000.0,,credito,media,soat,False,False
LD-01303,07-09-2026,Meta Ads,EMP-02,PV-010,YESENIA AGUDELO SALAZAR,573018545456,,Montería,akt nkd 125,En proceso,09/08/2026 10:55,,yesenia agudelo salazar,573018545456,,monteria,meta ads,en proceso,2026-09-07 00:00:00,2026-08-09 10:55:00,akt nkd 125,1303,SKU-017,100.0,fuzzy,phone:573018545456,2cd2d4bd-f00c-5db8-9e57-0b8840a9be53,True,2cd2d4bd-f00c-5db8-9e57-0b8840a9be53,1.0,same_phone_or_email,5290000.0,21900000.0,credito,,cuota,False,True
LD-01304,2026-08-02 18:44:00,FORMULARIO WEB,EMP-02,PV-007,  Natalia Gómez Gómez  ,318 057 6860,,SOLEDAD,Suzuky GN 125,Contactado,08/03/2026 06:44,Prima Extra,natalia gomez gomez,573180576860,,soledad,formulario web,contactado,2026-08-02 18:44:00,2026-03-08 06:44:00,suzuky gn 125,1304,SKU-013,100.0,fuzzy,phone:573180576860,2e7dd924-b6ef-544f-b3d8-054efe1849f9,False,,1.0,,7490000.0,,,,,False,False
LD-01305,09-08-2026,WHATSAPP,EMP-02,PV-007,Óscar David Torres Jiménez,313 413 4307,oscar.torres31@hotmail.com,SOLEDAD,Suzuki Gixxer 150,Sin gestión,,,oscar david torres jimenez,573134134307,oscar.torres31@hotmail.com,soledad,whatsapp,sin gestion,2026-08-09 00:00:00,,suzuki gixxer 150,1305,SKU-014,100.0,fuzzy,phone:573134134307,e28e9c27-ad95-5996-8445-237cf5d7cf08,False,,1.0,,11990000.0,7490000.0,credito,baja,precio,False,True
LD-01306,2026-09-05 20:16:00,WhatsApp,EMP-03,PV-015,  Paula Andrea Castaño Pérez  ,+57 300 0668089,,Soacha,Bajaj Pulsar RS 200,SIN GESTION,,Retoma tu moto,paula andrea castano perez,573000668089,,soacha,whatsapp,sin gestion,2026-09-05 20:16:00,,bajaj pulsar rs 200,1306,SKU-010,100.0,fuzzy,phone:573000668089,31657597-9187-518e-b19c-ba82eb992020,True,31657597-9187-518e-b19c-ba82eb992020,1.0,same_phone_or_email,15490000.0,11990000.0,credito,,soat,False,False
LD-01307,30/08/2026 11:49,FORMULARIO WEB,EMP-03,PV-011,ÓSCAR DAVID RAMÍREZ MUÑOZ, 3045850289 ,oscar.ramirez41@gmail.com,Bogota DC,Honda XRE,Descartado,08/30/2026 13:49,,oscar david ramirez munoz,573045850289,oscar.ramirez41@gmail.com,bogota dc,formulario web,descartado,2026-08-30 11:49:00,2026-08-30 13:49:00,honda xre,1307,,60.0,unmatched,phone:573045850289,f56a3454-dcaa-57de-acdf-a87c3c8b3793,False,,1.0,,,7190000.0,credito,,soat,False,False
LD-01308,08/08/2026 14:29,Formulario Web,EMP-03,PV-012,Nelson Zapata Agudelo, 3119396217 ,nelson.zapata7@gmail.com,Bogotá,Bajaj Pulsar,Sin gestión,,Remate Modelos 2025,nelson zapata agudelo,573119396217,nelson.zapata7@gmail.com,bogota,formulario web,sin gestion,2026-08-08 14:29:00,,bajaj pulsar,1308,,66.66666666666666,unmatched,phone:573119396217,06f35508-82dc-5662-8ea3-96c6640e8c7e,False,,1.0,,,,credito,media,precio,False,True
LD-01309,27/08/2026 02:18,WhatsApp,EMP-03,PV-011,Jorge Iván Pérez Herrera,3115182860,jorge.perez40@gmail.com,Bogota,Hero Hunk 160R 2026,no contesta,2026-08-27 20:18:00,Feria de Motos 2026,jorge ivan perez herrera,573115182860,jorge.perez40@gmail.com,bogota,whatsapp,no contesta,2026-08-27 02:18:00,2026-08-27 20:18:00,hero hunk 160r 2026,1309,SKU-022,100.0,fuzzy,phone:573115182860,839d855a-5a30-5db6-bec1-ae1405268538,False,,1.0,,10490000.0,,,,,False,False
LD-01310,2026-08-03 01:38:00,WhatsApp,EMP-02,PV-007,Édinson Giraldo Londoño,(317) 153-5755,edinson.giraldo89@yahoo.es,SOLEDAD,Suzuki  Best 125,SIN GESTION,,Feria de Motos 2026,edinson giraldo londono,573171535755,edinson.giraldo89@yahoo.es,soledad,whatsapp,sin gestion,2026-08-03 01:38:00,,suzuki best 125,1310,SKU-016,100.0,fuzzy,phone:573171535755,4c8fea1f-099a-59d4-b1ce-aa12e7aa9d07,False,,1.0,,6590000.0,,,,,False,False
LD-01311,2026-08-17T17:39:00,Meta Ads,EMP-02,PV-008,Liliana Bedoya Pérez,302 125 0352,liliana.bedoya20@yahoo.es,Cartagena de Indias,Bajaj Discover 125,En proceso,2026-08-18T05:39:00,Feria de Motos 2026,liliana bedoya perez,573021250352,liliana.bedoya20@yahoo.es,cartagena de indias,meta ads,en proceso,2026-08-17 17:39:00,2026-08-18 05:39:00,bajaj discover 125,1311,SKU-012,100.0,fuzzy,phone:573021250352,c6b8dd21-7a5e-51d6-a636-be863e1b00d2,False,,1.0,,6990000.0,,,,,False,False
LD-01312,16-08-2026,Meta Ads,EMP-02,PV-007,MÓNICA AGUDELO LONDOÑO,3019426394,monica.agudelo91@hotmail.com,Soledad,Suzuki Best 125,Contactado,18/08/2026 00:27,Retoma tu moto,monica agudelo londono,573019426394,monica.agudelo91@hotmail.com,soledad,meta ads,contactado,2026-08-16 00:00:00,2026-08-18 00:27:00,suzuki best 125,1312,SKU-016,100.0,fuzzy,phone:573019426394,7720558b-46c5-5105-9bfa-5ae93b3a3443,False,,1.0,,6590000.0,,credito,,soat,False,False
LD-01313,20/08/2026 02:22,WhatsApp,EMP-02,PV-010,Adriana Salazar Betancur,+57 321 0787706,adriana.salazar38@yahoo.es,Monteria,Hero,Sin gestión,,,adriana salazar betancur,573210787706,adriana.salazar38@yahoo.es,monteria,whatsapp,sin gestion,2026-08-20 02:22:00,,hero,1313,,28.57142857142857,unmatched,phone:573210787706,67c45c50-0bbf-537e-b8ef-c3140b68f47a,False,,1.0,,,,,,,False,False
LD-01314,2026-08-25T08:09:00,WhatsApp,EMP-02,PV-009,andres felipe quintero osorio,3043752884,,Santa Marta,Honda CB 190R,Sin gestión,,Agosto Cero Cuotas,andres felipe quintero osorio,573043752884,,santa marta,whatsapp,sin gestion,2026-08-25 08:09:00,,honda cb 190r,1314,SKU-003,100.0,fuzzy,phone:573043752884,4f9c110a-065f-5e98-9dc1-dfc2bc86454d,True,4f9c110a-065f-5e98-9dc1-dfc2bc86454d,1.0,same_phone_or_email,13990000.0,,credito,media,soat,False,False
LD-01315,2026-08-07T18:45:00,Meta Ads,EMP-02,PV-007,Liliana Muñoz Bedoya,316-804-8090,,SOLEDAD,Suzuki  Best 125,No contesta,07/08/2026 22:45,Feria de Motos 2026,liliana munoz bedoya,573168048090,,soledad,meta ads,no contesta,2026-08-07 18:45:00,2026-08-07 22:45:00,suzuki best 125,1315,SKU-016,100.0,fuzzy,phone:573168048090,98d54e9d-c565-5e9b-abbf-27bed67f74ec,False,,1.0,,6590000.0,7490000.0,credito,,cuota,False,True
LD-01316,2026-08-10 03:12:00,Formulario Web,EMP-02,PV-009,Édinson Pérez Escobar,3515994267,,SANTA MARTA,bajaj boxer ct 100,sin gestion,,,edinson perez escobar,573515994267,,santa marta,formulario web,sin gestion,2026-08-10 03:12:00,,bajaj boxer ct 100,1316,SKU-007,100.0,fuzzy,phone:573515994267,10a09d12-5009-53c4-9be6-68dae6c28f8b,False,,1.0,,5790000.0,,,,,False,False
LD-01317,21-08-2026,WhatsApp,EMP-01,PV-005,Sebastián Zapata Quintero,+57 304 3700981,sebastian.zapata95@yahoo.es,,AKT,Contactado,21-08-2026,Agosto Cero Cuotas,sebastian zapata quintero,573043700981,sebastian.zapata95@yahoo.es,,whatsapp,contactado,2026-08-21 00:00:00,2026-08-21 00:00:00,akt,1317,,28.57142857142857,unmatched,phone:573043700981,e7db2eb9-b4c1-5780-993e-e79be559274f,False,,1.0,,,,,,,False,False
LD-01318,2026-08-19 19:34:00,Meta Ads,EMP-02,PV-008,ANDRÉS FELIPE SALAZAR VALENCIA,+57 302 9441807,andres.salazar90@hotmail.com,Cartagena,,Descartado,2026-08-20T19:34:00,Remate Modelos 2025,andres felipe salazar valencia,573029441807,andres.salazar90@hotmail.com,cartagena,meta ads,descartado,2026-08-19 19:34:00,2026-08-20 19:34:00,,1318,,0.0,none,phone:573029441807,866f8c5e-fc23-5d06-aad8-16d6727f1141,False,,1.0,,,,,,,False,False
LD-01319,03/09/2026 21:30,Formulario Web,EMP-01,PV-003,  Carlos Mario Muñoz Arias  ,3220424233,carlos.munoz81@outlook.com,bello,Bajaj Dominar 400,no contesta,09/07/2026 21:30,,carlos mario munoz arias,573220424233,carlos.munoz81@outlook.com,bello,formulario web,no contesta,2026-09-03 21:30:00,2026-07-09 21:30:00,bajaj dominar 400,1319,SKU-011,100.0,fuzzy,phone:573220424233,53d3df80-ffc1-53d4-81ba-3106030c7ad2,False,,1.0,,24900000.0,,,,,False,False
LD-01320,2026-09-06 23:23:00,WhatsApp,EMP-02,PV-010,Sebastián Pérez Osorio,(312) 802-4219,sebastian.perez45@gmail.com,Monteria,SUZUKI GIXXER 150,contactado,2026-09-07 01:23:00,,sebastian perez osorio,573128024219,sebastian.perez45@gmail.com,monteria,whatsapp,contactado,2026-09-06 23:23:00,2026-09-07 01:23:00,suzuki gixxer 150,1320,SKU-014,100.0,fuzzy,phone:573128024219,ad412354-9fdb-5de0-9cc8-4ea80c4902ec,False,,1.0,,11990000.0,,credito,,soat,False,False
LD-01321,2026-09-09 16:53:00,WhatsApp,EMP-03,PV-014,Freddy Vargas Hernández,(321) 183-1464,,Bogotá,HERO HUNK 160R,No contesta,,Retoma tu moto,freddy vargas hernandez,573211831464,,bogota,whatsapp,no contesta,2026-09-09 16:53:00,,hero hunk 160r,1321,SKU-022,100.0,fuzzy,phone:573211831464,cb07773a-c43e-517f-a75b-3438344c4ed5,False,,1.0,,10490000.0,,credito,media,soat,False,False
LD-01322,2026-09-03 05:13:00,WHATSAPP,EMP-03,PV-013,Édinson Gómez Torres,3165531784,,bogotá,Bajaj Pulsar NS 160,No contesta,06/09/2026 05:13,Feria de Motos 2026,edinson gomez torres,573165531784,,bogota,whatsapp,no contesta,2026-09-03 05:13:00,2026-09-06 05:13:00,bajaj pulsar ns 160,1322,SKU-009,100.0,fuzzy,phone:573165531784,47032aee-2630-5f61-944d-52094565c7ca,False,,1.0,,11290000.0,24900000.0,credito,,soat,False,False
LD-01323,2026-09-09T23:24:00,FORMULARIO WEB,EMP-03,PV-011,JUAN CARLOS ESCOBAR QUINTERO,+57 310 3880555,,BOGOTA,Suzuki Gixxer 150,Descartado,09/10/2026 17:24,Retoma tu moto,juan carlos escobar quintero,573103880555,,bogota,formulario web,descartado,2026-09-09 23:24:00,2026-10-09 17:24:00,suzuki gixxer 150,1323,SKU-014,100.0,fuzzy,phone:573103880555,8211d8e8-7eb6-52fa-bfee-dc7d30654499,False,,1.0,,11990000.0,,,,,False,False
LD-01324,12/08/2026 08:09,Meta Ads,EMP-03,PV-014,Leidy Johana Ramírez Betancur,3134580310,,Bogota DC,Bajaj Discover 125,Sin gestión,,Feria de Motos 2026,leidy johana ramirez betancur,573134580310,,bogota dc,meta ads,sin gestion,2026-08-12 08:09:00,,bajaj discover 125,1324,SKU-012,100.0,fuzzy,phone:573134580310,dcf186a3-0210-5bb3-b5f3-67e122c646e9,False,,1.0,,6990000.0,15490000.0,credito,media,cuota,False,True
LD-01325,2026-09-07 20:37:00,WhatsApp,EMP-01,PV-002,Alexander Quintero,3154318201,alexander.quintero23@gmail.com,Itagüí,Hero Dash 110 2026,Contactado,2026-09-07T22:37:00,,alexander quintero,573154318201,alexander.quintero23@gmail.com,itagui,whatsapp,contactado,2026-09-07 20:37:00,2026-09-07 22:37:00,hero dash 110 2026,1325,SKU-024,100.0,fuzzy,phone:573154318201,0808f758-04bc-5143-b599-5c0eb28841ab,True,0808f758-04bc-5143-b599-5c0eb28841ab,1.0,same_phone_or_email,6290000.0,10490000.0,credito,,cuota,False,True
LD-01326,31-08-2026,whatsapp,EMP-03,PV-015,Cristian Agudelo Zapata,573117480924,cristian.agudelo31@outlook.com,Soacha,Suzuki  Best 125,contactado,31-08-2026,Prima Extra,cristian agudelo zapata,573117480924,cristian.agudelo31@outlook.com,soacha,whatsapp,contactado,2026-08-31 00:00:00,2026-08-31 00:00:00,suzuki best 125,1326,SKU-016,100.0,fuzzy,phone:573117480924,db2d2735-70c7-5a54-831d-50eaaad19f92,True,db2d2735-70c7-5a54-831d-50eaaad19f92,1.0,same_phone_or_email,6590000.0,,credito,,soat,False,False
LD-01327,08/27/2026 20:32,Meta Ads,EMP-01,PV-003,Estefanía Betancur Quintero,+57 315 2851019,,,Suzuki Best 125,En proceso,2026-08-31T20:32:00,,estefania betancur quintero,573152851019,,,meta ads,en proceso,2026-08-27 20:32:00,2026-08-31 20:32:00,suzuki best 125,1327,SKU-016,100.0,fuzzy,phone:573152851019,3dabb196-9433-5bf2-acc5-5492e43cf277,False,,1.0,,6590000.0,,,,,False,False
LD-01328,2026-08-26 16:13:00,Meta Ads,EMP-03,PV-012,MARCELA OSPINA JIMÉNEZ,316-902-8967,,Bogotá,,Contactado,26-08-2026,,marcela ospina jimenez,573169028967,,bogota,meta ads,contactado,2026-08-26 16:13:00,2026-08-26 00:00:00,,1328,,0.0,none,phone:573169028967,4c944d72-9b19-5d4a-9502-f27f57e60fd4,False,,1.0,,,,,,,False,False
LD-01329,08/25/2026 16:55,WhatsApp,EMP-01,PV-005,Kevin Restrepo Vargas, 3103126332 ,,Medellín ,suzuki v-strom 250,Cotización enviada,2026-08-29 16:55:00,Feria de Motos 2026,kevin restrepo vargas,573103126332,,medellin,whatsapp,cotizacion enviada,2026-08-25 16:55:00,2026-08-29 16:55:00,suzuki v-strom 250,1329,SKU-015,100.0,fuzzy,phone:573103126332,34ca7b23-7c24-504d-a037-76e5ba8a3833,False,,1.0,,21900000.0,,credito,media,precio,False,True
LD-01330,2026-08-30T02:11:00,Meta Ads,EMP-02,PV-007,CAMILO FRANCO GIRALDO, 3102401993 ,camilo.franco33@outlook.com,SOLEDAD,HERO DASH 110,Cotización enviada,31-08-2026,,camilo franco giraldo,573102401993,camilo.franco33@outlook.com,soledad,meta ads,cotizacion enviada,2026-08-30 02:11:00,2026-08-31 00:00:00,hero dash 110,1330,SKU-024,100.0,fuzzy,phone:573102401993,64da35ff-fba2-54c1-8515-ff64722a5255,True,64da35ff-fba2-54c1-8515-ff64722a5255,1.0,same_phone_or_email,6290000.0,10490000.0,credito,,cuota,False,True
LD-01331,2026-08-18T16:58:00,whatsapp,EMP-02,PV-006,Marcela Pérez Restrepo, 3143776634 ,marcela.perez91@gmail.com,B/quilla,AKT NKD 125,Cotización enviada,08/18/2026 17:58,Remate Modelos 2025,marcela perez restrepo,573143776634,marcela.perez91@gmail.com,b/quilla,whatsapp,cotizacion enviada,2026-08-18 16:58:00,2026-08-18 17:58:00,akt nkd 125,1331,SKU-017,100.0,fuzzy,phone:573143776634,7437681f-b23c-57f6-a521-d9619919ab4b,False,,1.0,,5290000.0,4990000.0,credito,,cuota,False,True
LD-01332,08/27/2026 15:22,WhatsApp,EMP-03,PV-012,Sebastián Giraldo Agudelo, 3146786890 ,sebastian.giraldo58@hotmail.com,BOGOTA,Hero Hunk 160R,Cotización enviada,2026-08-29 15:22:00,Remate Modelos 2025,sebastian giraldo agudelo,573146786890,sebastian.giraldo58@hotmail.com,bogota,whatsapp,cotizacion enviada,2026-08-27 15:22:00,2026-08-29 15:22:00,hero hunk 160r,1332,SKU-022,100.0,fuzzy,phone:573146786890,f2d28c10-cc46-53cd-851f-ba80acafc86e,False,,1.0,,10490000.0,,,,,False,False
LD-01333,24/08/2026 23:03,Formulario Web,EMP-02,PV-009,luz marina jimenez ospina,3238193020,luz.jimenez76@gmail.com,SANTA MARTA,Honda XR 150L 2026,Contactado,26-08-2026,Retoma tu moto,luz marina jimenez ospina,573238193020,luz.jimenez76@gmail.com,santa marta,formulario web,contactado,2026-08-24 23:03:00,2026-08-26 00:00:00,honda xr 150l 2026,1333,SKU-002,100.0,fuzzy,phone:573238193020,ca602b6f-9e5e-5ed6-b616-9d756e960a94,True,ca602b6f-9e5e-5ed6-b616-9d756e960a94,1.0,same_phone_or_email,11490000.0,,,,,False,False
LD-01334,31/08/2026 02:45,Meta Ads,EMP-02,PV-007,ANDRÉS FELIPE ZAPATA ZAPATA, 3210554510 ,andres.zapata44@gmail.com,SOLEDAD,Hero Hunk 160R 2026,Contactado,09/04/2026 02:45,Prima Extra,andres felipe zapata zapata,573210554510,andres.zapata44@gmail.com,soledad,meta ads,contactado,2026-08-31 02:45:00,2026-04-09 02:45:00,hero hunk 160r 2026,1334,SKU-022,100.0,fuzzy,phone:573210554510,0c6fa385-495e-5265-a909-a67c79a0e22c,True,0c6fa385-495e-5265-a909-a67c79a0e22c,1.0,same_phone_or_email,10490000.0,,,,,False,False
LD-01335,09/08/2026 00:28,WhatsApp,EMP-01,PV-005,Erika Cardona Castaño,3119367820,erika.cardona83@yahoo.es,Medellín ,Suzuki,contactado,2026-08-09 01:28:00,Retoma tu moto,erika cardona castano,573119367820,erika.cardona83@yahoo.es,medellin,whatsapp,contactado,2026-08-09 00:28:00,2026-08-09 01:28:00,suzuki,1335,,26.66666666666667,unmatched,phone:573119367820,f560d276-0d2a-511b-b249-a12b298121dc,False,,1.0,,,,,,,False,False
LD-01336,2026-08-08 13:18:00,WhatsApp,EMP-01,PV-001,  Carlos Mario Jiménez Ramírez  ,3117016095,carlos.jimenez5@gmail.com,MEDELLIN,Honda CB 190R,no contesta,2026-08-10T13:18:00,Remate Modelos 2025,carlos mario jimenez ramirez,573117016095,carlos.jimenez5@gmail.com,medellin,whatsapp,no contesta,2026-08-08 13:18:00,2026-08-10 13:18:00,honda cb 190r,1336,SKU-003,100.0,fuzzy,phone:573117016095,3998ff10-08f8-5cc1-807b-17f810937d2b,True,3998ff10-08f8-5cc1-807b-17f810937d2b,1.0,same_phone_or_email,13990000.0,,credito,,soat,False,False
LD-01337,31/08/2026 10:51,WhatsApp,EMP-01,PV-005,JULIÁN HERNÁNDEZ CASTAÑO,(350) 169-8461,,Medellín ,Bajaj Pulsar RS 200,Contactado,31/08/2026 14:51,Retoma tu moto,julian hernandez castano,573501698461,,medellin,whatsapp,contactado,2026-08-31 10:51:00,2026-08-31 14:51:00,bajaj pulsar rs 200,1337,SKU-010,100.0,fuzzy,phone:573501698461,fb66a95a-6c6d-5059-b7ee-9a457e1a7e4a,True,fb66a95a-6c6d-5059-b7ee-9a457e1a7e4a,1.0,same_phone_or_email,15490000.0,,,,,False,False
LD-01338,08/09/2026 00:38,WhatsApp,EMP-01,PV-002,  Wilmar Franco Gómez  , 3026212106 ,wilmar.franco66@hotmail.com,Itagüí,Suzuki  GN 125,Descartado,09/08/2026 02:38,,wilmar franco gomez,573026212106,wilmar.franco66@hotmail.com,itagui,whatsapp,descartado,2026-09-08 00:38:00,2026-08-09 02:38:00,suzuki gn 125,1338,SKU-013,100.0,fuzzy,phone:573026212106,1bc494ad-02f6-5a7c-aa09-8f76d309a673,True,1bc494ad-02f6-5a7c-aa09-8f76d309a673,1.0,same_phone_or_email,7490000.0,,,,,False,False
LD-01339,03/08/2026 22:27,Meta Ads,EMP-01,PV-005,  Yesenia Hernández Quintero  , 3041382756 ,yesenia.hernandez50@gmail.com,Medellín ,Bajaj,Cotización enviada,2026-08-06 22:27:00,Retoma tu moto,yesenia hernandez quintero,573041382756,yesenia.hernandez50@gmail.com,medellin,meta ads,cotizacion enviada,2026-08-03 22:27:00,2026-08-06 22:27:00,bajaj,1339,,22.22222222222223,unmatched,phone:573041382756,557a9402-95b9-5681-b3db-e96dad7f439c,False,,1.0,,,,,,,False,False
LD-01340,2026-08-15 02:38:00,Meta Ads,EMP-02,PV-009,Mónica Franco Quintero,3510214726,,Sta Marta,Honda XRE 300 2026,sin gestion,,Feria de Motos 2026,monica franco quintero,573510214726,,santa marta,meta ads,sin gestion,2026-08-15 02:38:00,,honda xre 300 2026,1340,SKU-006,100.0,fuzzy,phone:573510214726,29fccd50-88b9-5f71-9597-875534ae7a98,False,,1.0,,22900000.0,,,,,False,False
LD-01341,2026-08-14 17:36:00,Meta Ads,EMP-01,PV-005,DUVÁN VARGAS AGUDELO,323-927-8913,duvan.vargas68@hotmail.com,medellin,BAJAJ PULSAR NS 125,sin gestion,,Prima Extra,duvan vargas agudelo,573239278913,duvan.vargas68@hotmail.com,medellin,meta ads,sin gestion,2026-08-14 17:36:00,,bajaj pulsar ns 125,1341,SKU-008,100.0,fuzzy,phone:573239278913,5750c40a-d751-59ba-995f-d52b0dfe5b33,False,,1.0,,8990000.0,,credito,,soat,False,False
LD-01342,24/08/2026 04:36,Meta Ads,EMP-01,PV-001,CLAUDIA PATRICIA MARÍN CORREA,+57 318 2815685,claudia.marin88@outlook.com,Medellin,A.K.T NKD 125,Contactado,2026-08-24 16:36:00,Feria de Motos 2026,claudia patricia marin correa,573182815685,claudia.marin88@outlook.com,medellin,meta ads,contactado,2026-08-24 04:36:00,2026-08-24 16:36:00,a.k.t nkd 125,1342,SKU-017,100.0,fuzzy,phone:573182815685,2f79273d-627c-5747-9bde-71f537162bc7,False,,1.0,,5290000.0,8990000.0,credito,,cuota,False,True
LD-01343,21/08/2026 21:16,WhatsApp,EMP-01,PV-005,Wilmar Zapata Agudelo, 3125308964 ,wilmar.zapata43@yahoo.es,Medellin,AKT NKD 125,En proceso,,Agosto Cero Cuotas,wilmar zapata agudelo,573125308964,wilmar.zapata43@yahoo.es,medellin,whatsapp,en proceso,2026-08-21 21:16:00,,akt nkd 125,1343,SKU-017,100.0,fuzzy,phone:573125308964,5231a5aa-203e-5122-b81d-2dae384fbc6a,False,,1.0,,5290000.0,13990000.0,credito,,soat,False,False
LD-01344,2026-08-21 05:17:00,Meta Ads,EMP-03,PV-015,LILIANA PÉREZ RAMÍREZ,3156425808,liliana.perez4@hotmail.com,Soacha,BAJAJ PULSAR NS 160,Contactado,,Feria de Motos 2026,liliana perez ramirez,573156425808,liliana.perez4@hotmail.com,soacha,meta ads,contactado,2026-08-21 05:17:00,,bajaj pulsar ns 160,1344,SKU-009,100.0,fuzzy,phone:573156425808,2976ba9f-d6a2-56c3-8b62-57a82b75f46a,True,2976ba9f-d6a2-56c3-8b62-57a82b75f46a,1.0,same_phone_or_email,11290000.0,,,,,False,False
LD-01345,2026-09-08 23:23:00,Formulario Web,EMP-03,PV-014,SANDRA MILENA AGUDELO VALENCIA,3128248618,sandra.agudelo1@yahoo.es,Bogota DC,AKT TTR 200 2026,No contesta,,Feria de Motos 2026,sandra milena agudelo valencia,573128248618,sandra.agudelo1@yahoo.es,bogota dc,formulario web,no contesta,2026-09-08 23:23:00,,akt ttr 200 2026,1345,SKU-019,100.0,fuzzy,phone:573128248618,815cd80c-0e15-5509-84c8-c5a45b5dd0e0,False,,1.0,,9890000.0,4990000.0,credito,,cuota,False,True
LD-01346,2026-08-19 22:20:00,Meta Ads,EMP-01,PV-004,  Luisa Franco Escobar  ,312-839-1409,luisa.franco98@gmail.com,Rio Negro,bajaj discover 125,Descartado,20/08/2026 10:20,Retoma tu moto,luisa franco escobar,573128391409,luisa.franco98@gmail.com,rio negro,meta ads,descartado,2026-08-19 22:20:00,2026-08-20 10:20:00,bajaj discover 125,1346,SKU-012,100.0,fuzzy,phone:573128391409,30acaa98-552a-5816-9cc7-031d27497ea0,False,,1.0,,6990000.0,,,,,False,False
LD-01347,09/09/2026 07:04,whatsapp,EMP-03,PV-011,Luz Marina Salazar Ospina,573224167142,luz.salazar48@outlook.com,Bogota,Suzuki GN 125,Contactado,09-09-2026,,luz marina salazar ospina,573224167142,luz.salazar48@outlook.com,bogota,whatsapp,contactado,2026-09-09 07:04:00,2026-09-09 00:00:00,suzuki gn 125,1347,SKU-013,100.0,fuzzy,phone:573224167142,107f9f21-fbdd-50b5-baef-3efd02f590ae,False,,1.0,,7490000.0,11490000.0,credito,,cuota,False,True
LD-01348,2026-09-06 15:35:00,WhatsApp,EMP-02,PV-010,Katherine Ramírez,3107174898,katherine.ramirez68@gmail.com,MONTERIA,Honda XR 150L,Sin gestión,,Agosto Cero Cuotas,katherine ramirez,573107174898,katherine.ramirez68@gmail.com,monteria,whatsapp,sin gestion,2026-09-06 15:35:00,,honda xr 150l,1348,SKU-002,100.0,fuzzy,phone:573107174898,dc9b37e5-e9db-5964-994b-bc3ca597035b,True,dc9b37e5-e9db-5964-994b-bc3ca597035b,1.0,same_phone_or_email,11490000.0,,credito,media,soat,False,False
LD-01349,2026-08-17 15:39:00,WhatsApp,EMP-02,PV-009,FABIÁN CARDONA BETANCUR,316-212-4627,fabian.cardona6@outlook.com,SANTA MARTA,Suzuki Best,Cotización enviada,18-08-2026,Retoma tu moto,fabian cardona betancur,573162124627,fabian.cardona6@outlook.com,santa marta,whatsapp,cotizacion enviada,2026-08-17 15:39:00,2026-08-18 00:00:00,suzuki best,1349,,66.66666666666666,unmatched,phone:573162124627,24c5a866-7164-56ea-b5b2-f19597faaf61,False,,1.0,,,7490000.0,credito,,soat,False,False
LD-01350,09/07/2026 06:19,Meta Ads,EMP-02,PV-006,B. Giraldo Cardona,3506035269,brayan.giraldo73@gmail.com,B/quilla,HERO DASH 110,Cotización enviada,2026-09-08T12:19:00,Feria de Motos 2026,b. giraldo cardona,573506035269,brayan.giraldo73@gmail.com,b/quilla,meta ads,cotizacion enviada,2026-07-09 06:19:00,2026-09-08 12:19:00,hero dash 110,1350,SKU-024,100.0,fuzzy,phone:573506035269,fc9f399a-6345-5297-8534-8c82a711bba1,True,fc9f399a-6345-5297-8534-8c82a711bba1,1.0,same_phone_or_email,6290000.0,5790000.0,credito,,cuota,False,True
LD-01351,2026-08-19 07:48:00,WhatsApp,EMP-01,PV-005,Erika Arias Pérez,3125751550,erika.arias56@hotmail.com,Medellín,AKT  TTR 200,En proceso,2026-08-20T07:48:00,Remate Modelos 2025,erika arias perez,573125751550,erika.arias56@hotmail.com,medellin,whatsapp,en proceso,2026-08-19 07:48:00,2026-08-20 07:48:00,akt ttr 200,1351,SKU-019,100.0,fuzzy,phone:573125751550,eeeecbc4-0e61-5b6c-9fbc-190c8ba66d23,True,eeeecbc4-0e61-5b6c-9fbc-190c8ba66d23,1.0,same_phone_or_email,9890000.0,6990000.0,credito,,cuota,False,True
LD-01352,2026-08-21 10:59:00,META ADS,EMP-02,PV-010,Katherine Torres Giraldo, 3054754364 ,,Monteria,Bajaj Boxer CT 100,Cotización enviada,08/21/2026 22:59,,katherine torres giraldo,573054754364,,monteria,meta ads,cotizacion enviada,2026-08-21 10:59:00,2026-08-21 22:59:00,bajaj boxer ct 100,1352,SKU-007,100.0,fuzzy,phone:573054754364,0ff07e5c-3631-50fe-aa36-fdeb8b278225,False,,1.0,,5790000.0,,,,,False,False
LD-01353,23/08/2026 06:39,Formulario Web,EMP-03,PV-013,  Katherine Restrepo Mosquera  ,573223242028,katherine.restrepo70@gmail.com,Bogota DC,CB 190R,Contactado,08/23/2026 10:39,,katherine restrepo mosquera,573223242028,katherine.restrepo70@gmail.com,bogota dc,formulario web,contactado,2026-08-23 06:39:00,2026-08-23 10:39:00,cb 190r,1353,SKU-003,100.0,exact,phone:573223242028,4209d888-ada5-5fa0-89f8-fcfa5be22a23,False,,1.0,,13990000.0,,,,,False,False
LD-01354,2026-09-08 18:39:00,Meta Ads,EMP-02,PV-007,  María Fernanda Muñoz Muñoz  ,+57 304 6855024,,Soledad,Suzuki GN 125 2026,En proceso,08/09/2026 22:39,Retoma tu moto,maria fernanda munoz munoz,573046855024,,soledad,meta ads,en proceso,2026-09-08 18:39:00,2026-09-08 22:39:00,suzuki gn 125 2026,1354,SKU-013,100.0,fuzzy,phone:573046855024,9cb6615a-8ee1-52e3-90cc-6b4d82476244,False,,1.0,,7490000.0,,,,,False,False
LD-01355,2026-08-31 04:35:00,WhatsApp,EMP-02,PV-010,Yuliana Hernández Agudelo,3178485900,,Montería,Bajaj  Pulsar NS 125,Descartado,,Agosto Cero Cuotas,yuliana hernandez agudelo,573178485900,,monteria,whatsapp,descartado,2026-08-31 04:35:00,,bajaj pulsar ns 125,1355,SKU-008,100.0,fuzzy,phone:573178485900,38d2137e-f129-55a8-ac98-2b6907c835d7,False,,1.0,,8990000.0,,credito,,soat,False,False
LD-01356,28/08/2026 00:37,Meta Ads,EMP-02,PV-010,KATHERINE ZAPATA AGUDELO,+57 321 3127707,katherine.zapata7@gmail.com,Monteria,Bajaj Discover 125 2026,No contesta,29/08/2026 00:37,,katherine zapata agudelo,573213127707,katherine.zapata7@gmail.com,monteria,meta ads,no contesta,2026-08-28 00:37:00,2026-08-29 00:37:00,bajaj discover 125 2026,1356,SKU-012,100.0,fuzzy,phone:573213127707,44ebbd65-0df1-5715-9094-51e56140ba44,False,,1.0,,6990000.0,7490000.0,credito,,cuota,False,True
LD-01357,2026-08-15T01:51:00,Meta Ads,EMP-01,PV-001,CARLOS MARIO BETANCUR CARDONA, 3164052844 ,carlos.betancur69@gmail.com,Medellín,Xpulse 200,Contactado,2026-08-18 01:51:00,Remate Modelos 2025,carlos mario betancur cardona,573164052844,carlos.betancur69@gmail.com,medellin,meta ads,contactado,2026-08-15 01:51:00,2026-08-18 01:51:00,xpulse 200,1357,SKU-023,100.0,exact,phone:573164052844,88c4b34f-a058-5682-84ba-2ce162403039,False,,1.0,,14990000.0,,,,,False,False
LD-01358,14/08/2026 15:11,WhatsApp,EMP-02,PV-007,Claudia Patricia Bedoya Castaño,573184027450,claudia.bedoya59@hotmail.com,Soledad,Bajaj Discover 125,Cotización enviada,2026-08-15 15:11:00,Agosto Cero Cuotas,claudia patricia bedoya castano,573184027450,claudia.bedoya59@hotmail.com,soledad,whatsapp,cotizacion enviada,2026-08-14 15:11:00,2026-08-15 15:11:00,bajaj discover 125,1358,SKU-012,100.0,fuzzy,phone:573184027450,f8bc97e2-d5a6-5d53-a88a-5a35ae698bfe,False,,1.0,,6990000.0,,,,,False,False
LD-01359,2026-08-10 19:43:00,meta ads,EMP-02,PV-006,Cristian Correa Londoño,3507350999,,barranquilla,Bajaj Pulsar RS 200,Cotización enviada,2026-08-11 19:43:00,Prima Extra,cristian correa londono,573507350999,,barranquilla,meta ads,cotizacion enviada,2026-08-10 19:43:00,2026-08-11 19:43:00,bajaj pulsar rs 200,1359,SKU-010,100.0,fuzzy,phone:573507350999,649807b4-8406-5281-b027-ae7e6bcaf62e,False,,1.0,,15490000.0,,,,,False,False
LD-01360,03/08/2026 17:22,formulario web,EMP-02,PV-007,ADRIANA FRANCO HERNÁNDEZ,3156894869,,SOLEDAD,SUZUKI GIXXER 150,sin gestion,,Retoma tu moto,adriana franco hernandez,573156894869,,soledad,formulario web,sin gestion,2026-08-03 17:22:00,,suzuki gixxer 150,1360,SKU-014,100.0,fuzzy,phone:573156894869,97571f0c-81f1-53e2-a807-94d01d33e1d3,False,,1.0,,11990000.0,,,,,False,False
LD-01361,09/08/2026 17:08,Meta Ads,EMP-01,PV-004,María Fernanda Cardona Escobar,314 144 9182,,Rio Negro,Bajaj Dominar 400,Sin gestión,,Feria de Motos 2026,maria fernanda cardona escobar,573141449182,,rio negro,meta ads,sin gestion,2026-08-09 17:08:00,,bajaj dominar 400,1361,SKU-011,100.0,fuzzy,phone:573141449182,3d96641e-381f-50ef-a133-56ecbf5a375c,False,,1.0,,24900000.0,,,,,False,False
LD-01362,09/08/2026 15:05,Meta Ads,EMP-03,PV-012,diana carolina correa hernandez,351 269 8569,,BOGOTA,hero dash 110,sin gestion,,Retoma tu moto,diana carolina correa hernandez,573512698569,,bogota,meta ads,sin gestion,2026-08-09 15:05:00,,hero dash 110,1362,SKU-024,100.0,fuzzy,phone:573512698569,e383f794-aecb-5611-a6c8-4af467413242,True,e383f794-aecb-5611-a6c8-4af467413242,1.0,same_phone_or_email,6290000.0,,,,,False,False
LD-01363,2026-08-08 21:09:00,WhatsApp,EMP-03,PV-015,Duván Muñoz Escobar,3144421346,duvan.munoz2@outlook.com,Soacha,Bajaj Dominar 400,En proceso,12-08-2026,Feria de Motos 2026,duvan munoz escobar,573144421346,duvan.munoz2@outlook.com,soacha,whatsapp,en proceso,2026-08-08 21:09:00,2026-08-12 00:00:00,bajaj dominar 400,1363,SKU-011,100.0,fuzzy,phone:573144421346,946a1b48-5409-5f86-aae0-b3f91b842f7f,False,,1.0,,24900000.0,,credito,,soat,False,False
LD-01364,11-08-2026,meta ads,EMP-01,PV-004,  Natalia Mosquera Zapata  ,(320) 759-9017,natalia.mosquera1@yahoo.es,RIONEGRO,Hnda XR 150L,No contesta,11/08/2026 09:39,Prima Extra,natalia mosquera zapata,573207599017,natalia.mosquera1@yahoo.es,rionegro,meta ads,no contesta,2026-08-11 00:00:00,2026-08-11 09:39:00,hnda xr 150l,1364,SKU-002,100.0,fuzzy,phone:573207599017,60253532-743d-5286-a3f4-c4d9fc402c5e,False,,1.0,,11490000.0,24900000.0,credito,,cuota,False,True
LD-01365,2026-08-14 04:14:00,WhatsApp,EMP-01,PV-002,  Fabián Mosquera Agudelo  , 3183420203 ,fabian.mosquera82@outlook.com,Itagüí,Honda XRE 300,Descartado,2026-08-14 08:14:00,Feria de Motos 2026,fabian mosquera agudelo,573183420203,fabian.mosquera82@outlook.com,itagui,whatsapp,descartado,2026-08-14 04:14:00,2026-08-14 08:14:00,honda xre 300,1365,SKU-006,100.0,fuzzy,phone:573183420203,3d015ab0-d039-5d20-b17a-2801e2270a2b,True,3d015ab0-d039-5d20-b17a-2801e2270a2b,1.0,same_phone_or_email,22900000.0,,credito,,soat,False,False
LD-01366,2026-08-26 16:01:00,WhatsApp,EMP-01,PV-002,Freddy Herrera Cardona,(312) 348-8117,,Itagüí,Pulsar NS 160,Descartado,2026-08-28 16:01:00,Prima Extra,freddy herrera cardona,573123488117,,itagui,whatsapp,descartado,2026-08-26 16:01:00,2026-08-28 16:01:00,pulsar ns 160,1366,SKU-009,100.0,exact,phone:573123488117,0dd1b8fd-5bf2-5673-874e-8589884faa35,False,,1.0,,11290000.0,14990000.0,credito,,soat,False,False
LD-01367,17/08/2026 16:32,Meta Ads,EMP-02,PV-006,Carlos Mario Arias Ospina,315 832 0724,carlos.arias76@yahoo.es,Barranquilla,Suzuki  V-Strom 250,Sin gestión,,,carlos mario arias ospina,573158320724,carlos.arias76@yahoo.es,barranquilla,meta ads,sin gestion,2026-08-17 16:32:00,,suzuki v-strom 250,1367,SKU-015,100.0,fuzzy,phone:573158320724,baa21807-c91b-55b0-b8a2-7a8e651b78a9,False,,1.0,,21900000.0,11290000.0,credito,media,soat,False,False
LD-01368,09/05/2026 16:29,Formulario Web,EMP-02,PV-008,JORGE IVÁN HERNÁNDEZ ESCOBAR,573508832936,,CARTAGENA,AKT Evo RS 150,En proceso,2026-09-06T10:29:00,Prima Extra,jorge ivan hernandez escobar,573508832936,,cartagena,formulario web,en proceso,2026-05-09 16:29:00,2026-09-06 10:29:00,akt evo rs 150,1368,SKU-020,100.0,fuzzy,phone:573508832936,b1faef26-b690-5eaa-b0b0-52d7197c4c14,False,,1.0,,7190000.0,,credito,media,soat,False,False
LD-01369,2026-09-03 02:19:00,WhatsApp,EMP-02,PV-007,  Paula Andrea Herrera Valencia  , 3506618391 ,paula.herrera91@yahoo.es,Soledad,honda cb 125f twister,Cotización enviada,2026-09-05 02:19:00,,paula andrea herrera valencia,573506618391,paula.herrera91@yahoo.es,soledad,whatsapp,cotizacion enviada,2026-09-03 02:19:00,2026-09-05 02:19:00,honda cb 125f twister,1369,SKU-001,100.0,fuzzy,phone:573506618391,0cf591a5-92e9-5139-87ab-a9c86dfb83a0,False,,1.0,,7990000.0,,credito,,soat,False,False
LD-01370,25/08/2026 07:59,Meta Ads,EMP-01,PV-002,Freddy Londoño Zapata,(312) 830-7171,,ITAGUI,Bajaj,En proceso,2026-08-28 07:59:00,Agosto Cero Cuotas,freddy londono zapata,573128307171,,itagui,meta ads,en proceso,2026-08-25 07:59:00,2026-08-28 07:59:00,bajaj,1370,,22.22222222222223,unmatched,phone:573128307171,6da5f582-7cc2-55a4-aa42-29235540fd21,False,,1.0,,,,,,,False,False
LD-01371,01-09-2026,Meta Ads,EMP-02,PV-010,KATHERINE ARIAS GÓMEZ, 3110442798 ,,MONTERIA,suzuki gixxer 150,sin gestion,,,katherine arias gomez,573110442798,,monteria,meta ads,sin gestion,2026-09-01 00:00:00,,suzuki gixxer 150,1371,SKU-014,100.0,fuzzy,phone:573110442798,8673de89-306a-5874-8d76-7900e8e49df4,False,,1.0,,11990000.0,,,,,False,False
LD-01372,06/08/2026 20:37,WhatsApp,EMP-02,PV-008,Kevin Correa Gómez,300-236-0354,kevin.correa67@outlook.com,CARTAGENA,honda xre 300,En proceso,08/08/2026 02:37,Feria de Motos 2026,kevin correa gomez,573002360354,kevin.correa67@outlook.com,cartagena,whatsapp,en proceso,2026-08-06 20:37:00,2026-08-08 02:37:00,honda xre 300,1372,SKU-006,100.0,fuzzy,phone:573002360354,41147639-7ebe-5630-8ecd-3da6d85c00be,False,,1.0,,22900000.0,,,,,False,False
LD-01373,08-08-2026,Meta Ads,EMP-03,PV-013,Héctor Londoño Bedoya, 3185593264 ,hector.londono52@gmail.com,Bogotá D.C.,suzuki v-strom 250,En proceso,,Retoma tu moto,hector londono bedoya,573185593264,hector.londono52@gmail.com,bogota,meta ads,en proceso,2026-08-08 00:00:00,,suzuki v-strom 250,1373,SKU-015,100.0,fuzzy,phone:573185593264,09e369f7-0860-5b52-a31c-e38c3e73b400,False,,1.0,,21900000.0,,,,,False,False
LD-01374,09/04/2026 09:38,WhatsApp,EMP-03,PV-015,Liliana Restrepo Franco,3048843613,,SOACHA,Bajaj Discover 125,Descartado,2026-09-04 11:38:00,,liliana restrepo franco,573048843613,,soacha,whatsapp,descartado,2026-04-09 09:38:00,2026-09-04 11:38:00,bajaj discover 125,1374,SKU-012,100.0,fuzzy,phone:573048843613,d55380ed-4c50-597c-9337-11a023d831b4,False,,1.0,,6990000.0,24900000.0,credito,,cuota,False,True
LD-01375,08/05/2026 23:21,WhatsApp,EMP-03,PV-015,Erika Muñoz Herrera,313 977 1847,,,A.K.T NKD 125,En proceso,2026-08-07 23:21:00,,erika munoz herrera,573139771847,,,whatsapp,en proceso,2026-05-08 23:21:00,2026-08-07 23:21:00,a.k.t nkd 125,1375,SKU-017,100.0,fuzzy,phone:573139771847,5e922999-613e-5f94-8e77-ea5cf1c736f6,False,,1.0,,5290000.0,,,,,False,False
LD-01376,01/09/2026 02:52,Formulario Web,EMP-03,PV-014,Sebastián Correa Giraldo,3186336381,,Bogotá D.C.,Suzuki,No contesta,2026-09-01T06:52:00,,sebastian correa giraldo,573186336381,,bogota,formulario web,no contesta,2026-09-01 02:52:00,2026-09-01 06:52:00,suzuki,1376,,26.66666666666667,unmatched,phone:573186336381,0a9aed41-3cd0-5842-b867-3a9de5760ea1,False,,1.0,,,10490000.0,credito,media,precio,False,True
LD-01377,2026-08-13T00:00:00,WhatsApp,EMP-01,PV-003,ÉDINSON MOSQUERA GÓMEZ, 3203460673 ,edinson.mosquera14@gmail.com,BELLO,Bajaj,Contactado,2026-08-13 06:00:00,,edinson mosquera gomez,573203460673,edinson.mosquera14@gmail.com,bello,whatsapp,contactado,2026-08-13 00:00:00,2026-08-13 06:00:00,bajaj,1377,,22.22222222222223,unmatched,phone:573203460673,26ca3269-ba05-521a-9fec-1bb70fbedc94,False,,1.0,,,7990000.0,credito,,cuota,False,True
LD-01378,2026-08-16T00:46:00,WhatsApp,EMP-01,PV-002,  Freddy Agudelo Quintero  ,+57 304 9759749,freddy.agudelo24@yahoo.es,Itagüí,Honda Dio,Cotización enviada,08/16/2026 01:46,Remate Modelos 2025,freddy agudelo quintero,573049759749,freddy.agudelo24@yahoo.es,itagui,whatsapp,cotizacion enviada,2026-08-16 00:46:00,2026-08-16 01:46:00,honda dio,1378,,60.0,unmatched,phone:573049759749,55ee1139-ed40-5e92-b1db-a2181ec7556a,False,,1.0,,,6990000.0,credito,,soat,False,False
LD-01379,12/08/2026 01:42,whatsapp,EMP-02,PV-009,Claudia Patricia Cardona Salazar,3121442643,claudia.cardona76@hotmail.com,Sta Marta,,No contesta,08/13/2026 01:42,Remate Modelos 2025,claudia patricia cardona salazar,573121442643,claudia.cardona76@hotmail.com,santa marta,whatsapp,no contesta,2026-08-12 01:42:00,2026-08-13 01:42:00,,1379,,0.0,none,phone:573121442643,4be23248-f18a-55a8-9798-8c2ca6eb4f91,False,,1.0,,,,,,,False,False
LD-01380,04-09-2026,Meta Ads,EMP-02,PV-007,Julián Cardona Torres,312 913 1024,julian.cardona99@gmail.com,Soledad,Honda Navi,En proceso,09/04/2026 05:08,Prima Extra,julian cardona torres,573129131024,julian.cardona99@gmail.com,soledad,meta ads,en proceso,2026-09-04 00:00:00,2026-04-09 05:08:00,honda navi,1380,SKU-004,100.0,fuzzy,phone:573129131024,9427715e-b37e-56d4-81fd-e17d0ef25bb8,False,,1.0,,7290000.0,11290000.0,credito,media,soat,False,False
LD-01381,2026-08-02 18:10:00,whatsapp,EMP-02,PV-009,N. Mosquera Restrepo,3163893482,natalia.mosquera21@outlook.com,Santa Marta,honda navi,Sin gestión,,,n. mosquera restrepo,573163893482,natalia.mosquera21@outlook.com,santa marta,whatsapp,sin gestion,2026-08-02 18:10:00,,honda navi,1381,SKU-004,100.0,fuzzy,phone:573163893482,6004a4a9-2c4f-517b-b6c6-8f7947ed6db2,True,6004a4a9-2c4f-517b-b6c6-8f7947ed6db2,1.0,same_phone_or_email,7290000.0,,credito,,soat,False,False
LD-01382,03-08-2026,Meta Ads,EMP-01,PV-002,ESTEFANÍA MUÑOZ OSPINA,3017785441,estefania.munoz3@outlook.com,ITAGUI,Hero Eco,Descartado,03/08/2026 17:21,Feria de Motos 2026,estefania munoz ospina,573017785441,estefania.munoz3@outlook.com,itagui,meta ads,descartado,2026-08-03 00:00:00,2026-08-03 17:21:00,hero eco,1382,,54.54545454545455,unmatched,phone:573017785441,d3729523-ab1f-51bf-b93f-d452627bc618,False,,1.0,,,,credito,media,soat,False,False
LD-01383,07/09/2026 04:52,Meta Ads,EMP-01,PV-003,ALEXANDER ARIAS CORREA,3004651858,alexander.arias86@outlook.com,BELLO,honda xre 300,Sin gestión,,Remate Modelos 2025,alexander arias correa,573004651858,alexander.arias86@outlook.com,bello,meta ads,sin gestion,2026-09-07 04:52:00,,honda xre 300,1383,SKU-006,100.0,fuzzy,phone:573004651858,a9cb62bc-0134-585c-a0be-df4085e7e70e,False,,1.0,,22900000.0,,,,,False,False
LD-01384,06/08/2026 08:08,WhatsApp,EMP-01,PV-002,Carlos Hernández,+57 316 5778889,carlos.hernandez31@outlook.com,Itagüí,HONDA XRE 300,Sin gestión,,Remate Modelos 2025,carlos hernandez,573165778889,carlos.hernandez31@outlook.com,itagui,whatsapp,sin gestion,2026-08-06 08:08:00,,honda xre 300,1384,SKU-006,100.0,fuzzy,phone:573165778889,4503863c-79e8-5ecd-9e5a-5bd7cea58ce3,True,4503863c-79e8-5ecd-9e5a-5bd7cea58ce3,1.0,same_phone_or_email,22900000.0,,,,,False,False
LD-01385,2026-08-24 13:34:00,META ADS,EMP-02,PV-007,MARCELA GÓMEZ GÓMEZ,3029899346,,SOLEDAD,AKT TTR 200,Contactado,25-08-2026,Remate Modelos 2025,marcela gomez gomez,573029899346,,soledad,meta ads,contactado,2026-08-24 13:34:00,2026-08-25 00:00:00,akt ttr 200,1385,SKU-019,100.0,fuzzy,phone:573029899346,817284dc-d605-5564-a9ab-74e6bba94477,True,817284dc-d605-5564-a9ab-74e6bba94477,1.0,same_phone_or_email,9890000.0,,,,,False,False
LD-01386,2026-08-03 04:25:00,Meta Ads,EMP-01,PV-001,Alexander Restrepo Muñoz,3148568367,,medellin,Honda Dio 110,Contactado,08/03/2026 08:25,,alexander restrepo munoz,573148568367,,medellin,meta ads,contactado,2026-08-03 04:25:00,2026-03-08 08:25:00,honda dio 110,1386,SKU-005,100.0,fuzzy,phone:573148568367,95b261aa-e4c1-52a3-8480-3ae56b978c32,False,,1.0,,6890000.0,,,,,False,False
LD-01387,2026-09-02 04:15:00,WHATSAPP,EMP-02,PV-006,Édinson Arias Bedoya,322 490 6054,edinson.arias85@gmail.com,B/quilla,Honda XRE 300,Cotización enviada,2026-09-02 05:15:00,Feria de Motos 2026,edinson arias bedoya,573224906054,edinson.arias85@gmail.com,b/quilla,whatsapp,cotizacion enviada,2026-09-02 04:15:00,2026-09-02 05:15:00,honda xre 300,1387,SKU-006,100.0,fuzzy,phone:573224906054,99c4de07-0efa-590c-85bf-f5936a89a5fa,False,,1.0,,22900000.0,,credito,,soat,False,False
LD-01388,2026-08-27 03:35:00,whatsapp,EMP-02,PV-006,Mónica Valencia Escobar,3114704514,monica.valencia37@yahoo.es,BARRANQUILLA,suzuki gixxer 150,contactado,27/08/2026 15:35,Feria de Motos 2026,monica valencia escobar,573114704514,monica.valencia37@yahoo.es,barranquilla,whatsapp,contactado,2026-08-27 03:35:00,2026-08-27 15:35:00,suzuki gixxer 150,1388,SKU-014,100.0,fuzzy,phone:573114704514,d394971f-b484-5499-a8c5-67f3260b830c,False,,1.0,,11990000.0,,,,,False,False
LD-01389,2026-08-23T19:22:00,WhatsApp,EMP-01,PV-005,Alexander Agudelo Osorio,3130474869,,Medellín,honda xre 300,Cotización enviada,2026-08-24 07:22:00,Prima Extra,alexander agudelo osorio,573130474869,,medellin,whatsapp,cotizacion enviada,2026-08-23 19:22:00,2026-08-24 07:22:00,honda xre 300,1389,SKU-006,100.0,fuzzy,phone:573130474869,d699f52b-bbdc-5271-8c70-8ac33d799ce6,False,,1.0,,22900000.0,6590000.0,credito,,cuota,False,True
LD-01390,04-09-2026,WhatsApp,EMP-03,PV-011,Liliana Pérez,315 642 5808,liliana.perez98@gmail.com,BOGOTA,Eco Deluxe 100,Contactado,04/09/2026 11:48,Remate Modelos 2025,liliana perez,573156425808,liliana.perez98@gmail.com,bogota,whatsapp,contactado,2026-09-04 00:00:00,2026-09-04 11:48:00,eco deluxe 100,1390,SKU-021,100.0,exact,phone:573156425808,2976ba9f-d6a2-56c3-8b62-57a82b75f46a,True,2976ba9f-d6a2-56c3-8b62-57a82b75f46a,1.0,same_phone_or_email,4990000.0,,credito,,soat,False,False
LD-01391,2026-08-05 07:15:00,Meta Ads,EMP-03,PV-014,Luisa Londoño,+57 311 0018694,,Bogota DC,SUZUKI BEST 125,Cotización enviada,05/08/2026 13:15,Prima Extra,luisa londono,573110018694,,bogota dc,meta ads,cotizacion enviada,2026-08-05 07:15:00,2026-08-05 13:15:00,suzuki best 125,1391,SKU-016,100.0,fuzzy,phone:573110018694,053d5a62-375e-5b8a-8bfb-fbbb728f7c5e,True,053d5a62-375e-5b8a-8bfb-fbbb728f7c5e,1.0,same_phone_or_email,6590000.0,,,,,False,False
LD-01392,2026-09-07 04:36:00,WhatsApp,EMP-03,PV-013,Erika Hernández Hernández,321-384-4252,erika.hernandez76@outlook.com,bogotá,TTR 200,No contesta,07-09-2026,Agosto Cero Cuotas,erika hernandez hernandez,573213844252,erika.hernandez76@outlook.com,bogota,whatsapp,no contesta,2026-09-07 04:36:00,2026-09-07 00:00:00,ttr 200,1392,SKU-019,100.0,exact,phone:573213844252,e2165264-6788-555d-b3be-826497d40669,False,,1.0,,9890000.0,,,,,False,False
LD-01393,2026-09-09 00:39:00,WhatsApp,EMP-02,PV-007,  Édinson Restrepo Rodríguez  ,573040599310,,Soledad,akt evo rs 150,No contesta,,Feria de Motos 2026,edinson restrepo rodriguez,573040599310,,soledad,whatsapp,no contesta,2026-09-09 00:39:00,,akt evo rs 150,1393,SKU-020,100.0,fuzzy,phone:573040599310,9a0d7b66-9465-5d8b-89ae-4160ffd61726,False,,1.0,,7190000.0,,,,,False,False
LD-01394,28/08/2026 16:29,Formulario Web,EMP-01,PV-004,Erika Londoño Ramírez,3024668422,,Rio Negro,Honda XRE 300,Cotización enviada,29-08-2026,Prima Extra,erika londono ramirez,573024668422,,rio negro,formulario web,cotizacion enviada,2026-08-28 16:29:00,2026-08-29 00:00:00,honda xre 300,1394,SKU-006,100.0,fuzzy,phone:573024668422,2cc83074-2ccb-55dd-b27c-cb5adefd94a4,False,,1.0,,22900000.0,7490000.0,credito,baja,precio,False,True
LD-01395,25/08/2026 12:18,Meta Ads,EMP-01,PV-004,Wilmar Rodríguez Ramírez,573045469302,wilmar.rodriguez70@gmail.com,RIONEGRO,suzuki gixxer 150,Cotización enviada,,Agosto Cero Cuotas,wilmar rodriguez ramirez,573045469302,wilmar.rodriguez70@gmail.com,rionegro,meta ads,cotizacion enviada,2026-08-25 12:18:00,,suzuki gixxer 150,1395,SKU-014,100.0,fuzzy,phone:573045469302,8c0334d3-1c40-5e0f-9541-dbfd9f630dbe,False,,1.0,,11990000.0,15490000.0,credito,,soat,False,False
LD-01396,09/03/2026 19:08,Meta Ads,EMP-02,PV-006,Estefanía Agudelo Giraldo, 3232073956 ,,Barranquilla,Hero Dash 110,Cotización enviada,2026-09-07T19:08:00,,estefania agudelo giraldo,573232073956,,barranquilla,meta ads,cotizacion enviada,2026-03-09 19:08:00,2026-09-07 19:08:00,hero dash 110,1396,SKU-024,100.0,fuzzy,phone:573232073956,958fa3cc-112c-56a1-99ba-6d4eaf352e01,False,,1.0,,6290000.0,,,,,False,False
LD-01397,2026-08-15 11:48:00,Meta Ads,EMP-03,PV-011,Sebastián Valencia Escobar,573023543651,sebastian.valencia56@yahoo.es,Bogotá,Honda CB 125F Twister,Sin gestión,,Retoma tu moto,sebastian valencia escobar,573023543651,sebastian.valencia56@yahoo.es,bogota,meta ads,sin gestion,2026-08-15 11:48:00,,honda cb 125f twister,1397,SKU-001,100.0,fuzzy,phone:573023543651,c31920fa-f81e-5867-818d-bf932dfbdfe8,False,,1.0,,7990000.0,,,,,False,False
LD-01398,2026-08-02 18:52:00,WhatsApp,EMP-02,PV-010,Sandra Salazar,3046681507,,Monteria,AKT TTR 200,En proceso,2026-08-06T18:52:00,,sandra salazar,573046681507,,monteria,whatsapp,en proceso,2026-08-02 18:52:00,2026-08-06 18:52:00,akt ttr 200,1398,SKU-019,100.0,fuzzy,phone:573046681507,cb7ac397-54c8-575f-b7c0-578f08d6b4be,True,cb7ac397-54c8-575f-b7c0-578f08d6b4be,1.0,same_phone_or_email,9890000.0,,,,,False,False
LD-01399,2026-09-04 12:09:00,FORMULARIO WEB,EMP-01,PV-003,Óscar David Vargas Jiménez,322 593 8803,,Bello,bajaj pulsar rs 200,Descartado,04/09/2026 14:09,Agosto Cero Cuotas,oscar david vargas jimenez,573225938803,,bello,formulario web,descartado,2026-09-04 12:09:00,2026-09-04 14:09:00,bajaj pulsar rs 200,1399,SKU-010,100.0,fuzzy,phone:573225938803,14f97b25-e1c8-5517-9021-a9a8f92c9eba,False,,1.0,,15490000.0,6590000.0,credito,,cuota,False,True
LD-01400,2026-08-27 14:56:00,Meta Ads,EMP-01,PV-001,Katherine Franco Vargas,304 979 0048,,MEDELLIN,Honda  Navi,Sin gestión,,Retoma tu moto,katherine franco vargas,573049790048,,medellin,meta ads,sin gestion,2026-08-27 14:56:00,,honda navi,1400,SKU-004,100.0,fuzzy,phone:573049790048,925eba60-af4e-5486-bd8c-351192859d2e,False,,1.0,,7290000.0,,,,,False,False
LD-01401,2026-08-10 03:41:00,WhatsApp,EMP-03,PV-014,María Fernanda Betancur Agudelo,(318) 733-4520,maria.betancur22@gmail.com,Bogotá,Suzuki GN 125,contactado,2026-08-11T09:41:00,Agosto Cero Cuotas,maria fernanda betancur agudelo,573187334520,maria.betancur22@gmail.com,bogota,whatsapp,contactado,2026-08-10 03:41:00,2026-08-11 09:41:00,suzuki gn 125,1401,SKU-013,100.0,fuzzy,phone:573187334520,4a8477d0-f21f-587f-9ab5-c838dec5889e,False,,1.0,,7490000.0,,,,,False,False
LD-01402,2026-08-06 05:28:00,Formulario Web,EMP-01,PV-004,  Julián Quintero Rodríguez  ,(351) 925-4801,,Rionegro,AKT TTR 200,sin gestion,,Feria de Motos 2026,julian quintero rodriguez,573519254801,,rionegro,formulario web,sin gestion,2026-08-06 05:28:00,,akt ttr 200,1402,SKU-019,100.0,fuzzy,phone:573519254801,2730eec8-81bb-50db-b740-41bff7651871,False,,1.0,,9890000.0,,credito,,soat,False,False
LD-01403,2026-08-09T20:39:00,Meta Ads,EMP-01,PV-004,Paula Andrea Torres Zapata,351 944 6980,paula.torres38@hotmail.com,Rionegro,Honda CB 190R,no contesta,13-08-2026,,paula andrea torres zapata,573519446980,paula.torres38@hotmail.com,rionegro,meta ads,no contesta,2026-08-09 20:39:00,2026-08-13 00:00:00,honda cb 190r,1403,SKU-003,100.0,fuzzy,phone:573519446980,56abe825-d1bf-51ef-93e2-0e3fe414e617,False,,1.0,,13990000.0,,,,,False,False
LD-01404,2026-09-05 20:51:00,Meta Ads,EMP-03,PV-012,NELSON AGUDELO HERNÁNDEZ,3048565394,nelson.agudelo39@hotmail.com,bogotá,AKT NKD 125,Descartado,05/09/2026 21:51,Feria de Motos 2026,nelson agudelo hernandez,573048565394,nelson.agudelo39@hotmail.com,bogota,meta ads,descartado,2026-09-05 20:51:00,2026-09-05 21:51:00,akt nkd 125,1404,SKU-017,100.0,fuzzy,phone:573048565394,5efc4ed4-d4e5-5bc6-9223-5f87db882c7c,False,,1.0,,5290000.0,,,,,False,False
LD-01405,2026-08-31 12:19:00,meta ads,EMP-02,PV-007,VANESSA CASTAÑO JIMÉNEZ,3203602723,vanessa.castano46@hotmail.com,,hero eco deluxe 100,En proceso,01-09-2026,,vanessa castano jimenez,573203602723,vanessa.castano46@hotmail.com,,meta ads,en proceso,2026-08-31 12:19:00,2026-09-01 00:00:00,hero eco deluxe 100,1405,SKU-021,100.0,fuzzy,phone:573203602723,562ceb46-2959-55e2-a0c4-30962a69f2cb,False,,1.0,,4990000.0,,,,,False,False
LD-01406,2026-08-14 04:05:00,WhatsApp,EMP-02,PV-008,Leidy Johana Betancur Pérez,573113795953,leidy.betancur87@yahoo.es,CARTAGENA,AKT NKD,SIN GESTION,,Prima Extra,leidy johana betancur perez,573113795953,leidy.betancur87@yahoo.es,cartagena,whatsapp,sin gestion,2026-08-14 04:05:00,,akt nkd,1406,,60.0,unmatched,phone:573113795953,c605cfae-6262-5459-97cd-cff943bd4af9,False,,1.0,,,8990000.0,credito,,soat,False,False
LD-01407,2026-09-08 08:10:00,WhatsApp,EMP-03,PV-011,Mónica Quintero Mosquera,573137641683,monica.quintero34@yahoo.es,Bogota DC,hero dash 110,Sin gestión,,Remate Modelos 2025,monica quintero mosquera,573137641683,monica.quintero34@yahoo.es,bogota dc,whatsapp,sin gestion,2026-09-08 08:10:00,,hero dash 110,1407,SKU-024,100.0,fuzzy,phone:573137641683,a111f58a-10ea-529f-8930-1fe538b31eac,False,,1.0,,6290000.0,,credito,,soat,False,False
LD-01408,02-09-2026,Formulario Web,EMP-03,PV-014,Diana Carolina Osorio Osorio,+57 314 5395860,,bogotá,Suzuky V-Strom 250,contactado,2026-09-05 13:55:00,,diana carolina osorio osorio,573145395860,,bogota,formulario web,contactado,2026-09-02 00:00:00,2026-09-05 13:55:00,suzuky v-strom 250,1408,SKU-015,100.0,fuzzy,phone:573145395860,f437de1d-b66e-54f3-a3f1-bdac682adb10,False,,1.0,,21900000.0,,,,,False,False
LD-01409,2026-09-03 07:56:00,Meta Ads,EMP-03,PV-011,DIANA CAROLINA SALAZAR JIMÉNEZ, 3211289756 ,diana.salazar52@outlook.com,Bogota DC,AKT Evo RS 150 2026,En proceso,2026-09-04T01:56:00,Retoma tu moto,diana carolina salazar jimenez,573211289756,diana.salazar52@outlook.com,bogota dc,meta ads,en proceso,2026-09-03 07:56:00,2026-09-04 01:56:00,akt evo rs 150 2026,1409,SKU-020,100.0,fuzzy,phone:573211289756,8af155e8-a61f-533c-bd61-c5d2caf9ac5f,False,,1.0,,7190000.0,13990000.0,credito,,soat,False,False
LD-01410,2026-08-26 02:43:00,meta ads,EMP-01,PV-005,marcela ramirez giraldo,+57 302 8382927,,medellin,Hero Xpulse 200,no contesta,08/26/2026 20:43,Feria de Motos 2026,marcela ramirez giraldo,573028382927,,medellin,meta ads,no contesta,2026-08-26 02:43:00,2026-08-26 20:43:00,hero xpulse 200,1410,SKU-023,100.0,fuzzy,phone:573028382927,f3f033f1-484c-5d0a-9fe6-7f230f84ca0d,True,f3f033f1-484c-5d0a-9fe6-7f230f84ca0d,1.0,same_phone_or_email,14990000.0,,,,,False,False
LD-01411,2026-08-03 00:58:00,WhatsApp,EMP-03,PV-012,Adriana Correa Torres,(315) 834-3002,,Bogota,SUZUKI V-STROM 250,En proceso,2026-08-05T00:58:00,Feria de Motos 2026,adriana correa torres,573158343002,,bogota,whatsapp,en proceso,2026-08-03 00:58:00,2026-08-05 00:58:00,suzuki v-strom 250,1411,SKU-015,100.0,fuzzy,phone:573158343002,dac611cc-f5e4-526f-bba8-4fa78cc98dbe,False,,1.0,,21900000.0,,credito,media,soat,False,False
LD-01412,16/08/2026 07:35,WhatsApp,EMP-03,PV-015,WILMAR VARGAS HERRERA,314 271 5536,,SOACHA,Honda Dio 110 2026,En proceso,16/08/2026 19:35,,wilmar vargas herrera,573142715536,,soacha,whatsapp,en proceso,2026-08-16 07:35:00,2026-08-16 19:35:00,honda dio 110 2026,1412,SKU-005,100.0,fuzzy,phone:573142715536,627af5a9-97f6-56a5-a488-cc771242d0c9,False,,1.0,,6890000.0,,,,,False,False
LD-01413,02-08-2026,WhatsApp,EMP-03,PV-011,Jorge Iván Torres Agudelo,317 990 5014,jorge.torres6@outlook.com,BOGOTA,Suzuki Gixxer 150,SIN GESTION,,Retoma tu moto,jorge ivan torres agudelo,573179905014,jorge.torres6@outlook.com,bogota,whatsapp,sin gestion,2026-08-02 00:00:00,,suzuki gixxer 150,1413,SKU-014,100.0,fuzzy,phone:573179905014,cf5f7d5a-4d30-5672-bb1c-60dc06d3285a,False,,1.0,,11990000.0,,credito,,soat,False,False
LD-01414,08/28/2026 16:49,WhatsApp,EMP-03,PV-013,ERIKA GIRALDO CARDONA,3157129815,,Bogota,GN 125,Cotización enviada,08/28/2026 22:49,Remate Modelos 2025,erika giraldo cardona,573157129815,,bogota,whatsapp,cotizacion enviada,2026-08-28 16:49:00,2026-08-28 22:49:00,gn 125,1414,SKU-013,100.0,exact,phone:573157129815,88a1be4f-d68a-58d0-9e6b-2d1d03b90a62,False,,1.0,,7490000.0,,,,,False,False
LD-01415,04/08/2026 20:51,WhatsApp,EMP-02,PV-008,Marcela Salazar Cardona,573048897722,,Cartagena de Indias,Honda XR 150L 2026,En proceso,05-08-2026,Feria de Motos 2026,marcela salazar cardona,573048897722,,cartagena de indias,whatsapp,en proceso,2026-08-04 20:51:00,2026-08-05 00:00:00,honda xr 150l 2026,1415,SKU-002,100.0,fuzzy,phone:573048897722,fa72890d-5a44-5c9d-8a85-5a412c69656d,False,,1.0,,11490000.0,,,,,False,False
LD-01416,2026-09-09T16:22:00,Meta Ads,EMP-01,PV-004,Leidy Johana Mosquera Restrepo,301 852 0844,,RIONEGRO,BAJAJ PULSAR NS 125,En proceso,2026-09-09 20:22:00,Remate Modelos 2025,leidy johana mosquera restrepo,573018520844,,rionegro,meta ads,en proceso,2026-09-09 16:22:00,2026-09-09 20:22:00,bajaj pulsar ns 125,1416,SKU-008,100.0,fuzzy,phone:573018520844,cf6089db-0831-56ad-b7bd-a6eef54abb33,False,,1.0,,8990000.0,22900000.0,credito,media,soat,False,True
LD-01417,14/08/2026 04:41,WhatsApp,EMP-01,PV-001,Yuliana Torres Cardona,3140340753,,Medellín,Suzuki  V-Strom 250,Contactado,2026-08-14 22:41:00,Remate Modelos 2025,yuliana torres cardona,573140340753,,medellin,whatsapp,contactado,2026-08-14 04:41:00,2026-08-14 22:41:00,suzuki v-strom 250,1417,SKU-015,100.0,fuzzy,phone:573140340753,657eb244-23fc-55d7-bf84-6e4855541a5d,False,,1.0,,21900000.0,,,,,False,False
LD-01418,02/09/2026 06:44,Formulario Web,EMP-03,PV-011,Paula Andrea Torres Vargas, 3049638395 ,,bogotá,,Descartado,05/09/2026 06:44,Feria de Motos 2026,paula andrea torres vargas,573049638395,,bogota,formulario web,descartado,2026-09-02 06:44:00,2026-09-05 06:44:00,,1418,,0.0,none,phone:573049638395,be5ab290-8a09-5c1b-9684-199e96248453,False,,1.0,,,,,,,False,False
LD-01419,18/08/2026 19:07,WhatsApp,EMP-02,PV-008,Yesenia Betancur Franco,573185268171,,CARTAGENA,Hero Hunk 160R,Sin gestión,,Remate Modelos 2025,yesenia betancur franco,573185268171,,cartagena,whatsapp,sin gestion,2026-08-18 19:07:00,,hero hunk 160r,1419,SKU-022,100.0,fuzzy,phone:573185268171,6165e1b0-6a0e-5a77-8724-02f311d5bfbe,False,,1.0,,10490000.0,,,,,False,False
LD-01420,2026-08-21 02:17:00,WhatsApp,EMP-01,PV-003,  Natalia Arias Salazar  ,3045238505,,Bello,BAJAJ DOMINAR 400,Contactado,2026-08-21T04:17:00,,natalia arias salazar,573045238505,,bello,whatsapp,contactado,2026-08-21 02:17:00,2026-08-21 04:17:00,bajaj dominar 400,1420,SKU-011,100.0,fuzzy,phone:573045238505,1a2f6bb4-6495-560f-8320-565c0a30a162,False,,1.0,,24900000.0,7990000.0,credito,,cuota,False,True
LD-01421,18-08-2026,Meta Ads,EMP-01,PV-001,WILMAR PÉREZ MUÑOZ,3022809320,,Medellín ,HERO DASH 110,Contactado,2026-08-18 18:52:00,,wilmar perez munoz,573022809320,,medellin,meta ads,contactado,2026-08-18 00:00:00,2026-08-18 18:52:00,hero dash 110,1421,SKU-024,100.0,fuzzy,phone:573022809320,a8f83955-b1b7-53ed-ab7c-c0c18f3678b4,False,,1.0,,6290000.0,9890000.0,credito,,cuota,False,True
LD-01422,2026-08-19 15:01:00,WHATSAPP,EMP-01,PV-005,Kevin Bedoya Escobar, 3136835970 ,,Medellín,suzuki best 125,Sin gestión,,Remate Modelos 2025,kevin bedoya escobar,573136835970,,medellin,whatsapp,sin gestion,2026-08-19 15:01:00,,suzuki best 125,1422,SKU-016,100.0,fuzzy,phone:573136835970,bd7e5291-394e-5582-a55b-6c416a6b9275,False,,1.0,,6590000.0,,,,,False,False
LD-01423,31-08-2026,formulario web,EMP-03,PV-011,María Fernanda Restrepo Cardona,+57 323 8712776,maria.restrepo15@yahoo.es,Bogotá,Honda,Sin gestión,,Feria de Motos 2026,maria fernanda restrepo cardona,573238712776,maria.restrepo15@yahoo.es,bogota,formulario web,sin gestion,2026-08-31 00:00:00,,honda,1423,,44.44444444444444,unmatched,phone:573238712776,3ce6ffc8-3e4d-5943-95f2-a2b84b3aa804,False,,1.0,,,,,,,False,False
LD-01424,08/21/2026 17:38,meta ads,EMP-01,PV-004,  Sandra Milena Quintero Valencia  ,311-661-3083,,Rionegro,Suzuki V-Strom 250,Descartado,2026-08-22 11:38:00,Agosto Cero Cuotas,sandra milena quintero valencia,573116613083,,rionegro,meta ads,descartado,2026-08-21 17:38:00,2026-08-22 11:38:00,suzuki v-strom 250,1424,SKU-015,100.0,fuzzy,phone:573116613083,592a2e45-a49d-5bc5-8d7e-41c800490876,False,,1.0,,21900000.0,7290000.0,credito,media,cuota,False,True
LD-01425,2026-09-05T10:57:00,whatsapp,EMP-02,PV-009,Andrés Felipe Rodríguez Zapata,315 772 8566,andres.rodriguez3@hotmail.com,Sta Marta,Bajaj  Discover 125,Contactado,2026-09-05T16:57:00,Prima Extra,andres felipe rodriguez zapata,573157728566,andres.rodriguez3@hotmail.com,santa marta,whatsapp,contactado,2026-09-05 10:57:00,2026-09-05 16:57:00,bajaj discover 125,1425,SKU-012,100.0,fuzzy,phone:573157728566,2cc9e101-5639-5086-ac70-2ec23a46d05d,False,,1.0,,6990000.0,,,,,False,False
LD-01426,28-08-2026,Formulario Web,EMP-03,PV-013,ESTEFANÍA RESTREPO BEDOYA,3122281291,,bogotá,HONDA CB 125F TWISTER,Contactado,08/28/2026 17:46,Prima Extra,estefania restrepo bedoya,573122281291,,bogota,formulario web,contactado,2026-08-28 00:00:00,2026-08-28 17:46:00,honda cb 125f twister,1426,SKU-001,100.0,fuzzy,phone:573122281291,1550cb94-c252-55f2-9714-cfe15ef6f5b6,True,1550cb94-c252-55f2-9714-cfe15ef6f5b6,1.0,same_phone_or_email,7990000.0,,credito,,soat,False,False
LD-01427,02/08/2026 16:15,WhatsApp,EMP-03,PV-012,DIANA CAROLINA SALAZAR BETANCUR,3187567630,,Bogota,Hero Dash,no contesta,08/02/2026 18:15,Prima Extra,diana carolina salazar betancur,573187567630,,bogota,whatsapp,no contesta,2026-08-02 16:15:00,2026-02-08 18:15:00,hero dash,1427,,66.66666666666666,unmatched,phone:573187567630,872a6999-c522-522e-b560-d482a19127b3,False,,1.0,,,24900000.0,credito,,soat,True,False
LD-01428,08/09/2026 01:36,Meta Ads,EMP-03,PV-014,  Sebastián Osorio Bedoya  ,3175715959,,Bogotá,Bajaj Discover 125,Cotización enviada,2026-09-08 13:36:00,,sebastian osorio bedoya,573175715959,,bogota,meta ads,cotizacion enviada,2026-09-08 01:36:00,2026-09-08 13:36:00,bajaj discover 125,1428,SKU-012,100.0,fuzzy,phone:573175715959,31d8ad26-afc0-5f8d-b18e-094328b9637b,False,,1.0,,6990000.0,,,,,False,False
LD-01429,2026-09-04 08:28:00,Meta Ads,EMP-03,PV-011,  Cristian Betancur Pérez  ,3208185520,cristian.betancur97@hotmail.com,Bogotá D.C.,suzuki best 125,Cotización enviada,2026-09-06 08:28:00,,cristian betancur perez,573208185520,cristian.betancur97@hotmail.com,bogota,meta ads,cotizacion enviada,2026-09-04 08:28:00,2026-09-06 08:28:00,suzuki best 125,1429,SKU-016,100.0,fuzzy,phone:573208185520,2e76e71a-fe05-5794-bc73-9f0c6b77b6c0,True,2e76e71a-fe05-5794-bc73-9f0c6b77b6c0,1.0,same_phone_or_email,6590000.0,,,,,False,False
LD-01430,25/08/2026 08:09,meta ads,EMP-01,PV-003,CARLOS MARIO OSORIO ESCOBAR,(315) 887-4268,,BELLO,Suzuki GN 125,Descartado,2026-08-26 14:09:00,Agosto Cero Cuotas,carlos mario osorio escobar,573158874268,,bello,meta ads,descartado,2026-08-25 08:09:00,2026-08-26 14:09:00,suzuki gn 125,1430,SKU-013,100.0,fuzzy,phone:573158874268,20449b7c-31b8-51d7-825e-4ff36505f100,True,20449b7c-31b8-51d7-825e-4ff36505f100,1.0,same_phone_or_email,7490000.0,,,,,False,False
LD-01431,2026-08-01 07:04:00,Meta Ads,EMP-03,PV-014,CAMILO TORRES LONDOÑO,(301) 060-3999,,Bogotá D.C.,,Sin gestión,,Prima Extra,camilo torres londono,573010603999,,bogota,meta ads,sin gestion,2026-08-01 07:04:00,,,1431,,0.0,none,phone:573010603999,22cdb035-9c68-595e-8f0c-a5160c9a2912,False,,1.0,,,,,,,False,False
LD-01432,09-08-2026,WhatsApp,EMP-01,PV-005,Erika Gómez Agudelo,573134148334,,Medellín ,Suzuki Gixxer 150,En proceso,2026-08-10 05:19:00,Prima Extra,erika gomez agudelo,573134148334,,medellin,whatsapp,en proceso,2026-08-09 00:00:00,2026-08-10 05:19:00,suzuki gixxer 150,1432,SKU-014,100.0,fuzzy,phone:573134148334,2498dcd7-f40f-59b6-82cd-9f1dc0cf12ce,False,,1.0,,11990000.0,6990000.0,credito,media,cuota,False,True
LD-01433,17/08/2026 01:35,WhatsApp,EMP-01,PV-003,  Andrés Felipe Escobar Osorio  ,301 706 9918,,BELLO,Hero Hunk 160R,sin gestion,,Retoma tu moto,andres felipe escobar osorio,573017069918,,bello,whatsapp,sin gestion,2026-08-17 01:35:00,,hero hunk 160r,1433,SKU-022,100.0,fuzzy,phone:573017069918,07987dd8-5ad3-5c2a-b818-f871ea451e10,False,,1.0,,10490000.0,,,,,False,False
LD-01434,2026-09-02T02:21:00,WhatsApp,EMP-02,PV-007,JUAN CARLOS CASTAÑO ESCOBAR,315-116-0484,juan.castano38@yahoo.es,Soledad,suzuki gn 125,En proceso,02-09-2026,,juan carlos castano escobar,573151160484,juan.castano38@yahoo.es,soledad,whatsapp,en proceso,2026-09-02 02:21:00,2026-09-02 00:00:00,suzuki gn 125,1434,SKU-013,100.0,fuzzy,phone:573151160484,4cf84047-fb79-502f-971a-5d22c132859e,False,,1.0,,7490000.0,6890000.0,credito,,cuota,False,True
LD-01435,04/09/2026 04:43,Formulario Web,EMP-02,PV-008,  Angie Paola Franco Muñoz  ,(315) 320-9140,angie.franco89@hotmail.com,Cartagena,AKT NKD 125,sin gestion,,,angie paola franco munoz,573153209140,angie.franco89@hotmail.com,cartagena,formulario web,sin gestion,2026-09-04 04:43:00,,akt nkd 125,1435,SKU-017,100.0,fuzzy,phone:573153209140,219c1237-90ad-594c-a18f-7c018657d85e,False,,1.0,,5290000.0,,,,,False,False
LD-01436,13/08/2026 05:52,Formulario Web,EMP-02,PV-009,Natalia Quintero Castaño,+57 316 5587534,natalia.quintero62@gmail.com,Santa Marta,Bajaj Pulsar,No contesta,2026-08-14 11:52:00,Prima Extra,natalia quintero castano,573165587534,natalia.quintero62@gmail.com,santa marta,formulario web,no contesta,2026-08-13 05:52:00,2026-08-14 11:52:00,bajaj pulsar,1436,,66.66666666666666,unmatched,phone:573165587534,1d48e61e-42ad-5133-be08-3a6dab64b20c,False,,1.0,,,,credito,,soat,False,False
LD-01437,09/08/2026 08:58,WhatsApp,EMP-02,PV-009,  Luz Marina Castaño Londoño  ,3023906246,luz.castano78@outlook.com,SANTA MARTA,Suzuki V-Strom 250,Contactado,2026-08-12 08:58:00,Remate Modelos 2025,luz marina castano londono,573023906246,luz.castano78@outlook.com,santa marta,whatsapp,contactado,2026-08-09 08:58:00,2026-08-12 08:58:00,suzuki v-strom 250,1437,SKU-015,100.0,fuzzy,phone:573023906246,d707516d-db69-56c7-9286-16b915af0e82,False,,1.0,,21900000.0,,,,,False,False
LD-01438,2026-08-06 14:14:00,formulario web,EMP-01,PV-005,L. Restrepo Londoño,3134174574,luisa.restrepo99@yahoo.es,medellin,Bajaj Boxer CT 100,Descartado,2026-08-06T18:14:00,,l. restrepo londono,573134174574,luisa.restrepo99@yahoo.es,medellin,formulario web,descartado,2026-08-06 14:14:00,2026-08-06 18:14:00,bajaj boxer ct 100,1438,SKU-007,100.0,fuzzy,phone:573134174574,e8b79667-9f20-56a9-a412-dbc10376e10a,True,e8b79667-9f20-56a9-a412-dbc10376e10a,1.0,same_phone_or_email,5790000.0,,credito,,soat,False,False
LD-01439,13/08/2026 00:56,Meta Ads,EMP-01,PV-003,Nelson Ramírez Rodríguez,312-481-9404,,Bello,Bajaj Discover 125,Sin gestión,,Agosto Cero Cuotas,nelson ramirez rodriguez,573124819404,,bello,meta ads,sin gestion,2026-08-13 00:56:00,,bajaj discover 125,1439,SKU-012,100.0,fuzzy,phone:573124819404,5a5a40a2-d282-5d95-885e-e6a3072ce8c1,False,,1.0,,6990000.0,,credito,media,soat,True,False
LD-01440,2026-08-21 20:10:00,WhatsApp,EMP-02,PV-009,maria fernanda cardona castano,323 569 1722,maria.cardona22@outlook.com,Sta Marta,Bajaj Boxer CT 100,no contesta,25/08/2026 20:10,Feria de Motos 2026,maria fernanda cardona castano,573235691722,maria.cardona22@outlook.com,santa marta,whatsapp,no contesta,2026-08-21 20:10:00,2026-08-25 20:10:00,bajaj boxer ct 100,1440,SKU-007,100.0,fuzzy,phone:573235691722,a0f93cf6-876d-5b15-95f5-1d72e62fb3d3,True,a0f93cf6-876d-5b15-95f5-1d72e62fb3d3,1.0,same_phone_or_email,5790000.0,,credito,baja,precio,False,True
LD-01441,2026-08-09 21:56:00,WhatsApp,EMP-03,PV-011,Mónica Vargas Jiménez, 3147640199 ,,BOGOTA,suzuki best 125,No contesta,08/10/2026 03:56,Remate Modelos 2025,monica vargas jimenez,573147640199,,bogota,whatsapp,no contesta,2026-08-09 21:56:00,2026-10-08 03:56:00,suzuki best 125,1441,SKU-016,100.0,fuzzy,phone:573147640199,645432e8-7307-56df-bcdc-ad9dacb0e192,False,,1.0,,6590000.0,,,,,False,False
LD-01442,2026-08-01 18:51:00,WhatsApp,EMP-01,PV-001,Andrés Felipe Restrepo Cardona, 3131753775 ,,Medellin,Hero Hunk 160R,No contesta,01/08/2026 22:51,Retoma tu moto,andres felipe restrepo cardona,573131753775,,medellin,whatsapp,no contesta,2026-08-01 18:51:00,2026-08-01 22:51:00,hero hunk 160r,1442,SKU-022,100.0,fuzzy,phone:573131753775,c1d20f38-4be0-5b3d-b77f-2c8a4b97d048,False,,1.0,,10490000.0,,,,,False,False
LD-01443,27/08/2026 17:01,Meta Ads,EMP-03,PV-013,  Andrés Felipe Betancur Herrera  ,311 416 3606,,Bogota,Hero Hunk 160R,Descartado,,Agosto Cero Cuotas,andres felipe betancur herrera,573114163606,,bogota,meta ads,descartado,2026-08-27 17:01:00,,hero hunk 160r,1443,SKU-022,100.0,fuzzy,phone:573114163606,e816d36b-74e9-5b92-8b62-15e54c39bfd3,False,,1.0,,10490000.0,,,,,False,False
LD-01444,03-09-2026,WhatsApp,EMP-03,PV-015,Claudia Patricia Correa Zapata,318 808 5690,claudia.correa57@yahoo.es,SOACHA,Honda CB 125F Twister 2026,Cotización enviada,09/04/2026 18:47,,claudia patricia correa zapata,573188085690,claudia.correa57@yahoo.es,soacha,whatsapp,cotizacion enviada,2026-09-03 00:00:00,2026-04-09 18:47:00,honda cb 125f twister 2026,1444,SKU-001,100.0,fuzzy,phone:573188085690,b27f024c-cdd4-557c-831c-6970b95d0e3e,False,,1.0,,7990000.0,24900000.0,credito,,soat,False,False
LD-01445,27-08-2026,WhatsApp,EMP-02,PV-006,  Cristian Herrera Hernández  ,3150738584,,BARRANQUILLA,Pulsar RS 200,Descartado,27-08-2026,Agosto Cero Cuotas,cristian herrera hernandez,573150738584,,barranquilla,whatsapp,descartado,2026-08-27 00:00:00,2026-08-27 00:00:00,pulsar rs 200,1445,SKU-010,100.0,exact,phone:573150738584,bd1834b7-bd66-5246-80f8-0af3718311bf,False,,1.0,,15490000.0,,credito,,soat,False,False
LD-01446,2026-08-29 06:14:00,META ADS,EMP-01,PV-002,JUAN CARLOS BEDOYA QUINTERO,300-378-0468,juan.bedoya91@hotmail.com,Itagui,AKT TTR,En proceso,09/02/2026 06:14,Feria de Motos 2026,juan carlos bedoya quintero,573003780468,juan.bedoya91@hotmail.com,itagui,meta ads,en proceso,2026-08-29 06:14:00,2026-02-09 06:14:00,akt ttr,1446,,60.0,unmatched,phone:573003780468,8923bc3a-8a0f-5c26-9e27-57c844c1e4c1,False,,1.0,,,,,,,False,False
LD-01447,08/03/2026 06:05,WhatsApp,EMP-02,PV-006,Héctor Herrera Ramírez,3138016898,,,Honda Dio 110,En proceso,2026-08-05T06:05:00,Remate Modelos 2025,hector herrera ramirez,573138016898,,,whatsapp,en proceso,2026-03-08 06:05:00,2026-08-05 06:05:00,honda dio 110,1447,SKU-005,100.0,fuzzy,phone:573138016898,4fc22371-91a8-5340-a56a-2caace8420b4,False,,1.0,,6890000.0,,,,,False,False
LD-01448,12-08-2026,WhatsApp,EMP-03,PV-013,Freddy Zapata Zapata,301 419 3776,freddy.zapata48@hotmail.com,bogotá,Bajaj Pulsar RS 200,Sin gestión,,Remate Modelos 2025,freddy zapata zapata,573014193776,freddy.zapata48@hotmail.com,bogota,whatsapp,sin gestion,2026-08-12 00:00:00,,bajaj pulsar rs 200,1448,SKU-010,100.0,fuzzy,phone:573014193776,6a9cab3a-0139-594e-bd56-b77f75ddc9b3,False,,1.0,,15490000.0,,,,,False,False
LD-01449,04/09/2026 05:37,WhatsApp,EMP-03,PV-013,Andrés Felipe Ramírez Londoño,3221643180,andres.ramirez92@gmail.com,Bogota DC,AKT Dynamic R3 125,No contesta,2026-09-04T06:37:00,Retoma tu moto,andres felipe ramirez londono,573221643180,andres.ramirez92@gmail.com,bogota dc,whatsapp,no contesta,2026-09-04 05:37:00,2026-09-04 06:37:00,akt dynamic r3 125,1449,SKU-018,100.0,fuzzy,phone:573221643180,65c118aa-529e-5ed9-a201-39bfe5df360d,True,65c118aa-529e-5ed9-a201-39bfe5df360d,1.0,same_phone_or_email,5590000.0,,,,,False,False
LD-01450,2026-08-25 19:53:00,WhatsApp,EMP-01,PV-005,YULIANA AGUDELO VARGAS,3008305965,,Medellin,Hero Xpulse 200 2026,No contesta,2026-08-25 20:53:00,Feria de Motos 2026,yuliana agudelo vargas,573008305965,,medellin,whatsapp,no contesta,2026-08-25 19:53:00,2026-08-25 20:53:00,hero xpulse 200 2026,1450,SKU-023,100.0,fuzzy,phone:573008305965,31dd73e3-3abe-512d-9d10-2a21cdd4e8c8,False,,1.0,,14990000.0,15490000.0,credito,,cuota,False,True
LD-01451,13-08-2026,Formulario Web,EMP-03,PV-012,Duván Pérez Bedoya,3159813888,,BOGOTA,honda cb 125f twister,Descartado,14/08/2026 01:03,Agosto Cero Cuotas,duvan perez bedoya,573159813888,,bogota,formulario web,descartado,2026-08-13 00:00:00,2026-08-14 01:03:00,honda cb 125f twister,1451,SKU-001,100.0,fuzzy,phone:573159813888,2559d7dc-17f4-575f-a31c-a126fb21543f,False,,1.0,,7990000.0,,,,,False,False
LD-01452,2026-09-02 11:42:00,WhatsApp,EMP-01,PV-003,Yuliana Marín Pérez,573102213563,,Bello,Bajai Pulsar NS 125,En proceso,09/04/2026 11:42,Remate Modelos 2025,yuliana marin perez,573102213563,,bello,whatsapp,en proceso,2026-09-02 11:42:00,2026-04-09 11:42:00,bajai pulsar ns 125,1452,SKU-008,100.0,fuzzy,phone:573102213563,10a41b88-692f-5ca6-bfdb-e69528743719,False,,1.0,,8990000.0,,,,,False,False
LD-01453,24/08/2026 05:59,Meta Ads,EMP-01,PV-004,  María Fernanda Zapata Ramírez  ,350 181 0499,,Rio Negro,Honda Dio,Sin gestión,,Prima Extra,maria fernanda zapata ramirez,573501810499,,rio negro,meta ads,sin gestion,2026-08-24 05:59:00,,honda dio,1453,,60.0,unmatched,phone:573501810499,febfc171-5494-583d-8558-320025a9fe15,False,,1.0,,,11990000.0,credito,,soat,True,False
LD-01454,2026-09-07 14:12:00,WhatsApp,EMP-03,PV-015,Katherine Salazar Osorio,312 998 9785,,SOACHA,akt nkd 125,SIN GESTION,,Feria de Motos 2026,katherine salazar osorio,573129989785,,soacha,whatsapp,sin gestion,2026-09-07 14:12:00,,akt nkd 125,1454,SKU-017,100.0,fuzzy,phone:573129989785,b47e315a-c336-52de-a48d-918720fe2287,False,,1.0,,5290000.0,,credito,,soat,False,False
LD-01455,08/17/2026 13:46,Meta Ads,EMP-03,PV-014,Paula Andrea Restrepo Correa,315 148 0280,paula.restrepo72@yahoo.es,bogotá,Bajaj Pulsar NS 125,sin gestion,,Retoma tu moto,paula andrea restrepo correa,573151480280,paula.restrepo72@yahoo.es,bogota,meta ads,sin gestion,2026-08-17 13:46:00,,bajaj pulsar ns 125,1455,SKU-008,100.0,fuzzy,phone:573151480280,476ed78a-808f-5c63-a18e-df3653ea5d0e,False,,1.0,,8990000.0,,credito,,soat,False,False
LD-01456,13/08/2026 20:05,WhatsApp,EMP-02,PV-009,Cristian Arias Jiménez,573183390457,,,bajaj pulsar ns 125,Sin gestión,,Prima Extra,cristian arias jimenez,573183390457,,,whatsapp,sin gestion,2026-08-13 20:05:00,,bajaj pulsar ns 125,1456,SKU-008,100.0,fuzzy,phone:573183390457,c9e434bd-9808-5b0a-992b-a7a2018f580b,False,,1.0,,8990000.0,,credito,,soat,False,False
LD-01457,04/08/2026 07:49,WhatsApp,EMP-01,PV-002,FABIÁN OSORIO FRANCO,3204915519,,Itagui,Hero Hunk 160R 2026,Descartado,04/08/2026 13:49,Prima Extra,fabian osorio franco,573204915519,,itagui,whatsapp,descartado,2026-08-04 07:49:00,2026-08-04 13:49:00,hero hunk 160r 2026,1457,SKU-022,100.0,fuzzy,phone:573204915519,aadd3f35-7cb8-50b0-b7af-db1670a800c4,False,,1.0,,10490000.0,,credito,,soat,False,False
LD-01458,2026-08-29 14:57:00,WhatsApp,EMP-02,PV-006,Andrés Felipe Bedoya Ramírez,3170074670,,B/quilla,Hero Hunk 160R,Sin gestión,,,andres felipe bedoya ramirez,573170074670,,b/quilla,whatsapp,sin gestion,2026-08-29 14:57:00,,hero hunk 160r,1458,SKU-022,100.0,fuzzy,phone:573170074670,0105afaf-b1f5-51ee-90a7-d0270a6f4ab6,False,,1.0,,10490000.0,,,,,False,False
LD-01459,07-09-2026,WhatsApp,EMP-02,PV-007,Nelson Giraldo Salazar,3215898389,nelson.giraldo50@gmail.com,SOLEDAD,Honda CB 125F Twister 2026,Contactado,07-09-2026,Agosto Cero Cuotas,nelson giraldo salazar,573215898389,nelson.giraldo50@gmail.com,soledad,whatsapp,contactado,2026-09-07 00:00:00,2026-09-07 00:00:00,honda cb 125f twister 2026,1459,SKU-001,100.0,fuzzy,phone:573215898389,2e77764c-fed4-5ea3-ab1a-145c25a71bfe,False,,1.0,,7990000.0,,,,,False,False
LD-01460,09/08/2026 01:51,whatsapp,EMP-03,PV-014,BRAYAN GÓMEZ BETANCUR,3055921688,,BOGOTA,honda navi,Contactado,10/08/2026 01:51,Remate Modelos 2025,brayan gomez betancur,573055921688,,bogota,whatsapp,contactado,2026-08-09 01:51:00,2026-08-10 01:51:00,honda navi,1460,SKU-004,100.0,fuzzy,phone:573055921688,f364972b-0a92-5a46-854b-69f749cf3e8f,False,,1.0,,7290000.0,11490000.0,credito,media,cuota,False,True
LD-01461,24-08-2026,Meta Ads,EMP-01,PV-005,  Héctor Valencia Giraldo  ,314 489 6570,,Medellín,Suzuki Gixxer 150,Sin gestión,,Agosto Cero Cuotas,hector valencia giraldo,573144896570,,medellin,meta ads,sin gestion,2026-08-24 00:00:00,,suzuki gixxer 150,1461,SKU-014,100.0,fuzzy,phone:573144896570,087033cf-2524-599a-a3bb-6f856b0f9484,False,,1.0,,11990000.0,,credito,,soat,False,False
LD-01462,13-08-2026,WhatsApp,EMP-03,PV-015,JHON JAIRO QUINTERO PÉREZ,3019909496,,SOACHA,AKT TTR 200,En proceso,17/08/2026 22:15,Retoma tu moto,jhon jairo quintero perez,573019909496,,soacha,whatsapp,en proceso,2026-08-13 00:00:00,2026-08-17 22:15:00,akt ttr 200,1462,SKU-019,100.0,fuzzy,phone:573019909496,1ce00e60-4cf5-5faf-ac0a-0600b3db3bdc,False,,1.0,,9890000.0,,,,,False,False
LD-01463,2026-08-17 02:59:00,WhatsApp,EMP-01,PV-005,JULIÁN ZAPATA RODRÍGUEZ,3146132028,julian.zapata59@outlook.com,Medellin,Suzuki Gixxer 150,no contesta,08/17/2026 08:59,Agosto Cero Cuotas,julian zapata rodriguez,573146132028,julian.zapata59@outlook.com,medellin,whatsapp,no contesta,2026-08-17 02:59:00,2026-08-17 08:59:00,suzuki gixxer 150,1463,SKU-014,100.0,fuzzy,phone:573146132028,c32b653f-4eb6-52b5-b19e-903b2757219d,False,,1.0,,11990000.0,,,,,False,False
LD-01464,2026-08-08 03:22:00,Formulario Web,EMP-01,PV-004,JHON JAIRO VALENCIA BETANCUR,+57 315 9802019,jhon.valencia28@gmail.com,,Suzuki GN,Contactado,2026-08-09 09:22:00,Prima Extra,jhon jairo valencia betancur,573159802019,jhon.valencia28@gmail.com,,formulario web,contactado,2026-08-08 03:22:00,2026-08-09 09:22:00,suzuki gn,1464,,50.0,unmatched,phone:573159802019,7934a306-95e2-512c-8c58-9389a9700e84,True,7934a306-95e2-512c-8c58-9389a9700e84,1.0,same_phone_or_email,,,,,,False,False
LD-01465,2026-08-22 07:14:00,WhatsApp,EMP-01,PV-004,Yuliana Franco Marín,(318) 023-2351,,Rio Negro,,no contesta,2026-08-25T07:14:00,Agosto Cero Cuotas,yuliana franco marin,573180232351,,rio negro,whatsapp,no contesta,2026-08-22 07:14:00,2026-08-25 07:14:00,,1465,,0.0,none,phone:573180232351,48513055-0cb7-591e-9579-e38fc65f1a1c,False,,1.0,,,,,,,False,False
LD-01466,08-08-2026,Meta Ads,EMP-02,PV-008,Camilo Hernández Londoño,3501693501,camilo.hernandez87@hotmail.com,Cartagena de Indias,Bajaj Pulsar NS 160 2026,En proceso,,,camilo hernandez londono,573501693501,camilo.hernandez87@hotmail.com,cartagena de indias,meta ads,en proceso,2026-08-08 00:00:00,,bajaj pulsar ns 160 2026,1466,SKU-009,100.0,fuzzy,phone:573501693501,34f61220-7da9-5712-bb7f-d7020aaed11c,False,,1.0,,11290000.0,,credito,media,soat,False,False
LD-01467,2026-08-08 15:22:00,WhatsApp,EMP-03,PV-014,Édinson Castaño Pérez,3515323026,edinson.castano20@gmail.com,Bogotá D.C.,bajaj dominar 400,En proceso,09/08/2026 15:22,,edinson castano perez,573515323026,edinson.castano20@gmail.com,bogota,whatsapp,en proceso,2026-08-08 15:22:00,2026-08-09 15:22:00,bajaj dominar 400,1467,SKU-011,100.0,fuzzy,phone:573515323026,41becb0e-b48a-5c8b-afbe-2baff648db67,False,,1.0,,24900000.0,,,,,False,False
LD-01468,04/09/2026 00:23,Formulario Web,EMP-02,PV-010,LUISA CARDONA CARDONA,350 744 1673,,MONTERIA,Heroo Eco Deluxe 100,Contactado,2026-09-04 04:23:00,,luisa cardona cardona,573507441673,,monteria,formulario web,contactado,2026-09-04 00:23:00,2026-09-04 04:23:00,heroo eco deluxe 100,1468,SKU-021,100.0,fuzzy,phone:573507441673,55a08f58-7b8a-5406-9066-b31919cb6d1b,False,,1.0,,4990000.0,,credito,,soat,True,False
LD-01469,2026-08-15T06:13:00,Meta Ads,EMP-02,PV-007,Juan Carlos Bedoya Giraldo,573104811363,juan.bedoya74@outlook.com,,honda navi,Descartado,,Agosto Cero Cuotas,juan carlos bedoya giraldo,573104811363,juan.bedoya74@outlook.com,,meta ads,descartado,2026-08-15 06:13:00,,honda navi,1469,SKU-004,100.0,fuzzy,phone:573104811363,481447db-0132-541a-b800-a58421e76b19,False,,1.0,,7290000.0,,credito,media,soat,False,False
LD-01470,2026-08-10T17:27:00,Meta Ads,EMP-01,PV-001,Yuliana Escobar Herrera,320 145 4170,,MEDELLIN,Honda XR 150L,Contactado,11-08-2026,Prima Extra,yuliana escobar herrera,573201454170,,medellin,meta ads,contactado,2026-08-10 17:27:00,2026-08-11 00:00:00,honda xr 150l,1470,SKU-002,100.0,fuzzy,phone:573201454170,885c6bd9-0c3a-504e-88f3-1f2b3f602906,False,,1.0,,11490000.0,,,,,False,False
LD-01471,28/08/2026 11:48,Meta Ads,EMP-01,PV-003,Paula Andrea Gómez Correa,3010977202,,BELLO,AKT NKD,No contesta,08/31/2026 11:48,Agosto Cero Cuotas,paula andrea gomez correa,573010977202,,bello,meta ads,no contesta,2026-08-28 11:48:00,2026-08-31 11:48:00,akt nkd,1471,,60.0,unmatched,phone:573010977202,de829a04-3abf-58c0-b2e9-95a114d4cd07,False,,1.0,,,,,,,False,False
LD-01472,08/21/2026 18:07,WHATSAPP,EMP-02,PV-007,Héctor Muñoz Quintero,+57 322 6681968,,Soledad,TTR 200,Descartado,21/08/2026 20:07,Remate Modelos 2025,hector munoz quintero,573226681968,,soledad,whatsapp,descartado,2026-08-21 18:07:00,2026-08-21 20:07:00,ttr 200,1472,SKU-019,100.0,exact,phone:573226681968,babea5db-7247-54ca-a7d5-8d4adff8c7a3,False,,1.0,,9890000.0,,,,,False,False
LD-01473,2026-08-23 16:41:00,Meta Ads,EMP-01,PV-001,Leidy Franco, 3005741545 ,leidy.franco55@outlook.com,MEDELLIN,Hero Xpulse 200,no contesta,24-08-2026,Prima Extra,leidy franco,573005741545,leidy.franco55@outlook.com,medellin,meta ads,no contesta,2026-08-23 16:41:00,2026-08-24 00:00:00,hero xpulse 200,1473,SKU-023,100.0,fuzzy,phone:573005741545,1bc2b165-954c-5e59-a313-c388bd5cbb87,True,1bc2b165-954c-5e59-a313-c388bd5cbb87,1.0,same_phone_or_email,14990000.0,5290000.0,credito,,cuota,False,True
LD-01474,2026-09-04 12:20:00,Meta Ads,EMP-03,PV-011,KATHERINE RESTREPO ESCOBAR,(314) 549-3741,,BOGOTA,honda cb 125f twister,Sin gestión,,Retoma tu moto,katherine restrepo escobar,573145493741,,bogota,meta ads,sin gestion,2026-09-04 12:20:00,,honda cb 125f twister,1474,SKU-001,100.0,fuzzy,phone:573145493741,0a3df495-9ff3-586a-b744-415c4dd12a3a,False,,1.0,,7990000.0,,,,,False,False
LD-01475,2026-08-26 08:35:00,WhatsApp,EMP-02,PV-006,Angie Paola Castaño Mosquera,316 381 2986,angie.castano36@yahoo.es,barranquilla,A.K.T NKD 125,No contesta,2026-08-27 08:35:00,Feria de Motos 2026,angie paola castano mosquera,573163812986,angie.castano36@yahoo.es,barranquilla,whatsapp,no contesta,2026-08-26 08:35:00,2026-08-27 08:35:00,a.k.t nkd 125,1475,SKU-017,100.0,fuzzy,phone:573163812986,19451c05-39aa-5d90-8430-4810360e0127,False,,1.0,,5290000.0,6890000.0,credito,,soat,True,False
LD-01476,02-09-2026,WhatsApp,EMP-02,PV-008,Claudia Patricia Osorio Londoño,316 909 0558,claudia.osorio25@hotmail.com,CARTAGENA,bajaj dominar 400,Descartado,02/09/2026 20:46,Feria de Motos 2026,claudia patricia osorio londono,573169090558,claudia.osorio25@hotmail.com,cartagena,whatsapp,descartado,2026-09-02 00:00:00,2026-09-02 20:46:00,bajaj dominar 400,1476,SKU-011,100.0,fuzzy,phone:573169090558,136fb885-6d1e-565f-9e3f-9a8bb0bce53e,False,,1.0,,24900000.0,,,,,False,False
LD-01477,23/08/2026 22:09,WhatsApp,EMP-02,PV-009,Andrés Felipe Castaño Muñoz,3108789220,andres.castano11@gmail.com,Santa Marta,Bajaj Discover 125,En proceso,24/08/2026 04:09,,andres felipe castano munoz,573108789220,andres.castano11@gmail.com,santa marta,whatsapp,en proceso,2026-08-23 22:09:00,2026-08-24 04:09:00,bajaj discover 125,1477,SKU-012,100.0,fuzzy,phone:573108789220,c127d0c6-b757-53b9-a17c-036795648589,False,,1.0,,6990000.0,6990000.0,credito,,cuota,False,True
LD-01478,2026-08-17 13:54:00,WhatsApp,EMP-03,PV-012,LEIDY JOHANA CASTAÑO LONDOÑO,+57 302 7022682,leidy.castano85@hotmail.com,Bogota,Hero Dash,No contesta,2026-08-18 13:54:00,Feria de Motos 2026,leidy johana castano londono,573027022682,leidy.castano85@hotmail.com,bogota,whatsapp,no contesta,2026-08-17 13:54:00,2026-08-18 13:54:00,hero dash,1478,,66.66666666666666,unmatched,phone:573027022682,79fe6178-11db-5bf2-915b-3343a82eb29b,False,,1.0,,,,,,,False,False
LD-01479,2026-09-06 16:38:00,WhatsApp,EMP-01,PV-003,ADRIANA GIRALDO OSPINA,+57 305 7673156,,Bello,Hero Hunk 160R,Sin gestión,,Retoma tu moto,adriana giraldo ospina,573057673156,,bello,whatsapp,sin gestion,2026-09-06 16:38:00,,hero hunk 160r,1479,SKU-022,100.0,fuzzy,phone:573057673156,cea537cc-f884-571d-ae54-2b3d6096c4a9,False,,1.0,,10490000.0,,,,,False,False
LD-01480,10-08-2026,WhatsApp,EMP-02,PV-010,  Brayan Agudelo Osorio  ,+57 315 6442205,brayan.agudelo58@outlook.com,Monteria,Xpulse 200,Contactado,10-08-2026,Remate Modelos 2025,brayan agudelo osorio,573156442205,brayan.agudelo58@outlook.com,monteria,whatsapp,contactado,2026-08-10 00:00:00,2026-08-10 00:00:00,xpulse 200,1480,SKU-023,100.0,exact,phone:573156442205,3fa7da40-bfae-503d-b346-6c84accb9512,False,,1.0,,14990000.0,,,,,False,False
LD-01481,23-08-2026,Meta Ads,EMP-01,PV-005,  Brayan Ramírez Cardona  ,+57 312 9936019,brayan.ramirez41@gmail.com,medellin,Suzuki Gixxer 150 2026,Cotización enviada,08/23/2026 14:48,,brayan ramirez cardona,573129936019,brayan.ramirez41@gmail.com,medellin,meta ads,cotizacion enviada,2026-08-23 00:00:00,2026-08-23 14:48:00,suzuki gixxer 150 2026,1481,SKU-014,100.0,fuzzy,phone:573129936019,0bd5ff02-4db0-5d35-95e4-22b77eda06f2,False,,1.0,,11990000.0,,,,,False,False
LD-01482,08-08-2026,WhatsApp,EMP-01,PV-002,Natalia Gómez Cardona,573122425031,natalia.gomez2@outlook.com,,Hero Dash 110 2026,No contesta,09-08-2026,Prima Extra,natalia gomez cardona,573122425031,natalia.gomez2@outlook.com,,whatsapp,no contesta,2026-08-08 00:00:00,2026-08-09 00:00:00,hero dash 110 2026,1482,SKU-024,100.0,fuzzy,phone:573122425031,e1d692a5-f205-5881-a7a4-491b21d7b30b,False,,1.0,,6290000.0,,,,,False,False
LD-01483,03-09-2026,WhatsApp,EMP-03,PV-014,Yuliana Giraldo Muñoz,+57 320 8435314,,Bogotá,Hero  Dash 110,Sin gestión,,,yuliana giraldo munoz,573208435314,,bogota,whatsapp,sin gestion,2026-09-03 00:00:00,,hero dash 110,1483,SKU-024,100.0,fuzzy,phone:573208435314,c4aca4b6-9715-50a2-8990-09286da3d1c2,False,,1.0,,6290000.0,,,,,False,False
LD-01484,2026-08-03 09:02:00,Meta Ads,EMP-01,PV-003,JUAN CARLOS RESTREPO JIMÉNEZ,+57 316 7637990,juan.restrepo98@gmail.com,BELLO,Bajaj Pulsar NS 160,En proceso,08/07/2026 09:02,Agosto Cero Cuotas,juan carlos restrepo jimenez,573167637990,juan.restrepo98@gmail.com,bello,meta ads,en proceso,2026-08-03 09:02:00,2026-07-08 09:02:00,bajaj pulsar ns 160,1484,SKU-009,100.0,fuzzy,phone:573167637990,1d3cf328-34da-5ebb-aeac-8f1a64e37be5,False,,1.0,,11290000.0,,,,,False,False
LD-01485,08/04/2026 14:21,Formulario Web,EMP-01,PV-002,F. Londoño Betancur,+57 304 7335532,,ITAGUI,Bajaj Pulsar RS 200,sin gestion,,,f. londono betancur,573047335532,,itagui,formulario web,sin gestion,2026-04-08 14:21:00,,bajaj pulsar rs 200,1485,SKU-010,100.0,fuzzy,phone:573047335532,1c3c749b-6819-5578-aae2-34343cd76708,True,1c3c749b-6819-5578-aae2-34343cd76708,1.0,same_phone_or_email,15490000.0,,credito,,soat,False,False
LD-01486,2026-08-19T06:28:00,WHATSAPP,EMP-02,PV-008,jorge ivan perez correa,304 530 7407,,Cartagena de Indias,Suzuki V-Strom 250,sin gestion,,,jorge ivan perez correa,573045307407,,cartagena de indias,whatsapp,sin gestion,2026-08-19 06:28:00,,suzuki v-strom 250,1486,SKU-015,100.0,fuzzy,phone:573045307407,025bc060-bc55-50a8-9581-f2a141b0d843,True,025bc060-bc55-50a8-9581-f2a141b0d843,1.0,same_phone_or_email,21900000.0,,credito,,soat,False,False
LD-01487,2026-08-12 09:32:00,Meta Ads,EMP-02,PV-006,Fabián Castaño Restrepo,322-569-1118,fabian.castano25@gmail.com,B/quilla,Hnda XR 150L,Cotización enviada,2026-08-13 15:32:00,,fabian castano restrepo,573225691118,fabian.castano25@gmail.com,b/quilla,meta ads,cotizacion enviada,2026-08-12 09:32:00,2026-08-13 15:32:00,hnda xr 150l,1487,SKU-002,100.0,fuzzy,phone:573225691118,69d44bc1-759c-596b-bbdf-6b4b3e151be1,False,,1.0,,11490000.0,,credito,,cuota,False,False
LD-01488,2026-08-18T17:48:00,Meta Ads,EMP-03,PV-013,  Brayan Torres Rodríguez  ,301 063 9810,brayan.torres32@gmail.com,Bogota,Suzuki,Sin gestión,,Feria de Motos 2026,brayan torres rodriguez,573010639810,brayan.torres32@gmail.com,bogota,meta ads,sin gestion,2026-08-18 17:48:00,,suzuki,1488,,26.66666666666667,unmatched,phone:573010639810,de8a056a-6812-535c-90d1-006b446ceb77,False,,1.0,,,7490000.0,credito,media,precio,False,True
LD-01489,2026-08-07 15:43:00,WhatsApp,EMP-01,PV-003,Freddy Valencia Correa,3201242489,freddy.valencia65@gmail.com,bello,Hero  Dash 110,Contactado,07-08-2026,Remate Modelos 2025,freddy valencia correa,573201242489,freddy.valencia65@gmail.com,bello,whatsapp,contactado,2026-08-07 15:43:00,2026-08-07 00:00:00,hero dash 110,1489,SKU-024,100.0,fuzzy,phone:573201242489,8979ef2c-2a44-50d9-9932-036e910a73b5,False,,1.0,,6290000.0,15490000.0,credito,media,soat,False,False
LD-01490,07/08/2026 14:33,Meta Ads,EMP-03,PV-014,Juan Carlos Londoño Salazar,300-432-0992,juan.londono61@hotmail.com,Bogotá D.C.,Honda,Sin gestión,,Prima Extra,juan carlos londono salazar,573004320992,juan.londono61@hotmail.com,bogota,meta ads,sin gestion,2026-08-07 14:33:00,,honda,1490,,44.44444444444444,unmatched,phone:573004320992,33c9fff3-2172-5dd9-87c1-dcc222c87265,False,,1.0,,,21900000.0,credito,media,cuota,False,True
LD-01491,27-08-2026,Formulario Web,EMP-02,PV-006,Cristian Ospina Franco,304 521 3715,cristian.ospina43@hotmail.com,B/quilla,hero xpulse 200,No contesta,27-08-2026,Prima Extra,cristian ospina franco,573045213715,cristian.ospina43@hotmail.com,b/quilla,formulario web,no contesta,2026-08-27 00:00:00,2026-08-27 00:00:00,hero xpulse 200,1491,SKU-023,100.0,fuzzy,phone:573045213715,fbd71994-3811-5b73-bdf4-4cfb335615e3,False,,1.0,,14990000.0,11990000.0,credito,,soat,False,False
LD-01492,31/08/2026 10:04,WHATSAPP,EMP-03,PV-012,MARÍA FERNANDA AGUDELO CASTAÑO,3112244836,maria.agudelo12@yahoo.es,Bogotá D.C.,AKT NKD 125,Contactado,2026-08-31 16:04:00,Prima Extra,maria fernanda agudelo castano,573112244836,maria.agudelo12@yahoo.es,bogota,whatsapp,contactado,2026-08-31 10:04:00,2026-08-31 16:04:00,akt nkd 125,1492,SKU-017,100.0,fuzzy,phone:573112244836,d363af81-b8be-5998-b0c4-397607aa0d57,False,,1.0,,5290000.0,,,,,False,False
LD-01493,04/09/2026 12:30,WhatsApp,EMP-03,PV-014,ANDRÉS FELIPE LONDOÑO CARDONA,+57 315 0560318,andres.londono86@gmail.com,BOGOTA,Bajaj Pulsar NS 160,Cotización enviada,,Feria de Motos 2026,andres felipe londono cardona,573150560318,andres.londono86@gmail.com,bogota,whatsapp,cotizacion enviada,2026-09-04 12:30:00,,bajaj pulsar ns 160,1493,SKU-009,100.0,fuzzy,phone:573150560318,bab479f6-5696-556c-9de8-776dc9f0bc8f,False,,1.0,,11290000.0,,credito,media,soat,False,False
LD-01494,2026-08-29 02:58:00,WhatsApp,EMP-01,PV-004,Brayan Franco Quintero, 3056594486 ,,,AKT Evo RS 150 2026,Descartado,2026-09-01T02:58:00,Prima Extra,brayan franco quintero,573056594486,,,whatsapp,descartado,2026-08-29 02:58:00,2026-09-01 02:58:00,akt evo rs 150 2026,1494,SKU-020,100.0,fuzzy,phone:573056594486,060d6dc5-8960-5a43-844f-bd2e6cc16db7,False,,1.0,,7190000.0,,credito,,soat,False,False
LD-01495,2026-08-14 00:48:00,WHATSAPP,EMP-03,PV-011,Mónica Restrepo Betancur,323 487 0229,,Bogotá D.C.,akt ttr 200,Contactado,2026-08-15T06:48:00,Retoma tu moto,monica restrepo betancur,573234870229,,bogota,whatsapp,contactado,2026-08-14 00:48:00,2026-08-15 06:48:00,akt ttr 200,1495,SKU-019,100.0,fuzzy,phone:573234870229,025b4015-489b-5fae-be49-9a5c5f9600c7,False,,1.0,,9890000.0,,,,,False,False
LD-01496,08/17/2026 18:50,WhatsApp,EMP-01,PV-005,Duván Muñoz Cardona,312 832 9895,,MEDELLIN,Hero Eco Deluxe 100,Cotización enviada,,,duvan munoz cardona,573128329895,,medellin,whatsapp,cotizacion enviada,2026-08-17 18:50:00,,hero eco deluxe 100,1496,SKU-021,100.0,fuzzy,phone:573128329895,d425df71-9028-5587-ae9f-c42c90d1668e,False,,1.0,,4990000.0,,,,,False,False
LD-01497,25/08/2026 09:43,WHATSAPP,EMP-01,PV-002,  Adriana Escobar Rodríguez  , 3502549070 ,,Itagüí,Suzuki V-Strom 250,Contactado,2026-08-25T11:43:00,Agosto Cero Cuotas,adriana escobar rodriguez,573502549070,,itagui,whatsapp,contactado,2026-08-25 09:43:00,2026-08-25 11:43:00,suzuki v-strom 250,1497,SKU-015,100.0,fuzzy,phone:573502549070,23d1c2b8-305e-55ab-8629-50b0138730b9,False,,1.0,,21900000.0,7190000.0,credito,,cuota,False,True
LD-01498,23/08/2026 07:25,meta ads,EMP-01,PV-001,Yuliana Cardona Arias,573179709549,yuliana.cardona16@gmail.com,Medellín,suzuki v-strom 250,sin gestion,,Feria de Motos 2026,yuliana cardona arias,573179709549,yuliana.cardona16@gmail.com,medellin,meta ads,sin gestion,2026-08-23 07:25:00,,suzuki v-strom 250,1498,SKU-015,100.0,fuzzy,phone:573179709549,05a65785-2f65-5662-ac8f-a49f4faaa5fb,False,,1.0,,21900000.0,,,,,False,False
LD-01499,31-08-2026,Formulario Web,EMP-03,PV-011,Sebastián Franco Hernández,3042188702,,Bogotá D.C.,Bajaj Pulsar NS 160,Contactado,2026-08-31T14:39:00,Feria de Motos 2026,sebastian franco hernandez,573042188702,,bogota,formulario web,contactado,2026-08-31 00:00:00,2026-08-31 14:39:00,bajaj pulsar ns 160,1499,SKU-009,100.0,fuzzy,phone:573042188702,154e1d30-098f-5eb9-af77-5199617ab2c0,False,,1.0,,11290000.0,,,,,False,False
LD-01500,2026-08-23T18:47:00,WhatsApp,EMP-01,PV-001,Sebastián Valencia Pérez,3511438907,sebastian.valencia82@hotmail.com,medellin,BAJAJ DOMINAR 400,No contesta,25-08-2026,Retoma tu moto,sebastian valencia perez,573511438907,sebastian.valencia82@hotmail.com,medellin,whatsapp,no contesta,2026-08-23 18:47:00,2026-08-25 00:00:00,bajaj dominar 400,1500,SKU-011,100.0,fuzzy,phone:573511438907,3ec3416e-d887-57ba-b54c-e28d86894a91,False,,1.0,,24900000.0,,,,,False,False
LD-01501,2026-08-33 10:00:00,,EMP-01,PV-002,prueba prueba,300123,,,,Sin gestión,,,prueba prueba,300123,,,,sin gestion,,,,1501,,0.0,none,phone:300123,d812fff8-b496-571a-b3f9-ec37edc2d9dd,False,,1.0,,,,,,,False,False
LD-00011,2026-08-26 04:25:00,Meta Ads,EMP-02,PV-008,  Marcela Muñoz Valencia  ,315 229 3701,marcela.munoz15@yahoo.es,CARTAGENA,suzuki best 125,Sin gestión,,Retoma tu moto,marcela munoz valencia,573152293701,marcela.munoz15@yahoo.es,cartagena,meta ads,sin gestion,2026-08-26 04:25:00,,suzuki best 125,1502,SKU-016,100.0,fuzzy,phone:573152293701,9edbf918-06a1-563b-9c0a-a3c8750f4685,False,,1.0,,6590000.0,,,,,False,False
LD-00251,05-09-2026,Meta Ads,EMP-03,PV-013,  Fabián Londoño Betancur  ,3047335532,,Bogotá,Suzuky GN 125,Contactado,2026-09-07T02:44:00,Retoma tu moto,fabian londono betancur,573047335532,,bogota,meta ads,contactado,2026-09-05 00:00:00,2026-09-07 02:44:00,suzuky gn 125,1503,SKU-013,100.0,fuzzy,phone:573047335532,1c3c749b-6819-5578-aae2-34343cd76708,True,1c3c749b-6819-5578-aae2-34343cd76708,1.0,same_phone_or_email,7490000.0,9890000.0,credito,,cuota,False,True
