lead_id,fecha_registro,canal,empresa_id,punto_venta_id,nombre_cliente,telefono,email,ciudad,modelo_interes_texto,estado_gestion,fecha_primer_contacto,campania,nombre_normalizado,telefono_normalizado,email_normalizado,ciudad_normalizada,canal_normalizado,estado_normalizado,fecha_registro_normalizada,fecha_primer_contacto_normalizada,modelo_texto_normalizado,source_row_number,motorcycle_sku,model_match_confidence,model_match_method,customer_key,customer_id,is_duplicate,duplicate_group_id,duplicate_confidence,duplicate_reason,precio_lista,initial_payment,payment_method,intent,main_objection,requested_appointment,requested_quote
LD-00001,25-08-2026,Meta Ads,EMP-03,PV-014,  Wilmar Castaño Rodríguez  ,310 482 4081,,bogotá,Bajaj Pulsar RS 200,Cotización enviada,25-08-2026,Feria de Motos 2026,wilmar castano rodriguez,573104824081,,bogota,meta ads,cotizacion enviada,2026-08-25 00:00:00,2026-08-25 00:00:00,bajaj pulsar rs 200,1,SKU-010,100.0,fuzzy,phone:573104824081,eb923fbd-6304-596f-97ac-83dd6f458bf4,True,eb923fbd-6304-596f-97ac-83dd6f458bf4,1.0,same_phone_or_email,15490000.0,,,,,False,False
LD-00002,26-08-2026,formulario web,EMP-02,PV-010,  Claudia Patricia Agudelo Londoño  , 3055411722 ,claudia.agudelo22@hotmail.com,,A.K.T Dynamic R3 125,Descartado,2026-08-26T14:26:00,Retoma tu moto,claudia patricia agudelo londono,573055411722,claudia.agudelo22@hotmail.com,,formulario web,descartado,2026-08-26 00:00:00,2026-08-26 14:26:00,a.k.t dynamic r3 125,2,SKU-018,100.0,fuzzy,phone:573055411722,474adf7b-23ee-5b33-ac15-a643aaf5669e,False,,1.0,,5590000.0,22900000.0,credito,,cuota,False,True
LD-00003,01-08-2026,WhatsApp,EMP-02,PV-010,Marcela Muñoz Escobar,+57 350 2258611,marcela.munoz3@yahoo.es,MONTERIA,suzuki best 125,Contactado,2026-08-04 14:47:00,,marcela munoz escobar,573502258611,marcela.munoz3@yahoo.es,monteria,whatsapp,contactado,2026-08-01 00:00:00,2026-08-04 14:47:00,suzuki best 125,3,SKU-016,100.0,fuzzy,phone:573502258611,af01de05-ab63-5f0f-87f7-ed138ec7ad29,False,,1.0,,6590000.0,,,,,False,False
LD-00004,03/08/2026 10:30,Meta Ads,EMP-01,PV-002,  Yuliana Castaño Valencia  ,3002859667,yuliana.castano97@outlook.com,ITAGUI,Honda  CB 125F Twister,Sin gestión,,Agosto Cero Cuotas,yuliana castano valencia,573002859667,yuliana.castano97@outlook.com,itagui,meta ads,sin gestion,2026-08-03 10:30:00,,honda cb 125f twister,4,SKU-001,100.0,fuzzy,phone:573002859667,e4c87b6f-9325-5e63-bea2-f901a139ce2f,True,e4c87b6f-9325-5e63-bea2-f901a139ce2f,1.0,same_phone_or_email,7990000.0,,,,,False,False
LD-00005,27/08/2026 22:50,META ADS,EMP-03,PV-014,HÉCTOR GIRALDO RESTREPO,573156610968,,Bogotá D.C.,Honda Navi 2026,En proceso,29/08/2026 04:50,,hector giraldo restrepo,573156610968,,bogota,meta ads,en proceso,2026-08-27 22:50:00,2026-08-29 04:50:00,honda navi 2026,5,SKU-004,100.0,fuzzy,phone:573156610968,b1599613-b182-5f47-8f84-7b168f9a158a,False,,1.0,,7290000.0,,,,,False,False
LD-00006,24/08/2026 06:02,WhatsApp,EMP-02,PV-010,MARCELA LONDOÑO CORREA,322-624-9127,marcela.londono94@outlook.com,Montería,Hnda XR 150L,contactado,25/08/2026 12:02,Remate Modelos 2025,marcela londono correa,573226249127,marcela.londono94@outlook.com,monteria,whatsapp,contactado,2026-08-24 06:02:00,2026-08-25 12:02:00,hnda xr 150l,6,SKU-002,100.0,fuzzy,phone:573226249127,51fe20cc-805a-56bd-a369-fb6b4230dc35,False,,1.0,,11490000.0,,,,,False,False
LD-00007,09/09/2026 09:55,WhatsApp,EMP-02,PV-009,FABIÁN BEDOYA TORRES, 3049913564 ,fabian.bedoya39@yahoo.es,Sta Marta,akt ttr 200,Cotización enviada,2026-09-09 11:55:00,Feria de Motos 2026,fabian bedoya torres,573049913564,fabian.bedoya39@yahoo.es,santa marta,whatsapp,cotizacion enviada,2026-09-09 09:55:00,2026-09-09 11:55:00,akt ttr 200,7,SKU-019,100.0,fuzzy,phone:573049913564,0d6e5fda-7281-5ee6-816d-66af26f8f797,False,,1.0,,9890000.0,,,,,False,False
LD-00008,08/18/2026 17:23,Meta Ads,EMP-01,PV-001,Paula Andrea Valencia Franco,300 891 3915,,Medellín,,Cotización enviada,2026-08-18 23:23:00,,paula andrea valencia franco,573008913915,,medellin,meta ads,cotizacion enviada,2026-08-18 17:23:00,2026-08-18 23:23:00,,8,,0.0,none,phone:573008913915,41ac3e61-759b-5a8e-bc25-b68a36e45ce2,False,,1.0,,,,,,,False,False
LD-00009,2026-08-15T11:08:00,WhatsApp,EMP-01,PV-001,María Fernanda Correa Torres,316 107 2464,maria.correa8@yahoo.es,MEDELLIN,Hero Xpulse 200,contactado,15/08/2026 17:08,Feria de Motos 2026,maria fernanda correa torres,573161072464,maria.correa8@yahoo.es,medellin,whatsapp,contactado,2026-08-15 11:08:00,2026-08-15 17:08:00,hero xpulse 200,9,SKU-023,100.0,fuzzy,phone:573161072464,bc28c728-ab07-547c-8a87-bc062ea7bf9f,False,,1.0,,14990000.0,,credito,,soat,False,False
LD-00010,2026-08-26 20:28:00,WhatsApp,EMP-02,PV-007,Alexander Quintero Arias,300 496 0349,,Soledad,Bajaj Discover,Contactado,2026-08-26T21:28:00,Agosto Cero Cuotas,alexander quintero arias,573004960349,,soledad,whatsapp,contactado,2026-08-26 20:28:00,2026-08-26 21:28:00,bajaj discover,10,,80.0,unmatched,phone:573004960349,8505906a-f559-5acd-b647-e6c2c94968be,False,,1.0,,,24900000.0,credito,,cuota,False,True
LD-00012,18-08-2026,WHATSAPP,EMP-01,PV-005,María Fernanda Valencia Mosquera,573204225805,,Medellin,AKT EVO RS 150,sin gestion,,,maria fernanda valencia mosquera,573204225805,,medellin,whatsapp,sin gestion,2026-08-18 00:00:00,,akt evo rs 150,12,SKU-020,100.0,fuzzy,phone:573204225805,cabb9f59-d0b1-55d9-b4bf-4344f53001ea,False,,1.0,,7190000.0,,,,,False,False
LD-00013,19/08/2026 10:14,Meta Ads,EMP-03,PV-015,CARLOS MARIO RODRÍGUEZ ARIAS,3217385776,carlos.rodriguez19@gmail.com,SOACHA,bajaj discover 125,no contesta,20-08-2026,Feria de Motos 2026,carlos mario rodriguez arias,573217385776,carlos.rodriguez19@gmail.com,soacha,meta ads,no contesta,2026-08-19 10:14:00,2026-08-20 00:00:00,bajaj discover 125,13,SKU-012,100.0,fuzzy,phone:573217385776,81567f92-a058-5541-8125-d14c600526c6,False,,1.0,,6990000.0,13990000.0,credito,,cuota,False,True
LD-00014,2026-08-14 17:40:00,WhatsApp,EMP-02,PV-008,Jorge Iván Zapata Escobar,573112634024,jorge.zapata23@gmail.com,Cartagena de Indias,Honda XR 150L,no contesta,14/08/2026 18:40,Agosto Cero Cuotas,jorge ivan zapata escobar,573112634024,jorge.zapata23@gmail.com,cartagena de indias,whatsapp,no contesta,2026-08-14 17:40:00,2026-08-14 18:40:00,honda xr 150l,14,SKU-002,100.0,fuzzy,phone:573112634024,f0b84ef4-7578-5927-8082-30624fa8e002,False,,1.0,,11490000.0,,,,,False,False
LD-00015,14/08/2026 00:51,Meta Ads,EMP-03,PV-011,Luisa Betancur Torres,(322) 624-9985,,Bogota DC,Honda Navi,Sin gestión,,,luisa betancur torres,573226249985,,bogota dc,meta ads,sin gestion,2026-08-14 00:51:00,,honda navi,15,SKU-004,100.0,fuzzy,phone:573226249985,18aaf246-3b18-5058-9eeb-2b335677ff7e,True,18aaf246-3b18-5058-9eeb-2b335677ff7e,1.0,same_phone_or_email,7290000.0,,,,,False,False
LD-00016,2026-08-30T17:03:00,WHATSAPP,EMP-03,PV-012,Angie Paola Correa Cardona,+57 322 8246161,,BOGOTA,Hero,No contesta,31/08/2026 23:03,Feria de Motos 2026,angie paola correa cardona,573228246161,,bogota,whatsapp,no contesta,2026-08-30 17:03:00,2026-08-31 23:03:00,hero,16,,28.57142857142857,unmatched,phone:573228246161,e5a309cd-5efe-588f-b119-fa68eb052528,False,,1.0,,,,,,,False,False
LD-00017,2026-08-30T17:22:00,WhatsApp,EMP-02,PV-008,  Yuliana Muñoz Ramírez  ,3044030632,yuliana.munoz51@gmail.com,Cartagena de Indias,hero dash 110,Sin gestión,,Feria de Motos 2026,yuliana munoz ramirez,573044030632,yuliana.munoz51@gmail.com,cartagena de indias,whatsapp,sin gestion,2026-08-30 17:22:00,,hero dash 110,17,SKU-024,100.0,fuzzy,phone:573044030632,d62c7bbc-7ea6-5354-91c9-f69316d2ad0b,False,,1.0,,6290000.0,,,,,False,False
LD-00018,01-09-2026,FORMULARIO WEB,EMP-03,PV-013,  Édinson Arias Mosquera  ,573012885354,edinson.arias61@gmail.com,bogotá,Hero Hunk 160R 2026,Contactado,02-09-2026,Remate Modelos 2025,edinson arias mosquera,573012885354,edinson.arias61@gmail.com,bogota,formulario web,contactado,2026-09-01 00:00:00,2026-09-02 00:00:00,hero hunk 160r 2026,18,SKU-022,100.0,fuzzy,phone:573012885354,062adf80-9ba7-50af-aefa-f2339cf36ba6,False,,1.0,,10490000.0,7290000.0,credito,,soat,False,False
LD-00019,2026-08-08 11:57:00,Meta Ads,EMP-01,PV-004,BRAYAN MUÑOZ GÓMEZ,+57 318 5408260,brayan.munoz7@yahoo.es,Rio Negro,AKT,Cotización enviada,,Prima Extra,brayan munoz gomez,573185408260,brayan.munoz7@yahoo.es,rio negro,meta ads,cotizacion enviada,2026-08-08 11:57:00,,akt,19,,28.57142857142857,unmatched,phone:573185408260,cb01f998-dc90-5639-baca-98dbc69a45a4,False,,1.0,,,,,,,False,False
LD-00020,21/08/2026 09:30,WhatsApp,EMP-02,PV-010,KATHERINE ESCOBAR OSPINA, 3160941067 ,katherine.escobar5@hotmail.com,MONTERIA,Honda  XR 150L,Cotización enviada,08/21/2026 11:30,Remate Modelos 2025,katherine escobar ospina,573160941067,katherine.escobar5@hotmail.com,monteria,whatsapp,cotizacion enviada,2026-08-21 09:30:00,2026-08-21 11:30:00,honda xr 150l,20,SKU-002,100.0,fuzzy,phone:573160941067,08fd4888-76fd-5943-a556-a9bd0ee7971c,False,,1.0,,11490000.0,,credito,,soat,False,False
LD-00021,2026-08-16 10:07:00,WhatsApp,EMP-02,PV-009,Paula Andrea Valencia Gómez,+57 300 2659835,,SANTA MARTA,Suzuki GN 125,sin gestion,,Feria de Motos 2026,paula andrea valencia gomez,573002659835,,santa marta,whatsapp,sin gestion,2026-08-16 10:07:00,,suzuki gn 125,21,SKU-013,100.0,fuzzy,phone:573002659835,258d6b90-5a42-5c11-8923-39fd4cf764b9,False,,1.0,,7490000.0,,,,,False,False
LD-00022,2026-08-19 02:31:00,WhatsApp,EMP-01,PV-004,MÓNICA JIMÉNEZ OSORIO, 3142748306 ,,Rionegro,Bajaj,Cotización enviada,2026-08-21 02:31:00,Agosto Cero Cuotas,monica jimenez osorio,573142748306,,rionegro,whatsapp,cotizacion enviada,2026-08-19 02:31:00,2026-08-21 02:31:00,bajaj,22,,22.22222222222223,unmatched,phone:573142748306,3c5520d1-6f6c-5cc4-a0cb-3d000bc8b251,False,,1.0,,,7490000.0,credito,,cuota,False,True
LD-00023,06-09-2026,Formulario Web,EMP-01,PV-003,JORGE IVÁN RODRÍGUEZ ESCOBAR,3134849961,,BELLO,Suzuki Gixxer,Contactado,09/10/2026 20:14,Feria de Motos 2026,jorge ivan rodriguez escobar,573134849961,,bello,formulario web,contactado,2026-09-06 00:00:00,2026-10-09 20:14:00,suzuki gixxer,23,,75.0,unmatched,phone:573134849961,211ca057-717d-5390-b46e-3f9f09e9a458,False,,1.0,,,,,,,False,False
LD-00024,21/08/2026 23:32,Meta Ads,EMP-01,PV-003,  Alexander Salazar Herrera  ,(350) 007-2753,alexander.salazar79@yahoo.es,bello,Hero Dash 110,contactado,22-08-2026,,alexander salazar herrera,573500072753,alexander.salazar79@yahoo.es,bello,meta ads,contactado,2026-08-21 23:32:00,2026-08-22 00:00:00,hero dash 110,24,SKU-024,100.0,fuzzy,phone:573500072753,bbeabb87-0e1b-5b7a-a101-7eaa27ffeb57,False,,1.0,,6290000.0,7290000.0,credito,baja,precio,False,True
LD-00025,2026-08-16 20:42:00,Meta Ads,EMP-03,PV-015,Diana Carolina Quintero Castaño,+57 350 0345760,diana.quintero22@hotmail.com,,Suzuky Gixxer 150,contactado,08/20/2026 20:42,Feria de Motos 2026,diana carolina quintero castano,573500345760,diana.quintero22@hotmail.com,,meta ads,contactado,2026-08-16 20:42:00,2026-08-20 20:42:00,suzuky gixxer 150,25,SKU-014,100.0,fuzzy,phone:573500345760,b6c8df33-1b96-5d5a-bae4-c6c960954561,False,,1.0,,11990000.0,6290000.0,credito,,soat,False,False
LD-00026,2026-08-29 09:44:00,WhatsApp,EMP-03,PV-013,Katherine Cardona Arias,+57 317 6966302,,Bogota,Evo RS 150,No contesta,2026-08-29T21:44:00,Agosto Cero Cuotas,katherine cardona arias,573176966302,,bogota,whatsapp,no contesta,2026-08-29 09:44:00,2026-08-29 21:44:00,evo rs 150,26,SKU-020,100.0,exact,phone:573176966302,ff18b9af-113f-5a01-9a40-4562134ea5dd,False,,1.0,,7190000.0,5590000.0,credito,,soat,False,False
LD-00027,11/08/2026 20:26,Meta Ads,EMP-02,PV-006,Luisa Salazar Agudelo,3125573119,luisa.salazar93@gmail.com,Barranquilla,AKT Dynamic R3 125,En proceso,2026-08-13T20:26:00,,luisa salazar agudelo,573125573119,luisa.salazar93@gmail.com,barranquilla,meta ads,en proceso,2026-08-11 20:26:00,2026-08-13 20:26:00,akt dynamic r3 125,27,SKU-018,100.0,fuzzy,phone:573125573119,0266ec69-41f9-5159-b506-844fd2264a72,False,,1.0,,5590000.0,6590000.0,credito,,soat,False,False
LD-00028,09/08/2026 23:37,WhatsApp,EMP-03,PV-014,ALEXANDER ARIAS OSPINA,+57 302 2506559,,Bogota DC,Suzuky GN 125,sin gestion,,Remate Modelos 2025,alexander arias ospina,573022506559,,bogota dc,whatsapp,sin gestion,2026-08-09 23:37:00,,suzuky gn 125,28,SKU-013,100.0,fuzzy,phone:573022506559,8e543b9c-d49d-5c9d-883e-30cb8982750f,True,8e543b9c-d49d-5c9d-883e-30cb8982750f,1.0,same_phone_or_email,7490000.0,,,,,False,False
LD-00029,2026-08-10 16:39:00,WHATSAPP,EMP-03,PV-015,NELSON AGUDELO ARIAS,3059622427,nelson.agudelo30@yahoo.es,SOACHA,CB 190R,En proceso,11-08-2026,Feria de Motos 2026,nelson agudelo arias,573059622427,nelson.agudelo30@yahoo.es,soacha,whatsapp,en proceso,2026-08-10 16:39:00,2026-08-11 00:00:00,cb 190r,29,SKU-003,100.0,exact,phone:573059622427,297c783b-8182-51eb-a094-cde583c23a85,False,,1.0,,13990000.0,,,,,False,False
LD-00030,03/09/2026 11:21,WhatsApp,EMP-01,PV-003,  Angie Paola Castaño Agudelo  , 3167665975 ,angie.castano63@outlook.com,BELLO,akt dynamic r3 125,Contactado,2026-09-04 17:21:00,Retoma tu moto,angie paola castano agudelo,573167665975,angie.castano63@outlook.com,bello,whatsapp,contactado,2026-09-03 11:21:00,2026-09-04 17:21:00,akt dynamic r3 125,30,SKU-018,100.0,fuzzy,phone:573167665975,b023654e-3e74-5b53-97c8-88d0d06fa6b8,False,,1.0,,5590000.0,7490000.0,credito,,soat,False,False
LD-00031,2026-08-29 13:41:00,WhatsApp,EMP-01,PV-004,Luz Marina Torres Marín,(302) 164-2321,luz.torres73@hotmail.com,Rionegro,Bajaj,Sin gestión,,,luz marina torres marin,573021642321,luz.torres73@hotmail.com,rionegro,whatsapp,sin gestion,2026-08-29 13:41:00,,bajaj,31,,22.22222222222223,unmatched,phone:573021642321,c204fcdd-394e-5678-ac0c-1c4ec12b7972,False,,1.0,,,,,,,False,False
LD-00032,03/09/2026 08:17,whatsapp,EMP-02,PV-006,Liliana Escobar Castaño,573501478583,liliana.escobar85@hotmail.com,B/quilla,Hero Xpulse 200,En proceso,03-09-2026,Feria de Motos 2026,liliana escobar castano,573501478583,liliana.escobar85@hotmail.com,b/quilla,whatsapp,en proceso,2026-09-03 08:17:00,2026-09-03 00:00:00,hero xpulse 200,32,SKU-023,100.0,fuzzy,phone:573501478583,d3194374-5c72-5f04-af27-bc99ff7a3d4d,False,,1.0,,14990000.0,24900000.0,credito,media,cuota,False,True
LD-00033,2026-08-13 14:34:00,WhatsApp,EMP-03,PV-014,Édinson Muñoz Arias,321 523 2575,edinson.munoz54@yahoo.es,Bogota,Honda XR,En proceso,14/08/2026 20:34,,edinson munoz arias,573215232575,edinson.munoz54@yahoo.es,bogota,whatsapp,en proceso,2026-08-13 14:34:00,2026-08-14 20:34:00,honda xr,33,,44.44444444444444,unmatched,phone:573215232575,71207a14-37f2-5024-bda9-7ca73f378c51,False,,1.0,,,,,,,False,False
LD-00034,23-08-2026,WhatsApp,EMP-01,PV-004,Héctor Valencia Ospina,3176036920,,Rio Negro,Hero Dash 110,No contesta,2026-08-23T06:08:00,Retoma tu moto,hector valencia ospina,573176036920,,rio negro,whatsapp,no contesta,2026-08-23 00:00:00,2026-08-23 06:08:00,hero dash 110,34,SKU-024,100.0,fuzzy,phone:573176036920,cd327444-1d60-5e50-b379-8d3b5ac177a0,True,cd327444-1d60-5e50-b379-8d3b5ac177a0,1.0,same_phone_or_email,6290000.0,,credito,,soat,False,False
LD-00035,2026-08-27T11:58:00,WhatsApp,EMP-02,PV-006,Erika Castaño Mosquera,350-036-3406,,barranquilla,SUZUKI V-STROM 250,Contactado,28-08-2026,,erika castano mosquera,573500363406,,barranquilla,whatsapp,contactado,2026-08-27 11:58:00,2026-08-28 00:00:00,suzuki v-strom 250,35,SKU-015,100.0,fuzzy,phone:573500363406,cc619b27-c97c-50a2-833d-c076564cb67e,False,,1.0,,21900000.0,7290000.0,credito,,cuota,False,True
LD-00036,2026-08-04 12:22:00,Meta Ads,EMP-02,PV-007,Sandra Milena Herrera Bedoya,+57 310 8297516,sandra.herrera59@outlook.com,Soledad,Honda XR 150L 2026,Contactado,2026-08-07T12:22:00,,sandra milena herrera bedoya,573108297516,sandra.herrera59@outlook.com,soledad,meta ads,contactado,2026-08-04 12:22:00,2026-08-07 12:22:00,honda xr 150l 2026,36,SKU-002,100.0,fuzzy,phone:573108297516,1c233ab3-9dca-581e-ab29-2b681b2f93a3,False,,1.0,,11490000.0,,,,,False,False
LD-00037,2026-08-04 12:52:00,WhatsApp,EMP-02,PV-008,CRISTIAN CASTAÑO GIRALDO,310 498 3766,cristian.castano79@gmail.com,Cartagena,Suzuki V-Strom 250,no contesta,04/08/2026 18:52,Retoma tu moto,cristian castano giraldo,573104983766,cristian.castano79@gmail.com,cartagena,whatsapp,no contesta,2026-08-04 12:52:00,2026-08-04 18:52:00,suzuki v-strom 250,37,SKU-015,100.0,fuzzy,phone:573104983766,c5338a8b-0913-5150-9db1-a36f1fa73288,True,c5338a8b-0913-5150-9db1-a36f1fa73288,1.0,same_phone_or_email,21900000.0,11490000.0,credito,media,cuota,False,True
LD-00038,2026-09-01 00:27:00,Formulario Web,EMP-01,PV-002,Natalia Jiménez Marín,3511249372,natalia.jimenez82@gmail.com,Itagui,Honda Dio 110,Sin gestión,,,natalia jimenez marin,573511249372,natalia.jimenez82@gmail.com,itagui,formulario web,sin gestion,2026-09-01 00:27:00,,honda dio 110,38,SKU-005,100.0,fuzzy,phone:573511249372,07a96c19-853e-5086-b54a-2e8575a2348f,False,,1.0,,6890000.0,,,,,False,False
LD-00039,2026-09-06 22:09:00,WhatsApp,EMP-02,PV-009,YESENIA OSPINA CORREA, 3136365595 ,,Santa Marta,AKT,Sin gestión,,Prima Extra,yesenia ospina correa,573136365595,,santa marta,whatsapp,sin gestion,2026-09-06 22:09:00,,akt,39,,28.57142857142857,unmatched,phone:573136365595,93cd3522-a3f4-566f-a57a-1f28ceef0406,False,,1.0,,,,,,,False,False
LD-00040,14/08/2026 06:38,Meta Ads,EMP-01,PV-005,Brayan Rodríguez Marín,313-189-3884,brayan.rodriguez96@hotmail.com,Medellín,Suzuki Gixxer 150,contactado,15-08-2026,,brayan rodriguez marin,573131893884,brayan.rodriguez96@hotmail.com,medellin,meta ads,contactado,2026-08-14 06:38:00,2026-08-15 00:00:00,suzuki gixxer 150,40,SKU-014,100.0,fuzzy,phone:573131893884,27d02bed-ecc1-5922-8016-e926c4f6fd98,False,,1.0,,11990000.0,11990000.0,credito,,soat,False,False
LD-00041,24-08-2026,Formulario Web,EMP-02,PV-006,  Carlos Mario Ospina Gómez  ,3017052774,carlos.ospina64@hotmail.com,Barranquilla,Bajaj Pulsar NS 160,Sin gestión,,Retoma tu moto,carlos mario ospina gomez,573017052774,carlos.ospina64@hotmail.com,barranquilla,formulario web,sin gestion,2026-08-24 00:00:00,,bajaj pulsar ns 160,41,SKU-009,100.0,fuzzy,phone:573017052774,0c0587bb-9ce0-5c20-b144-5641b5809889,False,,1.0,,11290000.0,,,,,False,False
LD-00042,08/09/2026 19:56,WhatsApp,EMP-02,PV-006,Sebastián Quintero Gómez, 3169663345 ,,Barranquilla,Honda CB 190R,sin gestion,,,sebastian quintero gomez,573169663345,,barranquilla,whatsapp,sin gestion,2026-09-08 19:56:00,,honda cb 190r,42,SKU-003,100.0,fuzzy,phone:573169663345,614a991b-8130-55f3-a699-3b5b3b10059a,True,614a991b-8130-55f3-a699-3b5b3b10059a,1.0,same_phone_or_email,13990000.0,,,,,False,False
LD-00043,2026-08-23T20:53:00,Meta Ads,EMP-02,PV-009,Claudia Patricia Osorio Herrera,3512679038,,Santa Marta,Honda Dio 110,Cotización enviada,,Agosto Cero Cuotas,claudia patricia osorio herrera,573512679038,,santa marta,meta ads,cotizacion enviada,2026-08-23 20:53:00,,honda dio 110,43,SKU-005,100.0,fuzzy,phone:573512679038,59a3c8c4-9021-5a36-92bf-005d30c27340,False,,1.0,,6890000.0,,,,,False,False
LD-00044,09/08/2026 20:06,Formulario Web,EMP-03,PV-011,  Freddy Cardona Marín  ,3169738674,,,Bajaj Pulsar,Cotización enviada,2026-08-10 08:06:00,Feria de Motos 2026,freddy cardona marin,573169738674,,,formulario web,cotizacion enviada,2026-08-09 20:06:00,2026-08-10 08:06:00,bajaj pulsar,44,,66.66666666666666,unmatched,phone:573169738674,a516b66a-71af-5b0b-addd-c7331388f71b,False,,1.0,,,,credito,media,soat,False,False
LD-00045,2026-08-27 05:24:00,WhatsApp,EMP-01,PV-001,Kevin Mosquera Restrepo,573511448353,kevin.mosquera49@outlook.com,MEDELLIN,akt dynamic r3 125,Cotización enviada,27-08-2026,,kevin mosquera restrepo,573511448353,kevin.mosquera49@outlook.com,medellin,whatsapp,cotizacion enviada,2026-08-27 05:24:00,2026-08-27 00:00:00,akt dynamic r3 125,45,SKU-018,100.0,fuzzy,phone:573511448353,6c3ddd3f-2e92-560d-bd29-52f3ed760e0f,False,,1.0,,5590000.0,,credito,baja,precio,False,True
LD-00046,03-09-2026,WhatsApp,EMP-01,PV-002,  Sandra Milena Muñoz Salazar  ,320-637-4600,sandra.munoz72@hotmail.com,Itagui,AKT TTR 200,Contactado,03-09-2026,Agosto Cero Cuotas,sandra milena munoz salazar,573206374600,sandra.munoz72@hotmail.com,itagui,whatsapp,contactado,2026-09-03 00:00:00,2026-09-03 00:00:00,akt ttr 200,46,SKU-019,100.0,fuzzy,phone:573206374600,32f03782-c058-5e15-beed-44a253d2fe85,False,,1.0,,9890000.0,11990000.0,credito,media,soat,False,False
LD-00047,2026-08-21 01:24:00,WhatsApp,EMP-01,PV-002,Brayan Osorio Escobar,3127389848,,,Bajaj Boxer CT 100,No contesta,2026-08-23 01:24:00,,brayan osorio escobar,573127389848,,,whatsapp,no contesta,2026-08-21 01:24:00,2026-08-23 01:24:00,bajaj boxer ct 100,47,SKU-007,100.0,fuzzy,phone:573127389848,dc058538-4315-5f0c-bcba-776298fb6245,False,,1.0,,5790000.0,,,,,False,False
LD-00048,2026-08-31 14:04:00,Formulario Web,EMP-02,PV-008,DUVÁN MOSQUERA RODRÍGUEZ,3159155699,,Cartagena,Bajaj Boxer,Contactado,09/01/2026 08:04,Feria de Motos 2026,duvan mosquera rodriguez,573159155699,,cartagena,formulario web,contactado,2026-08-31 14:04:00,2026-01-09 08:04:00,bajaj boxer,48,,62.5,unmatched,phone:573159155699,1a07fbb6-d52d-5db1-8671-f0bbc0aef183,False,,1.0,,,,,,,False,False
LD-00049,2026-08-28 18:40:00,WhatsApp,EMP-02,PV-010,  Jorge Iván Bedoya Hernández  ,3059383218,jorge.bedoya49@outlook.com,MONTERIA,Bajaj Dominar 400,Sin gestión,,Agosto Cero Cuotas,jorge ivan bedoya hernandez,573059383218,jorge.bedoya49@outlook.com,monteria,whatsapp,sin gestion,2026-08-28 18:40:00,,bajaj dominar 400,49,SKU-011,100.0,fuzzy,phone:573059383218,7e7a356d-3811-521a-b455-a347a0e12bb4,False,,1.0,,24900000.0,,credito,,soat,False,False
LD-00050,09-08-2026,WhatsApp,EMP-02,PV-008,  Wilmar Torres Valencia  ,3015226877,wilmar.torres41@outlook.com,CARTAGENA,Hnda XR 150L,Cotización enviada,2026-08-10T00:53:00,,wilmar torres valencia,573015226877,wilmar.torres41@outlook.com,cartagena,whatsapp,cotizacion enviada,2026-08-09 00:00:00,2026-08-10 00:53:00,hnda xr 150l,50,SKU-002,100.0,fuzzy,phone:573015226877,2cd3f233-b031-5fb2-b496-917a2fcab6d0,False,,1.0,,11490000.0,,,,,False,False
LD-00051,08/12/2026 19:12,Formulario Web,EMP-02,PV-008,JULIÁN GIRALDO LONDOÑO,3007209329,,CARTAGENA,Bajaj Pulsar NS 160,no contesta,2026-08-13 19:12:00,Prima Extra,julian giraldo londono,573007209329,,cartagena,formulario web,no contesta,2026-12-08 19:12:00,2026-08-13 19:12:00,bajaj pulsar ns 160,51,SKU-009,100.0,fuzzy,phone:573007209329,a96d1196-9df8-5c02-8e6b-6e181845d576,False,,1.0,,11290000.0,,,,,False,False
LD-00052,2026-08-06 15:52:00,formulario web,EMP-01,PV-004,Y. Castaño Valencia,+57 300 2859667,,Rionegro,Bajaj Boxer CT 100,Descartado,08/07/2026 09:52,Retoma tu moto,y. castano valencia,573002859667,,rionegro,formulario web,descartado,2026-08-06 15:52:00,2026-07-08 09:52:00,bajaj boxer ct 100,52,SKU-007,100.0,fuzzy,phone:573002859667,e4c87b6f-9325-5e63-bea2-f901a139ce2f,True,e4c87b6f-9325-5e63-bea2-f901a139ce2f,1.0,same_phone_or_email,5790000.0,,credito,,soat,False,False
LD-00053,2026-08-09 17:55:00,Formulario Web,EMP-01,PV-002,Juan Carlos Jiménez Mosquera, 3151024673 ,juan.jimenez23@yahoo.es,Itagui,bajaj discover 125,Sin gestión,,,juan carlos jimenez mosquera,573151024673,juan.jimenez23@yahoo.es,itagui,formulario web,sin gestion,2026-08-09 17:55:00,,bajaj discover 125,53,SKU-012,100.0,fuzzy,phone:573151024673,b36ad0af-d59d-538d-8cf0-b4a9c82b7257,True,b36ad0af-d59d-538d-8cf0-b4a9c82b7257,1.0,same_phone_or_email,6990000.0,4990000.0,credito,,cuota,False,True
LD-00054,2026-08-31 07:03:00,Meta Ads,EMP-01,PV-004,Camilo Agudelo Correa,573515501551,camilo.agudelo23@outlook.com,Rio Negro,Bajaj Boxer,Cotización enviada,09/04/2026 07:03,,camilo agudelo correa,573515501551,camilo.agudelo23@outlook.com,rio negro,meta ads,cotizacion enviada,2026-08-31 07:03:00,2026-04-09 07:03:00,bajaj boxer,54,,62.5,unmatched,phone:573515501551,d4c2a5c0-1bd5-5fff-ae3f-0c5efe2f3014,False,,1.0,,,,,,,False,False
LD-00055,18-08-2026,WhatsApp,EMP-01,PV-003,Alexander Castaño Quintero,(301) 046-1565,,BELLO,suzuki best 125,contactado,2026-08-19T19:07:00,Feria de Motos 2026,alexander castano quintero,573010461565,,bello,whatsapp,contactado,2026-08-18 00:00:00,2026-08-19 19:07:00,suzuki best 125,55,SKU-016,100.0,fuzzy,phone:573010461565,5564ab51-ed09-5c77-ad65-49e0af3e65dd,False,,1.0,,6590000.0,,credito,,soat,False,False
LD-00056,19/08/2026 06:16,Formulario Web,EMP-02,PV-009,  Natalia Giraldo Correa  ,(312) 110-1236,natalia.giraldo71@yahoo.es,SANTA MARTA,Suzuki Best 125,En proceso,20/08/2026 00:16,Feria de Motos 2026,natalia giraldo correa,573121101236,natalia.giraldo71@yahoo.es,santa marta,formulario web,en proceso,2026-08-19 06:16:00,2026-08-20 00:16:00,suzuki best 125,56,SKU-016,100.0,fuzzy,phone:573121101236,20f25c2a-8944-54f3-890a-ebe368c73fb8,False,,1.0,,6590000.0,,,,,False,False
LD-00057,2026-08-20 11:25:00,WhatsApp,EMP-02,PV-007,Estefanía Betancur Herrera,3046886479,,Soledad,bajaj boxer ct 100,sin gestion,,Retoma tu moto,estefania betancur herrera,573046886479,,soledad,whatsapp,sin gestion,2026-08-20 11:25:00,,bajaj boxer ct 100,57,SKU-007,100.0,fuzzy,phone:573046886479,17031cc8-3ca1-5a08-98cc-2e59d3bde17f,False,,1.0,,5790000.0,,,,,False,False
LD-00058,05-08-2026,Formulario Web,EMP-03,PV-013,Erika Pérez Pérez,+57 351 0777593,erika.perez17@gmail.com,BOGOTA,V-Strom 250,En proceso,08/05/2026 06:00,,erika perez perez,573510777593,erika.perez17@gmail.com,bogota,formulario web,en proceso,2026-08-05 00:00:00,2026-05-08 06:00:00,v-strom 250,58,SKU-015,100.0,exact,phone:573510777593,e90faf38-b0d8-5011-b178-bde9ad1b21a3,False,,1.0,,21900000.0,11490000.0,credito,,soat,False,False
LD-00059,08/07/2026 00:04,Formulario Web,EMP-03,PV-012,Freddy Quintero Valencia,+57 316 0567437,,BOGOTA,Bajaj Pulsar RS 200,Cotización enviada,07/08/2026 18:04,,freddy quintero valencia,573160567437,,bogota,formulario web,cotizacion enviada,2026-07-08 00:04:00,2026-08-07 18:04:00,bajaj pulsar rs 200,59,SKU-010,100.0,fuzzy,phone:573160567437,87e5f8c5-df13-5457-967d-5727cfef0835,False,,1.0,,15490000.0,6990000.0,credito,,cuota,False,True
LD-00060,2026-08-17 18:23:00,WHATSAPP,EMP-02,PV-008,Estefanía Mosquera Osorio,(350) 452-3086,,CARTAGENA,AKT Dynamic R3 125,Contactado,08/18/2026 00:23,Agosto Cero Cuotas,estefania mosquera osorio,573504523086,,cartagena,whatsapp,contactado,2026-08-17 18:23:00,2026-08-18 00:23:00,akt dynamic r3 125,60,SKU-018,100.0,fuzzy,phone:573504523086,0c2b4e9a-286b-50ed-bf10-0bfc75212bc4,True,0c2b4e9a-286b-50ed-bf10-0bfc75212bc4,1.0,same_phone_or_email,5590000.0,,,,,False,False
LD-00061,2026-09-04 11:12:00,WhatsApp,EMP-01,PV-004,Camilo Vargas Correa,573149634001,camilo.vargas69@gmail.com,RIONEGRO,AKT NKD 125 2026,Cotización enviada,09/05/2026 17:12,,camilo vargas correa,573149634001,camilo.vargas69@gmail.com,rionegro,whatsapp,cotizacion enviada,2026-09-04 11:12:00,2026-05-09 17:12:00,akt nkd 125 2026,61,SKU-017,100.0,fuzzy,phone:573149634001,b279a96c-4c8f-518c-8c01-51b49d7de76c,True,b279a96c-4c8f-518c-8c01-51b49d7de76c,1.0,same_phone_or_email,5290000.0,,,,,False,False
LD-00062,2026-09-02T04:00:00,Meta Ads,EMP-02,PV-006,Mónica Cardona Torres,3006279003,monica.cardona68@yahoo.es,barranquilla,Honda Navi,Cotización enviada,,Feria de Motos 2026,monica cardona torres,573006279003,monica.cardona68@yahoo.es,barranquilla,meta ads,cotizacion enviada,2026-09-02 04:00:00,,honda navi,62,SKU-004,100.0,fuzzy,phone:573006279003,1cf584a2-1a2f-502b-82c6-91c2a810c216,False,,1.0,,7290000.0,,,,,False,False
LD-00063,09/09/2026 09:51,Meta Ads,EMP-01,PV-001,Wilmar Salazar Herrera,+57 312 1972329,,MEDELLIN,BAJAJ DOMINAR 400,sin gestion,,Feria de Motos 2026,wilmar salazar herrera,573121972329,,medellin,meta ads,sin gestion,2026-09-09 09:51:00,,bajaj dominar 400,63,SKU-011,100.0,fuzzy,phone:573121972329,b59ca3bc-7685-5c43-89fe-6231499173e5,True,b59ca3bc-7685-5c43-89fe-6231499173e5,1.0,same_phone_or_email,24900000.0,15490000.0,credito,,cuota,False,True
LD-00064,21/08/2026 23:15,WhatsApp,EMP-03,PV-012,Katherine Escobar Muñoz,3230031702,,BOGOTA,Bajaj Discover 125,Contactado,2026-08-22 01:15:00,Agosto Cero Cuotas,katherine escobar munoz,573230031702,,bogota,whatsapp,contactado,2026-08-21 23:15:00,2026-08-22 01:15:00,bajaj discover 125,64,SKU-012,100.0,fuzzy,phone:573230031702,568fe53f-8a36-5374-95f1-50900f2a89f2,True,568fe53f-8a36-5374-95f1-50900f2a89f2,1.0,same_phone_or_email,6990000.0,,,,,False,False
LD-00065,22-08-2026,Meta Ads,EMP-01,PV-003,Sebastián Castaño Valencia,(351) 816-0136,sebastian.castano29@gmail.com,BELLO,,Contactado,23-08-2026,Remate Modelos 2025,sebastian castano valencia,573518160136,sebastian.castano29@gmail.com,bello,meta ads,contactado,2026-08-22 00:00:00,2026-08-23 00:00:00,,65,,0.0,none,phone:573518160136,0d7de3db-0c78-5c8f-97e3-9f036092c656,False,,1.0,,,,,,,False,False
LD-00066,2026-08-30T01:45:00,WhatsApp,EMP-03,PV-011,Katherine Bedoya Hernández,3136468707,,Bogotá D.C.,,Sin gestión,,Agosto Cero Cuotas,katherine bedoya hernandez,573136468707,,bogota,whatsapp,sin gestion,2026-08-30 01:45:00,,,66,,0.0,none,phone:573136468707,488ceabf-08f1-5cdc-b715-57655d7a3e60,False,,1.0,,,,,,,False,False
LD-00067,16-08-2026,WhatsApp,EMP-02,PV-009,PAULA ANDREA RESTREPO HERRERA,3042964858,,Santa Marta,hero dash 110,Sin gestión,,Retoma tu moto,paula andrea restrepo herrera,573042964858,,santa marta,whatsapp,sin gestion,2026-08-16 00:00:00,,hero dash 110,67,SKU-024,100.0,fuzzy,phone:573042964858,e4ac4677-76d6-5d41-97d7-f7c774da294f,False,,1.0,,6290000.0,,,,,False,False
LD-00068,2026-08-19 15:45:00,WhatsApp,EMP-03,PV-014,Camilo Restrepo Correa,3015293564,camilo.restrepo17@gmail.com,Bogota,Bajaj Boxer CT 100,sin gestion,,Agosto Cero Cuotas,camilo restrepo correa,573015293564,camilo.restrepo17@gmail.com,bogota,whatsapp,sin gestion,2026-08-19 15:45:00,,bajaj boxer ct 100,68,SKU-007,100.0,fuzzy,phone:573015293564,6afe95a8-57bb-51a2-8be8-d1845261b355,False,,1.0,,5790000.0,5590000.0,credito,media,cuota,False,True
LD-00069,04/09/2026 15:12,WhatsApp,EMP-01,PV-004,Sandra Milena Cardona Hernández,3118685348,sandra.cardona91@outlook.com,Rio Negro,AKT Dynamic R3 125,Descartado,2026-09-07T15:12:00,Remate Modelos 2025,sandra milena cardona hernandez,573118685348,sandra.cardona91@outlook.com,rio negro,whatsapp,descartado,2026-09-04 15:12:00,2026-09-07 15:12:00,akt dynamic r3 125,69,SKU-018,100.0,fuzzy,phone:573118685348,762a5675-9acf-52f3-9fa3-9165a4ce70a1,False,,1.0,,5590000.0,,,,,False,False
LD-00070,19/08/2026 17:54,Meta Ads,EMP-01,PV-003,Angie Paola Hernández Quintero,+57 350 7959623,,bello,Hero,SIN GESTION,,Feria de Motos 2026,angie paola hernandez quintero,573507959623,,bello,meta ads,sin gestion,2026-08-19 17:54:00,,hero,70,,28.57142857142857,unmatched,phone:573507959623,3b035a59-78f9-5364-b743-534453ae161e,False,,1.0,,,,,,,False,False
LD-00071,05/08/2026 16:30,Formulario Web,EMP-02,PV-010,  Jorge Iván Giraldo Osorio  ,573117801877,jorge.giraldo40@outlook.com,MONTERIA,Evo RS 150,Contactado,2026-08-05T22:30:00,Agosto Cero Cuotas,jorge ivan giraldo osorio,573117801877,jorge.giraldo40@outlook.com,monteria,formulario web,contactado,2026-08-05 16:30:00,2026-08-05 22:30:00,evo rs 150,71,SKU-020,100.0,exact,phone:573117801877,6b3c8cb1-684a-5348-9864-752aa2a744a2,False,,1.0,,7190000.0,,credito,media,precio,False,True
LD-00072,2026-09-04 18:02:00,Meta Ads,EMP-02,PV-010,Alexander Rodríguez Ospina,3130651448,alexander.rodriguez30@hotmail.com,MONTERIA,Hnda CB 190R,Contactado,04/09/2026 22:02,Prima Extra,alexander rodriguez ospina,573130651448,alexander.rodriguez30@hotmail.com,monteria,meta ads,contactado,2026-09-04 18:02:00,2026-09-04 22:02:00,hnda cb 190r,72,SKU-003,100.0,fuzzy,phone:573130651448,7b94cb06-5475-530e-993d-49b53f8cb532,True,7b94cb06-5475-530e-993d-49b53f8cb532,1.0,same_phone_or_email,13990000.0,,credito,,cuota,False,False
LD-00073,09/05/2026 15:44,WhatsApp,EMP-02,PV-009,Mónica Jiménez Cardona,304 493 6340,,Sta Marta,Bajai Dominar 400,No contesta,06-09-2026,,monica jimenez cardona,573044936340,,santa marta,whatsapp,no contesta,2026-05-09 15:44:00,2026-09-06 00:00:00,bajai dominar 400,73,SKU-011,100.0,fuzzy,phone:573044936340,96dc7181-dff1-5b36-b4a4-208b7774655f,True,96dc7181-dff1-5b36-b4a4-208b7774655f,1.0,same_phone_or_email,24900000.0,,,,,False,False
LD-00074,2026-09-03 06:04:00,META ADS,EMP-01,PV-002,Óscar David Quintero Jiménez,(302) 015-7534,,ITAGUI,Hnda CB 190R,No contesta,07-09-2026,Feria de Motos 2026,oscar david quintero jimenez,573020157534,,itagui,meta ads,no contesta,2026-09-03 06:04:00,2026-09-07 00:00:00,hnda cb 190r,74,SKU-003,100.0,fuzzy,phone:573020157534,d2eafa25-6b0b-5263-abec-3a408df8ad29,False,,1.0,,13990000.0,,,,,False,False
LD-00075,20-08-2026,Meta Ads,EMP-01,PV-002,Yesenia Correa Jiménez,573216422224,,Itagüí,AKT DYNAMIC R3 125,Cotización enviada,21/08/2026 10:37,,yesenia correa jimenez,573216422224,,itagui,meta ads,cotizacion enviada,2026-08-20 00:00:00,2026-08-21 10:37:00,akt dynamic r3 125,75,SKU-018,100.0,fuzzy,phone:573216422224,b6941fd1-9643-5302-a01d-705a3f0054f6,False,,1.0,,5590000.0,7490000.0,credito,,cuota,False,True
LD-00076,2026-08-21 21:33:00,Meta Ads,EMP-02,PV-009,  Freddy Arias Herrera  ,+57 322 1743999,freddy.arias63@gmail.com,SANTA MARTA,bajaj pulsar rs 200,Contactado,2026-08-21 22:33:00,,freddy arias herrera,573221743999,freddy.arias63@gmail.com,santa marta,meta ads,contactado,2026-08-21 21:33:00,2026-08-21 22:33:00,bajaj pulsar rs 200,76,SKU-010,100.0,fuzzy,phone:573221743999,3af88fc4-69ba-525e-a170-fe61035383ab,False,,1.0,,15490000.0,,,,,False,False
LD-00077,05/08/2026 14:24,WhatsApp,EMP-01,PV-004,Liliana Herrera Franco,3006710880,,Rionegro,,contactado,08/06/2026 14:24,Remate Modelos 2025,liliana herrera franco,573006710880,,rionegro,whatsapp,contactado,2026-08-05 14:24:00,2026-06-08 14:24:00,,77,,0.0,none,phone:573006710880,a14a01b2-2759-5e75-bacf-e3b92b19cbc5,False,,1.0,,,,,,,False,False
LD-00078,09-09-2026,Meta Ads,EMP-01,PV-002,LUZ MARINA GIRALDO MUÑOZ,573029634101,luz.giraldo81@outlook.com,Itagüí,Bajaj Dominar 400 2026,No contesta,2026-09-09T23:43:00,Feria de Motos 2026,luz marina giraldo munoz,573029634101,luz.giraldo81@outlook.com,itagui,meta ads,no contesta,2026-09-09 00:00:00,2026-09-09 23:43:00,bajaj dominar 400 2026,78,SKU-011,100.0,fuzzy,phone:573029634101,7901868b-4079-5ebe-83ee-78a273f15b9f,False,,1.0,,24900000.0,,,,,False,False
LD-00079,26/08/2026 06:11,formulario web,EMP-01,PV-003,  Brayan Londoño Marín  ,(310) 888-7605,,BELLO,AKT Evo,Contactado,27-08-2026,Feria de Motos 2026,brayan londono marin,573108887605,,bello,formulario web,contactado,2026-08-26 06:11:00,2026-08-27 00:00:00,akt evo,79,,60.0,unmatched,phone:573108887605,2208cccf-2df3-50d1-be11-8f786bc58095,False,,1.0,,,,credito,,soat,True,False
LD-00080,21/08/2026 06:48,Meta Ads,EMP-02,PV-006,Yuliana Salazar Salazar,(314) 929-9189,,,AKT TTR 200 2026,No contesta,2026-08-25T06:48:00,Retoma tu moto,yuliana salazar salazar,573149299189,,,meta ads,no contesta,2026-08-21 06:48:00,2026-08-25 06:48:00,akt ttr 200 2026,80,SKU-019,100.0,fuzzy,phone:573149299189,1cbcbe29-cb43-5008-ad29-426c48144a10,False,,1.0,,9890000.0,,,,,False,False
LD-00081,24-08-2026,WhatsApp,EMP-01,PV-005,CAMILO ZAPATA HERRERA,3151882416,,MEDELLIN,AKT Evo,No contesta,2026-08-24 18:23:00,Remate Modelos 2025,camilo zapata herrera,573151882416,,medellin,whatsapp,no contesta,2026-08-24 00:00:00,2026-08-24 18:23:00,akt evo,81,,60.0,unmatched,phone:573151882416,54f98727-2d4e-5800-b945-6ea18d37b439,False,,1.0,,,,credito,,soat,False,False
LD-00082,09/07/2026 15:09,WhatsApp,EMP-02,PV-010,  Adriana Escobar Cardona  ,316-068-9950,,Monteria,Suzuki  V-Strom 250,No contesta,09/08/2026 03:09,Agosto Cero Cuotas,adriana escobar cardona,573160689950,,monteria,whatsapp,no contesta,2026-07-09 15:09:00,2026-08-09 03:09:00,suzuki v-strom 250,82,SKU-015,100.0,fuzzy,phone:573160689950,30d595f6-32a4-5524-a1ba-fea2f24a358c,False,,1.0,,21900000.0,,credito,media,precio,False,True
LD-00083,2026-09-02T02:17:00,WhatsApp,EMP-03,PV-015,Mónica Marín Pérez,+57 305 3996446,,SOACHA,Bajaj Boxer CT 100 2026,sin gestion,,Remate Modelos 2025,monica marin perez,573053996446,,soacha,whatsapp,sin gestion,2026-09-02 02:17:00,,bajaj boxer ct 100 2026,83,SKU-007,100.0,fuzzy,phone:573053996446,e65be105-cfbd-58cf-8a09-c62c54f70c96,True,e65be105-cfbd-58cf-8a09-c62c54f70c96,1.0,same_phone_or_email,5790000.0,14990000.0,credito,,cuota,False,True
LD-00084,04-08-2026,meta ads,EMP-03,PV-014,NATALIA LONDOÑO HERRERA,573049256632,natalia.londono79@gmail.com,Bogotá,Bajai Pulsar RS 200,Sin gestión,,Retoma tu moto,natalia londono herrera,573049256632,natalia.londono79@gmail.com,bogota,meta ads,sin gestion,2026-08-04 00:00:00,,bajai pulsar rs 200,84,SKU-010,100.0,fuzzy,phone:573049256632,accb5b8b-023b-5987-b0db-f2c1634a78d1,False,,1.0,,15490000.0,,credito,,soat,False,False
LD-00085,02/08/2026 05:19,WhatsApp,EMP-03,PV-015,Juan Carlos Arias Osorio,573012127835,juan.arias98@hotmail.com,Soacha,AKT Dynamic R3 125,sin gestion,,,juan carlos arias osorio,573012127835,juan.arias98@hotmail.com,soacha,whatsapp,sin gestion,2026-08-02 05:19:00,,akt dynamic r3 125,85,SKU-018,100.0,fuzzy,phone:573012127835,915017d2-cf60-56d7-a2b6-0a4fe9283fd0,False,,1.0,,5590000.0,,,,,False,False
LD-00086,2026-08-30 02:24:00,WhatsApp,EMP-02,PV-006,CRISTIAN MUÑOZ FRANCO,310-612-5015,,barranquilla,Bajaj  Pulsar NS 160,Descartado,02-09-2026,Remate Modelos 2025,cristian munoz franco,573106125015,,barranquilla,whatsapp,descartado,2026-08-30 02:24:00,2026-09-02 00:00:00,bajaj pulsar ns 160,86,SKU-009,100.0,fuzzy,phone:573106125015,333f54f3-87cd-56a2-a0e5-5f5c25bf0643,False,,1.0,,11290000.0,,,,,False,False
LD-00087,2026-08-02 17:39:00,Meta Ads,EMP-03,PV-011,VANESSA TORRES CARDONA,304 323 8696,,Bogota,Bajaj,no contesta,03-08-2026,Prima Extra,vanessa torres cardona,573043238696,,bogota,meta ads,no contesta,2026-08-02 17:39:00,2026-08-03 00:00:00,bajaj,87,,22.22222222222223,unmatched,phone:573043238696,3b8a6d6f-95b3-551b-bb1d-46e0458425fa,False,,1.0,,,22900000.0,credito,media,soat,False,False
LD-00088,2026-09-03T01:33:00,WhatsApp,EMP-02,PV-010,Camilo Marín Valencia,315 648 4992,camilo.marin61@yahoo.es,Montería,Honda Dio 110,Descartado,,Prima Extra,camilo marin valencia,573156484992,camilo.marin61@yahoo.es,monteria,whatsapp,descartado,2026-09-03 01:33:00,,honda dio 110,88,SKU-005,100.0,fuzzy,phone:573156484992,15ff2194-a228-5cb2-a96b-115fc4ff0b71,True,15ff2194-a228-5cb2-a96b-115fc4ff0b71,1.0,same_phone_or_email,6890000.0,,,,,False,False
LD-00089,2026-09-08 22:08:00,Formulario Web,EMP-01,PV-002,Leidy Johana Castaño Restrepo,+57 320 2440100,leidy.castano7@yahoo.es,Itagui,hero hunk 160r,En proceso,2026-09-12T22:08:00,Agosto Cero Cuotas,leidy johana castano restrepo,573202440100,leidy.castano7@yahoo.es,itagui,formulario web,en proceso,2026-09-08 22:08:00,2026-09-12 22:08:00,hero hunk 160r,89,SKU-022,100.0,fuzzy,phone:573202440100,1ca53492-7051-598a-a0ca-3db4d30220e0,False,,1.0,,10490000.0,7190000.0,credito,,cuota,False,True
LD-00090,06/08/2026 01:31,WhatsApp,EMP-01,PV-004,CARLOS MARIO OSORIO TORRES,+57 301 5238259,,Rio Negro,bajaj pulsar ns 160,No contesta,08/10/2026 01:31,Remate Modelos 2025,carlos mario osorio torres,573015238259,,rio negro,whatsapp,no contesta,2026-08-06 01:31:00,2026-10-08 01:31:00,bajaj pulsar ns 160,90,SKU-009,100.0,fuzzy,phone:573015238259,de674c4d-3b34-5239-a68a-ba2855e8df43,False,,1.0,,11290000.0,,,,,False,False
LD-00091,2026-08-06 08:37:00,Meta Ads,EMP-01,PV-004,  Natalia Zapata Marín  ,3142060957,natalia.zapata22@outlook.com,Rio Negro,AKT,En proceso,2026-08-06T20:37:00,Feria de Motos 2026,natalia zapata marin,573142060957,natalia.zapata22@outlook.com,rio negro,meta ads,en proceso,2026-08-06 08:37:00,2026-08-06 20:37:00,akt,91,,28.57142857142857,unmatched,phone:573142060957,ea57c497-c021-54af-bead-4edf2f65732c,True,ea57c497-c021-54af-bead-4edf2f65732c,1.0,same_phone_or_email,,7490000.0,credito,,soat,True,False
LD-00092,17-08-2026,WhatsApp,EMP-03,PV-012,  Marcela Bedoya Giraldo  ,313 048 7909,marcela.bedoya94@hotmail.com,Bogota,hero eco deluxe 100,no contesta,,,marcela bedoya giraldo,573130487909,marcela.bedoya94@hotmail.com,bogota,whatsapp,no contesta,2026-08-17 00:00:00,,hero eco deluxe 100,92,SKU-021,100.0,fuzzy,phone:573130487909,3f241d72-438e-5ee9-abee-ec11d5619e22,False,,1.0,,4990000.0,9890000.0,credito,media,cuota,False,True
LD-00093,2026-08-31 06:54:00,WHATSAPP,EMP-02,PV-009,Vanessa Marín Pérez,+57 305 4818688,vanessa.marin45@hotmail.com,Sta Marta,Bajaj Discover 125 2026,Descartado,31-08-2026,Agosto Cero Cuotas,vanessa marin perez,573054818688,vanessa.marin45@hotmail.com,santa marta,whatsapp,descartado,2026-08-31 06:54:00,2026-08-31 00:00:00,bajaj discover 125 2026,93,SKU-012,100.0,fuzzy,phone:573054818688,ffae2b22-39a2-5895-a125-c51deae460cd,True,ffae2b22-39a2-5895-a125-c51deae460cd,1.0,same_phone_or_email,6990000.0,,credito,media,soat,False,False
LD-00094,08/19/2026 19:00,WhatsApp,EMP-03,PV-011,  Natalia Agudelo Bedoya  , 3505619932 ,natalia.agudelo56@yahoo.es,Bogotá,Hero,Contactado,21-08-2026,Agosto Cero Cuotas,natalia agudelo bedoya,573505619932,natalia.agudelo56@yahoo.es,bogota,whatsapp,contactado,2026-08-19 19:00:00,2026-08-21 00:00:00,hero,94,,28.57142857142857,unmatched,phone:573505619932,20a1c959-2718-5ccb-85ce-9ecd9fe0bb96,False,,1.0,,,,,,,False,False
LD-00095,05/08/2026 09:20,Meta Ads,EMP-01,PV-004,Jorge Iván Giraldo Rodríguez,304 685 1337,,Rionegro,honda dio 110,Contactado,09-08-2026,,jorge ivan giraldo rodriguez,573046851337,,rionegro,meta ads,contactado,2026-08-05 09:20:00,2026-08-09 00:00:00,honda dio 110,95,SKU-005,100.0,fuzzy,phone:573046851337,5f066b0d-72a6-57bf-aa80-5a0578261e28,False,,1.0,,6890000.0,22900000.0,credito,,soat,False,False
LD-00096,2026-08-10 06:33:00,FORMULARIO WEB,EMP-03,PV-014,Yesenia Cardona Ospina,3154712634,yesenia.cardona85@outlook.com,Bogota,Hero Eco Deluxe 100,Sin gestión,,,yesenia cardona ospina,573154712634,yesenia.cardona85@outlook.com,bogota,formulario web,sin gestion,2026-08-10 06:33:00,,hero eco deluxe 100,96,SKU-021,100.0,fuzzy,phone:573154712634,4709edd6-3a05-5dd1-aa11-a4d73b214e22,True,4709edd6-3a05-5dd1-aa11-a4d73b214e22,1.0,same_phone_or_email,4990000.0,,credito,,soat,False,False
LD-00097,05/08/2026 13:28,WhatsApp,EMP-02,PV-008,Óscar David Gómez Londoño,3166992931,,Cartagena de Indias,AKT Evo RS 150,Cotización enviada,05/08/2026 17:28,,oscar david gomez londono,573166992931,,cartagena de indias,whatsapp,cotizacion enviada,2026-08-05 13:28:00,2026-08-05 17:28:00,akt evo rs 150,97,SKU-020,100.0,fuzzy,phone:573166992931,289107b1-74cd-5178-a5cd-98d262a1a410,False,,1.0,,7190000.0,,credito,,soat,False,False
LD-00098,08/05/2026 10:25,WhatsApp,EMP-03,PV-012,  Kevin Herrera Castaño  ,3000913529,,bogotá,Honda Dio,En proceso,05-08-2026,Feria de Motos 2026,kevin herrera castano,573000913529,,bogota,whatsapp,en proceso,2026-05-08 10:25:00,2026-08-05 00:00:00,honda dio,98,,60.0,unmatched,phone:573000913529,3e0f2adf-c425-54d1-b8f2-0959b4b630d8,False,,1.0,,,,,,,False,False
LD-00099,2026-08-07 03:44:00,Meta Ads,EMP-01,PV-003,DIANA CAROLINA CASTAÑO FRANCO,3158687596,diana.castano70@yahoo.es,bello,Bajaj,Descartado,2026-08-07T07:44:00,,diana carolina castano franco,573158687596,diana.castano70@yahoo.es,bello,meta ads,descartado,2026-08-07 03:44:00,2026-08-07 07:44:00,bajaj,99,,22.22222222222223,unmatched,phone:573158687596,64e667ca-f06c-579d-a9f5-f00aef9b163b,False,,1.0,,,,,,,False,False
LD-00100,2026-08-21T18:20:00,Meta Ads,EMP-02,PV-007,  Édinson Zapata Zapata  ,315 944 6851,edinson.zapata75@outlook.com,SOLEDAD,Honda XRE 300 2026,Cotización enviada,08/21/2026 22:20,Remate Modelos 2025,edinson zapata zapata,573159446851,edinson.zapata75@outlook.com,soledad,meta ads,cotizacion enviada,2026-08-21 18:20:00,2026-08-21 22:20:00,honda xre 300 2026,100,SKU-006,100.0,fuzzy,phone:573159446851,139efea4-1a84-510b-823a-2a2a83e811b2,False,,1.0,,22900000.0,,credito,,soat,False,False
LD-00101,08/11/2026 09:53,WhatsApp,EMP-01,PV-002,Andrés Felipe Pérez Franco,310 764 4005,,ITAGUI,AKT NKD 125,Sin gestión,,Agosto Cero Cuotas,andres felipe perez franco,573107644005,,itagui,whatsapp,sin gestion,2026-11-08 09:53:00,,akt nkd 125,101,SKU-017,100.0,fuzzy,phone:573107644005,a98cf63b-20ee-5961-b776-ba1f5e46508f,False,,1.0,,5290000.0,,,,,False,False
LD-00102,28-08-2026,whatsapp,EMP-02,PV-008,  Édinson Jiménez Zapata  ,+57 304 8073934,,Cartagena de Indias,suzuki gixxer 150,En proceso,08/29/2026 19:00,Agosto Cero Cuotas,edinson jimenez zapata,573048073934,,cartagena de indias,whatsapp,en proceso,2026-08-28 00:00:00,2026-08-29 19:00:00,suzuki gixxer 150,102,SKU-014,100.0,fuzzy,phone:573048073934,2a400940-71ef-5c32-aab5-16aa5db3996f,False,,1.0,,11990000.0,,,,,False,False
LD-00103,16/08/2026 02:59,WhatsApp,EMP-03,PV-012,Luisa Pérez Herrera,573236256868,luisa.perez70@yahoo.es,bogotá,Bajaj  Pulsar RS 200,Cotización enviada,2026-08-16 04:59:00,Remate Modelos 2025,luisa perez herrera,573236256868,luisa.perez70@yahoo.es,bogota,whatsapp,cotizacion enviada,2026-08-16 02:59:00,2026-08-16 04:59:00,bajaj pulsar rs 200,103,SKU-010,100.0,fuzzy,phone:573236256868,a4e8c2cd-fa3b-5587-94a4-d3088e55fba6,False,,1.0,,15490000.0,,,,,False,False
LD-00104,2026-08-07T01:17:00,whatsapp,EMP-02,PV-009,  Liliana Correa Osorio  ,+57 322 7857752,liliana.correa60@hotmail.com,Santa Marta,Bajaj Pulsar NS 125,Contactado,08/08/2026 01:17,Remate Modelos 2025,liliana correa osorio,573227857752,liliana.correa60@hotmail.com,santa marta,whatsapp,contactado,2026-08-07 01:17:00,2026-08-08 01:17:00,bajaj pulsar ns 125,104,SKU-008,100.0,fuzzy,phone:573227857752,3ab65438-bb60-51b0-8b93-f64911d5667e,False,,1.0,,8990000.0,,credito,,cuota,False,False
LD-00105,09/08/2026 14:20,whatsapp,EMP-03,PV-014,Yesenia Torres Escobar,3001215878,yesenia.torres96@gmail.com,bogotá,AKT EVO RS 150,En proceso,2026-08-09 20:20:00,Feria de Motos 2026,yesenia torres escobar,573001215878,yesenia.torres96@gmail.com,bogota,whatsapp,en proceso,2026-08-09 14:20:00,2026-08-09 20:20:00,akt evo rs 150,105,SKU-020,100.0,fuzzy,phone:573001215878,051f3ac9-66ce-567d-818f-2e1b346a81b7,False,,1.0,,7190000.0,,,,,False,False
LD-00106,2026-08-19 09:13:00,Formulario Web,EMP-03,PV-014,Óscar David Mosquera Osorio,3201847304,oscar.mosquera95@gmail.com,Bogota,BAJAJ DISCOVER 125,En proceso,2026-08-19T21:13:00,Agosto Cero Cuotas,oscar david mosquera osorio,573201847304,oscar.mosquera95@gmail.com,bogota,formulario web,en proceso,2026-08-19 09:13:00,2026-08-19 21:13:00,bajaj discover 125,106,SKU-012,100.0,fuzzy,phone:573201847304,ee627d6b-832b-54e9-a879-63bdac00bcf8,False,,1.0,,6990000.0,,,,,False,False
LD-00107,06/08/2026 06:28,WhatsApp,EMP-03,PV-012,Wilmar Muñoz Restrepo,3019201020,,Bogota DC,Honda,Contactado,2026-08-08T06:28:00,Retoma tu moto,wilmar munoz restrepo,573019201020,,bogota dc,whatsapp,contactado,2026-08-06 06:28:00,2026-08-08 06:28:00,honda,107,,44.44444444444444,unmatched,phone:573019201020,3272fa0f-cecf-5300-ab8e-3815671b9c97,True,3272fa0f-cecf-5300-ab8e-3815671b9c97,1.0,same_phone_or_email,,,,,,False,False
LD-00108,2026-08-16T02:39:00,WHATSAPP,EMP-02,PV-009,  Camilo Londoño Castaño  ,310-013-6091,camilo.londono18@hotmail.com,Sta Marta,,Contactado,,Retoma tu moto,camilo londono castano,573100136091,camilo.londono18@hotmail.com,santa marta,whatsapp,contactado,2026-08-16 02:39:00,,,108,,0.0,none,phone:573100136091,2e6907fb-9dc4-574e-ab4a-31c719d55fcb,False,,1.0,,,,,,,False,False
LD-00109,2026-08-01T07:42:00,WhatsApp,EMP-02,PV-009,Héctor Bedoya Castaño, 3184205775 ,hector.bedoya46@outlook.com,Santa Marta,Suzuki V-Strom 250,Cotización enviada,2026-08-01T13:42:00,,hector bedoya castano,573184205775,hector.bedoya46@outlook.com,santa marta,whatsapp,cotizacion enviada,2026-08-01 07:42:00,2026-08-01 13:42:00,suzuki v-strom 250,109,SKU-015,100.0,fuzzy,phone:573184205775,6d051d01-c107-53e0-9b72-055f0b692ba2,False,,1.0,,21900000.0,,,,,False,False
LD-00110,2026-08-15T20:08:00,WhatsApp,EMP-02,PV-009,Paula Andrea Mosquera Bedoya,+57 300 5759614,,Sta Marta,AKT Evo,Cotización enviada,19-08-2026,Feria de Motos 2026,paula andrea mosquera bedoya,573005759614,,santa marta,whatsapp,cotizacion enviada,2026-08-15 20:08:00,2026-08-19 00:00:00,akt evo,110,,60.0,unmatched,phone:573005759614,69e8761b-ef45-5a2f-be3c-4ef4721dc1d3,False,,1.0,,,,credito,,soat,False,False
LD-00111,08/08/2026 07:02,WhatsApp,EMP-01,PV-001,ADRIANA GÓMEZ HERRERA,(323) 849-1318,,Medellín ,AKT,Contactado,2026-08-09 13:02:00,Feria de Motos 2026,adriana gomez herrera,573238491318,,medellin,whatsapp,contactado,2026-08-08 07:02:00,2026-08-09 13:02:00,akt,111,,28.57142857142857,unmatched,phone:573238491318,d7ccd888-6ced-53ee-9bd7-87b3ee07363f,False,,1.0,,,,credito,media,precio,False,True
LD-00112,2026-08-28 08:34:00,META ADS,EMP-03,PV-015,  Sebastián Castaño Herrera  ,573050073889,sebastian.castano87@hotmail.com,SOACHA,HONDA CB 190R,No contesta,,Retoma tu moto,sebastian castano herrera,573050073889,sebastian.castano87@hotmail.com,soacha,meta ads,no contesta,2026-08-28 08:34:00,,honda cb 190r,112,SKU-003,100.0,fuzzy,phone:573050073889,47b42d0f-a2c4-5ddd-8d97-f207b440d9a5,True,47b42d0f-a2c4-5ddd-8d97-f207b440d9a5,1.0,same_phone_or_email,13990000.0,,,,,False,False
LD-00113,2026-08-20 15:31:00,WhatsApp,EMP-03,PV-012,  Mónica Cardona Correa  ,3229986493,monica.cardona83@outlook.com,BOGOTA,Bajaj Boxer,sin gestion,,,monica cardona correa,573229986493,monica.cardona83@outlook.com,bogota,whatsapp,sin gestion,2026-08-20 15:31:00,,bajaj boxer,113,,62.5,unmatched,phone:573229986493,d59d3d1e-bcf6-555a-b880-e14f20846b64,False,,1.0,,,,,,,False,False
LD-00114,25/08/2026 11:33,WhatsApp,EMP-02,PV-007,  Yesenia Quintero Salazar  ,3000427297,,Soledad,Bajaj Pulsar RS 200,No contesta,26-08-2026,Prima Extra,yesenia quintero salazar,573000427297,,soledad,whatsapp,no contesta,2026-08-25 11:33:00,2026-08-26 00:00:00,bajaj pulsar rs 200,114,SKU-010,100.0,fuzzy,phone:573000427297,1f5b2f56-24dc-578e-9b51-bf6e9b87ab0f,False,,1.0,,15490000.0,,credito,media,soat,False,False
LD-00115,2026-09-04 13:43:00,META ADS,EMP-01,PV-005,Marcela Ramírez Giraldo,3028382927,marcela.ramirez3@outlook.com,,AKT NKD 125,contactado,06-09-2026,Agosto Cero Cuotas,marcela ramirez giraldo,573028382927,marcela.ramirez3@outlook.com,,meta ads,contactado,2026-09-04 13:43:00,2026-09-06 00:00:00,akt nkd 125,115,SKU-017,100.0,fuzzy,phone:573028382927,4f376e70-d50e-5bbb-bd37-dfc74c9b444e,True,4f376e70-d50e-5bbb-bd37-dfc74c9b444e,1.0,same_phone_or_email,5290000.0,8990000.0,credito,,cuota,False,True
LD-00116,2026-08-04 20:11:00,WhatsApp,EMP-02,PV-010,Andrés Felipe Giraldo Ospina,320 793 3661,,Montería,Honda  XRE 300,Contactado,2026-08-07T20:11:00,Agosto Cero Cuotas,andres felipe giraldo ospina,573207933661,,monteria,whatsapp,contactado,2026-08-04 20:11:00,2026-08-07 20:11:00,honda xre 300,116,SKU-006,100.0,fuzzy,phone:573207933661,33336319-62cd-57da-b695-ac397f62eb86,False,,1.0,,22900000.0,6890000.0,credito,,soat,False,False
LD-00117,2026-08-04T21:05:00,WHATSAPP,EMP-03,PV-014,  Kevin Escobar Ramírez  , 3048650087 ,kevin.escobar1@yahoo.es,Bogota DC,Honda CB 190R,Contactado,08/08/2026 21:05,,kevin escobar ramirez,573048650087,kevin.escobar1@yahoo.es,bogota dc,whatsapp,contactado,2026-08-04 21:05:00,2026-08-08 21:05:00,honda cb 190r,117,SKU-003,100.0,fuzzy,phone:573048650087,71d8662d-b225-572e-929e-519df542a578,False,,1.0,,13990000.0,7490000.0,credito,,cuota,False,True
LD-00118,16/08/2026 23:56,WhatsApp,EMP-01,PV-004,Jhon Jairo Valencia Betancur,3159802019,,Rionegro,SUZUKI V-STROM 250,En proceso,2026-08-18T05:56:00,Remate Modelos 2025,jhon jairo valencia betancur,573159802019,,rionegro,whatsapp,en proceso,2026-08-16 23:56:00,2026-08-18 05:56:00,suzuki v-strom 250,118,SKU-015,100.0,fuzzy,phone:573159802019,848b2747-0776-53f0-8925-2acf9e79353e,True,848b2747-0776-53f0-8925-2acf9e79353e,1.0,same_phone_or_email,21900000.0,,,,,False,False
LD-00119,2026-08-29T19:42:00,whatsapp,EMP-02,PV-008,Erika Escobar Valencia,3515963038,,CARTAGENA,Suzuki Gixxer 150,Contactado,2026-08-29 21:42:00,,erika escobar valencia,573515963038,,cartagena,whatsapp,contactado,2026-08-29 19:42:00,2026-08-29 21:42:00,suzuki gixxer 150,119,SKU-014,100.0,fuzzy,phone:573515963038,c353317a-927a-5af4-9f00-1f5ce8fe2c82,False,,1.0,,11990000.0,,,,,False,False
LD-00120,23/08/2026 09:01,META ADS,EMP-03,PV-014,Yesenia Jiménez Jiménez,3054801941,,Bogota,A.K.T TTR 200,Contactado,26/08/2026 09:01,Remate Modelos 2025,yesenia jimenez jimenez,573054801941,,bogota,meta ads,contactado,2026-08-23 09:01:00,2026-08-26 09:01:00,a.k.t ttr 200,120,SKU-019,100.0,fuzzy,phone:573054801941,b5fae833-deab-5553-a0c0-5dc1ad3ecd21,False,,1.0,,9890000.0,,,,,False,False
LD-00121,07/09/2026 12:47,META ADS,EMP-03,PV-012,Erika Jiménez Rodríguez,321-747-4328,,Bogotá,Bajaj Pulsar RS 200,Contactado,07/09/2026 18:47,Prima Extra,erika jimenez rodriguez,573217474328,,bogota,meta ads,contactado,2026-09-07 12:47:00,2026-09-07 18:47:00,bajaj pulsar rs 200,121,SKU-010,100.0,fuzzy,phone:573217474328,18a54431-0ec3-5dba-995c-a10f35f74699,False,,1.0,,15490000.0,,,,,False,False
LD-00122,2026-08-02 11:21:00,Formulario Web,EMP-01,PV-003,Estefanía Castaño Mosquera,320 895 0842,,bello,AKT Evo RS 150,sin gestion,,Feria de Motos 2026,estefania castano mosquera,573208950842,,bello,formulario web,sin gestion,2026-08-02 11:21:00,,akt evo rs 150,122,SKU-020,100.0,fuzzy,phone:573208950842,da8f4655-94c5-5a7c-a680-41af0292d0f6,True,da8f4655-94c5-5a7c-a680-41af0292d0f6,1.0,same_phone_or_email,7190000.0,,credito,,soat,False,False
LD-00123,18/08/2026 00:03,Meta Ads,EMP-02,PV-007,Héctor Ospina Betancur,313-329-5133,hector.ospina31@gmail.com,,AKT TTR 200 2026,no contesta,2026-08-22 00:03:00,Retoma tu moto,hector ospina betancur,573133295133,hector.ospina31@gmail.com,,meta ads,no contesta,2026-08-18 00:03:00,2026-08-22 00:03:00,akt ttr 200 2026,123,SKU-019,100.0,fuzzy,phone:573133295133,3e311ed3-2cd3-5f0c-8b62-70cb5d56f153,False,,1.0,,9890000.0,,,,,False,False
LD-00124,01/09/2026 10:32,Meta Ads,EMP-01,PV-004,Marcela Correa Hernández,+57 301 6284389,,,Bajaj Pulsar NS 125 2026,En proceso,2026-09-05 10:32:00,,marcela correa hernandez,573016284389,,,meta ads,en proceso,2026-09-01 10:32:00,2026-09-05 10:32:00,bajaj pulsar ns 125 2026,124,SKU-008,100.0,fuzzy,phone:573016284389,5c0ea5c6-a7fd-5f5f-ab24-937fbca89d2f,False,,1.0,,8990000.0,7290000.0,credito,,soat,False,False
LD-00125,2026-08-26 04:42:00,META ADS,EMP-02,PV-006,  Estefanía Zapata Agudelo  ,318-610-6753,estefania.zapata96@outlook.com,B/quilla,,Descartado,2026-08-26T08:42:00,Prima Extra,estefania zapata agudelo,573186106753,estefania.zapata96@outlook.com,b/quilla,meta ads,descartado,2026-08-26 04:42:00,2026-08-26 08:42:00,,125,,0.0,none,phone:573186106753,e64f37b1-bd37-50b1-a7f6-abaa0491f4f2,False,,1.0,,,,,,,False,False
LD-00126,2026-08-07 22:57:00,whatsapp,EMP-02,PV-008,Sandra Milena Marín Quintero,3104095289,sandra.marin69@yahoo.es,CARTAGENA,Hero Dash 110 2026,Cotización enviada,2026-08-09 04:57:00,,sandra milena marin quintero,573104095289,sandra.marin69@yahoo.es,cartagena,whatsapp,cotizacion enviada,2026-08-07 22:57:00,2026-08-09 04:57:00,hero dash 110 2026,126,SKU-024,100.0,fuzzy,phone:573104095289,abe37d6f-26a7-5b56-9043-9e0408e842c2,False,,1.0,,6290000.0,,credito,,soat,False,False
LD-00127,01/08/2026 11:00,Meta Ads,EMP-01,PV-004,MARÍA FERNANDA CORREA RAMÍREZ,3239575792,,Rio Negro,honda cb 190r,no contesta,08/01/2026 17:00,Retoma tu moto,maria fernanda correa ramirez,573239575792,,rio negro,meta ads,no contesta,2026-08-01 11:00:00,2026-01-08 17:00:00,honda cb 190r,127,SKU-003,100.0,fuzzy,phone:573239575792,195b88af-5143-5f86-84a7-2fb9a13efe7f,True,195b88af-5143-5f86-84a7-2fb9a13efe7f,1.0,same_phone_or_email,13990000.0,,,,,False,False
LD-00128,2026-08-14 14:53:00,Meta Ads,EMP-03,PV-015,VANESSA MARÍN BEDOYA,3055858314,vanessa.marin92@gmail.com,,Dash 110,Contactado,08/15/2026 20:53,,vanessa marin bedoya,573055858314,vanessa.marin92@gmail.com,,meta ads,contactado,2026-08-14 14:53:00,2026-08-15 20:53:00,dash 110,128,SKU-024,100.0,exact,phone:573055858314,6716b430-675b-500f-87ec-712fc968d94f,True,6716b430-675b-500f-87ec-712fc968d94f,1.0,same_phone_or_email,6290000.0,11490000.0,credito,,soat,False,False
LD-00129,09/02/2026 19:05,WhatsApp,EMP-03,PV-014,Yuliana Restrepo Valencia,3221025546,,bogotá,Honda CB 125F Twister 2026,Descartado,,Prima Extra,yuliana restrepo valencia,573221025546,,bogota,whatsapp,descartado,2026-02-09 19:05:00,,honda cb 125f twister 2026,129,SKU-001,100.0,fuzzy,phone:573221025546,0f4cd5e1-8112-5066-b980-b0a0eea14c8b,False,,1.0,,7990000.0,,,,,False,False
LD-00130,10/09/2026 03:15,WhatsApp,EMP-03,PV-014,JULIÁN BEDOYA AGUDELO,304-184-4278,julian.bedoya89@gmail.com,Bogotá D.C.,HERO DASH 110,Descartado,10-09-2026,,julian bedoya agudelo,573041844278,julian.bedoya89@gmail.com,bogota,whatsapp,descartado,2026-09-10 03:15:00,2026-09-10 00:00:00,hero dash 110,130,SKU-024,100.0,fuzzy,phone:573041844278,b0257f09-edf0-5b55-9a6d-6cdad960733a,False,,1.0,,6290000.0,,,,,False,False
LD-00131,2026-08-21 02:38:00,meta ads,EMP-02,PV-008,Marcela Gómez Salazar,350-122-6918,marcela.gomez77@outlook.com,Cartagena,Bajaj Boxer CT 100,Sin gestión,,Agosto Cero Cuotas,marcela gomez salazar,573501226918,marcela.gomez77@outlook.com,cartagena,meta ads,sin gestion,2026-08-21 02:38:00,,bajaj boxer ct 100,131,SKU-007,100.0,fuzzy,phone:573501226918,1d1bdb67-cb33-55c2-9c14-15e4f4ed7d84,False,,1.0,,5790000.0,,,,,False,False
LD-00132,2026-08-23 19:55:00,META ADS,EMP-02,PV-007,Cristian Agudelo Arias,3170478484,cristian.agudelo66@yahoo.es,Soledad,Honda XRE 300,Sin gestión,,Remate Modelos 2025,cristian agudelo arias,573170478484,cristian.agudelo66@yahoo.es,soledad,meta ads,sin gestion,2026-08-23 19:55:00,,honda xre 300,132,SKU-006,100.0,fuzzy,phone:573170478484,3beee99d-61ae-52c6-833f-7a8946e63618,True,3beee99d-61ae-52c6-833f-7a8946e63618,1.0,same_phone_or_email,22900000.0,,,,,False,False
LD-00133,08-09-2026,Formulario Web,EMP-02,PV-010,  Juan Carlos Escobar Restrepo  ,+57 312 2549184,,Monteria,Suzuki Gixxer 150,no contesta,12/09/2026 05:43,,juan carlos escobar restrepo,573122549184,,monteria,formulario web,no contesta,2026-09-08 00:00:00,2026-09-12 05:43:00,suzuki gixxer 150,133,SKU-014,100.0,fuzzy,phone:573122549184,ef9686f5-ba8c-548f-b11d-19f8504feeb9,True,ef9686f5-ba8c-548f-b11d-19f8504feeb9,1.0,same_phone_or_email,11990000.0,8990000.0,credito,media,cuota,False,True
LD-00134,2026-08-27 07:49:00,META ADS,EMP-03,PV-015,  Natalia Restrepo Giraldo  , 3508546749 ,natalia.restrepo42@outlook.com,SOACHA,honda cb 125f twister,Cotización enviada,08/27/2026 08:49,Remate Modelos 2025,natalia restrepo giraldo,573508546749,natalia.restrepo42@outlook.com,soacha,meta ads,cotizacion enviada,2026-08-27 07:49:00,2026-08-27 08:49:00,honda cb 125f twister,134,SKU-001,100.0,fuzzy,phone:573508546749,c5738816-e4ab-5461-8b2c-f6bf03ff1f41,True,c5738816-e4ab-5461-8b2c-f6bf03ff1f41,1.0,same_phone_or_email,7990000.0,,,,,False,False
LD-00135,2026-08-24 17:38:00,WhatsApp,EMP-01,PV-002,JULIÁN QUINTERO RODRÍGUEZ,+57 312 3508891,julian.quintero16@gmail.com,Itagüí,Dash 110,Contactado,24-08-2026,Prima Extra,julian quintero rodriguez,573123508891,julian.quintero16@gmail.com,itagui,whatsapp,contactado,2026-08-24 17:38:00,2026-08-24 00:00:00,dash 110,135,SKU-024,100.0,exact,phone:573123508891,63c6b70f-96e5-50aa-a34c-49ddaa457294,False,,1.0,,6290000.0,,,,,False,False
LD-00136,08-09-2026,Meta Ads,EMP-03,PV-013,Héctor Cardona Correa,+57 318 8328842,,bogotá,Suzuki Gixxer 150,Sin gestión,,,hector cardona correa,573188328842,,bogota,meta ads,sin gestion,2026-09-08 00:00:00,,suzuki gixxer 150,136,SKU-014,100.0,fuzzy,phone:573188328842,81850ec3-2aa2-573a-8ec3-355fee7be083,False,,1.0,,11990000.0,,,,,False,False
LD-00137,27-08-2026,Formulario Web,EMP-01,PV-004,DUVÁN GÓMEZ CASTAÑO,314-303-2733,duvan.gomez4@hotmail.com,RIONEGRO,Bajaj,Cotización enviada,08/27/2026 17:21,,duvan gomez castano,573143032733,duvan.gomez4@hotmail.com,rionegro,formulario web,cotizacion enviada,2026-08-27 00:00:00,2026-08-27 17:21:00,bajaj,137,,22.22222222222223,unmatched,phone:573143032733,e32144e8-cd0d-54fe-8c97-1b0c0ae4da19,False,,1.0,,,,,,,False,False
LD-00138,2026-08-20 00:57:00,Meta Ads,EMP-03,PV-014,YULIANA PÉREZ SALAZAR,321-310-9337,yuliana.perez65@hotmail.com,,Honda,En proceso,21-08-2026,Prima Extra,yuliana perez salazar,573213109337,yuliana.perez65@hotmail.com,,meta ads,en proceso,2026-08-20 00:57:00,2026-08-21 00:00:00,honda,138,,44.44444444444444,unmatched,phone:573213109337,a158327a-056a-53d7-8c31-009184f64a09,False,,1.0,,,,,,,False,False
LD-00139,2026-08-14 10:54:00,META ADS,EMP-01,PV-005,Liliana Rodríguez Mosquera,3173585047,liliana.rodriguez37@yahoo.es,,Navi,En proceso,2026-08-14T16:54:00,Agosto Cero Cuotas,liliana rodriguez mosquera,573173585047,liliana.rodriguez37@yahoo.es,,meta ads,en proceso,2026-08-14 10:54:00,2026-08-14 16:54:00,navi,139,SKU-004,100.0,exact,phone:573173585047,90733532-fce9-5298-b6d9-7021472fc73e,False,,1.0,,7290000.0,11490000.0,credito,media,soat,False,False
LD-00140,08/09/2026 13:31,WhatsApp,EMP-03,PV-013,Kevin Mosquera Torres, 3503293730 ,,BOGOTA,Discover 125,SIN GESTION,,Agosto Cero Cuotas,kevin mosquera torres,573503293730,,bogota,whatsapp,sin gestion,2026-09-08 13:31:00,,discover 125,140,SKU-012,100.0,exact,phone:573503293730,608a4e92-e9c1-5ec3-8af8-0aa54f8ff096,True,608a4e92-e9c1-5ec3-8af8-0aa54f8ff096,1.0,same_phone_or_email,6990000.0,,,,,False,False
LD-00141,2026-08-14 14:59:00,Meta Ads,EMP-02,PV-008,Diana Carolina Osorio Agudelo,311-545-4740,,Cartagena de Indias,Hero Hunk 160R,Sin gestión,,Agosto Cero Cuotas,diana carolina osorio agudelo,573115454740,,cartagena de indias,meta ads,sin gestion,2026-08-14 14:59:00,,hero hunk 160r,141,SKU-022,100.0,fuzzy,phone:573115454740,1864432b-8fc0-57f2-9c4a-38f486b758bf,False,,1.0,,10490000.0,,,,,False,False
LD-00142,02-09-2026,Formulario Web,EMP-01,PV-005,Julián Quintero Londoño,+57 321 6402772,julian.quintero93@yahoo.es,Medellin,hero xpulse 200,Descartado,09/04/2026 11:06,Retoma tu moto,julian quintero londono,573216402772,julian.quintero93@yahoo.es,medellin,formulario web,descartado,2026-09-02 00:00:00,2026-04-09 11:06:00,hero xpulse 200,142,SKU-023,100.0,fuzzy,phone:573216402772,7db40c2d-b842-5e70-ad53-d31fda240aff,False,,1.0,,14990000.0,,,,,False,False
LD-00143,15-08-2026,Meta Ads,EMP-02,PV-009,Andrés Felipe Ospina Giraldo,316 964 3429,andres.ospina53@gmail.com,,bajaj discover 125,En proceso,08/16/2026 16:26,,andres felipe ospina giraldo,573169643429,andres.ospina53@gmail.com,,meta ads,en proceso,2026-08-15 00:00:00,2026-08-16 16:26:00,bajaj discover 125,143,SKU-012,100.0,fuzzy,phone:573169643429,ac101db1-a659-5528-bb7a-a324eeb98db4,False,,1.0,,6990000.0,10490000.0,credito,,soat,False,False
LD-00144,2026-08-05 00:34:00,Formulario Web,EMP-01,PV-003,María Fernanda Herrera Correa,(300) 758-7262,,BELLO,bajaj pulsar ns 125,No contesta,2026-08-05T06:34:00,,maria fernanda herrera correa,573007587262,,bello,formulario web,no contesta,2026-08-05 00:34:00,2026-08-05 06:34:00,bajaj pulsar ns 125,144,SKU-008,100.0,fuzzy,phone:573007587262,c70b203b-9106-5d8e-ad78-1eabc1d2a8ca,False,,1.0,,8990000.0,,credito,media,soat,False,False
LD-00145,2026-08-05 05:26:00,WhatsApp,EMP-01,PV-002,Óscar David Cardona Mosquera,3146825529,,ITAGUI,Hnda Dio 110,Cotización enviada,2026-08-05T06:26:00,Feria de Motos 2026,oscar david cardona mosquera,573146825529,,itagui,whatsapp,cotizacion enviada,2026-08-05 05:26:00,2026-08-05 06:26:00,hnda dio 110,145,SKU-005,100.0,fuzzy,phone:573146825529,aeabba64-5b09-5fa2-9558-c4de597cb6c0,False,,1.0,,6890000.0,11290000.0,credito,,soat,False,False
LD-00146,28/08/2026 22:12,Meta Ads,EMP-02,PV-008,Brayan Jiménez Bedoya,3115298008,brayan.jimenez98@yahoo.es,Cartagena,Honda CB,No contesta,29/08/2026 22:12,Prima Extra,brayan jimenez bedoya,573115298008,brayan.jimenez98@yahoo.es,cartagena,meta ads,no contesta,2026-08-28 22:12:00,2026-08-29 22:12:00,honda cb,146,,44.44444444444444,unmatched,phone:573115298008,25bb7d64-5669-55f7-927b-4029af2e70b0,False,,1.0,,,,credito,,soat,False,False
LD-00147,04/08/2026 13:31,Meta Ads,EMP-02,PV-006,Jorge Iván Mosquera Pérez,315-309-8235,jorge.mosquera77@gmail.com,BARRANQUILLA,AKT NKD 125,Cotización enviada,08/08/2026 13:31,Remate Modelos 2025,jorge ivan mosquera perez,573153098235,jorge.mosquera77@gmail.com,barranquilla,meta ads,cotizacion enviada,2026-08-04 13:31:00,2026-08-08 13:31:00,akt nkd 125,147,SKU-017,100.0,fuzzy,phone:573153098235,5a6f5aca-2dc1-5281-990d-5b07d9643bf4,False,,1.0,,5290000.0,,,,,False,False
LD-00148,25/08/2026 19:26,WhatsApp,EMP-02,PV-010,Fabián Muñoz Ospina,3215313948,,Montería,AKT  TTR 200,Descartado,2026-08-27T01:26:00,Feria de Motos 2026,fabian munoz ospina,573215313948,,monteria,whatsapp,descartado,2026-08-25 19:26:00,2026-08-27 01:26:00,akt ttr 200,148,SKU-019,100.0,fuzzy,phone:573215313948,f02dea43-ae79-59b3-a9ff-643730c1e4e9,False,,1.0,,9890000.0,,credito,,soat,False,False
LD-00149,2026-08-04 05:55:00,WhatsApp,EMP-03,PV-015,Katherine Londoño Restrepo,+57 310 6271184,,SOACHA,Hnda Dio 110,Descartado,07/08/2026 05:55,Retoma tu moto,katherine londono restrepo,573106271184,,soacha,whatsapp,descartado,2026-08-04 05:55:00,2026-08-07 05:55:00,hnda dio 110,149,SKU-005,100.0,fuzzy,phone:573106271184,84c3f0ea-e940-5c3e-9f49-65eb050f6db8,False,,1.0,,6890000.0,,,,,False,False
LD-00150,2026-08-12T08:18:00,WhatsApp,EMP-03,PV-014,  Brayan Ospina Marín  , 3027906843 ,,Bogotá D.C.,AKT TTR 200,Sin gestión,,Prima Extra,brayan ospina marin,573027906843,,bogota,whatsapp,sin gestion,2026-08-12 08:18:00,,akt ttr 200,150,SKU-019,100.0,fuzzy,phone:573027906843,4d3181f4-9564-5a88-b37b-be09599e34a3,False,,1.0,,9890000.0,,,,,False,False
LD-00151,2026-08-19 21:41:00,Meta Ads,EMP-01,PV-002,Erika Agudelo Betancur,3116424964,,ITAGUI,Bajaj Dominar 400,Sin gestión,,Prima Extra,erika agudelo betancur,573116424964,,itagui,meta ads,sin gestion,2026-08-19 21:41:00,,bajaj dominar 400,151,SKU-011,100.0,fuzzy,phone:573116424964,6ab870ab-c58d-52bd-8a51-00992af12bde,False,,1.0,,24900000.0,,,,,False,False
LD-00152,2026-08-07 14:32:00,whatsapp,EMP-03,PV-013,Duván Agudelo Restrepo,+57 320 9575628,duvan.agudelo26@outlook.com,Bogota DC,Suzuki Best 125,En proceso,07-08-2026,Retoma tu moto,duvan agudelo restrepo,573209575628,duvan.agudelo26@outlook.com,bogota dc,whatsapp,en proceso,2026-08-07 14:32:00,2026-08-07 00:00:00,suzuki best 125,152,SKU-016,100.0,fuzzy,phone:573209575628,1dbfc2c0-402f-5cb7-9b7b-7f8d5154f199,False,,1.0,,6590000.0,,,,,False,False
LD-00153,08/20/2026 20:11,WhatsApp,EMP-01,PV-003,ÓSCAR DAVID RESTREPO CASTAÑO,305-770-8328,,Bello,Hero Dash 110 2026,Cotización enviada,20/08/2026 21:11,,oscar david restrepo castano,573057708328,,bello,whatsapp,cotizacion enviada,2026-08-20 20:11:00,2026-08-20 21:11:00,hero dash 110 2026,153,SKU-024,100.0,fuzzy,phone:573057708328,1dff1540-22e3-5aa7-b417-d1ca34a7d794,False,,1.0,,6290000.0,,credito,baja,precio,False,True
LD-00154,03/09/2026 03:17,WhatsApp,EMP-03,PV-014,  Carlos Mario Betancur Londoño  ,573165332330,,Bogota DC,Bajaj,Contactado,06-09-2026,Agosto Cero Cuotas,carlos mario betancur londono,573165332330,,bogota dc,whatsapp,contactado,2026-09-03 03:17:00,2026-09-06 00:00:00,bajaj,154,,22.22222222222223,unmatched,phone:573165332330,99515e96-175b-5712-92cb-3baa204e8d06,False,,1.0,,,21900000.0,credito,,cuota,False,True
LD-00155,01/08/2026 22:02,Formulario Web,EMP-02,PV-010,Leidy Johana Franco Arias,3151498889,,Montería,Honda Dio 110,Descartado,03-08-2026,Feria de Motos 2026,leidy johana franco arias,573151498889,,monteria,formulario web,descartado,2026-08-01 22:02:00,2026-08-03 00:00:00,honda dio 110,155,SKU-005,100.0,fuzzy,phone:573151498889,509ec5e6-26e5-5a29-af73-e780e5e23334,True,509ec5e6-26e5-5a29-af73-e780e5e23334,1.0,same_phone_or_email,6890000.0,,credito,,soat,False,False
LD-00156,2026-09-06 18:18:00,WhatsApp,EMP-03,PV-014,Carlos Mario Osorio Quintero,322-899-8151,carlos.osorio32@yahoo.es,Bogotá D.C.,HERO XPULSE 200,no contesta,,Prima Extra,carlos mario osorio quintero,573228998151,carlos.osorio32@yahoo.es,bogota,whatsapp,no contesta,2026-09-06 18:18:00,,hero xpulse 200,156,SKU-023,100.0,fuzzy,phone:573228998151,37de6228-0c3b-5357-b146-1423bbb83345,False,,1.0,,14990000.0,,,,,False,False
LD-00157,2026-08-07T22:10:00,WhatsApp,EMP-01,PV-002,YULIANA PÉREZ OSORIO,3146177635,,ITAGUI,Honda XRE 300,Contactado,08-08-2026,Prima Extra,yuliana perez osorio,573146177635,,itagui,whatsapp,contactado,2026-08-07 22:10:00,2026-08-08 00:00:00,honda xre 300,157,SKU-006,100.0,fuzzy,phone:573146177635,3d1054bd-7fbe-5fe7-a93c-aea4dc042bd6,False,,1.0,,22900000.0,,,,,False,False
LD-00158,04-08-2026,WhatsApp,EMP-01,PV-002,  Julián Ramírez Salazar  ,573052211193,,Itagüí,A.K.T NKD 125,Contactado,05-08-2026,,julian ramirez salazar,573052211193,,itagui,whatsapp,contactado,2026-08-04 00:00:00,2026-08-05 00:00:00,a.k.t nkd 125,158,SKU-017,100.0,fuzzy,phone:573052211193,0e7e4b71-f4dc-5dd2-82ea-c33b96e47b61,False,,1.0,,5290000.0,,,,,False,False
LD-00159,29/08/2026 15:00,Meta Ads,EMP-01,PV-005,  Liliana Giraldo Torres  ,+57 323 0788701,,Medellin,Hero  Hunk 160R,Sin gestión,,Agosto Cero Cuotas,liliana giraldo torres,573230788701,,medellin,meta ads,sin gestion,2026-08-29 15:00:00,,hero hunk 160r,159,SKU-022,100.0,fuzzy,phone:573230788701,6fc54acc-3ca3-52db-92e6-c4e75096e808,False,,1.0,,10490000.0,7490000.0,credito,,soat,False,False
LD-00160,12/08/2026 11:54,WhatsApp,EMP-01,PV-005,  Andrés Felipe Quintero Osorio  ,3043752884,,MEDELLIN,Suzuki V-Strom 250,contactado,2026-08-15 11:54:00,,andres felipe quintero osorio,573043752884,,medellin,whatsapp,contactado,2026-08-12 11:54:00,2026-08-15 11:54:00,suzuki v-strom 250,160,SKU-015,100.0,fuzzy,phone:573043752884,46adb0c3-d012-57a4-8594-1cbac7488d5c,True,46adb0c3-d012-57a4-8594-1cbac7488d5c,1.0,same_phone_or_email,21900000.0,24900000.0,credito,media,soat,False,False
LD-00161,2026-08-14 12:25:00,Meta Ads,EMP-03,PV-013,Paula Andrea Muñoz Salazar,304 822 8172,,Bogota DC,Bajaj Dominar 400 2026,sin gestion,,Agosto Cero Cuotas,paula andrea munoz salazar,573048228172,,bogota dc,meta ads,sin gestion,2026-08-14 12:25:00,,bajaj dominar 400 2026,161,SKU-011,100.0,fuzzy,phone:573048228172,c711a537-e7d9-589a-aa95-689bef13f740,False,,1.0,,24900000.0,,,,,False,False
LD-00162,2026-08-26 14:27:00,FORMULARIO WEB,EMP-01,PV-005,LILIANA MUÑOZ BEDOYA,+57 300 9890476,liliana.munoz53@outlook.com,Medellin,Hero Dash 110,Cotización enviada,08/26/2026 16:27,Retoma tu moto,liliana munoz bedoya,573009890476,liliana.munoz53@outlook.com,medellin,formulario web,cotizacion enviada,2026-08-26 14:27:00,2026-08-26 16:27:00,hero dash 110,162,SKU-024,100.0,fuzzy,phone:573009890476,54886903-52ee-53cb-bf78-17c0ec948c53,False,,1.0,,6290000.0,9890000.0,credito,,cuota,False,True
LD-00163,2026-08-26 06:48:00,formulario web,EMP-01,PV-004,Wilmar Quintero Ospina,+57 323 0766429,wilmar.quintero96@gmail.com,RIONEGRO,bajaj discover 125,En proceso,26-08-2026,Retoma tu moto,wilmar quintero ospina,573230766429,wilmar.quintero96@gmail.com,rionegro,formulario web,en proceso,2026-08-26 06:48:00,2026-08-26 00:00:00,bajaj discover 125,163,SKU-012,100.0,fuzzy,phone:573230766429,9ce0c8c4-8430-55bf-929d-2a49f2376f23,False,,1.0,,6990000.0,,,,,False,False
LD-00164,2026-08-06 05:31:00,WhatsApp,EMP-03,PV-013,Édinson Rodríguez Zapata, 3124795481 ,edinson.rodriguez88@outlook.com,Bogotá,BAJAJ DOMINAR 400,no contesta,2026-08-06 17:31:00,Feria de Motos 2026,edinson rodriguez zapata,573124795481,edinson.rodriguez88@outlook.com,bogota,whatsapp,no contesta,2026-08-06 05:31:00,2026-08-06 17:31:00,bajaj dominar 400,164,SKU-011,100.0,fuzzy,phone:573124795481,8f71edf2-994a-52e6-99fc-d0e77fd0de04,False,,1.0,,24900000.0,,credito,media,precio,False,True
LD-00165,12-08-2026,WhatsApp,EMP-02,PV-008,  Adriana Marín Hernández  , 3052466704 ,adriana.marin37@gmail.com,Cartagena,,Contactado,08/14/2026 20:04,Agosto Cero Cuotas,adriana marin hernandez,573052466704,adriana.marin37@gmail.com,cartagena,whatsapp,contactado,2026-08-12 00:00:00,2026-08-14 20:04:00,,165,,0.0,none,phone:573052466704,5acd674b-a0ae-52f2-9c4a-42cc05004fbc,False,,1.0,,,,,,,False,False
LD-00166,2026-08-09 01:49:00,Meta Ads,EMP-01,PV-004,  Cristian Londoño Franco  ,3178922233,,Rionegro,Bajaj Pulsar RS 200,Sin gestión,,Agosto Cero Cuotas,cristian londono franco,573178922233,,rionegro,meta ads,sin gestion,2026-08-09 01:49:00,,bajaj pulsar rs 200,166,SKU-010,100.0,fuzzy,phone:573178922233,eda33e81-9a4d-5c96-b5d5-0742a4d61653,False,,1.0,,15490000.0,8990000.0,credito,,cuota,False,True
LD-00167,2026-08-11T06:25:00,WhatsApp,EMP-02,PV-009,Juan Carlos Agudelo Escobar,318-860-3159,,SANTA MARTA,BAJAJ PULSAR RS 200,En proceso,12/08/2026 12:25,Remate Modelos 2025,juan carlos agudelo escobar,573188603159,,santa marta,whatsapp,en proceso,2026-08-11 06:25:00,2026-08-12 12:25:00,bajaj pulsar rs 200,167,SKU-010,100.0,fuzzy,phone:573188603159,a4429814-d734-5910-a4a1-4ad2428e5d3e,False,,1.0,,15490000.0,8990000.0,credito,,cuota,False,True
LD-00168,03/09/2026 21:06,META ADS,EMP-03,PV-011,DUVÁN MUÑOZ GIRALDO,323 314 6192,,,BAJAJ PULSAR RS 200,Contactado,03/09/2026 23:06,Feria de Motos 2026,duvan munoz giraldo,573233146192,,,meta ads,contactado,2026-09-03 21:06:00,2026-09-03 23:06:00,bajaj pulsar rs 200,168,SKU-010,100.0,fuzzy,phone:573233146192,9420e72b-ae9d-5d07-8883-a06bbbe877d7,False,,1.0,,15490000.0,,,,,False,False
LD-00169,2026-08-18T15:15:00,WhatsApp,EMP-03,PV-015,Sebastián Herrera Vargas,+57 323 7228285,,Soacha,AKT Dynamic R3 125,No contesta,2026-08-18 19:15:00,Prima Extra,sebastian herrera vargas,573237228285,,soacha,whatsapp,no contesta,2026-08-18 15:15:00,2026-08-18 19:15:00,akt dynamic r3 125,169,SKU-018,100.0,fuzzy,phone:573237228285,ba5dddd2-89d8-5ce5-9ced-135d696fdbe9,False,,1.0,,5590000.0,,,,,False,False
LD-00170,30-08-2026,Formulario Web,EMP-02,PV-006,Juan Carlos Castaño Muñoz,3506078335,,BARRANQUILLA,Hero  Eco Deluxe 100,En proceso,01-09-2026,,juan carlos castano munoz,573506078335,,barranquilla,formulario web,en proceso,2026-08-30 00:00:00,2026-09-01 00:00:00,hero eco deluxe 100,170,SKU-021,100.0,fuzzy,phone:573506078335,20711656-3d65-54dd-b738-fe0235440617,False,,1.0,,4990000.0,15490000.0,credito,,soat,False,False
LD-00171,02/09/2026 05:51,Formulario Web,EMP-03,PV-012,Nelson Quintero Restrepo,3189258296,nelson.quintero41@gmail.com,Bogotá D.C.,Honda  XRE 300,sin gestion,,Remate Modelos 2025,nelson quintero restrepo,573189258296,nelson.quintero41@gmail.com,bogota,formulario web,sin gestion,2026-09-02 05:51:00,,honda xre 300,171,SKU-006,100.0,fuzzy,phone:573189258296,a005d0e1-3218-5144-b5c5-cc883557f422,False,,1.0,,22900000.0,,,,,False,False
LD-00172,02/09/2026 07:02,Formulario Web,EMP-03,PV-012,Óscar David Hernández Hernández,3155704251,oscar.hernandez18@gmail.com,Bogotá,Honda XR,sin gestion,,Retoma tu moto,oscar david hernandez hernandez,573155704251,oscar.hernandez18@gmail.com,bogota,formulario web,sin gestion,2026-09-02 07:02:00,,honda xr,172,,44.44444444444444,unmatched,phone:573155704251,5a2e4a2b-53df-58a7-8aef-1659d84f0cc7,False,,1.0,,,10490000.0,credito,media,cuota,False,True
LD-00173,08/09/2026 22:08,META ADS,EMP-02,PV-009,Wilmar Hernández Rodríguez,3016312294,wilmar.hernandez32@outlook.com,Sta Marta,Suzuki  GN 125,Cotización enviada,,Agosto Cero Cuotas,wilmar hernandez rodriguez,573016312294,wilmar.hernandez32@outlook.com,santa marta,meta ads,cotizacion enviada,2026-09-08 22:08:00,,suzuki gn 125,173,SKU-013,100.0,fuzzy,phone:573016312294,347ac463-4a99-5f4e-9fbb-85fe543fc82e,False,,1.0,,7490000.0,6890000.0,credito,,soat,False,False
LD-00174,27/08/2026 08:26,WhatsApp,EMP-02,PV-008,Mónica Pérez Franco, 3135735661 ,monica.perez63@outlook.com,Cartagena,hero dash 110,Descartado,2026-08-27T10:26:00,,monica perez franco,573135735661,monica.perez63@outlook.com,cartagena,whatsapp,descartado,2026-08-27 08:26:00,2026-08-27 10:26:00,hero dash 110,174,SKU-024,100.0,fuzzy,phone:573135735661,c9d79f2d-050d-5e39-bc67-560c26fd45f0,True,c9d79f2d-050d-5e39-bc67-560c26fd45f0,1.0,same_phone_or_email,6290000.0,,,,,False,False
LD-00175,2026-09-08 04:13:00,WhatsApp,EMP-02,PV-008,Diana Carolina Rodríguez Torres,3020424343,diana.rodriguez25@hotmail.com,Cartagena,Bajaj Dominar,Descartado,2026-09-09 04:13:00,Agosto Cero Cuotas,diana carolina rodriguez torres,573020424343,diana.rodriguez25@hotmail.com,cartagena,whatsapp,descartado,2026-09-08 04:13:00,2026-09-09 04:13:00,bajaj dominar,175,,77.77777777777777,unmatched,phone:573020424343,f2ac70f2-396a-51be-a01e-b61b05773558,True,f2ac70f2-396a-51be-a01e-b61b05773558,1.0,same_phone_or_email,,22900000.0,credito,,cuota,False,True
LD-00176,2026-08-26 06:22:00,Meta Ads,EMP-02,PV-006,Wilmar Salazar Cardona,3183986971,wilmar.salazar80@outlook.com,Barranquilla,HONDA NAVI,No contesta,2026-08-26 10:22:00,Retoma tu moto,wilmar salazar cardona,573183986971,wilmar.salazar80@outlook.com,barranquilla,meta ads,no contesta,2026-08-26 06:22:00,2026-08-26 10:22:00,honda navi,176,SKU-004,100.0,fuzzy,phone:573183986971,a46c36fb-3012-51ce-8653-3cdd99430141,False,,1.0,,7290000.0,,,,,False,False
LD-00177,12/08/2026 05:10,WhatsApp,EMP-01,PV-003,Claudia Patricia Betancur Gómez,573045632071,claudia.betancur50@outlook.com,BELLO,Hero Dash 110,Cotización enviada,12/08/2026 23:10,Feria de Motos 2026,claudia patricia betancur gomez,573045632071,claudia.betancur50@outlook.com,bello,whatsapp,cotizacion enviada,2026-08-12 05:10:00,2026-08-12 23:10:00,hero dash 110,177,SKU-024,100.0,fuzzy,phone:573045632071,52833b07-6dfa-58a6-b9e4-2cc81288cfc7,False,,1.0,,6290000.0,,,,,False,False
LD-00178,10/08/2026 15:34,WhatsApp,EMP-03,PV-011,Andrés Felipe Arias Zapata,3018749200,andres.arias96@yahoo.es,bogotá,V-Strom 250,Cotización enviada,11/08/2026 03:34,,andres felipe arias zapata,573018749200,andres.arias96@yahoo.es,bogota,whatsapp,cotizacion enviada,2026-08-10 15:34:00,2026-08-11 03:34:00,v-strom 250,178,SKU-015,100.0,exact,phone:573018749200,cdefad27-c691-52cb-8ee0-5ab6211ff095,False,,1.0,,21900000.0,,,,,False,False
LD-00179,2026-08-18T23:38:00,Meta Ads,EMP-03,PV-011,Duván Castaño Vargas,+57 300 5773855,,BOGOTA,Bajaj,Contactado,2026-08-20 05:38:00,Retoma tu moto,duvan castano vargas,573005773855,,bogota,meta ads,contactado,2026-08-18 23:38:00,2026-08-20 05:38:00,bajaj,179,,22.22222222222223,unmatched,phone:573005773855,ecad9601-044b-5e72-937b-64f66453065c,False,,1.0,,,,credito,,soat,False,False
LD-00180,2026-08-23 22:58:00,Meta Ads,EMP-03,PV-014,  María Fernanda Osorio Muñoz  ,+57 300 7848551,maria.osorio27@hotmail.com,Bogota DC,Honda CB 190R,Contactado,2026-08-23T23:58:00,,maria fernanda osorio munoz,573007848551,maria.osorio27@hotmail.com,bogota dc,meta ads,contactado,2026-08-23 22:58:00,2026-08-23 23:58:00,honda cb 190r,180,SKU-003,100.0,fuzzy,phone:573007848551,1cf738f5-6331-541f-b274-7ab120af4a1b,False,,1.0,,13990000.0,,,,,False,False
LD-00181,2026-09-04 06:03:00,WhatsApp,EMP-03,PV-013,Cristian Pérez Ospina,3234480678,cristian.perez29@hotmail.com,bogotá,AKT NKD 125,Contactado,04-09-2026,Prima Extra,cristian perez ospina,573234480678,cristian.perez29@hotmail.com,bogota,whatsapp,contactado,2026-09-04 06:03:00,2026-09-04 00:00:00,akt nkd 125,181,SKU-017,100.0,fuzzy,phone:573234480678,9c3d7267-84d4-5456-93bb-97ff6de0d1ae,False,,1.0,,5290000.0,11490000.0,credito,,cuota,False,True
LD-00182,2026-08-25 14:08:00,Formulario Web,EMP-02,PV-009,Paula Andrea Herrera Restrepo,312 373 8493,paula.herrera90@outlook.com,,Bajaj Pulsar,Contactado,26-08-2026,Agosto Cero Cuotas,paula andrea herrera restrepo,573123738493,paula.herrera90@outlook.com,,formulario web,contactado,2026-08-25 14:08:00,2026-08-26 00:00:00,bajaj pulsar,182,,66.66666666666666,unmatched,phone:573123738493,ab327ff3-5bdc-55bc-9eb2-c2060df392a8,False,,1.0,,,,,,,False,False
LD-00183,2026-08-09T13:34:00,formulario web,EMP-02,PV-010,Kevin Mosquera,3503293730,kevin.mosquera53@outlook.com,MONTERIA,AKT Dynamic R3 125 2026,En proceso,09-08-2026,Retoma tu moto,kevin mosquera,573503293730,kevin.mosquera53@outlook.com,monteria,formulario web,en proceso,2026-08-09 13:34:00,2026-08-09 00:00:00,akt dynamic r3 125 2026,183,SKU-018,100.0,fuzzy,phone:573503293730,608a4e92-e9c1-5ec3-8af8-0aa54f8ff096,True,608a4e92-e9c1-5ec3-8af8-0aa54f8ff096,1.0,same_phone_or_email,5590000.0,,credito,media,precio,False,True
LD-00184,2026-08-05T05:52:00,Formulario Web,EMP-03,PV-015,Carlos Mario Arias Herrera,(302) 577-8715,carlos.arias64@gmail.com,Soacha,Hnda Dio 110,En proceso,,Feria de Motos 2026,carlos mario arias herrera,573025778715,carlos.arias64@gmail.com,soacha,formulario web,en proceso,2026-08-05 05:52:00,,hnda dio 110,184,SKU-005,100.0,fuzzy,phone:573025778715,26fdf56b-dfb6-545b-a9c6-5d493539da82,False,,1.0,,6890000.0,,,,,False,False
LD-00185,2026-09-01T12:50:00,WhatsApp,EMP-02,PV-010,Natalia Restrepo Giraldo,3508546749,natalia.restrepo17@outlook.com,MONTERIA,honda xr 150l,En proceso,2026-09-01 13:50:00,Remate Modelos 2025,natalia restrepo giraldo,573508546749,natalia.restrepo17@outlook.com,monteria,whatsapp,en proceso,2026-09-01 12:50:00,2026-09-01 13:50:00,honda xr 150l,185,SKU-002,100.0,fuzzy,phone:573508546749,c5738816-e4ab-5461-8b2c-f6bf03ff1f41,True,c5738816-e4ab-5461-8b2c-f6bf03ff1f41,1.0,same_phone_or_email,11490000.0,,credito,,soat,False,False
LD-00186,2026-08-05 00:45:00,Meta Ads,EMP-01,PV-005,Carlos Mario Muñoz Muñoz,3042887574,carlos.munoz69@hotmail.com,Medellín,Hnda CB 190R,SIN GESTION,,Agosto Cero Cuotas,carlos mario munoz munoz,573042887574,carlos.munoz69@hotmail.com,medellin,meta ads,sin gestion,2026-08-05 00:45:00,,hnda cb 190r,186,SKU-003,100.0,fuzzy,phone:573042887574,31337aac-fcf6-5020-ad11-7a58716b9065,False,,1.0,,13990000.0,,,,,False,False
LD-00187,2026-08-02T03:09:00,Formulario Web,EMP-03,PV-014,JULIÁN CARDONA HERRERA, 3122128499 ,,BOGOTA,Navi,Contactado,08/02/2026 04:09,,julian cardona herrera,573122128499,,bogota,formulario web,contactado,2026-08-02 03:09:00,2026-02-08 04:09:00,navi,187,SKU-004,100.0,exact,phone:573122128499,843e21a9-0543-568a-9dff-f6d1039ca98b,False,,1.0,,7290000.0,,,,,False,False
LD-00188,2026-08-17 07:20:00,WhatsApp,EMP-01,PV-005,Duván Hernández Torres,3177884448,,,Hnda Navi,En proceso,18/08/2026 07:20,,duvan hernandez torres,573177884448,,,whatsapp,en proceso,2026-08-17 07:20:00,2026-08-18 07:20:00,hnda navi,188,SKU-004,100.0,fuzzy,phone:573177884448,1d060497-3dbe-53ca-9023-d6b752e303e1,False,,1.0,,7290000.0,,,,,False,False
LD-00189,20/08/2026 22:04,meta ads,EMP-03,PV-013,ANGIE PAOLA VALENCIA OSPINA,305 109 5454,angie.valencia49@yahoo.es,Bogotá D.C.,Bajaj Dominar 400,Descartado,2026-08-22T22:04:00,Remate Modelos 2025,angie paola valencia ospina,573051095454,angie.valencia49@yahoo.es,bogota,meta ads,descartado,2026-08-20 22:04:00,2026-08-22 22:04:00,bajaj dominar 400,189,SKU-011,100.0,fuzzy,phone:573051095454,a612cbd0-2d30-5de2-82c2-db9c499a83df,False,,1.0,,24900000.0,,credito,media,soat,False,False
LD-00190,2026-09-03 14:28:00,Meta Ads,EMP-01,PV-003,Héctor Osorio Arias,3208085803,hector.osorio83@gmail.com,BELLO,Bajaj,Sin gestión,,Retoma tu moto,hector osorio arias,573208085803,hector.osorio83@gmail.com,bello,meta ads,sin gestion,2026-09-03 14:28:00,,bajaj,190,,22.22222222222223,unmatched,phone:573208085803,321744f9-fa96-59b6-b4a1-e54bc5b716d6,False,,1.0,,,4990000.0,credito,,soat,True,False
LD-00191,2026-08-09 23:12:00,Formulario Web,EMP-01,PV-005,  Yesenia Herrera Torres  ,3221131295,,medellin,Bajaj Pulsar NS 125,En proceso,,,yesenia herrera torres,573221131295,,medellin,formulario web,en proceso,2026-08-09 23:12:00,,bajaj pulsar ns 125,191,SKU-008,100.0,fuzzy,phone:573221131295,2cfaefbd-e9f5-59a4-89f2-5b720bb7b17e,False,,1.0,,8990000.0,11990000.0,credito,,cuota,False,True
LD-00192,31/08/2026 22:18,WhatsApp,EMP-02,PV-008,Natalia Herrera Valencia, 3152010053 ,,Cartagena,Hnda CB 125F Twister,Cotización enviada,2026-09-02T22:18:00,Retoma tu moto,natalia herrera valencia,573152010053,,cartagena,whatsapp,cotizacion enviada,2026-08-31 22:18:00,2026-09-02 22:18:00,hnda cb 125f twister,192,SKU-001,100.0,fuzzy,phone:573152010053,05389b02-a3ab-53f7-b1ea-d8ebde8b8374,False,,1.0,,7990000.0,,,,,False,False
LD-00193,10/08/2026 04:04,META ADS,EMP-02,PV-008,Óscar David Betancur Osorio,3225396235,oscar.betancur40@hotmail.com,Cartagena,honda cb 125f twister,Sin gestión,,Retoma tu moto,oscar david betancur osorio,573225396235,oscar.betancur40@hotmail.com,cartagena,meta ads,sin gestion,2026-08-10 04:04:00,,honda cb 125f twister,193,SKU-001,100.0,fuzzy,phone:573225396235,3f1929a1-bc5c-5cd1-8541-6b7faf653b8c,False,,1.0,,7990000.0,4990000.0,credito,,cuota,False,True
LD-00194,2026-08-28T09:03:00,WhatsApp,EMP-02,PV-007,  Natalia Pérez Gómez  ,3015300496,,Soledad,Suzuky GN 125,No contesta,,Feria de Motos 2026,natalia perez gomez,573015300496,,soledad,whatsapp,no contesta,2026-08-28 09:03:00,,suzuky gn 125,194,SKU-013,100.0,fuzzy,phone:573015300496,c6a729bb-5796-5f22-8a68-8a50b186bbf9,True,c6a729bb-5796-5f22-8a68-8a50b186bbf9,1.0,same_phone_or_email,7490000.0,,credito,media,soat,False,False
LD-00195,2026-08-20 14:43:00,WhatsApp,EMP-03,PV-013,Adriana Hernández Valencia,3514975216,,Bogota DC,Navi,Sin gestión,,,adriana hernandez valencia,573514975216,,bogota dc,whatsapp,sin gestion,2026-08-20 14:43:00,,navi,195,SKU-004,100.0,exact,phone:573514975216,bb3337b9-d008-58d2-8faa-78469d4ab507,False,,1.0,,7290000.0,,credito,,cuota,False,False
LD-00196,31-08-2026,WhatsApp,EMP-01,PV-002,CARLOS MARIO GIRALDO RESTREPO,3166816945,carlos.giraldo61@hotmail.com,Itagüí,A.K.T TTR 200,No contesta,31/08/2026 10:34,,carlos mario giraldo restrepo,573166816945,carlos.giraldo61@hotmail.com,itagui,whatsapp,no contesta,2026-08-31 00:00:00,2026-08-31 10:34:00,a.k.t ttr 200,196,SKU-019,100.0,fuzzy,phone:573166816945,06c0a4ba-5bd1-5c48-a0ba-1ff097013ea0,False,,1.0,,9890000.0,,credito,media,soat,False,False
LD-00197,31-08-2026,meta ads,EMP-03,PV-015,CARLOS MARIO AGUDELO PÉREZ,573116811622,carlos.agudelo43@yahoo.es,SOACHA,Bajaj Pulsar NS 125,sin gestion,,Prima Extra,carlos mario agudelo perez,573116811622,carlos.agudelo43@yahoo.es,soacha,meta ads,sin gestion,2026-08-31 00:00:00,,bajaj pulsar ns 125,197,SKU-008,100.0,fuzzy,phone:573116811622,d3585bda-e3dd-53c8-9424-516e822f5049,False,,1.0,,8990000.0,14990000.0,credito,media,soat,False,False
LD-00198,03/09/2026 10:36,Meta Ads,EMP-01,PV-001,  Yuliana Quintero Arias  ,301 603 9155,yuliana.quintero93@yahoo.es,Medellín ,hero dash 110,Cotización enviada,03/09/2026 11:36,Retoma tu moto,yuliana quintero arias,573016039155,yuliana.quintero93@yahoo.es,medellin,meta ads,cotizacion enviada,2026-09-03 10:36:00,2026-09-03 11:36:00,hero dash 110,198,SKU-024,100.0,fuzzy,phone:573016039155,8cde524d-3afa-5edb-ad1a-d738f0a79572,False,,1.0,,6290000.0,,,,,False,False
LD-00199,08/09/2026 09:24,WhatsApp,EMP-01,PV-004,Cristian Agudelo Restrepo,3052124022,cristian.agudelo99@hotmail.com,RIONEGRO,Honda  CB 190R,sin gestion,,,cristian agudelo restrepo,573052124022,cristian.agudelo99@hotmail.com,rionegro,whatsapp,sin gestion,2026-09-08 09:24:00,,honda cb 190r,199,SKU-003,100.0,fuzzy,phone:573052124022,f21c8619-26e6-50f1-b08a-a1f57a7970c2,False,,1.0,,13990000.0,,,,,False,False
LD-00200,20/08/2026 12:51,Meta Ads,EMP-01,PV-005,  Carlos Mario Jiménez Ramírez  ,3117016095,,MEDELLIN,akt nkd 125,Descartado,08/21/2026 18:51,Retoma tu moto,carlos mario jimenez ramirez,573117016095,,medellin,meta ads,descartado,2026-08-20 12:51:00,2026-08-21 18:51:00,akt nkd 125,200,SKU-017,100.0,fuzzy,phone:573117016095,d39e0d9c-3c36-596c-8fd7-ed57a2eefb01,True,d39e0d9c-3c36-596c-8fd7-ed57a2eefb01,1.0,same_phone_or_email,5290000.0,,credito,media,soat,False,False
LD-00201,2026-08-14 04:47:00,WhatsApp,EMP-02,PV-008,Estefanía Pérez Ramírez, 3003807544 ,estefania.perez84@outlook.com,Cartagena de Indias,Suzuki V-Strom 250,Descartado,,Feria de Motos 2026,estefania perez ramirez,573003807544,estefania.perez84@outlook.com,cartagena de indias,whatsapp,descartado,2026-08-14 04:47:00,,suzuki v-strom 250,201,SKU-015,100.0,fuzzy,phone:573003807544,cc6917ba-1a50-5ad9-8840-31dfe4c7d892,True,cc6917ba-1a50-5ad9-8840-31dfe4c7d892,1.0,same_phone_or_email,21900000.0,,credito,,soat,False,False
LD-00202,2026-08-22 00:50:00,FORMULARIO WEB,EMP-02,PV-010,Claudia Patricia Rodríguez Vargas,300-904-3276,,Montería,Bajai Boxer CT 100,No contesta,24-08-2026,Agosto Cero Cuotas,claudia patricia rodriguez vargas,573009043276,,monteria,formulario web,no contesta,2026-08-22 00:50:00,2026-08-24 00:00:00,bajai boxer ct 100,202,SKU-007,100.0,fuzzy,phone:573009043276,6dc37f88-5d24-585d-85a0-ef4f016bd977,False,,1.0,,5790000.0,,credito,media,soat,False,False
LD-00203,2026-08-05 18:06:00,WhatsApp,EMP-02,PV-007,Angie Paola Torres Betancur,573058103982,,SOLEDAD,Suzuki GN 125,no contesta,2026-08-05T19:06:00,Remate Modelos 2025,angie paola torres betancur,573058103982,,soledad,whatsapp,no contesta,2026-08-05 18:06:00,2026-08-05 19:06:00,suzuki gn 125,203,SKU-013,100.0,fuzzy,phone:573058103982,eaf638ed-c826-50ab-b17d-8fd8700d26a4,False,,1.0,,7490000.0,,credito,,soat,False,False
LD-00204,30/08/2026 11:41,WhatsApp,EMP-01,PV-005,Vanessa Cardona Castaño,3511572729,,medellin,Honda CB 125F Twister,Contactado,,Feria de Motos 2026,vanessa cardona castano,573511572729,,medellin,whatsapp,contactado,2026-08-30 11:41:00,,honda cb 125f twister,204,SKU-001,100.0,fuzzy,phone:573511572729,2818d2bf-d99e-5d06-b315-dfc2f7ef1a7e,False,,1.0,,7990000.0,,,,,False,False
LD-00205,26/08/2026 07:14,formulario web,EMP-02,PV-007,JULIÁN BETANCUR QUINTERO,+57 318 5685610,,SOLEDAD,Hero  Hunk 160R,contactado,26/08/2026 11:14,Feria de Motos 2026,julian betancur quintero,573185685610,,soledad,formulario web,contactado,2026-08-26 07:14:00,2026-08-26 11:14:00,hero hunk 160r,205,SKU-022,100.0,fuzzy,phone:573185685610,9d537a08-b921-5a0e-9ce1-5962b13e3295,False,,1.0,,10490000.0,,,,,False,False
LD-00206,2026-08-02 13:44:00,WhatsApp,EMP-03,PV-011,Natalia Jiménez Mosquera,323 282 8746,natalia.jimenez21@gmail.com,Bogotá D.C.,akt dynamic r3 125,Contactado,02-08-2026,Prima Extra,natalia jimenez mosquera,573232828746,natalia.jimenez21@gmail.com,bogota,whatsapp,contactado,2026-08-02 13:44:00,2026-08-02 00:00:00,akt dynamic r3 125,206,SKU-018,100.0,fuzzy,phone:573232828746,792fc53b-e7f7-5157-9102-3f1fba951238,False,,1.0,,5590000.0,,,,,False,False
LD-00207,2026-08-10 04:51:00,WhatsApp,EMP-03,PV-011,  Yesenia Arias Escobar  ,3189258265,,Bogota,honda cb 125f twister,Descartado,12-08-2026,Agosto Cero Cuotas,yesenia arias escobar,573189258265,,bogota,whatsapp,descartado,2026-08-10 04:51:00,2026-08-12 00:00:00,honda cb 125f twister,207,SKU-001,100.0,fuzzy,phone:573189258265,c999fc91-38cf-5555-b36d-3c576ec57cd8,False,,1.0,,7990000.0,,,,,False,False
LD-00208,2026-08-17T09:55:00,Meta Ads,EMP-01,PV-002,Wilmar Mosquera Castaño, 3226734075 ,,ITAGUI,Bajai Pulsar NS 125,Descartado,2026-08-17T10:55:00,Retoma tu moto,wilmar mosquera castano,573226734075,,itagui,meta ads,descartado,2026-08-17 09:55:00,2026-08-17 10:55:00,bajai pulsar ns 125,208,SKU-008,100.0,fuzzy,phone:573226734075,2a8f02b4-aa00-5870-8c82-46d01f17414e,False,,1.0,,8990000.0,21900000.0,credito,,soat,False,False
LD-00209,2026-09-01 18:21:00,WhatsApp,EMP-01,PV-001,LUZ MARINA RESTREPO GIRALDO,573023586801,luz.restrepo48@hotmail.com,medellin,Honda  CB 190R,Descartado,2026-09-02 06:21:00,Retoma tu moto,luz marina restrepo giraldo,573023586801,luz.restrepo48@hotmail.com,medellin,whatsapp,descartado,2026-09-01 18:21:00,2026-09-02 06:21:00,honda cb 190r,209,SKU-003,100.0,fuzzy,phone:573023586801,f7ae5f18-170b-5160-9735-d9c381a9e3ba,False,,1.0,,13990000.0,4990000.0,credito,,soat,True,True
LD-00210,2026-09-03 03:36:00,WhatsApp,EMP-01,PV-003,  Óscar David Arias Giraldo  ,573054833744,,BELLO,Honda  Dio 110,no contesta,03-09-2026,Prima Extra,oscar david arias giraldo,573054833744,,bello,whatsapp,no contesta,2026-09-03 03:36:00,2026-09-03 00:00:00,honda dio 110,210,SKU-005,100.0,fuzzy,phone:573054833744,e2b89869-2a3d-5836-ab9f-df95bdf271d6,False,,1.0,,6890000.0,,,,,False,False
LD-00211,31-08-2026,META ADS,EMP-03,PV-011,Diana Carolina Giraldo Franco,3000427368,diana.giraldo27@gmail.com,BOGOTA,Bajaj Pulsar NS 125 2026,Sin gestión,,,diana carolina giraldo franco,573000427368,diana.giraldo27@gmail.com,bogota,meta ads,sin gestion,2026-08-31 00:00:00,,bajaj pulsar ns 125 2026,211,SKU-008,100.0,fuzzy,phone:573000427368,821c2320-7a4a-56da-9f6a-b61fbad30d1f,False,,1.0,,8990000.0,10490000.0,credito,media,cuota,False,True
LD-00212,06-09-2026,Formulario Web,EMP-03,PV-013,Adriana Ramírez Torres, 3200664370 ,adriana.ramirez4@outlook.com,BOGOTA,BAJAJ DOMINAR 400,Cotización enviada,08/09/2026 02:44,Agosto Cero Cuotas,adriana ramirez torres,573200664370,adriana.ramirez4@outlook.com,bogota,formulario web,cotizacion enviada,2026-09-06 00:00:00,2026-09-08 02:44:00,bajaj dominar 400,212,SKU-011,100.0,fuzzy,phone:573200664370,cd6edeeb-9469-5343-abc2-f7ed0edb1129,False,,1.0,,24900000.0,11490000.0,credito,,soat,False,False
LD-00213,22/08/2026 12:01,Meta Ads,EMP-02,PV-010,Carlos Mario Hernández Castaño,316 577 8889,carlos.hernandez44@gmail.com,MONTERIA,Honda XRE 300,Contactado,22-08-2026,,carlos mario hernandez castano,573165778889,carlos.hernandez44@gmail.com,monteria,meta ads,contactado,2026-08-22 12:01:00,2026-08-22 00:00:00,honda xre 300,213,SKU-006,100.0,fuzzy,phone:573165778889,2ba3bca8-670d-5b9b-a81b-2d72d11bec2c,True,2ba3bca8-670d-5b9b-a81b-2d72d11bec2c,1.0,same_phone_or_email,22900000.0,22900000.0,credito,,cuota,False,True
LD-00214,08/31/2026 04:54,WhatsApp,EMP-01,PV-001,CARLOS MARIO OSORIO ESCOBAR,3158874268,,Medellín,Honda,Contactado,2026-08-31 16:54:00,Feria de Motos 2026,carlos mario osorio escobar,573158874268,,medellin,whatsapp,contactado,2026-08-31 04:54:00,2026-08-31 16:54:00,honda,214,,44.44444444444444,unmatched,phone:573158874268,56d61741-9176-54b0-957f-8004b1436caa,True,56d61741-9176-54b0-957f-8004b1436caa,1.0,same_phone_or_email,,,credito,media,soat,False,False
LD-00215,2026-08-11 00:13:00,WhatsApp,EMP-03,PV-015,Jorge Iván Escobar Osorio,573502668416,,SOACHA,Hero Hunk 160R,SIN GESTION,,Remate Modelos 2025,jorge ivan escobar osorio,573502668416,,soacha,whatsapp,sin gestion,2026-08-11 00:13:00,,hero hunk 160r,215,SKU-022,100.0,fuzzy,phone:573502668416,affce9e2-08f3-5d00-9f47-bbcdd78180c6,False,,1.0,,10490000.0,22900000.0,credito,,cuota,False,True
LD-00216,05-08-2026,whatsapp,EMP-03,PV-015,Wilmar Londoño Zapata,322 298 6193,wilmar.londono73@yahoo.es,Soacha,AKT Dynamic R3 125,sin gestion,,Agosto Cero Cuotas,wilmar londono zapata,573222986193,wilmar.londono73@yahoo.es,soacha,whatsapp,sin gestion,2026-08-05 00:00:00,,akt dynamic r3 125,216,SKU-018,100.0,fuzzy,phone:573222986193,dfd8c877-31c5-560d-838d-45a80e662090,False,,1.0,,5590000.0,,,,,False,False
LD-00217,2026-08-13 23:18:00,WhatsApp,EMP-02,PV-009,Édinson Bedoya Vargas, 3518822526 ,edinson.bedoya13@hotmail.com,SANTA MARTA,Honda XR 150L,no contesta,08/14/2026 23:18,Feria de Motos 2026,edinson bedoya vargas,573518822526,edinson.bedoya13@hotmail.com,santa marta,whatsapp,no contesta,2026-08-13 23:18:00,2026-08-14 23:18:00,honda xr 150l,217,SKU-002,100.0,fuzzy,phone:573518822526,20e3c5b8-8ea9-5aa7-83d3-7b65e44d52b8,False,,1.0,,11490000.0,4990000.0,credito,media,cuota,False,True
LD-00218,2026-08-19 15:34:00,Formulario Web,EMP-03,PV-013,  Fabián Gómez Betancur  ,+57 321 9007755,fabian.gomez48@outlook.com,Bogotá,Bajaj Discover 125,Contactado,19-08-2026,Remate Modelos 2025,fabian gomez betancur,573219007755,fabian.gomez48@outlook.com,bogota,formulario web,contactado,2026-08-19 15:34:00,2026-08-19 00:00:00,bajaj discover 125,218,SKU-012,100.0,fuzzy,phone:573219007755,e2081755-7f2b-5c94-a63b-f7fc0aa53601,True,e2081755-7f2b-5c94-a63b-f7fc0aa53601,1.0,same_phone_or_email,6990000.0,,,,,False,False
LD-00219,2026-09-08 17:47:00,Formulario Web,EMP-03,PV-014,Wilmar Castaño Muñoz,(320) 480-7726,wilmar.castano35@yahoo.es,bogotá,Bajai Pulsar NS 125,En proceso,09/09/2026 23:47,Feria de Motos 2026,wilmar castano munoz,573204807726,wilmar.castano35@yahoo.es,bogota,formulario web,en proceso,2026-09-08 17:47:00,2026-09-09 23:47:00,bajai pulsar ns 125,219,SKU-008,100.0,fuzzy,phone:573204807726,2724e29a-0f87-58dd-9590-6fc2053858ab,False,,1.0,,8990000.0,11990000.0,credito,,cuota,False,True
LD-00220,27/08/2026 12:41,WhatsApp,EMP-03,PV-011,Angie Paola Castaño Vargas,3024507639,,,Bajaj,No contesta,2026-08-28 12:41:00,Remate Modelos 2025,angie paola castano vargas,573024507639,,,whatsapp,no contesta,2026-08-27 12:41:00,2026-08-28 12:41:00,bajaj,220,,22.22222222222223,unmatched,phone:573024507639,3f00a581-8c2e-51e0-aad8-a09970a70e51,False,,1.0,,,,credito,,soat,False,False
LD-00221,15/08/2026 04:45,Meta Ads,EMP-01,PV-002,Natalia Marín Jiménez,311-567-5817,natalia.marin20@outlook.com,ITAGUI,Honda Navi,no contesta,2026-08-15T06:45:00,Retoma tu moto,natalia marin jimenez,573115675817,natalia.marin20@outlook.com,itagui,meta ads,no contesta,2026-08-15 04:45:00,2026-08-15 06:45:00,honda navi,221,SKU-004,100.0,fuzzy,phone:573115675817,74824837-8726-53b2-9ddb-81d5c1ee0fe5,False,,1.0,,7290000.0,,,,,False,False
LD-00222,15/08/2026 17:27,Meta Ads,EMP-01,PV-003,Camilo Zapata Escobar,3209420858,,BELLO,Bajaj Pulsar NS 125,Sin gestión,,Agosto Cero Cuotas,camilo zapata escobar,573209420858,,bello,meta ads,sin gestion,2026-08-15 17:27:00,,bajaj pulsar ns 125,222,SKU-008,100.0,fuzzy,phone:573209420858,a6b48e91-8c6a-552e-bb23-ee6ce1d8264e,False,,1.0,,8990000.0,,credito,,soat,False,False
LD-00223,28/08/2026 05:43,Formulario Web,EMP-01,PV-004,YESENIA VALENCIA SALAZAR,+57 322 6591672,,Rio Negro,SUZUKI GN 125,Sin gestión,,,yesenia valencia salazar,573226591672,,rio negro,formulario web,sin gestion,2026-08-28 05:43:00,,suzuki gn 125,223,SKU-013,100.0,fuzzy,phone:573226591672,7e2c4a52-a445-5a14-9bed-d887fded52ad,False,,1.0,,7490000.0,24900000.0,credito,,soat,False,False
LD-00224,08/06/2026 02:18,WhatsApp,EMP-03,PV-013,Liliana Valencia Escobar,3224438410,,Bogota DC,Bajaj  Pulsar RS 200,Sin gestión,,,liliana valencia escobar,573224438410,,bogota dc,whatsapp,sin gestion,2026-06-08 02:18:00,,bajaj pulsar rs 200,224,SKU-010,100.0,fuzzy,phone:573224438410,df4bfc89-2966-5e9a-a067-4dd5a892ddbf,False,,1.0,,15490000.0,6990000.0,credito,,cuota,False,True
LD-00225,22/08/2026 08:52,whatsapp,EMP-03,PV-015,JULIÁN PÉREZ ARIAS,(300) 106-8650,,Soacha,HONDA CB 190R,contactado,2026-08-22 12:52:00,Agosto Cero Cuotas,julian perez arias,573001068650,,soacha,whatsapp,contactado,2026-08-22 08:52:00,2026-08-22 12:52:00,honda cb 190r,225,SKU-003,100.0,fuzzy,phone:573001068650,6199b445-cf69-5f84-a3d8-268303d6043b,True,6199b445-cf69-5f84-a3d8-268303d6043b,1.0,same_phone_or_email,13990000.0,,,,,False,False
LD-00226,2026-09-10 03:03:00,Meta Ads,EMP-01,PV-003,Alexander Bedoya Zapata,318 744 9839,alexander.bedoya3@hotmail.com,bello,Suzuki,Sin gestión,,Agosto Cero Cuotas,alexander bedoya zapata,573187449839,alexander.bedoya3@hotmail.com,bello,meta ads,sin gestion,2026-09-10 03:03:00,,suzuki,226,,26.66666666666667,unmatched,phone:573187449839,2ddede91-19d5-56da-9386-29c551d7e1d1,False,,1.0,,,,,,,False,False
LD-00227,2026-08-21 14:43:00,whatsapp,EMP-03,PV-012,MARÍA FERNANDA ESCOBAR RESTREPO,351-806-2228,,Bogotá,Honda Navi,No contesta,2026-08-21T16:43:00,,maria fernanda escobar restrepo,573518062228,,bogota,whatsapp,no contesta,2026-08-21 14:43:00,2026-08-21 16:43:00,honda navi,227,SKU-004,100.0,fuzzy,phone:573518062228,bb424ccb-2593-5717-94e3-f72021d19536,False,,1.0,,7290000.0,,,,,False,False
LD-00228,16-08-2026,WhatsApp,EMP-02,PV-009,Sebastián Jiménez Ramírez,3508919077,,SANTA MARTA,Suzuki Best 125,Contactado,2026-08-19 04:45:00,Agosto Cero Cuotas,sebastian jimenez ramirez,573508919077,,santa marta,whatsapp,contactado,2026-08-16 00:00:00,2026-08-19 04:45:00,suzuki best 125,228,SKU-016,100.0,fuzzy,phone:573508919077,062947e5-db65-5d88-8094-a80c62967e65,False,,1.0,,6590000.0,,,,,False,False
LD-00229,2026-08-07 16:55:00,WhatsApp,EMP-02,PV-009,  Yuliana Franco Arias  , 3116976067 ,,Santa Marta,HONDA CB 125F TWISTER,Contactado,2026-08-08T22:55:00,,yuliana franco arias,573116976067,,santa marta,whatsapp,contactado,2026-08-07 16:55:00,2026-08-08 22:55:00,honda cb 125f twister,229,SKU-001,100.0,fuzzy,phone:573116976067,01b8e69a-4283-59b5-bb2f-f27f86337e7b,False,,1.0,,7990000.0,7490000.0,credito,,soat,False,False
LD-00230,2026-08-22 13:39:00,Formulario Web,EMP-03,PV-014,Camilo Agudelo Ramírez,3232891094,,Bogotá D.C.,Suzuki Gixxer 150,No contesta,,Feria de Motos 2026,camilo agudelo ramirez,573232891094,,bogota,formulario web,no contesta,2026-08-22 13:39:00,,suzuki gixxer 150,230,SKU-014,100.0,fuzzy,phone:573232891094,feda7a50-fd74-5f72-a679-d435d29a082f,False,,1.0,,11990000.0,,,,,False,False
LD-00231,2026-09-04 22:15:00,whatsapp,EMP-02,PV-007,  Vanessa Pérez Betancur  ,+57 323 0474005,vanessa.perez16@outlook.com,Soledad,Suzuki Gixxer,Descartado,05/09/2026 10:15,Feria de Motos 2026,vanessa perez betancur,573230474005,vanessa.perez16@outlook.com,soledad,whatsapp,descartado,2026-09-04 22:15:00,2026-09-05 10:15:00,suzuki gixxer,231,,75.0,unmatched,phone:573230474005,638bcf52-66ae-5386-9f0a-f5fbf3775079,False,,1.0,,,7490000.0,credito,,soat,False,False
LD-00232,2026-08-26 20:45:00,WhatsApp,EMP-01,PV-003,  Claudia Patricia Ramírez Torres  ,310-480-4393,claudia.ramirez31@hotmail.com,bello,Hero Xpulse 200,Contactado,2026-08-28T20:45:00,,claudia patricia ramirez torres,573104804393,claudia.ramirez31@hotmail.com,bello,whatsapp,contactado,2026-08-26 20:45:00,2026-08-28 20:45:00,hero xpulse 200,232,SKU-023,100.0,fuzzy,phone:573104804393,d8b7e4b0-0448-5a86-aa5c-43154569a065,False,,1.0,,14990000.0,,,,,False,False
LD-00233,28-08-2026,WhatsApp,EMP-03,PV-012,Alexander Hernández Gómez, 3218787019 ,,Bogotá D.C.,AKT DYNAMIC R3 125,no contesta,2026-08-28T17:45:00,,alexander hernandez gomez,573218787019,,bogota,whatsapp,no contesta,2026-08-28 00:00:00,2026-08-28 17:45:00,akt dynamic r3 125,233,SKU-018,100.0,fuzzy,phone:573218787019,70325e00-2941-5f95-ae8e-98a9e294f88f,False,,1.0,,5590000.0,,,,,False,False
LD-00234,2026-09-04 21:56:00,WhatsApp,EMP-03,PV-011,Héctor Betancur Salazar,3209062096,hector.betancur25@gmail.com,bogotá,Honda  Dio 110,Sin gestión,,Remate Modelos 2025,hector betancur salazar,573209062096,hector.betancur25@gmail.com,bogota,whatsapp,sin gestion,2026-09-04 21:56:00,,honda dio 110,234,SKU-005,100.0,fuzzy,phone:573209062096,107f98e7-fb78-51d6-87a5-330db7615ff1,False,,1.0,,6890000.0,,credito,,soat,True,False
LD-00235,2026-08-04 11:12:00,Meta Ads,EMP-02,PV-006,Adriana Gómez Ramírez,3508876769,adriana.gomez37@outlook.com,Barranquilla,bajaj dominar 400,contactado,2026-08-06T11:12:00,,adriana gomez ramirez,573508876769,adriana.gomez37@outlook.com,barranquilla,meta ads,contactado,2026-08-04 11:12:00,2026-08-06 11:12:00,bajaj dominar 400,235,SKU-011,100.0,fuzzy,phone:573508876769,2c3611dd-a464-5fee-a352-46f97699b46d,True,2c3611dd-a464-5fee-a352-46f97699b46d,1.0,same_phone_or_email,24900000.0,,,,,False,False
LD-00236,2026-09-02T12:48:00,Meta Ads,EMP-03,PV-012,Estefanía Escobar Valencia,3128446915,,Bogotá D.C.,Bajai Boxer CT 100,En proceso,09/04/2026 12:48,Agosto Cero Cuotas,estefania escobar valencia,573128446915,,bogota,meta ads,en proceso,2026-09-02 12:48:00,2026-04-09 12:48:00,bajai boxer ct 100,236,SKU-007,100.0,fuzzy,phone:573128446915,ac8ab4bd-e899-596a-b121-75c1c8c1bc42,True,ac8ab4bd-e899-596a-b121-75c1c8c1bc42,1.0,same_phone_or_email,5790000.0,,,,,False,False
LD-00237,2026-08-31 14:00:00,WhatsApp,EMP-03,PV-012,  Wilmar Marín Escobar  ,+57 301 2653471,wilmar.marin20@gmail.com,Bogota,Honda  CB 125F Twister,Contactado,31/08/2026 15:00,Remate Modelos 2025,wilmar marin escobar,573012653471,wilmar.marin20@gmail.com,bogota,whatsapp,contactado,2026-08-31 14:00:00,2026-08-31 15:00:00,honda cb 125f twister,237,SKU-001,100.0,fuzzy,phone:573012653471,20cb8810-8017-5002-9140-4347d81cfc52,False,,1.0,,7990000.0,24900000.0,credito,media,cuota,False,True
LD-00238,2026-08-10T03:18:00,WhatsApp,EMP-03,PV-014,DUVÁN BEDOYA ARIAS,573227175367,,Bogota,AKT Dynamic R3 125,Contactado,2026-08-10T09:18:00,,duvan bedoya arias,573227175367,,bogota,whatsapp,contactado,2026-08-10 03:18:00,2026-08-10 09:18:00,akt dynamic r3 125,238,SKU-018,100.0,fuzzy,phone:573227175367,18fb8c1c-4ec0-5472-b342-e6a8edc493a9,False,,1.0,,5590000.0,,,,,False,False
LD-00239,2026-08-23 15:52:00,WhatsApp,EMP-02,PV-008,Vanessa Marín Gómez,315 908 2340,vanessa.marin78@gmail.com,CARTAGENA,Bajaj  Pulsar RS 200,Sin gestión,,Retoma tu moto,vanessa marin gomez,573159082340,vanessa.marin78@gmail.com,cartagena,whatsapp,sin gestion,2026-08-23 15:52:00,,bajaj pulsar rs 200,239,SKU-010,100.0,fuzzy,phone:573159082340,1e963a84-22df-5dda-820a-16c9a4b5243c,True,1e963a84-22df-5dda-820a-16c9a4b5243c,1.0,same_phone_or_email,15490000.0,,,,,False,False
LD-00240,18/08/2026 03:38,WhatsApp,EMP-02,PV-007,Katherine Escobar,3230031702,,,Honda XRE 300,Contactado,2026-08-18T04:38:00,,katherine escobar,573230031702,,,whatsapp,contactado,2026-08-18 03:38:00,2026-08-18 04:38:00,honda xre 300,240,SKU-006,100.0,fuzzy,phone:573230031702,568fe53f-8a36-5374-95f1-50900f2a89f2,True,568fe53f-8a36-5374-95f1-50900f2a89f2,1.0,same_phone_or_email,22900000.0,14990000.0,credito,,cuota,False,True
LD-00241,2026-09-08 12:49:00,Formulario Web,EMP-03,PV-015,Nelson Arias Vargas,317 064 0036,nelson.arias47@hotmail.com,Soacha,honda cb 190r,En proceso,,Retoma tu moto,nelson arias vargas,573170640036,nelson.arias47@hotmail.com,soacha,formulario web,en proceso,2026-09-08 12:49:00,,honda cb 190r,241,SKU-003,100.0,fuzzy,phone:573170640036,0d379132-d614-5b9f-b2a6-9b3946108cee,False,,1.0,,13990000.0,,,,,False,False
LD-00242,18/08/2026 07:24,WhatsApp,EMP-03,PV-013,Natalia Pérez Herrera,351-160-9861,natalia.perez56@hotmail.com,Bogota DC,HERO XPULSE 200,Descartado,2026-08-18T11:24:00,Prima Extra,natalia perez herrera,573511609861,natalia.perez56@hotmail.com,bogota dc,whatsapp,descartado,2026-08-18 07:24:00,2026-08-18 11:24:00,hero xpulse 200,242,SKU-023,100.0,fuzzy,phone:573511609861,7fa5d7df-4c74-5dfb-a2f6-725ed4535404,False,,1.0,,14990000.0,,,,,False,False
LD-00243,08/09/2026 11:29,WhatsApp,EMP-03,PV-011,  Sandra Milena Cardona Hernández  ,3227360711,sandra.cardona69@yahoo.es,bogotá,,Cotización enviada,2026-08-09T15:29:00,,sandra milena cardona hernandez,573227360711,sandra.cardona69@yahoo.es,bogota,whatsapp,cotizacion enviada,2026-09-08 11:29:00,2026-08-09 15:29:00,,243,,0.0,none,phone:573227360711,9a47ab88-f627-5d1b-ba4a-00661d36e7db,False,,1.0,,,,,,,False,False
LD-00244,2026-08-03 22:57:00,WhatsApp,EMP-01,PV-005,KEVIN ZAPATA AGUDELO, 3223456560 ,,Medellín,HONDA NAVI,sin gestion,,Agosto Cero Cuotas,kevin zapata agudelo,573223456560,,medellin,whatsapp,sin gestion,2026-08-03 22:57:00,,honda navi,244,SKU-004,100.0,fuzzy,phone:573223456560,4857b382-1962-5107-a066-852296feacc2,False,,1.0,,7290000.0,,credito,media,soat,False,False
LD-00245,2026-08-03 17:35:00,WhatsApp,EMP-01,PV-001,  Carlos Mario Vargas Hernández  ,+57 351 9688328,carlos.vargas47@hotmail.com,medellin,AKT Evo RS 150 2026,Cotización enviada,,Agosto Cero Cuotas,carlos mario vargas hernandez,573519688328,carlos.vargas47@hotmail.com,medellin,whatsapp,cotizacion enviada,2026-08-03 17:35:00,,akt evo rs 150 2026,245,SKU-020,100.0,fuzzy,phone:573519688328,cf9d7568-c760-55a5-bb73-336371f2fa80,True,cf9d7568-c760-55a5-bb73-336371f2fa80,1.0,same_phone_or_email,7190000.0,,,,,False,False
LD-00246,2026-08-30 10:17:00,Meta Ads,EMP-01,PV-003,  Adriana Betancur Bedoya  ,(314) 158-3958,,bello,akt dynamic r3 125,No contesta,31-08-2026,Prima Extra,adriana betancur bedoya,573141583958,,bello,meta ads,no contesta,2026-08-30 10:17:00,2026-08-31 00:00:00,akt dynamic r3 125,246,SKU-018,100.0,fuzzy,phone:573141583958,ff23b2b9-2160-5aad-8ea7-63f01007fb36,False,,1.0,,5590000.0,,credito,,soat,False,False
LD-00247,08/24/2026 04:18,WhatsApp,EMP-03,PV-012,JULIÁN BETANCUR MOSQUERA, 3021953691 ,,Bogotá D.C.,BAJAJ DOMINAR 400,Contactado,24/08/2026 16:18,,julian betancur mosquera,573021953691,,bogota,whatsapp,contactado,2026-08-24 04:18:00,2026-08-24 16:18:00,bajaj dominar 400,247,SKU-011,100.0,fuzzy,phone:573021953691,972d4eff-16aa-5b67-b65f-eae0e4cec6cf,False,,1.0,,24900000.0,,credito,,soat,True,False
LD-00248,2026-08-22 21:47:00,WhatsApp,EMP-01,PV-005,  Estefanía Jiménez Muñoz  ,310-511-9735,estefania.jimenez56@yahoo.es,Medellin,Honda XR 150L,Contactado,2026-08-25T21:47:00,Prima Extra,estefania jimenez munoz,573105119735,estefania.jimenez56@yahoo.es,medellin,whatsapp,contactado,2026-08-22 21:47:00,2026-08-25 21:47:00,honda xr 150l,248,SKU-002,100.0,fuzzy,phone:573105119735,350066b1-3803-5e66-af13-6725e38543db,True,350066b1-3803-5e66-af13-6725e38543db,1.0,same_phone_or_email,11490000.0,,,,,False,False
LD-00249,2026-08-23 22:16:00,Meta Ads,EMP-03,PV-014,  Claudia Patricia Torres Pérez  ,+57 311 4840904,,Bogota,Honda XRE 300,Cotización enviada,,Agosto Cero Cuotas,claudia patricia torres perez,573114840904,,bogota,meta ads,cotizacion enviada,2026-08-23 22:16:00,,honda xre 300,249,SKU-006,100.0,fuzzy,phone:573114840904,29accaa6-e9e6-5dec-8ce1-75a5944992c3,False,,1.0,,22900000.0,,,,,False,False
LD-00250,2026-08-31 22:31:00,Formulario Web,EMP-03,PV-011,  Freddy Correa Muñoz  ,3154235528,,Bogota,Bajai Boxer CT 100,Cotización enviada,09/01/2026 22:31,Agosto Cero Cuotas,freddy correa munoz,573154235528,,bogota,formulario web,cotizacion enviada,2026-08-31 22:31:00,2026-01-09 22:31:00,bajai boxer ct 100,250,SKU-007,100.0,fuzzy,phone:573154235528,ab722f58-6c5c-5593-b814-3989790b20fc,True,ab722f58-6c5c-5593-b814-3989790b20fc,1.0,same_phone_or_email,5790000.0,,credito,media,soat,False,False
LD-00252,2026-08-19 12:33:00,WhatsApp,EMP-03,PV-011,Brayan Cardona Zapata,3128383625,brayan.cardona89@outlook.com,Bogotá D.C.,XRE 300,Sin gestión,,Agosto Cero Cuotas,brayan cardona zapata,573128383625,brayan.cardona89@outlook.com,bogota,whatsapp,sin gestion,2026-08-19 12:33:00,,xre 300,252,SKU-006,100.0,exact,phone:573128383625,fa61eb31-c544-5cf7-acdb-774c3100c7c8,False,,1.0,,22900000.0,,,,,False,False
LD-00253,2026-08-23T14:04:00,WhatsApp,EMP-02,PV-009,Édinson Franco Giraldo,302 981 6697,,SANTA MARTA,Bajaj Dominar 400,sin gestion,,Feria de Motos 2026,edinson franco giraldo,573029816697,,santa marta,whatsapp,sin gestion,2026-08-23 14:04:00,,bajaj dominar 400,253,SKU-011,100.0,fuzzy,phone:573029816697,b847d75c-cf3f-577d-afd6-fafa22b68bae,True,b847d75c-cf3f-577d-afd6-fafa22b68bae,1.0,same_phone_or_email,24900000.0,,,,,False,False
LD-00254,2026-08-22 09:41:00,Meta Ads,EMP-01,PV-005,LEIDY JOHANA VARGAS ARIAS,301 245 8689,,Medellin,XR 150L,Contactado,,Prima Extra,leidy johana vargas arias,573012458689,,medellin,meta ads,contactado,2026-08-22 09:41:00,,xr 150l,254,SKU-002,100.0,exact,phone:573012458689,88c0661f-511a-5e7d-b124-f2795de45e6d,False,,1.0,,11490000.0,,credito,,soat,False,False
LD-00255,10-08-2026,WhatsApp,EMP-03,PV-015,Freddy Jiménez Londoño,+57 300 3494850,,Soacha,,Contactado,,Remate Modelos 2025,freddy jimenez londono,573003494850,,soacha,whatsapp,contactado,2026-08-10 00:00:00,,,255,,0.0,none,phone:573003494850,8640e299-0db2-5fec-9d84-422c588e0edc,False,,1.0,,,,,,,False,False
LD-00256,2026-08-10 12:50:00,meta ads,EMP-03,PV-015,  Héctor Mosquera Pérez  ,+57 322 0997499,hector.mosquera37@hotmail.com,,Honda  XR 150L,No contesta,2026-08-11 18:50:00,,hector mosquera perez,573220997499,hector.mosquera37@hotmail.com,,meta ads,no contesta,2026-08-10 12:50:00,2026-08-11 18:50:00,honda xr 150l,256,SKU-002,100.0,fuzzy,phone:573220997499,33d94257-b89d-5ffd-b3df-e4b0cd89c674,False,,1.0,,11490000.0,,credito,media,soat,True,False
LD-00257,09/09/2026 12:25,Formulario Web,EMP-02,PV-010,MÓNICA ARIAS PÉREZ,3508621976,monica.arias86@hotmail.com,Montería,Honda CB 125F Twister 2026,Contactado,2026-09-09T18:25:00,Feria de Motos 2026,monica arias perez,573508621976,monica.arias86@hotmail.com,monteria,formulario web,contactado,2026-09-09 12:25:00,2026-09-09 18:25:00,honda cb 125f twister 2026,257,SKU-001,100.0,fuzzy,phone:573508621976,0cf21983-b65e-5dda-915f-e450d005ba89,False,,1.0,,7990000.0,,,,,False,False
LD-00258,03-08-2026,WhatsApp,EMP-01,PV-002,ANGIE PAOLA GÓMEZ MOSQUERA,3140483109,angie.gomez73@hotmail.com,ITAGUI,SUZUKI GIXXER 150,sin gestion,,,angie paola gomez mosquera,573140483109,angie.gomez73@hotmail.com,itagui,whatsapp,sin gestion,2026-08-03 00:00:00,,suzuki gixxer 150,258,SKU-014,100.0,fuzzy,phone:573140483109,807f97a3-5081-5c1f-a9aa-d9f24bc5e379,False,,1.0,,11990000.0,,,,,False,False
LD-00259,2026-08-15T23:53:00,Formulario Web,EMP-03,PV-013,Juan Carlos Marín Franco,573209053618,juan.marin33@gmail.com,Bogotá D.C.,bajaj dominar 400,Cotización enviada,2026-08-16T00:53:00,Retoma tu moto,juan carlos marin franco,573209053618,juan.marin33@gmail.com,bogota,formulario web,cotizacion enviada,2026-08-15 23:53:00,2026-08-16 00:53:00,bajaj dominar 400,259,SKU-011,100.0,fuzzy,phone:573209053618,8f24a14b-f0cc-541c-bf3d-463e69ac06b8,False,,1.0,,24900000.0,,,,,False,False
LD-00260,04/09/2026 09:29,Meta Ads,EMP-01,PV-003,Mónica Restrepo Rodríguez,304-005-4315,monica.restrepo96@outlook.com,Bello,,Descartado,2026-09-04 11:29:00,Agosto Cero Cuotas,monica restrepo rodriguez,573040054315,monica.restrepo96@outlook.com,bello,meta ads,descartado,2026-09-04 09:29:00,2026-09-04 11:29:00,,260,,0.0,none,phone:573040054315,d436367c-83da-5a22-9e89-336ddf954298,False,,1.0,,,,,,,False,False
LD-00261,2026-08-22 08:25:00,META ADS,EMP-01,PV-005,Marcela Restrepo Herrera,3017162127,,Medellin,Hero Eco,Cotización enviada,,,marcela restrepo herrera,573017162127,,medellin,meta ads,cotizacion enviada,2026-08-22 08:25:00,,hero eco,261,,54.54545454545455,unmatched,phone:573017162127,e42a8077-7d3f-5dfb-835b-444bc54458a3,False,,1.0,,,,,,,False,False
LD-00262,2026-08-12 09:46:00,Formulario Web,EMP-03,PV-012,María Fernanda Quintero Betancur,3511424907,,Bogota DC,HONDA XRE 300,Cotización enviada,13/08/2026 03:46,Agosto Cero Cuotas,maria fernanda quintero betancur,573511424907,,bogota dc,formulario web,cotizacion enviada,2026-08-12 09:46:00,2026-08-13 03:46:00,honda xre 300,262,SKU-006,100.0,fuzzy,phone:573511424907,cc96ae3c-b366-5e44-ae8f-97d659852f29,True,cc96ae3c-b366-5e44-ae8f-97d659852f29,1.0,same_phone_or_email,22900000.0,,,,,False,False
LD-00263,27/08/2026 01:04,whatsapp,EMP-02,PV-007,ERIKA JIMÉNEZ RODRÍGUEZ,3139690640,,Soledad,Honda Dio 110,Cotización enviada,2026-08-29 01:04:00,Agosto Cero Cuotas,erika jimenez rodriguez,573139690640,,soledad,whatsapp,cotizacion enviada,2026-08-27 01:04:00,2026-08-29 01:04:00,honda dio 110,263,SKU-005,100.0,fuzzy,phone:573139690640,870a3359-ff64-5dfa-a4b5-c4eb49619d53,True,870a3359-ff64-5dfa-a4b5-c4eb49619d53,1.0,same_phone_or_email,6890000.0,,,,,False,False
LD-00264,08/19/2026 00:12,WhatsApp,EMP-01,PV-004,MARÍA FERNANDA AGUDELO OSPINA,3514820760,,Rionegro,AKT Evo RS 150,No contesta,19/08/2026 18:12,,maria fernanda agudelo ospina,573514820760,,rionegro,whatsapp,no contesta,2026-08-19 00:12:00,2026-08-19 18:12:00,akt evo rs 150,264,SKU-020,100.0,fuzzy,phone:573514820760,fc51aea2-3f0a-58b5-813e-e27a9662ecbc,False,,1.0,,7190000.0,,,,,False,False
LD-00265,2026-08-25T01:59:00,Meta Ads,EMP-03,PV-013,ANDRÉS FELIPE HERRERA VALENCIA,313-387-4980,,Bogota,,En proceso,29-08-2026,Prima Extra,andres felipe herrera valencia,573133874980,,bogota,meta ads,en proceso,2026-08-25 01:59:00,2026-08-29 00:00:00,,265,,0.0,none,phone:573133874980,d9950c7e-6abb-516f-9e56-8834e696134e,True,d9950c7e-6abb-516f-9e56-8834e696134e,1.0,same_phone_or_email,,,,,,False,False
LD-00266,16/08/2026 05:26,WhatsApp,EMP-03,PV-011,HÉCTOR ARIAS GIRALDO,313 998 0101,hector.arias78@outlook.com,Bogota DC,Suzuki  V-Strom 250,En proceso,08/16/2026 09:26,,hector arias giraldo,573139980101,hector.arias78@outlook.com,bogota dc,whatsapp,en proceso,2026-08-16 05:26:00,2026-08-16 09:26:00,suzuki v-strom 250,266,SKU-015,100.0,fuzzy,phone:573139980101,1f9670d6-d13d-588a-963b-cb6ffdd61f81,False,,1.0,,21900000.0,,,,,False,False
LD-00267,2026-08-26T07:02:00,Formulario Web,EMP-02,PV-010,  Erika Cardona Cardona  ,320-280-4558,erika.cardona4@hotmail.com,Montería,hero xpulse 200,No contesta,08/28/2026 07:02,Remate Modelos 2025,erika cardona cardona,573202804558,erika.cardona4@hotmail.com,monteria,formulario web,no contesta,2026-08-26 07:02:00,2026-08-28 07:02:00,hero xpulse 200,267,SKU-023,100.0,fuzzy,phone:573202804558,43d1339e-38ba-5501-89eb-07ee2cac52dc,False,,1.0,,14990000.0,,,,,False,False
LD-00268,15/08/2026 01:07,Meta Ads,EMP-03,PV-012,JUAN CARLOS OSORIO RESTREPO,312-843-3832,,Bogotá D.C.,CB 190R,Descartado,2026-08-16 07:07:00,Agosto Cero Cuotas,juan carlos osorio restrepo,573128433832,,bogota,meta ads,descartado,2026-08-15 01:07:00,2026-08-16 07:07:00,cb 190r,268,SKU-003,100.0,exact,phone:573128433832,5018e5c0-4f0d-57c3-8b4e-8edf9393eb62,False,,1.0,,13990000.0,,,,,False,False
LD-00269,14-08-2026,Formulario Web,EMP-01,PV-005,N. Pérez Gómez,+57 301 5300496,natalia.perez39@outlook.com,Medellín,Hero Dash 110 2026,Contactado,2026-08-15 08:12:00,Remate Modelos 2025,n. perez gomez,573015300496,natalia.perez39@outlook.com,medellin,formulario web,contactado,2026-08-14 00:00:00,2026-08-15 08:12:00,hero dash 110 2026,269,SKU-024,100.0,fuzzy,phone:573015300496,c6a729bb-5796-5f22-8a68-8a50b186bbf9,True,c6a729bb-5796-5f22-8a68-8a50b186bbf9,1.0,same_phone_or_email,6290000.0,,credito,,soat,False,False
LD-00270,08-08-2026,WhatsApp,EMP-03,PV-014,Luisa Castaño Quintero, 3145560697 ,luisa.castano21@yahoo.es,Bogotá D.C.,Suzuki GN,Sin gestión,,Retoma tu moto,luisa castano quintero,573145560697,luisa.castano21@yahoo.es,bogota,whatsapp,sin gestion,2026-08-08 00:00:00,,suzuki gn,270,,50.0,unmatched,phone:573145560697,a96f975f-d0ff-5334-8f8f-800628e08866,False,,1.0,,,,,,,False,False
LD-00271,2026-08-20 18:16:00,Formulario Web,EMP-01,PV-001,  Diana Carolina Betancur Valencia  ,(316) 417-2845,diana.betancur3@gmail.com,medellin,Gixxer 150,En proceso,,Agosto Cero Cuotas,diana carolina betancur valencia,573164172845,diana.betancur3@gmail.com,medellin,formulario web,en proceso,2026-08-20 18:16:00,,gixxer 150,271,SKU-014,100.0,exact,phone:573164172845,1e4bc385-5348-52a2-be29-4becabec8ffd,False,,1.0,,11990000.0,,,,,False,False
LD-00272,09/08/2026 02:42,Meta Ads,EMP-02,PV-010,Freddy Zapata Valencia,573211588905,,Montería,Suzuki,Contactado,09-08-2026,Remate Modelos 2025,freddy zapata valencia,573211588905,,monteria,meta ads,contactado,2026-08-09 02:42:00,2026-08-09 00:00:00,suzuki,272,,26.66666666666667,unmatched,phone:573211588905,036221db-1f23-5387-8564-299b607c965e,False,,1.0,,,,credito,,soat,False,False
LD-00273,2026-08-20 09:18:00,WhatsApp,EMP-01,PV-001,Leidy Johana Herrera Ramírez,3500942394,leidy.herrera95@outlook.com,MEDELLIN,suzuki gn 125,Contactado,20/08/2026 13:18,,leidy johana herrera ramirez,573500942394,leidy.herrera95@outlook.com,medellin,whatsapp,contactado,2026-08-20 09:18:00,2026-08-20 13:18:00,suzuki gn 125,273,SKU-013,100.0,fuzzy,phone:573500942394,fd107060-9ed7-5ea8-b749-78d6d7b378dd,True,fd107060-9ed7-5ea8-b749-78d6d7b378dd,1.0,same_phone_or_email,7490000.0,24900000.0,credito,,cuota,False,True
LD-00274,2026-08-29 01:46:00,Meta Ads,EMP-01,PV-003,Freddy Franco Pérez,315 795 9796,freddy.franco91@outlook.com,Bello,V-Strom 250,Contactado,2026-08-29T07:46:00,Prima Extra,freddy franco perez,573157959796,freddy.franco91@outlook.com,bello,meta ads,contactado,2026-08-29 01:46:00,2026-08-29 07:46:00,v-strom 250,274,SKU-015,100.0,exact,phone:573157959796,ae9fbe47-5b50-57bc-8ab8-3e0a4fd2e60e,False,,1.0,,21900000.0,,,,,False,False
LD-00275,2026-08-18 11:49:00,WhatsApp,EMP-01,PV-002,  Paula Andrea Pérez Betancur  , 3050348840 ,paula.perez92@outlook.com,Itagüí,Bajaj Pulsar NS 125,Sin gestión,,Prima Extra,paula andrea perez betancur,573050348840,paula.perez92@outlook.com,itagui,whatsapp,sin gestion,2026-08-18 11:49:00,,bajaj pulsar ns 125,275,SKU-008,100.0,fuzzy,phone:573050348840,6ef88efe-3c1e-5a69-abee-152a3424132c,False,,1.0,,8990000.0,,,,,False,False
LD-00276,2026-08-01T17:16:00,Meta Ads,EMP-01,PV-005,  Duván Quintero Restrepo  ,301 688 9392,duvan.quintero31@gmail.com,Medellín ,Bajaj Boxer CT 100,Sin gestión,,,duvan quintero restrepo,573016889392,duvan.quintero31@gmail.com,medellin,meta ads,sin gestion,2026-08-01 17:16:00,,bajaj boxer ct 100,276,SKU-007,100.0,fuzzy,phone:573016889392,da632ab3-343d-5eb8-a004-da015b51af96,False,,1.0,,5790000.0,7490000.0,credito,,cuota,False,True
LD-00277,2026-08-27 14:11:00,WhatsApp,EMP-01,PV-001,DIANA CAROLINA OSORIO BETANCUR,350 281 2875,,Medellin,Suzuki Best,Contactado,08/28/2026 02:11,,diana carolina osorio betancur,573502812875,,medellin,whatsapp,contactado,2026-08-27 14:11:00,2026-08-28 02:11:00,suzuki best,277,,66.66666666666666,unmatched,phone:573502812875,856b0555-903a-546f-a97b-a74b908462cc,False,,1.0,,,13990000.0,credito,,soat,True,False
LD-00278,2026-08-26 14:19:00,Meta Ads,EMP-01,PV-005,Diana Carolina Jiménez Ramírez,3011964371,diana.jimenez91@outlook.com,MEDELLIN,Heroo Xpulse 200,Contactado,08/27/2026 02:19,,diana carolina jimenez ramirez,573011964371,diana.jimenez91@outlook.com,medellin,meta ads,contactado,2026-08-26 14:19:00,2026-08-27 02:19:00,heroo xpulse 200,278,SKU-023,100.0,fuzzy,phone:573011964371,c7ec0d4c-9504-5a25-8f1e-abcf4e6886c2,False,,1.0,,14990000.0,,credito,,soat,False,False
LD-00279,2026-08-09 16:39:00,WHATSAPP,EMP-02,PV-007,JULIÁN OSPINA HERNÁNDEZ,3105208211,julian.ospina42@outlook.com,Soledad,Honda CB 190R 2026,Contactado,2026-08-09T20:39:00,Feria de Motos 2026,julian ospina hernandez,573105208211,julian.ospina42@outlook.com,soledad,whatsapp,contactado,2026-08-09 16:39:00,2026-08-09 20:39:00,honda cb 190r 2026,279,SKU-003,100.0,fuzzy,phone:573105208211,32d31ed4-bbd6-5e03-ba2f-4fd519991c7b,True,32d31ed4-bbd6-5e03-ba2f-4fd519991c7b,1.0,same_phone_or_email,13990000.0,5590000.0,credito,media,soat,False,False
LD-00280,06/09/2026 06:10,FORMULARIO WEB,EMP-03,PV-011,Liliana Rodríguez Bedoya,315 780 3802,liliana.rodriguez12@hotmail.com,Bogotá,Bajaj Boxer CT 100,Cotización enviada,2026-09-07 06:10:00,,liliana rodriguez bedoya,573157803802,liliana.rodriguez12@hotmail.com,bogota,formulario web,cotizacion enviada,2026-09-06 06:10:00,2026-09-07 06:10:00,bajaj boxer ct 100,280,SKU-007,100.0,fuzzy,phone:573157803802,73359c6d-f6d3-5b12-be7e-aa070282a699,False,,1.0,,5790000.0,13990000.0,credito,media,soat,False,False
LD-00281,26-08-2026,WhatsApp,EMP-03,PV-011,Óscar David Bedoya Herrera, 3107716253 ,oscar.bedoya53@hotmail.com,Bogotá,Honda  CB 190R,Sin gestión,,Retoma tu moto,oscar david bedoya herrera,573107716253,oscar.bedoya53@hotmail.com,bogota,whatsapp,sin gestion,2026-08-26 00:00:00,,honda cb 190r,281,SKU-003,100.0,fuzzy,phone:573107716253,9d5b9733-e3b6-5692-99c3-bec3a00b3d8a,False,,1.0,,13990000.0,,credito,media,soat,False,False
LD-00282,2026-09-04 01:29:00,WhatsApp,EMP-03,PV-013,Juan Carlos Osorio Mosquera,+57 302 2081077,juan.osorio8@gmail.com,BOGOTA,honda dio 110,Sin gestión,,,juan carlos osorio mosquera,573022081077,juan.osorio8@gmail.com,bogota,whatsapp,sin gestion,2026-09-04 01:29:00,,honda dio 110,282,SKU-005,100.0,fuzzy,phone:573022081077,fda01d09-891c-57dd-b981-55dee6514875,True,fda01d09-891c-57dd-b981-55dee6514875,1.0,same_phone_or_email,6890000.0,,,,,False,False
LD-00283,19-08-2026,whatsapp,EMP-01,PV-005,PAULA ANDREA LONDOÑO GIRALDO,3143782648,,Medellin,Dominar 400,Contactado,20/08/2026 08:31,,paula andrea londono giraldo,573143782648,,medellin,whatsapp,contactado,2026-08-19 00:00:00,2026-08-20 08:31:00,dominar 400,283,SKU-011,100.0,exact,phone:573143782648,6121388f-4d32-5259-a354-d9ff9ab08c9d,False,,1.0,,24900000.0,,,,,False,False
LD-00284,08/31/2026 08:00,WhatsApp,EMP-03,PV-014,WILMAR CASTAÑO RODRÍGUEZ,3104824081,wilmar.castano52@outlook.com,Bogotá D.C.,,contactado,2026-09-04 08:00:00,,wilmar castano rodriguez,573104824081,wilmar.castano52@outlook.com,bogota,whatsapp,contactado,2026-08-31 08:00:00,2026-09-04 08:00:00,,284,,0.0,none,phone:573104824081,eb923fbd-6304-596f-97ac-83dd6f458bf4,True,eb923fbd-6304-596f-97ac-83dd6f458bf4,1.0,same_phone_or_email,,,,,,False,False
LD-00285,2026-08-10 02:50:00,Meta Ads,EMP-02,PV-006,  Héctor Gómez Marín  ,311 696 8996,hector.gomez43@outlook.com,B/quilla,Honda XRE 300,Sin gestión,,Prima Extra,hector gomez marin,573116968996,hector.gomez43@outlook.com,b/quilla,meta ads,sin gestion,2026-08-10 02:50:00,,honda xre 300,285,SKU-006,100.0,fuzzy,phone:573116968996,151ec463-64d4-53a8-a72d-ae6828919c62,False,,1.0,,22900000.0,,credito,,soat,False,False
LD-00286,08/03/2026 19:45,Formulario Web,EMP-02,PV-010,Yesenia Vargas Valencia, 3507508335 ,yesenia.vargas50@outlook.com,MONTERIA,Suzuki Gixxer 150 2026,SIN GESTION,,Agosto Cero Cuotas,yesenia vargas valencia,573507508335,yesenia.vargas50@outlook.com,monteria,formulario web,sin gestion,2026-03-08 19:45:00,,suzuki gixxer 150 2026,286,SKU-014,100.0,fuzzy,phone:573507508335,88bf65bc-4202-5400-87ad-26234731902e,False,,1.0,,11990000.0,7490000.0,credito,,cuota,False,True
LD-00287,2026-08-22 06:06:00,Formulario Web,EMP-03,PV-013,Luz Marina Londoño Londoño,3229803859,,Bogotá D.C.,Suzuki,En proceso,23-08-2026,Prima Extra,luz marina londono londono,573229803859,,bogota,formulario web,en proceso,2026-08-22 06:06:00,2026-08-23 00:00:00,suzuki,287,,26.66666666666667,unmatched,phone:573229803859,1c03f004-ebdf-59e9-996e-588b2e9b2117,False,,1.0,,,,credito,,soat,False,False
LD-00288,2026-08-17 19:32:00,WhatsApp,EMP-02,PV-006,Erika Gómez Castaño,(314) 664-6339,erika.gomez67@gmail.com,,Honda Dio 110,En proceso,2026-08-19T01:32:00,Remate Modelos 2025,erika gomez castano,573146646339,erika.gomez67@gmail.com,,whatsapp,en proceso,2026-08-17 19:32:00,2026-08-19 01:32:00,honda dio 110,288,SKU-005,100.0,fuzzy,phone:573146646339,767915b4-a7c5-5400-bd16-14d6b79bae35,False,,1.0,,6890000.0,8990000.0,credito,,soat,False,False
LD-00289,30/08/2026 10:44,WhatsApp,EMP-01,PV-005,ALEXANDER CORREA VALENCIA,350 549 7425,,Medellín ,AKT  Dynamic R3 125,Sin gestión,,Prima Extra,alexander correa valencia,573505497425,,medellin,whatsapp,sin gestion,2026-08-30 10:44:00,,akt dynamic r3 125,289,SKU-018,100.0,fuzzy,phone:573505497425,4a47ecdd-c3a3-5274-8c85-bc581e6eb9bc,False,,1.0,,5590000.0,,,,,False,False
LD-00290,2026-08-13T19:06:00,WhatsApp,EMP-03,PV-014,Jorge Iván Valencia Restrepo,3001777144,jorge.valencia27@hotmail.com,BOGOTA,akt ttr 200,Descartado,08/17/2026 19:06,,jorge ivan valencia restrepo,573001777144,jorge.valencia27@hotmail.com,bogota,whatsapp,descartado,2026-08-13 19:06:00,2026-08-17 19:06:00,akt ttr 200,290,SKU-019,100.0,fuzzy,phone:573001777144,8db68611-f280-5668-be4a-857b0cf4743a,False,,1.0,,9890000.0,,,,,False,False
LD-00291,2026-08-03 17:18:00,Formulario Web,EMP-01,PV-004,ÉDINSON MARÍN RESTREPO,+57 304 1010117,edinson.marin37@gmail.com,Rio Negro,bajaj pulsar rs 200,contactado,2026-08-04T05:18:00,,edinson marin restrepo,573041010117,edinson.marin37@gmail.com,rio negro,formulario web,contactado,2026-08-03 17:18:00,2026-08-04 05:18:00,bajaj pulsar rs 200,291,SKU-010,100.0,fuzzy,phone:573041010117,8e49bcbd-94c4-5854-9c54-0f2af32078b4,False,,1.0,,15490000.0,6290000.0,credito,,cuota,False,True
LD-00292,2026-08-27 14:44:00,FORMULARIO WEB,EMP-01,PV-002,Sandra Milena Salazar Restrepo,+57 314 4567955,sandra.salazar65@gmail.com,ITAGUI,Heroo Dash 110,No contesta,27-08-2026,Retoma tu moto,sandra milena salazar restrepo,573144567955,sandra.salazar65@gmail.com,itagui,formulario web,no contesta,2026-08-27 14:44:00,2026-08-27 00:00:00,heroo dash 110,292,SKU-024,100.0,fuzzy,phone:573144567955,371a0c48-afa9-59c1-8270-50205ddcd1c3,False,,1.0,,6290000.0,,,,,False,False
LD-00293,05-08-2026,WhatsApp,EMP-02,PV-006,JUAN CARLOS GÓMEZ CASTAÑO,3223188528,,BARRANQUILLA,BAJAJ DOMINAR 400,Contactado,08/05/2026 23:47,Prima Extra,juan carlos gomez castano,573223188528,,barranquilla,whatsapp,contactado,2026-08-05 00:00:00,2026-05-08 23:47:00,bajaj dominar 400,293,SKU-011,100.0,fuzzy,phone:573223188528,326233c4-550e-5169-bc64-8c522fda0c9d,False,,1.0,,24900000.0,11990000.0,credito,,soat,False,False
LD-00294,08/07/2026 20:31,Meta Ads,EMP-01,PV-001,Estefanía Castaño,320 895 0842,estefania.castano97@outlook.com,Medellín,Hero Dash 110,Contactado,2026-08-07 21:31:00,Prima Extra,estefania castano,573208950842,estefania.castano97@outlook.com,medellin,meta ads,contactado,2026-07-08 20:31:00,2026-08-07 21:31:00,hero dash 110,294,SKU-024,100.0,fuzzy,phone:573208950842,da8f4655-94c5-5a7c-a680-41af0292d0f6,True,da8f4655-94c5-5a7c-a680-41af0292d0f6,1.0,same_phone_or_email,6290000.0,,,,,False,False
LD-00295,08/09/2026 06:24,WhatsApp,EMP-03,PV-011,  Jhon Jairo Marín Hernández  ,301 432 8288,jhon.marin74@yahoo.es,Bogotá,Bajaj Pulsar NS 160,En proceso,09/08/2026 12:24,Retoma tu moto,jhon jairo marin hernandez,573014328288,jhon.marin74@yahoo.es,bogota,whatsapp,en proceso,2026-09-08 06:24:00,2026-08-09 12:24:00,bajaj pulsar ns 160,295,SKU-009,100.0,fuzzy,phone:573014328288,07af64f5-85a8-5f63-95fc-34f79cc74f8f,False,,1.0,,11290000.0,10490000.0,credito,media,cuota,False,True
LD-00296,18-08-2026,WhatsApp,EMP-03,PV-014,  Erika Ospina Gómez  , 3200622804 ,,Bogotá D.C.,Hero  Eco Deluxe 100,No contesta,19/08/2026 05:52,Feria de Motos 2026,erika ospina gomez,573200622804,,bogota,whatsapp,no contesta,2026-08-18 00:00:00,2026-08-19 05:52:00,hero eco deluxe 100,296,SKU-021,100.0,fuzzy,phone:573200622804,fa7daa5a-dfdd-53f7-9557-f5102baa6587,False,,1.0,,4990000.0,,,,,False,False
LD-00297,26/08/2026 19:21,WhatsApp,EMP-03,PV-014,CLAUDIA PATRICIA MARÍN OSPINA,3114989566,claudia.marin97@outlook.com,BOGOTA,suzuki gixxer 150,contactado,2026-08-26 20:21:00,,claudia patricia marin ospina,573114989566,claudia.marin97@outlook.com,bogota,whatsapp,contactado,2026-08-26 19:21:00,2026-08-26 20:21:00,suzuki gixxer 150,297,SKU-014,100.0,fuzzy,phone:573114989566,19bd2ce7-81b8-5b70-be25-c15cea95a4dc,False,,1.0,,11990000.0,,,,,False,False
LD-00298,2026-09-08T10:53:00,FORMULARIO WEB,EMP-03,PV-012,Sebastián Arias Gómez,313-034-7353,,Bogotá D.C.,HERO XPULSE 200,Cotización enviada,11/09/2026 10:53,Retoma tu moto,sebastian arias gomez,573130347353,,bogota,formulario web,cotizacion enviada,2026-09-08 10:53:00,2026-09-11 10:53:00,hero xpulse 200,298,SKU-023,100.0,fuzzy,phone:573130347353,b3609440-89e8-5aae-be20-6d8641017703,False,,1.0,,14990000.0,,,,,False,False
LD-00299,2026-08-27 09:06:00,formulario web,EMP-02,PV-009,Héctor Ramírez Restrepo,3014791258,,Sta Marta,HONDA CB 125F TWISTER,Descartado,27/08/2026 13:06,Prima Extra,hector ramirez restrepo,573014791258,,santa marta,formulario web,descartado,2026-08-27 09:06:00,2026-08-27 13:06:00,honda cb 125f twister,299,SKU-001,100.0,fuzzy,phone:573014791258,4b941294-7880-5891-8f32-0c4322eb1462,False,,1.0,,7990000.0,7490000.0,credito,,soat,False,False
LD-00300,2026-09-06 06:48:00,WhatsApp,EMP-02,PV-010,  Cristian Muñoz Londoño  ,573163060372,cristian.munoz31@outlook.com,MONTERIA,Honda Navi,Sin gestión,,Feria de Motos 2026,cristian munoz londono,573163060372,cristian.munoz31@outlook.com,monteria,whatsapp,sin gestion,2026-09-06 06:48:00,,honda navi,300,SKU-004,100.0,fuzzy,phone:573163060372,74a03fc7-db74-5395-986b-f59bd696081c,False,,1.0,,7290000.0,,credito,media,precio,False,True
LD-00301,2026-08-11T20:30:00,WHATSAPP,EMP-03,PV-011,  Sandra Milena Torres Salazar  , 3000888148 ,,bogotá,AKT TTR 200,Descartado,08/12/2026 20:30,Feria de Motos 2026,sandra milena torres salazar,573000888148,,bogota,whatsapp,descartado,2026-08-11 20:30:00,2026-12-08 20:30:00,akt ttr 200,301,SKU-019,100.0,fuzzy,phone:573000888148,c184d01c-e3ac-523a-b14d-bf2a8214632a,False,,1.0,,9890000.0,,,,,False,False
LD-00302,09/08/2026 12:37,WHATSAPP,EMP-02,PV-010,Luisa Ospina Marín,+57 351 5329917,luisa.ospina34@yahoo.es,Monteria,Honda Navi 2026,Sin gestión,,Prima Extra,luisa ospina marin,573515329917,luisa.ospina34@yahoo.es,monteria,whatsapp,sin gestion,2026-08-09 12:37:00,,honda navi 2026,302,SKU-004,100.0,fuzzy,phone:573515329917,b13f805a-ca76-5591-8e88-b049ecfdf940,True,b13f805a-ca76-5591-8e88-b049ecfdf940,1.0,same_phone_or_email,7290000.0,7190000.0,credito,,soat,False,False
LD-00303,02-09-2026,WhatsApp,EMP-03,PV-013,Vanessa Marín Valencia,(322) 901-9406,,,AKT Evo RS 150 2026,sin gestion,,Agosto Cero Cuotas,vanessa marin valencia,573229019406,,,whatsapp,sin gestion,2026-09-02 00:00:00,,akt evo rs 150 2026,303,SKU-020,100.0,fuzzy,phone:573229019406,de7e9502-a862-5958-b9c4-40dbf46e11d3,False,,1.0,,7190000.0,,,,,False,False
LD-00304,11-08-2026,WhatsApp,EMP-03,PV-013,Adriana Agudelo Pérez,3155142977,,bogotá,Honda Navi,En proceso,2026-08-11T17:11:00,Feria de Motos 2026,adriana agudelo perez,573155142977,,bogota,whatsapp,en proceso,2026-08-11 00:00:00,2026-08-11 17:11:00,honda navi,304,SKU-004,100.0,fuzzy,phone:573155142977,a3a3d08d-440a-5a23-9960-76a564f028ea,False,,1.0,,7290000.0,,credito,media,precio,False,True
LD-00305,2026-08-16 14:24:00,WhatsApp,EMP-01,PV-005,  Yesenia Cardona Jiménez  ,322 369 1818,yesenia.cardona7@outlook.com,Medellín,Bajaj Boxer CT 100,En proceso,2026-08-16 20:24:00,Remate Modelos 2025,yesenia cardona jimenez,573223691818,yesenia.cardona7@outlook.com,medellin,whatsapp,en proceso,2026-08-16 14:24:00,2026-08-16 20:24:00,bajaj boxer ct 100,305,SKU-007,100.0,fuzzy,phone:573223691818,f4910c01-4599-5773-b0de-a90de89510bb,False,,1.0,,5790000.0,,,,,False,False
LD-00306,2026-08-21 08:11:00,WhatsApp,EMP-01,PV-004,DIANA CAROLINA HERNÁNDEZ OSPINA,320-212-1419,,RIONEGRO,akt nkd 125,Contactado,2026-08-21T14:11:00,Remate Modelos 2025,diana carolina hernandez ospina,573202121419,,rionegro,whatsapp,contactado,2026-08-21 08:11:00,2026-08-21 14:11:00,akt nkd 125,306,SKU-017,100.0,fuzzy,phone:573202121419,21fb5d97-c738-5487-96fb-abc59cbd0a24,False,,1.0,,5290000.0,,credito,media,soat,False,False
LD-00307,07/09/2026 01:34,WhatsApp,EMP-01,PV-003,Adriana Torres Castaño,3516260514,adriana.torres77@yahoo.es,Bello,,Sin gestión,,Agosto Cero Cuotas,adriana torres castano,573516260514,adriana.torres77@yahoo.es,bello,whatsapp,sin gestion,2026-09-07 01:34:00,,,307,,0.0,none,phone:573516260514,985063e9-cbaf-5f52-9302-d2202807c139,False,,1.0,,,,,,,False,False
LD-00308,2026-08-11 08:46:00,WhatsApp,EMP-02,PV-006,  María Fernanda Jiménez Franco  , 3213715574 ,,barranquilla,,Contactado,11/08/2026 10:46,Retoma tu moto,maria fernanda jimenez franco,573213715574,,barranquilla,whatsapp,contactado,2026-08-11 08:46:00,2026-08-11 10:46:00,,308,,0.0,none,phone:573213715574,f588e3f1-b6ad-552e-9829-ee2e51954a2b,True,f588e3f1-b6ad-552e-9829-ee2e51954a2b,1.0,same_phone_or_email,,,,,,False,False
LD-00309,31-08-2026,FORMULARIO WEB,EMP-02,PV-008,  Erika Escobar Escobar  ,310 562 8058,erika.escobar72@hotmail.com,CARTAGENA,Hero Eco Deluxe 100 2026,Contactado,09/03/2026 07:04,Feria de Motos 2026,erika escobar escobar,573105628058,erika.escobar72@hotmail.com,cartagena,formulario web,contactado,2026-08-31 00:00:00,2026-03-09 07:04:00,hero eco deluxe 100 2026,309,SKU-021,100.0,fuzzy,phone:573105628058,88363264-c07f-56c2-9ad6-3555fd664ebe,False,,1.0,,4990000.0,,,,,False,False
LD-00310,2026-08-06 18:44:00,WHATSAPP,EMP-03,PV-014,  Yesenia Muñoz Jiménez  ,3130070563,yesenia.munoz62@gmail.com,Bogota,Bajaj Pulsar RS 200,Sin gestión,,Remate Modelos 2025,yesenia munoz jimenez,573130070563,yesenia.munoz62@gmail.com,bogota,whatsapp,sin gestion,2026-08-06 18:44:00,,bajaj pulsar rs 200,310,SKU-010,100.0,fuzzy,phone:573130070563,7e161a67-27e0-5de9-a537-976164b3f811,False,,1.0,,15490000.0,,,,,False,False
LD-00311,2026-08-06 11:32:00,WhatsApp,EMP-03,PV-015,Wilmar Castaño Salazar,3118536746,wilmar.castano83@gmail.com,SOACHA,BAJAJ PULSAR NS 160,Sin gestión,,,wilmar castano salazar,573118536746,wilmar.castano83@gmail.com,soacha,whatsapp,sin gestion,2026-08-06 11:32:00,,bajaj pulsar ns 160,311,SKU-009,100.0,fuzzy,phone:573118536746,b3677194-f13a-5270-8704-f62d0e839918,False,,1.0,,11290000.0,,,,,False,False
LD-00312,15/08/2026 21:13,Meta Ads,EMP-03,PV-011,ANGIE PAOLA QUINTERO CORREA,3182740737,,BOGOTA,Hero Hunk 160R,En proceso,15/08/2026 23:13,Feria de Motos 2026,angie paola quintero correa,573182740737,,bogota,meta ads,en proceso,2026-08-15 21:13:00,2026-08-15 23:13:00,hero hunk 160r,312,SKU-022,100.0,fuzzy,phone:573182740737,c7000b2b-b9a3-5f2c-8bb5-be4835b2a258,False,,1.0,,10490000.0,,,,,False,False
LD-00313,20/08/2026 02:36,WhatsApp,EMP-02,PV-008,Édinson Hernández Cardona,321 878 6359,,,Honda XR 150L,En proceso,20-08-2026,,edinson hernandez cardona,573218786359,,,whatsapp,en proceso,2026-08-20 02:36:00,2026-08-20 00:00:00,honda xr 150l,313,SKU-002,100.0,fuzzy,phone:573218786359,5990ef0f-ba19-553e-82bb-c8057905a9a5,False,,1.0,,11490000.0,8990000.0,credito,media,precio,False,True
LD-00314,2026-09-08 16:14:00,WhatsApp,EMP-01,PV-003,  Freddy Torres Marín  ,+57 321 6654659,,bello,HONDA XRE 300,No contesta,09/08/2026 18:14,,freddy torres marin,573216654659,,bello,whatsapp,no contesta,2026-09-08 16:14:00,2026-08-09 18:14:00,honda xre 300,314,SKU-006,100.0,fuzzy,phone:573216654659,4f438914-8064-5554-9c10-e17976a89863,False,,1.0,,22900000.0,21900000.0,credito,,cuota,False,True
LD-00315,16/08/2026 14:13,Meta Ads,EMP-03,PV-011,Jorge Iván Gómez Gómez,+57 300 2591506,jorge.gomez73@gmail.com,Bogotá D.C.,AKT Evo RS 150 2026,No contesta,08/16/2026 18:13,Feria de Motos 2026,jorge ivan gomez gomez,573002591506,jorge.gomez73@gmail.com,bogota,meta ads,no contesta,2026-08-16 14:13:00,2026-08-16 18:13:00,akt evo rs 150 2026,315,SKU-020,100.0,fuzzy,phone:573002591506,44acc74a-3e63-5d40-a8a9-7774293f3ff4,False,,1.0,,7190000.0,,credito,media,soat,False,False
LD-00316,02/09/2026 11:37,WhatsApp,EMP-01,PV-002,Erika Betancur Betancur,311 663 3821,,ITAGUI,AKT TTR 200,No contesta,02/09/2026 17:37,Agosto Cero Cuotas,erika betancur betancur,573116633821,,itagui,whatsapp,no contesta,2026-09-02 11:37:00,2026-09-02 17:37:00,akt ttr 200,316,SKU-019,100.0,fuzzy,phone:573116633821,0e044299-0853-5250-8a66-b31be62af096,False,,1.0,,9890000.0,,,,,False,False
LD-00317,2026-08-24 22:09:00,WhatsApp,EMP-01,PV-003,  María Fernanda Restrepo Vargas  ,3118174418,,Bello,bajaj pulsar ns 160,Sin gestión,,Prima Extra,maria fernanda restrepo vargas,573118174418,,bello,whatsapp,sin gestion,2026-08-24 22:09:00,,bajaj pulsar ns 160,317,SKU-009,100.0,fuzzy,phone:573118174418,a43bb36f-2e9c-5532-a1c6-3f56f48d0c89,False,,1.0,,11290000.0,,credito,,soat,False,False
LD-00318,16/08/2026 20:23,Formulario Web,EMP-03,PV-014,Luisa Ospina,(351) 532-9917,luisa.ospina99@gmail.com,Bogota,bajaj pulsar rs 200,SIN GESTION,,,luisa ospina,573515329917,luisa.ospina99@gmail.com,bogota,formulario web,sin gestion,2026-08-16 20:23:00,,bajaj pulsar rs 200,318,SKU-010,100.0,fuzzy,phone:573515329917,b13f805a-ca76-5591-8e88-b049ecfdf940,True,b13f805a-ca76-5591-8e88-b049ecfdf940,1.0,same_phone_or_email,15490000.0,,,,,False,False
LD-00319,31-08-2026,Meta Ads,EMP-01,PV-001,alexander arias ospina,3022506559,alexander.arias99@outlook.com,Medellin,AKT  NKD 125,Cotización enviada,09/01/2026 09:48,Feria de Motos 2026,alexander arias ospina,573022506559,alexander.arias99@outlook.com,medellin,meta ads,cotizacion enviada,2026-08-31 00:00:00,2026-01-09 09:48:00,akt nkd 125,319,SKU-017,100.0,fuzzy,phone:573022506559,8e543b9c-d49d-5c9d-883e-30cb8982750f,True,8e543b9c-d49d-5c9d-883e-30cb8982750f,1.0,same_phone_or_email,5290000.0,,,,,False,False
LD-00320,31-08-2026,Meta Ads,EMP-03,PV-011,Marcela Torres Cardona,3127545180,,,Honda,Descartado,08/31/2026 17:47,,marcela torres cardona,573127545180,,,meta ads,descartado,2026-08-31 00:00:00,2026-08-31 17:47:00,honda,320,,44.44444444444444,unmatched,phone:573127545180,10392990-b980-59c7-9e32-b05e05198197,True,10392990-b980-59c7-9e32-b05e05198197,1.0,same_phone_or_email,,4990000.0,credito,,cuota,False,True
LD-00321,2026-08-16 13:15:00,WhatsApp,EMP-01,PV-005,  Héctor Jiménez Ospina  ,(323) 117-1868,hector.jimenez2@yahoo.es,Medellin,Suzuki V-Strom 250,SIN GESTION,,Prima Extra,hector jimenez ospina,573231171868,hector.jimenez2@yahoo.es,medellin,whatsapp,sin gestion,2026-08-16 13:15:00,,suzuki v-strom 250,321,SKU-015,100.0,fuzzy,phone:573231171868,f3c829ed-ceac-5910-9a12-c8258c3d3728,False,,1.0,,21900000.0,,,,,False,False
LD-00322,2026-09-07 12:29:00,WhatsApp,EMP-02,PV-010,Jhon Jairo Hernández Vargas, 3189664901 ,jhon.hernandez83@yahoo.es,Monteria,HONDA NAVI,Sin gestión,,Feria de Motos 2026,jhon jairo hernandez vargas,573189664901,jhon.hernandez83@yahoo.es,monteria,whatsapp,sin gestion,2026-09-07 12:29:00,,honda navi,322,SKU-004,100.0,fuzzy,phone:573189664901,bb5ee657-65ff-59fd-a2f4-6e5ef42ea060,False,,1.0,,7290000.0,11990000.0,credito,,cuota,False,True
LD-00323,08/07/2026 01:08,Meta Ads,EMP-01,PV-002,JUAN CARLOS GIRALDO ARIAS,304 447 7918,,Itagüí,Bajaj  Discover 125,Descartado,08/08/2026 01:08,Feria de Motos 2026,juan carlos giraldo arias,573044477918,,itagui,meta ads,descartado,2026-07-08 01:08:00,2026-08-08 01:08:00,bajaj discover 125,323,SKU-012,100.0,fuzzy,phone:573044477918,6331d5a2-f714-5f1f-b1dd-c1a257591703,False,,1.0,,6990000.0,,,,,False,False
LD-00324,2026-08-18 14:27:00,Meta Ads,EMP-01,PV-002,Mónica Restrepo Herrera,313-485-9199,monica.restrepo36@yahoo.es,Itagüí,Bajaj Pulsar,Sin gestión,,Remate Modelos 2025,monica restrepo herrera,573134859199,monica.restrepo36@yahoo.es,itagui,meta ads,sin gestion,2026-08-18 14:27:00,,bajaj pulsar,324,,66.66666666666666,unmatched,phone:573134859199,cc9cc87a-28b3-5c5a-b1a4-f835690fd29f,False,,1.0,,,,,,,False,False
LD-00325,2026-09-05 01:01:00,Formulario Web,EMP-01,PV-004,CARLOS MARIO VARGAS GIRALDO,(320) 031-9066,carlos.vargas95@hotmail.com,Rionegro,suzuki gixxer 150,Descartado,2026-09-05T07:01:00,Remate Modelos 2025,carlos mario vargas giraldo,573200319066,carlos.vargas95@hotmail.com,rionegro,formulario web,descartado,2026-09-05 01:01:00,2026-09-05 07:01:00,suzuki gixxer 150,325,SKU-014,100.0,fuzzy,phone:573200319066,30709ff6-bd99-590b-85dd-a7d4b1e382e1,False,,1.0,,11990000.0,,,,,False,False
LD-00326,30-08-2026,WhatsApp,EMP-02,PV-009,KATHERINE ARIAS CARDONA,3133360466,,SANTA MARTA,NKD 125,Contactado,30-08-2026,Retoma tu moto,katherine arias cardona,573133360466,,santa marta,whatsapp,contactado,2026-08-30 00:00:00,2026-08-30 00:00:00,nkd 125,326,SKU-017,100.0,exact,phone:573133360466,ff271c25-ed55-5fe9-8ffa-cb832c12daff,False,,1.0,,5290000.0,,,,,False,False
LD-00327,15-08-2026,WhatsApp,EMP-02,PV-010,Cristian Torres Franco,3018646069,,MONTERIA,Honda Navi,En proceso,18/08/2026 00:45,Remate Modelos 2025,cristian torres franco,573018646069,,monteria,whatsapp,en proceso,2026-08-15 00:00:00,2026-08-18 00:45:00,honda navi,327,SKU-004,100.0,fuzzy,phone:573018646069,f42690b5-cb6d-5056-aac9-9e0b949e7a20,False,,1.0,,7290000.0,,credito,media,soat,False,False
LD-00328,09-08-2026,WhatsApp,EMP-02,PV-007,MARÍA FERNANDA VALENCIA SALAZAR, 3161530381 ,maria.valencia12@hotmail.com,SOLEDAD,Suzuki Best 125,Cotización enviada,2026-08-13T20:53:00,,maria fernanda valencia salazar,573161530381,maria.valencia12@hotmail.com,soledad,whatsapp,cotizacion enviada,2026-08-09 00:00:00,2026-08-13 20:53:00,suzuki best 125,328,SKU-016,100.0,fuzzy,phone:573161530381,403ceb3c-fb31-56c4-a845-49984dcd6100,True,403ceb3c-fb31-56c4-a845-49984dcd6100,1.0,same_phone_or_email,6590000.0,13990000.0,credito,media,soat,True,False
LD-00329,08/30/2026 05:09,WhatsApp,EMP-02,PV-008,ERIKA HERRERA BETANCUR,(304) 702-5913,,Cartagena,Bajaj Boxer CT 100,En proceso,2026-08-30 06:09:00,Feria de Motos 2026,erika herrera betancur,573047025913,,cartagena,whatsapp,en proceso,2026-08-30 05:09:00,2026-08-30 06:09:00,bajaj boxer ct 100,329,SKU-007,100.0,fuzzy,phone:573047025913,51a1a6bc-4d87-5450-9835-7661c7fdc212,False,,1.0,,5790000.0,,,,,False,False
LD-00330,31/08/2026 21:27,Meta Ads,EMP-02,PV-009,Claudia Patricia Quintero Escobar,322 780 1936,claudia.quintero43@yahoo.es,SANTA MARTA,Honda,En proceso,02-09-2026,Agosto Cero Cuotas,claudia patricia quintero escobar,573227801936,claudia.quintero43@yahoo.es,santa marta,meta ads,en proceso,2026-08-31 21:27:00,2026-09-02 00:00:00,honda,330,,44.44444444444444,unmatched,phone:573227801936,63dfda77-5c3b-5f46-b8cc-46247861bf4a,True,63dfda77-5c3b-5f46-b8cc-46247861bf4a,1.0,same_phone_or_email,,11490000.0,credito,media,soat,False,False
LD-00331,21-08-2026,WhatsApp,EMP-02,PV-007,LILIANA CORREA JIMÉNEZ,3114997487,liliana.correa99@gmail.com,,Honda CB 190R,Sin gestión,,,liliana correa jimenez,573114997487,liliana.correa99@gmail.com,,whatsapp,sin gestion,2026-08-21 00:00:00,,honda cb 190r,331,SKU-003,100.0,fuzzy,phone:573114997487,874d73a7-70ab-5b5c-94f6-6c6ccc92eef0,False,,1.0,,13990000.0,,,,,False,False
LD-00332,2026-08-08 19:54:00,Meta Ads,EMP-01,PV-005,Paula Andrea Bedoya Torres,(300) 814-0096,paula.bedoya16@hotmail.com,MEDELLIN,Bajaj  Boxer CT 100,Contactado,08/08/2026 20:54,Prima Extra,paula andrea bedoya torres,573008140096,paula.bedoya16@hotmail.com,medellin,meta ads,contactado,2026-08-08 19:54:00,2026-08-08 20:54:00,bajaj boxer ct 100,332,SKU-007,100.0,fuzzy,phone:573008140096,768b4cdd-8919-5dc7-b3e7-2ba34803baee,False,,1.0,,5790000.0,9890000.0,credito,baja,precio,False,True
LD-00333,03-08-2026,WhatsApp,EMP-03,PV-012,  Luisa Betancur Bedoya  ,+57 310 8016216,luisa.betancur80@yahoo.es,bogotá,Honda Navi,Descartado,03/08/2026 21:51,Agosto Cero Cuotas,luisa betancur bedoya,573108016216,luisa.betancur80@yahoo.es,bogota,whatsapp,descartado,2026-08-03 00:00:00,2026-08-03 21:51:00,honda navi,333,SKU-004,100.0,fuzzy,phone:573108016216,0785d5b1-aea8-51bd-b626-7d94e0c48194,True,0785d5b1-aea8-51bd-b626-7d94e0c48194,1.0,same_phone_or_email,7290000.0,,credito,media,soat,True,False
LD-00334,08/24/2026 18:10,Meta Ads,EMP-01,PV-001,Duván Muñoz Zapata,314 777 6276,duvan.munoz87@outlook.com,MEDELLIN,Suzuki  GN 125,Cotización enviada,08/25/2026 18:10,Prima Extra,duvan munoz zapata,573147776276,duvan.munoz87@outlook.com,medellin,meta ads,cotizacion enviada,2026-08-24 18:10:00,2026-08-25 18:10:00,suzuki gn 125,334,SKU-013,100.0,fuzzy,phone:573147776276,4d67c7fb-fb01-5d98-985e-87631577d53d,False,,1.0,,7490000.0,9890000.0,credito,,cuota,False,True
LD-00335,2026-08-15T10:13:00,WhatsApp,EMP-02,PV-008,Carlos Mario Vargas Osorio,573024576013,carlos.vargas35@hotmail.com,,Suzuki V-Strom 250,En proceso,08/16/2026 16:13,Feria de Motos 2026,carlos mario vargas osorio,573024576013,carlos.vargas35@hotmail.com,,whatsapp,en proceso,2026-08-15 10:13:00,2026-08-16 16:13:00,suzuki v-strom 250,335,SKU-015,100.0,fuzzy,phone:573024576013,b592ea09-4aae-5829-bf16-90643e60b6fa,False,,1.0,,21900000.0,,,,,False,False
LD-00336,10-08-2026,Meta Ads,EMP-03,PV-013,Édinson Cardona Ospina,3510976361,edinson.cardona34@yahoo.es,Bogotá,Boxer CT 100,Contactado,08/10/2026 21:44,Prima Extra,edinson cardona ospina,573510976361,edinson.cardona34@yahoo.es,bogota,meta ads,contactado,2026-08-10 00:00:00,2026-10-08 21:44:00,boxer ct 100,336,SKU-007,100.0,exact,phone:573510976361,3f2005b6-f06d-5345-9d18-3c843b770ca4,True,3f2005b6-f06d-5345-9d18-3c843b770ca4,1.0,same_phone_or_email,5790000.0,,credito,,soat,False,False
LD-00337,2026-08-06 22:05:00,Meta Ads,EMP-01,PV-001,Sandra Milena Zapata Agudelo,316-953-1666,sandra.zapata56@outlook.com,MEDELLIN,Honda Navi,Sin gestión,,Retoma tu moto,sandra milena zapata agudelo,573169531666,sandra.zapata56@outlook.com,medellin,meta ads,sin gestion,2026-08-06 22:05:00,,honda navi,337,SKU-004,100.0,fuzzy,phone:573169531666,5bfd661d-3fca-5729-8396-d6ddbe59c656,False,,1.0,,7290000.0,,,,,False,False
LD-00338,30-08-2026,WhatsApp,EMP-02,PV-008,Diana Carolina Betancur Arias,573115128422,,Cartagena de Indias,akt dynamic r3 125,En proceso,2026-08-30 22:13:00,Remate Modelos 2025,diana carolina betancur arias,573115128422,,cartagena de indias,whatsapp,en proceso,2026-08-30 00:00:00,2026-08-30 22:13:00,akt dynamic r3 125,338,SKU-018,100.0,fuzzy,phone:573115128422,a840817f-b836-5f21-869f-e58e449e632b,False,,1.0,,5590000.0,,,,,False,False
LD-00339,25/08/2026 09:46,WhatsApp,EMP-03,PV-015,Leidy Johana Betancur Ospina,573055249210,,Soacha,AKT Evo RS 150 2026,Contactado,25-08-2026,Feria de Motos 2026,leidy johana betancur ospina,573055249210,,soacha,whatsapp,contactado,2026-08-25 09:46:00,2026-08-25 00:00:00,akt evo rs 150 2026,339,SKU-020,100.0,fuzzy,phone:573055249210,8a8c0748-fa82-5ac6-ad7a-8468a7b0340c,False,,1.0,,7190000.0,,,,,False,False
LD-00340,08/22/2026 05:01,Formulario Web,EMP-03,PV-014,  Leidy Johana Restrepo Mosquera  , 3233602107 ,leidy.restrepo16@yahoo.es,Bogotá D.C.,Honda,Contactado,,Prima Extra,leidy johana restrepo mosquera,573233602107,leidy.restrepo16@yahoo.es,bogota,formulario web,contactado,2026-08-22 05:01:00,,honda,340,,44.44444444444444,unmatched,phone:573233602107,b727a2f1-c4d1-5008-bde8-33949905a671,False,,1.0,,,,,,,False,False
LD-00341,2026-08-01 12:24:00,Meta Ads,EMP-01,PV-001,Luz Marina Ramírez Torres,+57 320 2025515,luz.ramirez46@gmail.com,Medellin,bajaj dominar 400,No contesta,04/08/2026 12:24,Agosto Cero Cuotas,luz marina ramirez torres,573202025515,luz.ramirez46@gmail.com,medellin,meta ads,no contesta,2026-08-01 12:24:00,2026-08-04 12:24:00,bajaj dominar 400,341,SKU-011,100.0,fuzzy,phone:573202025515,162d133e-f77e-5b6c-ba0a-577d14f0d939,False,,1.0,,24900000.0,,,,,False,False
LD-00342,2026-08-07 14:01:00,Formulario Web,EMP-01,PV-003,Juan Carlos Valencia Agudelo,3118247301,juan.valencia97@gmail.com,bello,Hero Dash 110,sin gestion,,Feria de Motos 2026,juan carlos valencia agudelo,573118247301,juan.valencia97@gmail.com,bello,formulario web,sin gestion,2026-08-07 14:01:00,,hero dash 110,342,SKU-024,100.0,fuzzy,phone:573118247301,cbb84e7e-d3e2-5c24-8c94-ea90657e2a51,False,,1.0,,6290000.0,,,,,False,False
LD-00343,2026-08-26 11:39:00,WhatsApp,EMP-01,PV-001,Brayan Mosquera Rodríguez,3001118516,,,Honda XR 150L,Sin gestión,,Agosto Cero Cuotas,brayan mosquera rodriguez,573001118516,,,whatsapp,sin gestion,2026-08-26 11:39:00,,honda xr 150l,343,SKU-002,100.0,fuzzy,phone:573001118516,a8c94b9d-ea17-5d11-b426-87bfcb457b33,False,,1.0,,11490000.0,,,,,False,False
LD-00344,26-08-2026,Formulario Web,EMP-01,PV-003,CRISTIAN RODRÍGUEZ BETANCUR,3113039843,,bello,AKT Evo,contactado,,,cristian rodriguez betancur,573113039843,,bello,formulario web,contactado,2026-08-26 00:00:00,,akt evo,344,,60.0,unmatched,phone:573113039843,18780cb1-4f7a-588d-8eaa-b632584b4ded,False,,1.0,,,,,,,False,False
LD-00345,2026-08-18 11:30:00,WhatsApp,EMP-01,PV-004,SEBASTIÁN BEDOYA VARGAS,+57 316 8835792,sebastian.bedoya29@yahoo.es,RIONEGRO,Honda XR,No contesta,2026-08-21T11:30:00,Retoma tu moto,sebastian bedoya vargas,573168835792,sebastian.bedoya29@yahoo.es,rionegro,whatsapp,no contesta,2026-08-18 11:30:00,2026-08-21 11:30:00,honda xr,345,,44.44444444444444,unmatched,phone:573168835792,261fbabd-7e3e-575a-b8b3-22e8ad1ffb02,False,,1.0,,,11490000.0,credito,media,cuota,False,True
LD-00346,2026-08-28 15:41:00,WhatsApp,EMP-02,PV-010,Yesenia Betancur Osorio,351 046 5213,yesenia.betancur20@hotmail.com,Montería,Evo RS 150,Contactado,28-08-2026,Prima Extra,yesenia betancur osorio,573510465213,yesenia.betancur20@hotmail.com,monteria,whatsapp,contactado,2026-08-28 15:41:00,2026-08-28 00:00:00,evo rs 150,346,SKU-020,100.0,exact,phone:573510465213,13f45f9e-1d34-5d5b-80df-1d87f9e32b3c,False,,1.0,,7190000.0,,,,,False,False
LD-00347,24/08/2026 21:27,WhatsApp,EMP-02,PV-007,Freddy Escobar Escobar,3160293423,freddy.escobar43@hotmail.com,SOLEDAD,honda cb 190r,no contesta,28-08-2026,Remate Modelos 2025,freddy escobar escobar,573160293423,freddy.escobar43@hotmail.com,soledad,whatsapp,no contesta,2026-08-24 21:27:00,2026-08-28 00:00:00,honda cb 190r,347,SKU-003,100.0,fuzzy,phone:573160293423,f9287f62-d606-561f-b5d8-7ae4202a72cd,False,,1.0,,13990000.0,,credito,media,precio,False,True
LD-00348,03/09/2026 21:31,WhatsApp,EMP-02,PV-006,BRAYAN HERRERA CASTAÑO,314 688 0812,brayan.herrera71@yahoo.es,BARRANQUILLA,Suzuki Best 125,Cotización enviada,09/07/2026 21:31,Agosto Cero Cuotas,brayan herrera castano,573146880812,brayan.herrera71@yahoo.es,barranquilla,whatsapp,cotizacion enviada,2026-09-03 21:31:00,2026-07-09 21:31:00,suzuki best 125,348,SKU-016,100.0,fuzzy,phone:573146880812,3e5439da-32a9-513d-847b-a95901eb66af,False,,1.0,,6590000.0,6990000.0,credito,,cuota,False,True
LD-00349,03-08-2026,WhatsApp,EMP-02,PV-009,Estefanía Agudelo Franco,3147616635,,Sta Marta,Bajaj Discover 125,En proceso,04-08-2026,Feria de Motos 2026,estefania agudelo franco,573147616635,,santa marta,whatsapp,en proceso,2026-08-03 00:00:00,2026-08-04 00:00:00,bajaj discover 125,349,SKU-012,100.0,fuzzy,phone:573147616635,b3aee423-3a7f-5428-84e2-da43b5d13dd5,False,,1.0,,6990000.0,,,,,False,False
LD-00350,2026-08-18T21:03:00,WhatsApp,EMP-01,PV-004,JUAN CARLOS MOSQUERA OSORIO,+57 315 5627598,,Rionegro,Honda XRE 300,Sin gestión,,Feria de Motos 2026,juan carlos mosquera osorio,573155627598,,rionegro,whatsapp,sin gestion,2026-08-18 21:03:00,,honda xre 300,350,SKU-006,100.0,fuzzy,phone:573155627598,188ac7e4-a956-5f61-b488-666bd6749f9d,False,,1.0,,22900000.0,,credito,,soat,False,False
LD-00351,01/09/2026 07:05,Formulario Web,EMP-02,PV-006,Édinson Londoño Ramírez,3226553269,edinson.londono67@yahoo.es,BARRANQUILLA,Heroo Hunk 160R,En proceso,09/02/2026 07:05,Remate Modelos 2025,edinson londono ramirez,573226553269,edinson.londono67@yahoo.es,barranquilla,formulario web,en proceso,2026-09-01 07:05:00,2026-02-09 07:05:00,heroo hunk 160r,351,SKU-022,100.0,fuzzy,phone:573226553269,9cc062a1-568e-52f3-b33d-375a1b527f97,False,,1.0,,10490000.0,,credito,,soat,False,False
LD-00352,13-08-2026,WhatsApp,EMP-02,PV-010,Nelson Londoño Betancur,+57 313 3090538,,Montería,Hunk 160R,Cotización enviada,2026-08-14 00:18:00,Retoma tu moto,nelson londono betancur,573133090538,,monteria,whatsapp,cotizacion enviada,2026-08-13 00:00:00,2026-08-14 00:18:00,hunk 160r,352,SKU-022,100.0,exact,phone:573133090538,528f3d31-538a-56ce-a1f2-21a6c923c472,False,,1.0,,10490000.0,,,,,False,False
LD-00353,2026-09-06 20:37:00,WhatsApp,EMP-01,PV-003,Julián Ospina Ospina,+57 318 2788064,julian.ospina30@gmail.com,bello,HONDA DIO 110,Descartado,09/10/2026 20:37,Remate Modelos 2025,julian ospina ospina,573182788064,julian.ospina30@gmail.com,bello,whatsapp,descartado,2026-09-06 20:37:00,2026-10-09 20:37:00,honda dio 110,353,SKU-005,100.0,fuzzy,phone:573182788064,a34381c6-1a06-5220-9a98-c5f897fd6688,True,a34381c6-1a06-5220-9a98-c5f897fd6688,1.0,same_phone_or_email,6890000.0,15490000.0,credito,,cuota,False,True
LD-00354,2026-08-20 19:15:00,WhatsApp,EMP-01,PV-005,Alexander Marín Agudelo,573013551763,,Medellin,Hero Eco Deluxe 100,contactado,2026-08-21T19:15:00,,alexander marin agudelo,573013551763,,medellin,whatsapp,contactado,2026-08-20 19:15:00,2026-08-21 19:15:00,hero eco deluxe 100,354,SKU-021,100.0,fuzzy,phone:573013551763,84387cbd-79db-5b11-a750-1e0b60950ec2,False,,1.0,,4990000.0,,credito,,soat,False,False
LD-00355,2026-09-07 14:22:00,WhatsApp,EMP-03,PV-015,Camilo Valencia Marín,3057039974,,SOACHA,AKT NKD 125,Contactado,2026-09-09T14:22:00,Prima Extra,camilo valencia marin,573057039974,,soacha,whatsapp,contactado,2026-09-07 14:22:00,2026-09-09 14:22:00,akt nkd 125,355,SKU-017,100.0,fuzzy,phone:573057039974,d9cb25a6-67dd-5516-8713-00367eefa730,False,,1.0,,5290000.0,,,,,False,False
LD-00356,13/08/2026 15:19,whatsapp,EMP-01,PV-002,Alexander Correa Marín,+57 320 8682604,alexander.correa66@yahoo.es,ITAGUI,Honda CB 125F Twister,En proceso,,Prima Extra,alexander correa marin,573208682604,alexander.correa66@yahoo.es,itagui,whatsapp,en proceso,2026-08-13 15:19:00,,honda cb 125f twister,356,SKU-001,100.0,fuzzy,phone:573208682604,14b80015-fbba-5e5a-9d2b-e71fd6437435,False,,1.0,,7990000.0,,credito,,soat,False,False
LD-00357,01/08/2026 20:05,WhatsApp,EMP-01,PV-001,Mónica Castaño Gómez, 3210703967 ,,medellin,XRE 300,Descartado,2026-08-02 08:05:00,Retoma tu moto,monica castano gomez,573210703967,,medellin,whatsapp,descartado,2026-08-01 20:05:00,2026-08-02 08:05:00,xre 300,357,SKU-006,100.0,exact,phone:573210703967,ad9d0d2e-449d-5210-afc2-f0d34f60390e,False,,1.0,,22900000.0,21900000.0,credito,media,soat,False,False
LD-00358,2026-08-02T11:55:00,WhatsApp,EMP-03,PV-013,  Camilo Agudelo Giraldo  ,3008002528,camilo.agudelo46@outlook.com,Bogota,Best 125,contactado,08/02/2026 23:55,,camilo agudelo giraldo,573008002528,camilo.agudelo46@outlook.com,bogota,whatsapp,contactado,2026-08-02 11:55:00,2026-02-08 23:55:00,best 125,358,SKU-016,100.0,exact,phone:573008002528,d3ad3ac7-9db5-5216-adeb-c200704a4b46,False,,1.0,,6590000.0,11290000.0,credito,,cuota,False,True
LD-00359,2026-09-09 15:39:00,WhatsApp,EMP-02,PV-010,Andrés Felipe Valencia Osorio,573005404385,andres.valencia80@hotmail.com,Montería,Hero Xpulse,Sin gestión,,Remate Modelos 2025,andres felipe valencia osorio,573005404385,andres.valencia80@hotmail.com,monteria,whatsapp,sin gestion,2026-09-09 15:39:00,,hero xpulse,359,,75.0,unmatched,phone:573005404385,0fc1a34b-bf18-5b1e-95b7-d724b99b6e6f,False,,1.0,,,,,,,False,False
LD-00360,11-08-2026,Formulario Web,EMP-03,PV-014,  Jorge Iván Valencia Escobar  ,351-058-7736,,Bogotá D.C.,Bajaj Discover 125,Sin gestión,,,jorge ivan valencia escobar,573510587736,,bogota,formulario web,sin gestion,2026-08-11 00:00:00,,bajaj discover 125,360,SKU-012,100.0,fuzzy,phone:573510587736,5c0a71cd-0d2f-595b-9d5b-569e1fcbbc95,False,,1.0,,6990000.0,,,,,False,False
LD-00361,2026-08-11 09:18:00,WhatsApp,EMP-02,PV-008,Jorge Iván Castaño Mosquera,322 284 3429,,CARTAGENA,Honda Dio 110,Contactado,11/08/2026 13:18,Prima Extra,jorge ivan castano mosquera,573222843429,,cartagena,whatsapp,contactado,2026-08-11 09:18:00,2026-08-11 13:18:00,honda dio 110,361,SKU-005,100.0,fuzzy,phone:573222843429,d9c0d1fb-f50c-5f48-b952-05be1d319ded,False,,1.0,,6890000.0,,,,,False,False
LD-00362,2026-09-06T15:45:00,whatsapp,EMP-01,PV-001,JORGE IVÁN RAMÍREZ ZAPATA,+57 320 3611733,jorge.ramirez37@hotmail.com,Medellín ,HERO HUNK 160R,Descartado,07-09-2026,Retoma tu moto,jorge ivan ramirez zapata,573203611733,jorge.ramirez37@hotmail.com,medellin,whatsapp,descartado,2026-09-06 15:45:00,2026-09-07 00:00:00,hero hunk 160r,362,SKU-022,100.0,fuzzy,phone:573203611733,cefcb1fa-28b2-57b4-852c-5793691cae82,False,,1.0,,10490000.0,,,,,False,False
LD-00363,08/06/2026 02:36,WhatsApp,EMP-01,PV-005,Kevin Franco Londoño,3015940904,,Medellín ,AKT Evo RS 150 2026,SIN GESTION,,,kevin franco londono,573015940904,,medellin,whatsapp,sin gestion,2026-06-08 02:36:00,,akt evo rs 150 2026,363,SKU-020,100.0,fuzzy,phone:573015940904,28de1f08-1441-5fb5-a2ff-500aa8105150,False,,1.0,,7190000.0,,,,,False,False
LD-00364,09-08-2026,WhatsApp,EMP-02,PV-006,Édinson Marín Pérez,3514600234,,B/quilla,Honda Navi,contactado,2026-08-11 19:12:00,Retoma tu moto,edinson marin perez,573514600234,,b/quilla,whatsapp,contactado,2026-08-09 00:00:00,2026-08-11 19:12:00,honda navi,364,SKU-004,100.0,fuzzy,phone:573514600234,13f133e2-3997-56b9-b03f-6666aaae7405,False,,1.0,,7290000.0,,,,,False,False
LD-00365,2026-08-19 21:03:00,WHATSAPP,EMP-02,PV-009,NELSON TORRES RESTREPO,3502322469,,Sta Marta,Honda Dio 110,Sin gestión,,,nelson torres restrepo,573502322469,,santa marta,whatsapp,sin gestion,2026-08-19 21:03:00,,honda dio 110,365,SKU-005,100.0,fuzzy,phone:573502322469,43a3b392-340c-5a1c-a1a3-37d9015dbc44,False,,1.0,,6890000.0,,,,,False,False
LD-00366,2026-08-12 23:23:00,WhatsApp,EMP-03,PV-011,  Adriana Gómez Zapata  ,318 853 8202,adriana.gomez82@gmail.com,Bogotá D.C.,honda cb 125f twister,Sin gestión,,Agosto Cero Cuotas,adriana gomez zapata,573188538202,adriana.gomez82@gmail.com,bogota,whatsapp,sin gestion,2026-08-12 23:23:00,,honda cb 125f twister,366,SKU-001,100.0,fuzzy,phone:573188538202,0c1275ee-6ae9-5ab9-a2cb-7e15f91517b8,False,,1.0,,7990000.0,,,,,False,False
LD-00367,01/09/2026 17:47,WhatsApp,EMP-02,PV-009,Julián Valencia Salazar,573173622948,julian.valencia3@hotmail.com,SANTA MARTA,honda xr 150l,No contesta,,Retoma tu moto,julian valencia salazar,573173622948,julian.valencia3@hotmail.com,santa marta,whatsapp,no contesta,2026-09-01 17:47:00,,honda xr 150l,367,SKU-002,100.0,fuzzy,phone:573173622948,b3e7eeb9-c8fa-54c1-8195-605cbdebf374,True,b3e7eeb9-c8fa-54c1-8195-605cbdebf374,1.0,same_phone_or_email,11490000.0,,,,,False,False
LD-00368,2026-09-01 05:43:00,WhatsApp,EMP-03,PV-011,  Héctor Osorio Arias  ,3168515000,hector.osorio7@yahoo.es,BOGOTA,Suzuki Best 125,Cotización enviada,,Feria de Motos 2026,hector osorio arias,573168515000,hector.osorio7@yahoo.es,bogota,whatsapp,cotizacion enviada,2026-09-01 05:43:00,,suzuki best 125,368,SKU-016,100.0,fuzzy,phone:573168515000,d779ba13-455f-57f7-a723-f18e125035e0,False,,1.0,,6590000.0,,,,,False,False
LD-00369,16/08/2026 19:16,WHATSAPP,EMP-01,PV-003,Brayan Rodríguez Londoño,301-862-4412,,BELLO,honda xre 300,En proceso,2026-08-17T07:16:00,Retoma tu moto,brayan rodriguez londono,573018624412,,bello,whatsapp,en proceso,2026-08-16 19:16:00,2026-08-17 07:16:00,honda xre 300,369,SKU-006,100.0,fuzzy,phone:573018624412,9d541ddb-45f8-5b97-82ca-51d81d932213,False,,1.0,,22900000.0,,,,,False,False
LD-00370,19/08/2026 21:34,Meta Ads,EMP-02,PV-010,Jorge Iván Franco Betancur,573208431065,,Montería,AKT TTR 200,No contesta,2026-08-21T03:34:00,,jorge ivan franco betancur,573208431065,,monteria,meta ads,no contesta,2026-08-19 21:34:00,2026-08-21 03:34:00,akt ttr 200,370,SKU-019,100.0,fuzzy,phone:573208431065,93070cd1-fd39-54ee-8e15-24a8e631d98a,False,,1.0,,9890000.0,,credito,,soat,False,False
LD-00371,2026-08-19 22:40:00,WhatsApp,EMP-02,PV-007,  Sebastián Arias Rodríguez  ,+57 321 2179162,,SOLEDAD,Suzuki Gixxer 150,Descartado,20-08-2026,,sebastian arias rodriguez,573212179162,,soledad,whatsapp,descartado,2026-08-19 22:40:00,2026-08-20 00:00:00,suzuki gixxer 150,371,SKU-014,100.0,fuzzy,phone:573212179162,9cb23505-380c-5d07-81c1-22a6164af0f3,False,,1.0,,11990000.0,14990000.0,credito,,soat,False,False
LD-00372,05/09/2026 10:32,Meta Ads,EMP-03,PV-011,Diana Carolina Herrera Zapata,3210029464,diana.herrera80@outlook.com,Bogotá D.C.,Bajaj Boxer CT 100 2026,No contesta,05/09/2026 11:32,,diana carolina herrera zapata,573210029464,diana.herrera80@outlook.com,bogota,meta ads,no contesta,2026-09-05 10:32:00,2026-09-05 11:32:00,bajaj boxer ct 100 2026,372,SKU-007,100.0,fuzzy,phone:573210029464,23c4a2b3-e7eb-5f16-82b3-ceaae10efb0c,True,23c4a2b3-e7eb-5f16-82b3-ceaae10efb0c,1.0,same_phone_or_email,5790000.0,,,,,False,False
LD-00373,05/08/2026 12:13,Meta Ads,EMP-01,PV-003,Sandra Milena Ramírez Cardona,3168631999,,BELLO,akt ttr 200,No contesta,2026-08-09T12:13:00,,sandra milena ramirez cardona,573168631999,,bello,meta ads,no contesta,2026-08-05 12:13:00,2026-08-09 12:13:00,akt ttr 200,373,SKU-019,100.0,fuzzy,phone:573168631999,144171db-14c5-5b0f-a178-784482829571,False,,1.0,,9890000.0,,,,,False,False
LD-00374,2026-09-09T20:29:00,WhatsApp,EMP-02,PV-006,Freddy Quintero Rodríguez,+57 314 5835991,freddy.quintero46@hotmail.com,B/quilla,Bajaj,No contesta,09/10/2026 14:29,,freddy quintero rodriguez,573145835991,freddy.quintero46@hotmail.com,b/quilla,whatsapp,no contesta,2026-09-09 20:29:00,2026-10-09 14:29:00,bajaj,374,,22.22222222222223,unmatched,phone:573145835991,a391c3b9-d697-5ab1-8356-fda0945aa86d,False,,1.0,,,,,,,False,False
LD-00375,04-09-2026,FORMULARIO WEB,EMP-02,PV-010,Édinson Jiménez Bedoya, 3138743714 ,,Montería,hero eco deluxe 100,no contesta,2026-09-06T10:31:00,Feria de Motos 2026,edinson jimenez bedoya,573138743714,,monteria,formulario web,no contesta,2026-09-04 00:00:00,2026-09-06 10:31:00,hero eco deluxe 100,375,SKU-021,100.0,fuzzy,phone:573138743714,774ddc30-b41e-5040-85f0-43ad1ff120bb,False,,1.0,,4990000.0,,,,,False,False
LD-00376,2026-08-14 06:04:00,Meta Ads,EMP-02,PV-007,Paula Andrea Restrepo Franco,+57 318 5416043,,Soledad,AKT DYNAMIC R3 125,No contesta,14-08-2026,Prima Extra,paula andrea restrepo franco,573185416043,,soledad,meta ads,no contesta,2026-08-14 06:04:00,2026-08-14 00:00:00,akt dynamic r3 125,376,SKU-018,100.0,fuzzy,phone:573185416043,85ddb63d-05bb-520c-8796-21fc7b5d9c87,False,,1.0,,5590000.0,11290000.0,credito,,soat,False,False
LD-00377,08/18/2026 16:53,WhatsApp,EMP-02,PV-010,Natalia Hernández Castaño,312 645 2558,,Monteria,Gixxer 150,no contesta,2026-08-22 16:53:00,Feria de Motos 2026,natalia hernandez castano,573126452558,,monteria,whatsapp,no contesta,2026-08-18 16:53:00,2026-08-22 16:53:00,gixxer 150,377,SKU-014,100.0,exact,phone:573126452558,21e07e11-44ea-56bf-b02f-74d35d033f8d,True,21e07e11-44ea-56bf-b02f-74d35d033f8d,1.0,same_phone_or_email,11990000.0,,,,,False,False
LD-00378,05/08/2026 08:49,formulario web,EMP-02,PV-008,Wilmar Muñoz Restrepo,(301) 920-1020,,CARTAGENA,Honda Navi,Contactado,06-08-2026,Feria de Motos 2026,wilmar munoz restrepo,573019201020,,cartagena,formulario web,contactado,2026-08-05 08:49:00,2026-08-06 00:00:00,honda navi,378,SKU-004,100.0,fuzzy,phone:573019201020,3272fa0f-cecf-5300-ab8e-3815671b9c97,True,3272fa0f-cecf-5300-ab8e-3815671b9c97,1.0,same_phone_or_email,7290000.0,,,,,False,False
LD-00379,09-09-2026,WhatsApp,EMP-02,PV-008,Vanessa Salazar Arias, 3047302732 ,vanessa.salazar28@hotmail.com,CARTAGENA,Bajaj Dominar 400,contactado,09/09/2026 21:05,,vanessa salazar arias,573047302732,vanessa.salazar28@hotmail.com,cartagena,whatsapp,contactado,2026-09-09 00:00:00,2026-09-09 21:05:00,bajaj dominar 400,379,SKU-011,100.0,fuzzy,phone:573047302732,036073d6-6a3a-53a4-9537-da5d55ddbf92,False,,1.0,,24900000.0,,credito,media,soat,True,False
LD-00380,2026-09-04 00:55:00,Formulario Web,EMP-01,PV-002,Natalia Pérez Osorio,(320) 934-8471,natalia.perez79@outlook.com,Itagui,Bajaj Pulsar NS 160,Descartado,04/09/2026 01:55,,natalia perez osorio,573209348471,natalia.perez79@outlook.com,itagui,formulario web,descartado,2026-09-04 00:55:00,2026-09-04 01:55:00,bajaj pulsar ns 160,380,SKU-009,100.0,fuzzy,phone:573209348471,737caf29-5717-5bdf-8fd2-4d10df660969,False,,1.0,,11290000.0,,,,,False,False
LD-00381,2026-08-29T17:26:00,WhatsApp,EMP-03,PV-013,  Yuliana Torres Agudelo  ,+57 302 5279307,yuliana.torres63@hotmail.com,BOGOTA,AKT Dynamic R3 125 2026,contactado,2026-08-30 17:26:00,Remate Modelos 2025,yuliana torres agudelo,573025279307,yuliana.torres63@hotmail.com,bogota,whatsapp,contactado,2026-08-29 17:26:00,2026-08-30 17:26:00,akt dynamic r3 125 2026,381,SKU-018,100.0,fuzzy,phone:573025279307,341bf641-defe-5bb5-b33b-dec052917a36,False,,1.0,,5590000.0,,,,,False,False
LD-00382,03/08/2026 18:46,WhatsApp,EMP-03,PV-011,  Andrés Felipe Giraldo Bedoya  , 3122598373 ,,Bogotá,AKT DYNAMIC R3 125,No contesta,2026-08-05 00:46:00,Agosto Cero Cuotas,andres felipe giraldo bedoya,573122598373,,bogota,whatsapp,no contesta,2026-08-03 18:46:00,2026-08-05 00:46:00,akt dynamic r3 125,382,SKU-018,100.0,fuzzy,phone:573122598373,84a81e7f-4532-5650-9a17-238e1c54a592,True,84a81e7f-4532-5650-9a17-238e1c54a592,1.0,same_phone_or_email,5590000.0,,,,,False,False
LD-00383,2026-09-10 01:35:00,Meta Ads,EMP-01,PV-001,  Alexander Muñoz Rodríguez  ,573023979701,,Medellin,Suzuki Best 125,En proceso,2026-09-14 01:35:00,,alexander munoz rodriguez,573023979701,,medellin,meta ads,en proceso,2026-09-10 01:35:00,2026-09-14 01:35:00,suzuki best 125,383,SKU-016,100.0,fuzzy,phone:573023979701,037dd900-9c74-544b-956f-7feb518417a4,False,,1.0,,6590000.0,4990000.0,credito,media,cuota,False,True
LD-00384,25/08/2026 18:38,WhatsApp,EMP-02,PV-010,  Édinson Muñoz Marín  ,+57 311 0017894,,Montería,Honda CB 125F Twister,Cotización enviada,26/08/2026 12:38,Feria de Motos 2026,edinson munoz marin,573110017894,,monteria,whatsapp,cotizacion enviada,2026-08-25 18:38:00,2026-08-26 12:38:00,honda cb 125f twister,384,SKU-001,100.0,fuzzy,phone:573110017894,3b3b540d-acf0-56ef-8da5-2035d496e6c6,False,,1.0,,7990000.0,,credito,,soat,False,False
LD-00385,08/21/2026 08:27,WhatsApp,EMP-02,PV-008,María Fernanda Castaño Restrepo,300-256-4538,,CARTAGENA,Honda Navi,contactado,22-08-2026,Feria de Motos 2026,maria fernanda castano restrepo,573002564538,,cartagena,whatsapp,contactado,2026-08-21 08:27:00,2026-08-22 00:00:00,honda navi,385,SKU-004,100.0,fuzzy,phone:573002564538,61ddff71-a004-52cd-8eb5-875733035d6e,False,,1.0,,7290000.0,11290000.0,credito,,cuota,False,True
LD-00386,26-08-2026,meta ads,EMP-02,PV-008,JORGE IVÁN JIMÉNEZ ESCOBAR,3053840898,,Cartagena de Indias,akt nkd 125,sin gestion,,Remate Modelos 2025,jorge ivan jimenez escobar,573053840898,,cartagena de indias,meta ads,sin gestion,2026-08-26 00:00:00,,akt nkd 125,386,SKU-017,100.0,fuzzy,phone:573053840898,0c1d8227-fcf5-5112-a37d-a65f5913dfd5,False,,1.0,,5290000.0,,,,,False,False
LD-00387,2026-08-22 08:25:00,WhatsApp,EMP-01,PV-002,  Carlos Mario Osorio Franco  ,3118844134,carlos.osorio7@yahoo.es,Itagui,bajaj pulsar ns 160,Sin gestión,,Prima Extra,carlos mario osorio franco,573118844134,carlos.osorio7@yahoo.es,itagui,whatsapp,sin gestion,2026-08-22 08:25:00,,bajaj pulsar ns 160,387,SKU-009,100.0,fuzzy,phone:573118844134,5b64abb8-148e-5799-b3cc-fdb5cc6d58d5,True,5b64abb8-148e-5799-b3cc-fdb5cc6d58d5,1.0,same_phone_or_email,11290000.0,,,,,False,False
LD-00388,2026-08-18 08:19:00,WhatsApp,EMP-02,PV-010,Mónica Marín,573053996446,monica.marin19@outlook.com,Monteria,Best 125,Descartado,19/08/2026 14:19,,monica marin,573053996446,monica.marin19@outlook.com,monteria,whatsapp,descartado,2026-08-18 08:19:00,2026-08-19 14:19:00,best 125,388,SKU-016,100.0,exact,phone:573053996446,e65be105-cfbd-58cf-8a09-c62c54f70c96,True,e65be105-cfbd-58cf-8a09-c62c54f70c96,1.0,same_phone_or_email,6590000.0,,,,,False,False
LD-00389,2026-08-27 11:54:00,Meta Ads,EMP-01,PV-001,Andrés Felipe Zapata Muñoz,301-498-6549,,MEDELLIN,Best 125,SIN GESTION,,,andres felipe zapata munoz,573014986549,,medellin,meta ads,sin gestion,2026-08-27 11:54:00,,best 125,389,SKU-016,100.0,exact,phone:573014986549,918667b2-1c6f-5e4c-845a-aabac4510d5d,False,,1.0,,6590000.0,,,,,False,False
LD-00390,08/12/2026 21:56,WhatsApp,EMP-01,PV-003,Camilo Muñoz Jiménez,3209309096,,Bello,SUZUKI V-STROM 250,Contactado,08/15/2026 21:56,Remate Modelos 2025,camilo munoz jimenez,573209309096,,bello,whatsapp,contactado,2026-12-08 21:56:00,2026-08-15 21:56:00,suzuki v-strom 250,390,SKU-015,100.0,fuzzy,phone:573209309096,2ce8d4e9-14ee-5db7-9379-93cb55a8c973,False,,1.0,,21900000.0,9890000.0,credito,media,soat,True,False
LD-00391,15/08/2026 20:33,WhatsApp,EMP-02,PV-007,MARÍA FERNANDA RODRÍGUEZ JIMÉNEZ,3052782446,maria.rodriguez93@yahoo.es,SOLEDAD,BAJAJ DISCOVER 125,sin gestion,,Feria de Motos 2026,maria fernanda rodriguez jimenez,573052782446,maria.rodriguez93@yahoo.es,soledad,whatsapp,sin gestion,2026-08-15 20:33:00,,bajaj discover 125,391,SKU-012,100.0,fuzzy,phone:573052782446,8de23f5e-54e3-5597-a40b-28fe379cd29c,False,,1.0,,6990000.0,,,,,False,False
LD-00392,08/30/2026 00:06,Meta Ads,EMP-02,PV-006,Yuliana Arias Ramírez,318-920-6397,yuliana.arias87@hotmail.com,BARRANQUILLA,BAJAJ DISCOVER 125,En proceso,30/08/2026 01:06,,yuliana arias ramirez,573189206397,yuliana.arias87@hotmail.com,barranquilla,meta ads,en proceso,2026-08-30 00:06:00,2026-08-30 01:06:00,bajaj discover 125,392,SKU-012,100.0,fuzzy,phone:573189206397,a66f9ac3-3b94-5c68-9313-5d3d204d027a,False,,1.0,,6990000.0,7490000.0,credito,media,cuota,False,True
LD-00393,09/07/2026 02:27,WhatsApp,EMP-02,PV-007,Mónica Osorio Herrera,300-430-7766,,,Hero Dash,no contesta,07/09/2026 06:27,Feria de Motos 2026,monica osorio herrera,573004307766,,,whatsapp,no contesta,2026-07-09 02:27:00,2026-09-07 06:27:00,hero dash,393,,66.66666666666666,unmatched,phone:573004307766,70524aa0-67e3-5413-a53b-22c2964233e8,False,,1.0,,,,,,,False,False
LD-00394,08-09-2026,WhatsApp,EMP-01,PV-003,Julián Ospina Hernández,+57 310 5208211,julian.ospina80@yahoo.es,Bello,hero dash 110,Contactado,09/08/2026 10:33,,julian ospina hernandez,573105208211,julian.ospina80@yahoo.es,bello,whatsapp,contactado,2026-09-08 00:00:00,2026-08-09 10:33:00,hero dash 110,394,SKU-024,100.0,fuzzy,phone:573105208211,32d31ed4-bbd6-5e03-ba2f-4fd519991c7b,True,32d31ed4-bbd6-5e03-ba2f-4fd519991c7b,1.0,same_phone_or_email,6290000.0,,,,,False,False
LD-00395,09/08/2026 06:33,WhatsApp,EMP-01,PV-001,LUISA HERRERA TORRES,311-086-3032,,Medellin,BAJAJ DOMINAR 400,Descartado,08/09/2026 12:33,,luisa herrera torres,573110863032,,medellin,whatsapp,descartado,2026-08-09 06:33:00,2026-09-08 12:33:00,bajaj dominar 400,395,SKU-011,100.0,fuzzy,phone:573110863032,0a3cd1b7-5373-5bbc-8c7a-fa1cbbbb227f,False,,1.0,,24900000.0,,,,,False,False
LD-00396,17/08/2026 00:04,WhatsApp,EMP-02,PV-009,LUZ MARINA HERNÁNDEZ CARDONA,(300) 339-8162,luz.hernandez45@hotmail.com,Sta Marta,suzuki gixxer 150,Cotización enviada,2026-08-17 06:04:00,Agosto Cero Cuotas,luz marina hernandez cardona,573003398162,luz.hernandez45@hotmail.com,santa marta,whatsapp,cotizacion enviada,2026-08-17 00:04:00,2026-08-17 06:04:00,suzuki gixxer 150,396,SKU-014,100.0,fuzzy,phone:573003398162,1fd4e34e-2797-5736-aa77-7acc4e3dfdb4,False,,1.0,,11990000.0,,,,,False,False
LD-00397,29-08-2026,WhatsApp,EMP-01,PV-005,Luisa Gómez Marín,573003298513,luisa.gomez25@yahoo.es,MEDELLIN,Honda XRE 300,Sin gestión,,,luisa gomez marin,573003298513,luisa.gomez25@yahoo.es,medellin,whatsapp,sin gestion,2026-08-29 00:00:00,,honda xre 300,397,SKU-006,100.0,fuzzy,phone:573003298513,95a0bc43-426c-5913-bae0-25bb70db9f4c,False,,1.0,,22900000.0,11490000.0,credito,media,cuota,False,True
LD-00398,28/08/2026 02:42,WhatsApp,EMP-02,PV-009,  Natalia Correa Salazar  ,310-309-9637,,Sta Marta,AKT DYNAMIC R3 125,Sin gestión,,Prima Extra,natalia correa salazar,573103099637,,santa marta,whatsapp,sin gestion,2026-08-28 02:42:00,,akt dynamic r3 125,398,SKU-018,100.0,fuzzy,phone:573103099637,47452249-e4c1-5b1a-a996-2808987eb281,False,,1.0,,5590000.0,7190000.0,credito,,soat,False,False
LD-00399,27/08/2026 10:02,WhatsApp,EMP-03,PV-011,Yuliana Zapata Castaño,300 793 3777,yuliana.zapata77@yahoo.es,Bogota,Honda Dio 110,En proceso,2026-08-28 04:02:00,Prima Extra,yuliana zapata castano,573007933777,yuliana.zapata77@yahoo.es,bogota,whatsapp,en proceso,2026-08-27 10:02:00,2026-08-28 04:02:00,honda dio 110,399,SKU-005,100.0,fuzzy,phone:573007933777,a6230d97-b1a0-521f-ac5c-de3131c55a58,False,,1.0,,6890000.0,,,,,False,False
LD-00400,2026-08-03T06:20:00,WhatsApp,EMP-03,PV-014,FABIÁN HERRERA ZAPATA,322 872 6244,fabian.herrera63@yahoo.es,Bogotá,CB 190R,Contactado,04-08-2026,Retoma tu moto,fabian herrera zapata,573228726244,fabian.herrera63@yahoo.es,bogota,whatsapp,contactado,2026-08-03 06:20:00,2026-08-04 00:00:00,cb 190r,400,SKU-003,100.0,exact,phone:573228726244,15196a6a-7aee-5448-8ab8-70408e684ae8,False,,1.0,,13990000.0,,,,,False,False
LD-00401,2026-08-04T15:09:00,WhatsApp,EMP-02,PV-008,ESTEFANÍA AGUDELO GÓMEZ,3502826310,estefania.agudelo90@gmail.com,Cartagena de Indias,Honda Dio 110 2026,sin gestion,,Agosto Cero Cuotas,estefania agudelo gomez,573502826310,estefania.agudelo90@gmail.com,cartagena de indias,whatsapp,sin gestion,2026-08-04 15:09:00,,honda dio 110 2026,401,SKU-005,100.0,fuzzy,phone:573502826310,245e7ba9-12fb-56dc-bd91-1165de2ed526,True,245e7ba9-12fb-56dc-bd91-1165de2ed526,1.0,same_phone_or_email,6890000.0,,,,,False,False
LD-00402,2026-08-08 05:47:00,WhatsApp,EMP-02,PV-010,KATHERINE AGUDELO OSPINA,3213078870,,MONTERIA,Bajaj Dominar 400,En proceso,,Agosto Cero Cuotas,katherine agudelo ospina,573213078870,,monteria,whatsapp,en proceso,2026-08-08 05:47:00,,bajaj dominar 400,402,SKU-011,100.0,fuzzy,phone:573213078870,f3e81c1c-cc93-5ca9-92ca-5ab8105122d5,False,,1.0,,24900000.0,,,,,False,False
LD-00403,2026-08-22 17:36:00,whatsapp,EMP-03,PV-011,Jhon Jairo Ospina Giraldo,3157152225,,Bogotá,Bajai Dominar 400,No contesta,08/23/2026 11:36,,jhon jairo ospina giraldo,573157152225,,bogota,whatsapp,no contesta,2026-08-22 17:36:00,2026-08-23 11:36:00,bajai dominar 400,403,SKU-011,100.0,fuzzy,phone:573157152225,f47bc4f2-73cb-5e72-9788-a436b70ff63e,False,,1.0,,24900000.0,,,,,False,False
LD-00404,02-08-2026,WhatsApp,EMP-02,PV-008,Camilo Franco Giraldo, 3102401993 ,camilo.franco19@hotmail.com,Cartagena de Indias,Dio 110,En proceso,02/08/2026 12:28,Remate Modelos 2025,camilo franco giraldo,573102401993,camilo.franco19@hotmail.com,cartagena de indias,whatsapp,en proceso,2026-08-02 00:00:00,2026-08-02 12:28:00,dio 110,404,SKU-005,100.0,exact,phone:573102401993,3f34c473-cf2f-535a-ae7d-d4013a1af40a,True,3f34c473-cf2f-535a-ae7d-d4013a1af40a,1.0,same_phone_or_email,6890000.0,,,,,False,False
LD-00405,15/08/2026 09:39,WHATSAPP,EMP-01,PV-005,ÓSCAR DAVID BEDOYA LONDOÑO,(318) 618-4159,,Medellín,BAJAJ DOMINAR 400,En proceso,2026-08-15 21:39:00,Prima Extra,oscar david bedoya londono,573186184159,,medellin,whatsapp,en proceso,2026-08-15 09:39:00,2026-08-15 21:39:00,bajaj dominar 400,405,SKU-011,100.0,fuzzy,phone:573186184159,de2e306b-f0e3-5f5f-85d3-0d34268de164,False,,1.0,,24900000.0,,,,,False,False
LD-00406,21/08/2026 23:21,Meta Ads,EMP-02,PV-009,Duván Restrepo Pérez,573176904176,,Santa Marta,Honda Navi 2026,Contactado,2026-08-22 05:21:00,Agosto Cero Cuotas,duvan restrepo perez,573176904176,,santa marta,meta ads,contactado,2026-08-21 23:21:00,2026-08-22 05:21:00,honda navi 2026,406,SKU-004,100.0,fuzzy,phone:573176904176,f94ff75b-d707-5b75-beae-528e066757a2,False,,1.0,,7290000.0,,,,,False,False
LD-00407,05/09/2026 11:35,WhatsApp,EMP-02,PV-010,Vanessa Muñoz Vargas,3025507049,,Montería,Dynamic R3 125,Descartado,2026-09-05 12:35:00,Retoma tu moto,vanessa munoz vargas,573025507049,,monteria,whatsapp,descartado,2026-09-05 11:35:00,2026-09-05 12:35:00,dynamic r3 125,407,SKU-018,100.0,exact,phone:573025507049,09e08b58-0848-5770-b43d-69e9a2459fd6,False,,1.0,,5590000.0,,,,,False,False
LD-00408,14-08-2026,Meta Ads,EMP-02,PV-008,CARLOS MARIO JIMÉNEZ LONDOÑO,573500179332,carlos.jimenez38@hotmail.com,Cartagena,Gixxer 150,Sin gestión,,Feria de Motos 2026,carlos mario jimenez londono,573500179332,carlos.jimenez38@hotmail.com,cartagena,meta ads,sin gestion,2026-08-14 00:00:00,,gixxer 150,408,SKU-014,100.0,exact,phone:573500179332,d186f0ba-9447-531f-b76e-31b4ea6fd8f0,False,,1.0,,11990000.0,,,,,False,False
LD-00409,20-08-2026,Formulario Web,EMP-02,PV-009,Luz Marina Jiménez Herrera,+57 318 8520878,luz.jimenez1@outlook.com,Santa Marta,akt nkd 125,no contesta,2026-08-22T00:23:00,Remate Modelos 2025,luz marina jimenez herrera,573188520878,luz.jimenez1@outlook.com,santa marta,formulario web,no contesta,2026-08-20 00:00:00,2026-08-22 00:23:00,akt nkd 125,409,SKU-017,100.0,fuzzy,phone:573188520878,f56b3222-c1e9-5d38-b402-16ce717d8838,False,,1.0,,5290000.0,7190000.0,credito,,soat,False,True
LD-00410,08/28/2026 06:09,whatsapp,EMP-01,PV-002,  Marcela Jiménez Rodríguez  ,+57 320 8954042,,Itagui,Honda Dio 110 2026,sin gestion,,Prima Extra,marcela jimenez rodriguez,573208954042,,itagui,whatsapp,sin gestion,2026-08-28 06:09:00,,honda dio 110 2026,410,SKU-005,100.0,fuzzy,phone:573208954042,bf466b75-a443-5a69-ae59-a410fc1cb7a6,False,,1.0,,6890000.0,,credito,,soat,False,False
LD-00411,27/08/2026 07:21,WhatsApp,EMP-01,PV-004,Camilo Restrepo Muñoz,3131698944,,RIONEGRO,V-Strom 250,En proceso,2026-08-27T08:21:00,Agosto Cero Cuotas,camilo restrepo munoz,573131698944,,rionegro,whatsapp,en proceso,2026-08-27 07:21:00,2026-08-27 08:21:00,v-strom 250,411,SKU-015,100.0,exact,phone:573131698944,eb77bc8e-3357-573e-b01e-a4e6988b689f,True,eb77bc8e-3357-573e-b01e-a4e6988b689f,1.0,same_phone_or_email,21900000.0,,credito,,soat,False,False
LD-00412,09/05/2026 03:27,WhatsApp,EMP-01,PV-001,DUVÁN ARIAS MOSQUERA,3185452495,duvan.arias59@gmail.com,Medellín,Honda Dio 110,Contactado,2026-09-05 15:27:00,Agosto Cero Cuotas,duvan arias mosquera,573185452495,duvan.arias59@gmail.com,medellin,whatsapp,contactado,2026-05-09 03:27:00,2026-09-05 15:27:00,honda dio 110,412,SKU-005,100.0,fuzzy,phone:573185452495,a374690c-8bd8-5e32-a388-16ebf2a5f3fb,True,a374690c-8bd8-5e32-a388-16ebf2a5f3fb,1.0,same_phone_or_email,6890000.0,,credito,media,soat,True,False
LD-00413,13-08-2026,WHATSAPP,EMP-01,PV-001,estefania mosquera osorio,3504523086,estefania.mosquera25@outlook.com,MEDELLIN,honda navi,No contesta,08/13/2026 07:59,,estefania mosquera osorio,573504523086,estefania.mosquera25@outlook.com,medellin,whatsapp,no contesta,2026-08-13 00:00:00,2026-08-13 07:59:00,honda navi,413,SKU-004,100.0,fuzzy,phone:573504523086,0c2b4e9a-286b-50ed-bf10-0bfc75212bc4,True,0c2b4e9a-286b-50ed-bf10-0bfc75212bc4,1.0,same_phone_or_email,7290000.0,,,,,False,False
LD-00414,01/09/2026 12:54,WhatsApp,EMP-01,PV-002,JULIÁN OSPINA OSPINA,+57 318 2788064,,ITAGUI,Bajaj Pulsar RS 200,No contesta,02-09-2026,,julian ospina ospina,573182788064,,itagui,whatsapp,no contesta,2026-09-01 12:54:00,2026-09-02 00:00:00,bajaj pulsar rs 200,414,SKU-010,100.0,fuzzy,phone:573182788064,a34381c6-1a06-5220-9a98-c5f897fd6688,True,a34381c6-1a06-5220-9a98-c5f897fd6688,1.0,same_phone_or_email,15490000.0,,credito,,soat,False,False
LD-00415,2026-08-26T22:45:00,WhatsApp,EMP-03,PV-015,Héctor Vargas Castaño,3215461770,,SOACHA,Discover 125,no contesta,2026-08-27 22:45:00,Prima Extra,hector vargas castano,573215461770,,soacha,whatsapp,no contesta,2026-08-26 22:45:00,2026-08-27 22:45:00,discover 125,415,SKU-012,100.0,exact,phone:573215461770,997f9260-b2c6-5c20-ad7b-fb9e0f30c7bd,True,997f9260-b2c6-5c20-ad7b-fb9e0f30c7bd,1.0,same_phone_or_email,6990000.0,,,,,False,False
LD-00416,2026-08-29T06:35:00,Meta Ads,EMP-01,PV-003,  Angie Paola Restrepo Betancur  ,318 257 3090,,bello,AKT Evo RS 150,En proceso,29-08-2026,Remate Modelos 2025,angie paola restrepo betancur,573182573090,,bello,meta ads,en proceso,2026-08-29 06:35:00,2026-08-29 00:00:00,akt evo rs 150,416,SKU-020,100.0,fuzzy,phone:573182573090,2f9eb4dc-c81c-5d50-a0b5-cd00e91b364d,False,,1.0,,7190000.0,,,,,False,False
LD-00417,2026-08-04 19:25:00,WHATSAPP,EMP-01,PV-001,Katherine Arias Pérez,573189374325,katherine.arias69@hotmail.com,Medellín,Suzuki  GN 125,Sin gestión,,,katherine arias perez,573189374325,katherine.arias69@hotmail.com,medellin,whatsapp,sin gestion,2026-08-04 19:25:00,,suzuki gn 125,417,SKU-013,100.0,fuzzy,phone:573189374325,ea9c9ca3-c157-56db-a8ba-2491d608fb45,False,,1.0,,7490000.0,,,,,False,False
LD-00418,2026-08-28T08:13:00,Meta Ads,EMP-02,PV-008,YULIANA RAMÍREZ VARGAS, 3046942641 ,,CARTAGENA,Suzuki  V-Strom 250,Sin gestión,,Feria de Motos 2026,yuliana ramirez vargas,573046942641,,cartagena,meta ads,sin gestion,2026-08-28 08:13:00,,suzuki v-strom 250,418,SKU-015,100.0,fuzzy,phone:573046942641,5a801b15-8733-5370-a107-b8f1df8c7370,False,,1.0,,21900000.0,,credito,media,soat,False,False
LD-00419,2026-09-08 04:38:00,Meta Ads,EMP-02,PV-006,Cristian Betancur Pérez,320 818 5520,,B/quilla,bajaj pulsar rs 200,Cotización enviada,10/09/2026 04:38,Retoma tu moto,cristian betancur perez,573208185520,,b/quilla,meta ads,cotizacion enviada,2026-09-08 04:38:00,2026-09-10 04:38:00,bajaj pulsar rs 200,419,SKU-010,100.0,fuzzy,phone:573208185520,0f62c44d-d5cb-53ac-a923-8bb8ae9a9b90,True,0f62c44d-d5cb-53ac-a923-8bb8ae9a9b90,1.0,same_phone_or_email,15490000.0,,,,,False,False
LD-00420,2026-09-03 05:42:00,Meta Ads,EMP-01,PV-002,Vanessa Marín Hernández,(320) 904-7307,vanessa.marin14@outlook.com,Itagüí,Suzuki Gixxer 150,Cotización enviada,09/03/2026 09:42,Agosto Cero Cuotas,vanessa marin hernandez,573209047307,vanessa.marin14@outlook.com,itagui,meta ads,cotizacion enviada,2026-09-03 05:42:00,2026-03-09 09:42:00,suzuki gixxer 150,420,SKU-014,100.0,fuzzy,phone:573209047307,d140d0f3-aa49-543e-b3f5-586dd57b4392,False,,1.0,,11990000.0,,,,,False,False
LD-00421,08/08/2026 04:52,whatsapp,EMP-02,PV-007,Yesenia Restrepo Marín,312 148 4911,yesenia.restrepo93@gmail.com,Soledad,Hnda XRE 300,En proceso,2026-08-08 22:52:00,Retoma tu moto,yesenia restrepo marin,573121484911,yesenia.restrepo93@gmail.com,soledad,whatsapp,en proceso,2026-08-08 04:52:00,2026-08-08 22:52:00,hnda xre 300,421,SKU-006,100.0,fuzzy,phone:573121484911,8af2a7de-4e4e-558e-9734-31e5ee73b14f,False,,1.0,,22900000.0,,,,,False,False
LD-00422,24/08/2026 08:37,WhatsApp,EMP-01,PV-001,Cristian Agudelo Zapata,(311) 748-0924,,medellin,,contactado,2026-08-28T08:37:00,Remate Modelos 2025,cristian agudelo zapata,573117480924,,medellin,whatsapp,contactado,2026-08-24 08:37:00,2026-08-28 08:37:00,,422,,0.0,none,phone:573117480924,3a734533-47c6-544e-9d56-ba05373cbb5c,True,3a734533-47c6-544e-9d56-ba05373cbb5c,1.0,same_phone_or_email,,,,,,False,False
LD-00423,2026-08-04T02:56:00,Meta Ads,EMP-02,PV-006,  Diana Carolina Mosquera Castaño  ,3024012454,,BARRANQUILLA,akt evo rs 150,Descartado,2026-08-04 08:56:00,Remate Modelos 2025,diana carolina mosquera castano,573024012454,,barranquilla,meta ads,descartado,2026-08-04 02:56:00,2026-08-04 08:56:00,akt evo rs 150,423,SKU-020,100.0,fuzzy,phone:573024012454,87b991c1-62d5-5088-8a16-1cc0b31afd4a,False,,1.0,,7190000.0,24900000.0,credito,media,cuota,False,True
LD-00424,2026-08-14T04:11:00,WhatsApp,EMP-03,PV-011,Angie Paola Herrera Marín,(318) 333-3031,,Bogota DC,Honda  XRE 300,Contactado,08/14/2026 06:11,,angie paola herrera marin,573183333031,,bogota dc,whatsapp,contactado,2026-08-14 04:11:00,2026-08-14 06:11:00,honda xre 300,424,SKU-006,100.0,fuzzy,phone:573183333031,4df764df-55fe-531d-8476-f0ce615b4327,False,,1.0,,22900000.0,21900000.0,credito,media,cuota,False,True
LD-00425,31/08/2026 09:01,WhatsApp,EMP-03,PV-014,Édinson Agudelo Gómez,3028380442,,bogotá,TTR 200,Contactado,2026-09-01T03:01:00,Retoma tu moto,edinson agudelo gomez,573028380442,,bogota,whatsapp,contactado,2026-08-31 09:01:00,2026-09-01 03:01:00,ttr 200,425,SKU-019,100.0,exact,phone:573028380442,dddb6952-5234-5ab4-81e3-e398fbc635b7,False,,1.0,,9890000.0,13990000.0,credito,,cuota,False,True
LD-00426,2026-08-02 03:10:00,WhatsApp,EMP-03,PV-013,Vanessa Restrepo Correa, 3024130123 ,vanessa.restrepo22@gmail.com,Bogota,Dynamic R3 125,En proceso,02-08-2026,,vanessa restrepo correa,573024130123,vanessa.restrepo22@gmail.com,bogota,whatsapp,en proceso,2026-08-02 03:10:00,2026-08-02 00:00:00,dynamic r3 125,426,SKU-018,100.0,exact,phone:573024130123,9f04713e-b87e-5c16-8397-5e889383f3c0,False,,1.0,,5590000.0,7290000.0,credito,,cuota,False,True
LD-00427,09/09/2026 09:01,WhatsApp,EMP-02,PV-006,NELSON PÉREZ MARÍN, 3109769618 ,,Barranquilla,Honda XR 150L,Contactado,2026-09-10 09:01:00,Retoma tu moto,nelson perez marin,573109769618,,barranquilla,whatsapp,contactado,2026-09-09 09:01:00,2026-09-10 09:01:00,honda xr 150l,427,SKU-002,100.0,fuzzy,phone:573109769618,4473b4e5-2f00-5eaa-95fe-04014b503fb5,False,,1.0,,11490000.0,,,,,False,False
LD-00428,05/08/2026 10:26,WhatsApp,EMP-01,PV-003,  Paula Andrea Muñoz Pérez  ,3501664427,paula.munoz78@yahoo.es,Bello,AKT DYNAMIC R3 125,Sin gestión,,Retoma tu moto,paula andrea munoz perez,573501664427,paula.munoz78@yahoo.es,bello,whatsapp,sin gestion,2026-08-05 10:26:00,,akt dynamic r3 125,428,SKU-018,100.0,fuzzy,phone:573501664427,85e46d16-86a7-555a-84a3-42cbae4c0408,False,,1.0,,5590000.0,,credito,,soat,False,False
LD-00429,07/09/2026 13:45,meta ads,EMP-02,PV-006,  Sebastián Rodríguez Osorio  ,3189103093,,BARRANQUILLA,Suzuki Best 125 2026,Contactado,2026-09-07 15:45:00,Remate Modelos 2025,sebastian rodriguez osorio,573189103093,,barranquilla,meta ads,contactado,2026-09-07 13:45:00,2026-09-07 15:45:00,suzuki best 125 2026,429,SKU-016,100.0,fuzzy,phone:573189103093,896ae3c2-98f0-5487-850e-5d6c5991ffa7,False,,1.0,,6590000.0,24900000.0,credito,media,cuota,False,True
LD-00430,04/09/2026 02:51,Formulario Web,EMP-02,PV-009,  Brayan Muñoz Correa  ,+57 300 7013889,brayan.munoz20@outlook.com,Santa Marta,Hero,Cotización enviada,2026-09-04T06:51:00,Retoma tu moto,brayan munoz correa,573007013889,brayan.munoz20@outlook.com,santa marta,formulario web,cotizacion enviada,2026-09-04 02:51:00,2026-09-04 06:51:00,hero,430,,28.57142857142857,unmatched,phone:573007013889,275ad489-03cb-5ebc-960e-332c8b79f33b,False,,1.0,,,7290000.0,credito,,cuota,False,True
LD-00431,08/18/2026 15:50,WhatsApp,EMP-02,PV-009,Yuliana Ospina Restrepo,3053630263,,Santa Marta,Bajaj Discover 125,No contesta,19-08-2026,Remate Modelos 2025,yuliana ospina restrepo,573053630263,,santa marta,whatsapp,no contesta,2026-08-18 15:50:00,2026-08-19 00:00:00,bajaj discover 125,431,SKU-012,100.0,fuzzy,phone:573053630263,dc7396c7-9b46-52a8-9799-55aaa003745b,False,,1.0,,6990000.0,,,,,False,False
LD-00432,06/09/2026 14:26,Meta Ads,EMP-01,PV-002,  Freddy Quintero Mosquera  ,573166592423,,Itagui,Honda Dio 110,Sin gestión,,Agosto Cero Cuotas,freddy quintero mosquera,573166592423,,itagui,meta ads,sin gestion,2026-09-06 14:26:00,,honda dio 110,432,SKU-005,100.0,fuzzy,phone:573166592423,ea38b5c0-2616-5c63-abb6-c4e801ef94e8,False,,1.0,,6890000.0,,,,,False,False
LD-00433,21-08-2026,WhatsApp,EMP-03,PV-011,  Freddy Ospina Rodríguez  ,3181482697,freddy.ospina55@yahoo.es,BOGOTA,CB 125F Twister,contactado,08/21/2026 19:12,,freddy ospina rodriguez,573181482697,freddy.ospina55@yahoo.es,bogota,whatsapp,contactado,2026-08-21 00:00:00,2026-08-21 19:12:00,cb 125f twister,433,SKU-001,100.0,exact,phone:573181482697,b69ea4a2-baf0-58fa-9159-43864d3e7429,False,,1.0,,7990000.0,15490000.0,credito,,soat,False,False
LD-00434,25/08/2026 19:53,WHATSAPP,EMP-03,PV-012,marcela torres cardona,3127545180,,Bogotá D.C.,NKD 125,Descartado,08/26/2026 13:53,Feria de Motos 2026,marcela torres cardona,573127545180,,bogota,whatsapp,descartado,2026-08-25 19:53:00,2026-08-26 13:53:00,nkd 125,434,SKU-017,100.0,exact,phone:573127545180,10392990-b980-59c7-9e32-b05e05198197,True,10392990-b980-59c7-9e32-b05e05198197,1.0,same_phone_or_email,5290000.0,,credito,media,precio,False,True
LD-00435,2026-08-21 15:49:00,meta ads,EMP-03,PV-011,Adriana Betancur Herrera, 3149580452 ,,,HERO HUNK 160R,Sin gestión,,Retoma tu moto,adriana betancur herrera,573149580452,,,meta ads,sin gestion,2026-08-21 15:49:00,,hero hunk 160r,435,SKU-022,100.0,fuzzy,phone:573149580452,fede1bce-0f05-5450-bc3d-f32a348aa9ad,True,fede1bce-0f05-5450-bc3d-f32a348aa9ad,1.0,same_phone_or_email,10490000.0,,,,,False,False
LD-00436,2026-08-24T01:35:00,Meta Ads,EMP-03,PV-011,Luisa Arias Londoño,+57 317 2760398,,Bogotá,Evo RS 150,Sin gestión,,Retoma tu moto,luisa arias londono,573172760398,,bogota,meta ads,sin gestion,2026-08-24 01:35:00,,evo rs 150,436,SKU-020,100.0,exact,phone:573172760398,73ca017f-8650-503b-b255-fb28adf4c891,False,,1.0,,7190000.0,,,,,False,False
LD-00437,2026-08-10T14:06:00,Meta Ads,EMP-02,PV-008,Édinson Betancur Franco,316 920 7658,edinson.betancur20@gmail.com,Cartagena de Indias,Hero,Sin gestión,,Prima Extra,edinson betancur franco,573169207658,edinson.betancur20@gmail.com,cartagena de indias,meta ads,sin gestion,2026-08-10 14:06:00,,hero,437,,28.57142857142857,unmatched,phone:573169207658,6ecc2813-0e1e-56a6-8f75-a8a4eb6ac631,False,,1.0,,,24900000.0,credito,,soat,False,False
LD-00438,2026-08-15T19:23:00,WhatsApp,EMP-03,PV-012,Héctor Betancur Escobar,304 202 5090,,Bogotá,Honda Dio 110 2026,Descartado,16/08/2026 07:23,,hector betancur escobar,573042025090,,bogota,whatsapp,descartado,2026-08-15 19:23:00,2026-08-16 07:23:00,honda dio 110 2026,438,SKU-005,100.0,fuzzy,phone:573042025090,6ccb2b32-74a6-5c5d-a454-5d116650ec7d,True,6ccb2b32-74a6-5c5d-a454-5d116650ec7d,1.0,same_phone_or_email,6890000.0,,,,,False,False
LD-00439,24-08-2026,WhatsApp,EMP-02,PV-006,Julián Zapata Franco,3118089526,julian.zapata69@outlook.com,barranquilla,hero dash 110,No contesta,24/08/2026 19:20,Feria de Motos 2026,julian zapata franco,573118089526,julian.zapata69@outlook.com,barranquilla,whatsapp,no contesta,2026-08-24 00:00:00,2026-08-24 19:20:00,hero dash 110,439,SKU-024,100.0,fuzzy,phone:573118089526,95860d26-a135-5cdb-8a86-cbe0804d45c1,False,,1.0,,6290000.0,7290000.0,credito,,cuota,False,True
LD-00440,21/08/2026 17:00,Formulario Web,EMP-03,PV-015,VANESSA QUINTERO GÓMEZ,305 799 4057,,Soacha,Honda,Cotización enviada,08/22/2026 05:00,Retoma tu moto,vanessa quintero gomez,573057994057,,soacha,formulario web,cotizacion enviada,2026-08-21 17:00:00,2026-08-22 05:00:00,honda,440,,44.44444444444444,unmatched,phone:573057994057,c5235578-3fea-5e2b-a220-2854ba0799bf,False,,1.0,,,24900000.0,credito,,soat,False,False
LD-00441,2026-09-04 13:47:00,WhatsApp,EMP-02,PV-007,Estefanía Vargas Betancur,304 964 5904,estefania.vargas13@yahoo.es,Soledad,Suzuki,Descartado,09/05/2026 13:47,Feria de Motos 2026,estefania vargas betancur,573049645904,estefania.vargas13@yahoo.es,soledad,whatsapp,descartado,2026-09-04 13:47:00,2026-05-09 13:47:00,suzuki,441,,26.66666666666667,unmatched,phone:573049645904,39030b2a-74de-57d3-bf62-330d4d32b5a6,False,,1.0,,,,,,,False,False
LD-00442,08/30/2026 02:11,WhatsApp,EMP-02,PV-010,J. Pérez Arias,573001068650,julian.perez97@gmail.com,MONTERIA,Suzuki Gixxer,En proceso,31/08/2026 02:11,Prima Extra,j. perez arias,573001068650,julian.perez97@gmail.com,monteria,whatsapp,en proceso,2026-08-30 02:11:00,2026-08-31 02:11:00,suzuki gixxer,442,,75.0,unmatched,phone:573001068650,6199b445-cf69-5f84-a3d8-268303d6043b,True,6199b445-cf69-5f84-a3d8-268303d6043b,1.0,same_phone_or_email,,,,,,False,False
LD-00443,08/08/2026 12:40,Formulario Web,EMP-03,PV-015,Cristian Osorio Arias,3011085273,,SOACHA,Suzuki V-Strom 250,En proceso,08/09/2026 06:40,Agosto Cero Cuotas,cristian osorio arias,573011085273,,soacha,formulario web,en proceso,2026-08-08 12:40:00,2026-09-08 06:40:00,suzuki v-strom 250,443,SKU-015,100.0,fuzzy,phone:573011085273,5dcc8a13-10db-5cc7-bb94-9be66b6a42f7,False,,1.0,,21900000.0,,,,,False,False
LD-00444,2026-09-07 20:52:00,Meta Ads,EMP-01,PV-004,DUVÁN CORREA ZAPATA,3518120820,duvan.correa30@hotmail.com,Rio Negro,Honda XR,Contactado,07-09-2026,Remate Modelos 2025,duvan correa zapata,573518120820,duvan.correa30@hotmail.com,rio negro,meta ads,contactado,2026-09-07 20:52:00,2026-09-07 00:00:00,honda xr,444,,44.44444444444444,unmatched,phone:573518120820,1b9204e8-c492-59ea-9155-08e232c4e753,False,,1.0,,,,,,,False,False
LD-00445,2026-08-05 03:31:00,WhatsApp,EMP-02,PV-010,ÉDINSON MOSQUERA MARÍN,300-810-1396,,Montería,Suzuki GN 125,Contactado,2026-08-05T15:31:00,Prima Extra,edinson mosquera marin,573008101396,,monteria,whatsapp,contactado,2026-08-05 03:31:00,2026-08-05 15:31:00,suzuki gn 125,445,SKU-013,100.0,fuzzy,phone:573008101396,67ebf723-c3a1-55b2-a378-141ca9eb799b,False,,1.0,,7490000.0,,credito,,soat,False,False
LD-00446,2026-08-20 02:33:00,WhatsApp,EMP-03,PV-014,CRISTIAN QUINTERO JIMÉNEZ,3113049820,,Bogota DC,,contactado,2026-08-20 08:33:00,,cristian quintero jimenez,573113049820,,bogota dc,whatsapp,contactado,2026-08-20 02:33:00,2026-08-20 08:33:00,,446,,0.0,none,phone:573113049820,3b0d2a78-bfb6-59f3-9bb5-d4954463b330,False,,1.0,,,,,,,False,False
LD-00447,2026-09-10 01:57:00,Meta Ads,EMP-02,PV-008,ANDRÉS FELIPE HERRERA BETANCUR, 3140926336 ,andres.herrera6@gmail.com,CARTAGENA,Navi,No contesta,10-09-2026,Prima Extra,andres felipe herrera betancur,573140926336,andres.herrera6@gmail.com,cartagena,meta ads,no contesta,2026-09-10 01:57:00,2026-09-10 00:00:00,navi,447,SKU-004,100.0,exact,phone:573140926336,4a106cf6-d36e-5800-8301-b2b1383e2051,False,,1.0,,7290000.0,,,,,False,False
LD-00448,09/04/2026 08:53,Meta Ads,EMP-02,PV-006,Freddy Agudelo Cardona,3204233654,freddy.agudelo19@hotmail.com,barranquilla,Suzuki Best 125,Contactado,08-09-2026,Feria de Motos 2026,freddy agudelo cardona,573204233654,freddy.agudelo19@hotmail.com,barranquilla,meta ads,contactado,2026-04-09 08:53:00,2026-09-08 00:00:00,suzuki best 125,448,SKU-016,100.0,fuzzy,phone:573204233654,b13a4c93-f5b7-593e-8931-12eddad99d11,False,,1.0,,6590000.0,,credito,media,soat,False,False
LD-00449,2026-08-02T09:38:00,Meta Ads,EMP-02,PV-009,DIANA CAROLINA ZAPATA CASTAÑO,316 660 6811,,,Hero Eco,Contactado,2026-08-03 15:38:00,Feria de Motos 2026,diana carolina zapata castano,573166606811,,,meta ads,contactado,2026-08-02 09:38:00,2026-08-03 15:38:00,hero eco,449,,54.54545454545455,unmatched,phone:573166606811,ca1e1a95-2c54-560f-af26-67b120a2ec95,True,ca1e1a95-2c54-560f-af26-67b120a2ec95,1.0,same_phone_or_email,,,,,,False,False
LD-00450,20-08-2026,meta ads,EMP-01,PV-005,VANESSA HERRERA AGUDELO,3215543623,,Medellín,HERO DASH 110,Sin gestión,,Remate Modelos 2025,vanessa herrera agudelo,573215543623,,medellin,meta ads,sin gestion,2026-08-20 00:00:00,,hero dash 110,450,SKU-024,100.0,fuzzy,phone:573215543623,6a09b4d3-8cc5-5e23-8b55-595387c758c3,False,,1.0,,6290000.0,,,,,False,False
LD-00451,08/29/2026 13:44,WhatsApp,EMP-03,PV-013,natalia hernandez castano,+57 312 6452558,,BOGOTA,AKT Evo RS 150 2026,Contactado,08/29/2026 19:44,Remate Modelos 2025,natalia hernandez castano,573126452558,,bogota,whatsapp,contactado,2026-08-29 13:44:00,2026-08-29 19:44:00,akt evo rs 150 2026,451,SKU-020,100.0,fuzzy,phone:573126452558,21e07e11-44ea-56bf-b02f-74d35d033f8d,True,21e07e11-44ea-56bf-b02f-74d35d033f8d,1.0,same_phone_or_email,7190000.0,,,,,False,False
LD-00452,04-08-2026,WhatsApp,EMP-03,PV-011,Estefanía Jiménez Muñoz,3105119735,,BOGOTA,Suzuki Gixxer 150,Sin gestión,,Prima Extra,estefania jimenez munoz,573105119735,,bogota,whatsapp,sin gestion,2026-08-04 00:00:00,,suzuki gixxer 150,452,SKU-014,100.0,fuzzy,phone:573105119735,350066b1-3803-5e66-af13-6725e38543db,True,350066b1-3803-5e66-af13-6725e38543db,1.0,same_phone_or_email,11990000.0,,,,,False,False
LD-00453,08/04/2026 21:14,FORMULARIO WEB,EMP-03,PV-015,Nelson Bedoya Agudelo,313-767-7742,,Soacha,Bajaj,Sin gestión,,Prima Extra,nelson bedoya agudelo,573137677742,,soacha,formulario web,sin gestion,2026-04-08 21:14:00,,bajaj,453,,22.22222222222223,unmatched,phone:573137677742,bbdc657d-dfd5-5d16-b13c-cddcdd74c737,False,,1.0,,,11990000.0,credito,,soat,False,False
LD-00454,09/06/2026 02:28,Formulario Web,EMP-03,PV-014,Jorge Iván Osorio Herrera,3518949314,jorge.osorio41@gmail.com,Bogotá,AKT EVO RS 150,Contactado,08/09/2026 02:28,Remate Modelos 2025,jorge ivan osorio herrera,573518949314,jorge.osorio41@gmail.com,bogota,formulario web,contactado,2026-06-09 02:28:00,2026-09-08 02:28:00,akt evo rs 150,454,SKU-020,100.0,fuzzy,phone:573518949314,0ef71025-f0c9-563f-9fed-d34d45203fa2,False,,1.0,,7190000.0,,credito,,soat,False,False
LD-00455,09-08-2026,Meta Ads,EMP-01,PV-003,Katherine Vargas Jiménez,(311) 892-4494,katherine.vargas92@yahoo.es,bello,Pulsar RS 200,No contesta,09/08/2026 02:15,,katherine vargas jimenez,573118924494,katherine.vargas92@yahoo.es,bello,meta ads,no contesta,2026-08-09 00:00:00,2026-08-09 02:15:00,pulsar rs 200,455,SKU-010,100.0,exact,phone:573118924494,09d63503-0105-5184-b97f-85dabf3020b0,True,09d63503-0105-5184-b97f-85dabf3020b0,1.0,same_phone_or_email,15490000.0,,,,,False,False
LD-00456,02-09-2026,WhatsApp,EMP-01,PV-001,DIANA CAROLINA RAMÍREZ CORREA,301 114 9084,diana.ramirez86@outlook.com,Medellín ,Honda Navi,Contactado,2026-09-03 11:18:00,,diana carolina ramirez correa,573011149084,diana.ramirez86@outlook.com,medellin,whatsapp,contactado,2026-09-02 00:00:00,2026-09-03 11:18:00,honda navi,456,SKU-004,100.0,fuzzy,phone:573011149084,eff6a099-4005-5937-8c09-4b087fe1bd2e,False,,1.0,,7290000.0,6990000.0,credito,,soat,True,False
LD-00457,06/08/2026 13:56,Meta Ads,EMP-03,PV-014,SEBASTIÁN TORRES GÓMEZ,+57 317 9194641,sebastian.torres88@outlook.com,Bogotá D.C.,Bajai Dominar 400,Contactado,08/07/2026 01:56,Remate Modelos 2025,sebastian torres gomez,573179194641,sebastian.torres88@outlook.com,bogota,meta ads,contactado,2026-08-06 13:56:00,2026-07-08 01:56:00,bajai dominar 400,457,SKU-011,100.0,fuzzy,phone:573179194641,d5c51568-fc89-5dfa-8372-3a5b80bc0038,False,,1.0,,24900000.0,,,,,False,False
LD-00458,09-09-2026,WhatsApp,EMP-03,PV-012,Yuliana Londoño Castaño,320-715-9325,yuliana.londono13@gmail.com,BOGOTA,,no contesta,10-09-2026,Feria de Motos 2026,yuliana londono castano,573207159325,yuliana.londono13@gmail.com,bogota,whatsapp,no contesta,2026-09-09 00:00:00,2026-09-10 00:00:00,,458,,0.0,none,phone:573207159325,c6ad99a5-dd45-56c5-a4aa-a86596765f56,False,,1.0,,,,,,,False,False
LD-00459,2026-08-09T05:44:00,WhatsApp,EMP-01,PV-001,Angie Paola Betancur Osorio, 3217354999 ,,Medellín ,Bajaj,En proceso,09/08/2026 17:44,Retoma tu moto,angie paola betancur osorio,573217354999,,medellin,whatsapp,en proceso,2026-08-09 05:44:00,2026-08-09 17:44:00,bajaj,459,,22.22222222222223,unmatched,phone:573217354999,d1dfafef-1bd2-50a7-b1d3-c3b8f9309f92,False,,1.0,,,,credito,baja,precio,False,True
LD-00460,26/08/2026 11:59,Meta Ads,EMP-03,PV-013,  Nelson Giraldo Mosquera  ,310-967-3083,,Bogotá,Honda XRE 300 2026,Sin gestión,,Feria de Motos 2026,nelson giraldo mosquera,573109673083,,bogota,meta ads,sin gestion,2026-08-26 11:59:00,,honda xre 300 2026,460,SKU-006,100.0,fuzzy,phone:573109673083,c4835194-e0de-5df9-81fc-6f9235768911,False,,1.0,,22900000.0,,,,,False,False
LD-00461,2026-08-27 08:39:00,WhatsApp,EMP-03,PV-013,Freddy Pérez Valencia,316 240 0513,freddy.perez85@outlook.com,BOGOTA,Hunk 160R,Contactado,27-08-2026,Feria de Motos 2026,freddy perez valencia,573162400513,freddy.perez85@outlook.com,bogota,whatsapp,contactado,2026-08-27 08:39:00,2026-08-27 00:00:00,hunk 160r,461,SKU-022,100.0,exact,phone:573162400513,0640d2e7-aa41-5580-b2c2-66f00a5ef431,False,,1.0,,10490000.0,,,,,False,False
LD-00462,28/08/2026 11:08,WhatsApp,EMP-02,PV-006,Wilmar Agudelo Arias,302-168-2389,wilmar.agudelo82@yahoo.es,B/quilla,Bajaj,Cotización enviada,2026-08-30T11:08:00,,wilmar agudelo arias,573021682389,wilmar.agudelo82@yahoo.es,b/quilla,whatsapp,cotizacion enviada,2026-08-28 11:08:00,2026-08-30 11:08:00,bajaj,462,,22.22222222222223,unmatched,phone:573021682389,b8942f89-148b-5c94-a4e9-a1fbafbfd3b3,False,,1.0,,,,credito,,soat,False,False
LD-00463,2026-08-11 17:37:00,WhatsApp,EMP-01,PV-005,Carlos Mario Herrera Pérez,3113407285,carlos.herrera34@gmail.com,Medellin,Suzuki  Best 125,contactado,13/08/2026 17:37,Prima Extra,carlos mario herrera perez,573113407285,carlos.herrera34@gmail.com,medellin,whatsapp,contactado,2026-08-11 17:37:00,2026-08-13 17:37:00,suzuki best 125,463,SKU-016,100.0,fuzzy,phone:573113407285,9cd3cfbb-e477-5e74-9e02-d7bcaa58ddb3,False,,1.0,,6590000.0,,,,,False,False
LD-00464,08-08-2026,whatsapp,EMP-02,PV-008,Carlos Mario Betancur Vargas,320-807-2788,carlos.betancur4@yahoo.es,Cartagena,,SIN GESTION,,Feria de Motos 2026,carlos mario betancur vargas,573208072788,carlos.betancur4@yahoo.es,cartagena,whatsapp,sin gestion,2026-08-08 00:00:00,,,464,,0.0,none,phone:573208072788,11ba6faa-c10b-5926-a637-93996313bdee,False,,1.0,,,,,,,False,False
LD-00465,2026-08-20 09:30:00,WhatsApp,EMP-02,PV-008,Luisa Muñoz Herrera,311 652 3563,,Cartagena de Indias,Bajaj Boxer CT 100,contactado,08/20/2026 13:30,Remate Modelos 2025,luisa munoz herrera,573116523563,,cartagena de indias,whatsapp,contactado,2026-08-20 09:30:00,2026-08-20 13:30:00,bajaj boxer ct 100,465,SKU-007,100.0,fuzzy,phone:573116523563,ad8c4ae7-d77e-50a5-923b-e6cb77491227,False,,1.0,,5790000.0,14990000.0,credito,media,soat,True,False
LD-00466,2026-09-09 07:38:00,Meta Ads,EMP-03,PV-015,Camilo Mosquera Pérez,+57 350 7934063,,Soacha,Honda CB 190R 2026,Contactado,09/11/2026 07:38,Feria de Motos 2026,camilo mosquera perez,573507934063,,soacha,meta ads,contactado,2026-09-09 07:38:00,2026-11-09 07:38:00,honda cb 190r 2026,466,SKU-003,100.0,fuzzy,phone:573507934063,d1f81d5b-f527-5a2f-b77e-00a272ed35f8,False,,1.0,,13990000.0,6990000.0,credito,media,cuota,False,True
LD-00467,02/09/2026 23:00,WhatsApp,EMP-02,PV-010,Duván Mosquera Herrera,(318) 935-1724,duvan.mosquera94@outlook.com,MONTERIA,Honda CB 125F Twister,En proceso,03-09-2026,Feria de Motos 2026,duvan mosquera herrera,573189351724,duvan.mosquera94@outlook.com,monteria,whatsapp,en proceso,2026-09-02 23:00:00,2026-09-03 00:00:00,honda cb 125f twister,467,SKU-001,100.0,fuzzy,phone:573189351724,a6b653e5-2d73-547b-8d64-76b2e726475f,False,,1.0,,7990000.0,,,,,False,False
LD-00468,2026-09-03T10:30:00,WhatsApp,EMP-01,PV-003,FABIÁN PÉREZ MOSQUERA,317 530 3448,,bello,Hero Xpulse 200,Cotización enviada,,Prima Extra,fabian perez mosquera,573175303448,,bello,whatsapp,cotizacion enviada,2026-09-03 10:30:00,,hero xpulse 200,468,SKU-023,100.0,fuzzy,phone:573175303448,5ad3a190-e938-5bab-9862-6ffff596e4d2,False,,1.0,,14990000.0,,,,,False,False
LD-00469,03/08/2026 19:30,WhatsApp,EMP-03,PV-012,Diana Carolina Ospina Herrera,312-221-4041,,Bogota DC,Suzuki Best 125,Sin gestión,,Agosto Cero Cuotas,diana carolina ospina herrera,573122214041,,bogota dc,whatsapp,sin gestion,2026-08-03 19:30:00,,suzuki best 125,469,SKU-016,100.0,fuzzy,phone:573122214041,7a478f70-5ded-5f16-934a-7719244a5bb2,False,,1.0,,6590000.0,,credito,media,precio,False,True
LD-00470,19/08/2026 09:56,Meta Ads,EMP-03,PV-012,Paula Andrea Londoño Ramírez,3050154753,paula.londono33@gmail.com,Bogota DC,Hero Dash 110 2026,Contactado,2026-08-19T15:56:00,Feria de Motos 2026,paula andrea londono ramirez,573050154753,paula.londono33@gmail.com,bogota dc,meta ads,contactado,2026-08-19 09:56:00,2026-08-19 15:56:00,hero dash 110 2026,470,SKU-024,100.0,fuzzy,phone:573050154753,e82062f5-e521-5cb6-9ae2-052e46b8203c,False,,1.0,,6290000.0,6290000.0,credito,,soat,False,False
LD-00471,17/08/2026 06:53,WhatsApp,EMP-03,PV-013,Vanessa Ospina Zapata,3004559001,,Bogota,Honda CB 125F Twister 2026,Contactado,08/18/2026 12:53,,vanessa ospina zapata,573004559001,,bogota,whatsapp,contactado,2026-08-17 06:53:00,2026-08-18 12:53:00,honda cb 125f twister 2026,471,SKU-001,100.0,fuzzy,phone:573004559001,9a4bd15e-8def-5d10-98b9-89d699607eba,False,,1.0,,7990000.0,,,,,False,False
LD-00472,2026-08-15 16:37:00,WhatsApp,EMP-03,PV-015,  Diana Carolina Rodríguez Osorio  ,318-909-8404,,Soacha,Bajaj Boxer CT 100,contactado,16-08-2026,Feria de Motos 2026,diana carolina rodriguez osorio,573189098404,,soacha,whatsapp,contactado,2026-08-15 16:37:00,2026-08-16 00:00:00,bajaj boxer ct 100,472,SKU-007,100.0,fuzzy,phone:573189098404,d6e98e55-fddb-50f6-816d-c1eaea0338cf,False,,1.0,,5790000.0,,,,,False,False
LD-00473,2026-08-11 07:54:00,WhatsApp,EMP-02,PV-006,  Paula Andrea Betancur Arias  ,3517401198,paula.betancur13@outlook.com,Barranquilla,Bajaj Pulsar NS 160,Cotización enviada,12/08/2026 13:54,Retoma tu moto,paula andrea betancur arias,573517401198,paula.betancur13@outlook.com,barranquilla,whatsapp,cotizacion enviada,2026-08-11 07:54:00,2026-08-12 13:54:00,bajaj pulsar ns 160,473,SKU-009,100.0,fuzzy,phone:573517401198,77349faa-46f0-5dbe-bd53-7930c447159c,True,77349faa-46f0-5dbe-bd53-7930c447159c,1.0,same_phone_or_email,11290000.0,,credito,media,precio,False,True
LD-00474,2026-08-23 18:08:00,WhatsApp,EMP-01,PV-004,  Fabián Agudelo Franco  ,+57 313 7126011,fabian.agudelo28@yahoo.es,Rionegro,Hero Dash 110 2026,sin gestion,,Prima Extra,fabian agudelo franco,573137126011,fabian.agudelo28@yahoo.es,rionegro,whatsapp,sin gestion,2026-08-23 18:08:00,,hero dash 110 2026,474,SKU-024,100.0,fuzzy,phone:573137126011,4edf0aba-eee4-5c2a-ade2-5e73ab4edb3f,False,,1.0,,6290000.0,,,,,False,False
LD-00475,2026-08-09T16:12:00,meta ads,EMP-02,PV-008,Claudia Patricia Muñoz Bedoya,3102551697,claudia.munoz58@outlook.com,Cartagena,A.K.T Evo RS 150,Contactado,10-08-2026,Feria de Motos 2026,claudia patricia munoz bedoya,573102551697,claudia.munoz58@outlook.com,cartagena,meta ads,contactado,2026-08-09 16:12:00,2026-08-10 00:00:00,a.k.t evo rs 150,475,SKU-020,100.0,fuzzy,phone:573102551697,7d7d0f81-5035-5bc4-a87b-6e76834b5da3,True,7d7d0f81-5035-5bc4-a87b-6e76834b5da3,1.0,same_phone_or_email,7190000.0,,,,,False,False
LD-00476,08/12/2026 18:30,Meta Ads,EMP-01,PV-005,Óscar David Salazar Herrera,3217811330,,MEDELLIN,,no contesta,16/08/2026 18:30,Agosto Cero Cuotas,oscar david salazar herrera,573217811330,,medellin,meta ads,no contesta,2026-12-08 18:30:00,2026-08-16 18:30:00,,476,,0.0,none,phone:573217811330,0eafdc47-1300-5bd3-ad63-7e96a9ad9188,False,,1.0,,,,,,,False,False
LD-00477,08/08/2026 08:16,WhatsApp,EMP-03,PV-014,Claudia Patricia Muñoz Bedoya,+57 310 2551697,claudia.munoz69@gmail.com,Bogotá,HONDA CB 125F TWISTER,No contesta,2026-08-08 09:16:00,Remate Modelos 2025,claudia patricia munoz bedoya,573102551697,claudia.munoz69@gmail.com,bogota,whatsapp,no contesta,2026-08-08 08:16:00,2026-08-08 09:16:00,honda cb 125f twister,477,SKU-001,100.0,fuzzy,phone:573102551697,7d7d0f81-5035-5bc4-a87b-6e76834b5da3,True,7d7d0f81-5035-5bc4-a87b-6e76834b5da3,1.0,same_phone_or_email,7990000.0,,,,,False,False
LD-00478,10/08/2026 07:35,WhatsApp,EMP-02,PV-010,Estefanía Correa Gómez, 3108607336 ,,Monteria,Bajaj Discover 125 2026,Contactado,2026-08-10T08:35:00,Feria de Motos 2026,estefania correa gomez,573108607336,,monteria,whatsapp,contactado,2026-08-10 07:35:00,2026-08-10 08:35:00,bajaj discover 125 2026,478,SKU-012,100.0,fuzzy,phone:573108607336,c32be9e3-bdd0-555c-ac3c-a4138ffad0f5,False,,1.0,,6990000.0,,,,,False,False
LD-00479,2026-08-07 16:14:00,Formulario Web,EMP-02,PV-006,Jorge Iván Herrera Bedoya,3006527110,jorge.herrera19@yahoo.es,Barranquilla,Suzuki  Gixxer 150,No contesta,,,jorge ivan herrera bedoya,573006527110,jorge.herrera19@yahoo.es,barranquilla,formulario web,no contesta,2026-08-07 16:14:00,,suzuki gixxer 150,479,SKU-014,100.0,fuzzy,phone:573006527110,25e807fb-aed5-5525-9b76-88b1658d48d0,False,,1.0,,11990000.0,,,,,False,False
LD-00480,2026-08-02 20:23:00,whatsapp,EMP-03,PV-013,  Sandra Milena Arias Valencia  ,+57 312 3308292,sandra.arias17@hotmail.com,Bogota,AKT TTR 200,Sin gestión,,Prima Extra,sandra milena arias valencia,573123308292,sandra.arias17@hotmail.com,bogota,whatsapp,sin gestion,2026-08-02 20:23:00,,akt ttr 200,480,SKU-019,100.0,fuzzy,phone:573123308292,c7bc75af-3b07-5c60-bf2c-43fc987e8231,False,,1.0,,9890000.0,,,,,False,False
LD-00481,23/08/2026 08:12,WhatsApp,EMP-03,PV-015,Andrés Felipe Rodríguez Pérez, 3008467434 ,andres.rodriguez55@gmail.com,SOACHA,bajaj pulsar rs 200,Descartado,2026-08-24T14:12:00,Prima Extra,andres felipe rodriguez perez,573008467434,andres.rodriguez55@gmail.com,soacha,whatsapp,descartado,2026-08-23 08:12:00,2026-08-24 14:12:00,bajaj pulsar rs 200,481,SKU-010,100.0,fuzzy,phone:573008467434,1399bc6b-ad93-5072-9d98-aa7e4393eaf4,False,,1.0,,15490000.0,5790000.0,credito,media,cuota,False,True
LD-00482,2026-08-25 14:06:00,WhatsApp,EMP-03,PV-012,LEIDY JOHANA MARÍN CARDONA,(320) 106-6160,leidy.marin72@yahoo.es,,Honda XR 150L 2026,Contactado,26-08-2026,Remate Modelos 2025,leidy johana marin cardona,573201066160,leidy.marin72@yahoo.es,,whatsapp,contactado,2026-08-25 14:06:00,2026-08-26 00:00:00,honda xr 150l 2026,482,SKU-002,100.0,fuzzy,phone:573201066160,c1267aa2-685f-5ddb-850e-1bb80c63bdff,False,,1.0,,11490000.0,9890000.0,credito,media,cuota,False,True
LD-00483,2026-08-31T07:20:00,WhatsApp,EMP-03,PV-013,LEIDY JOHANA FRANCO SALAZAR,300-574-1545,,Bogotá D.C.,V-Strom 250,En proceso,31/08/2026 13:20,Retoma tu moto,leidy johana franco salazar,573005741545,,bogota,whatsapp,en proceso,2026-08-31 07:20:00,2026-08-31 13:20:00,v-strom 250,483,SKU-015,100.0,exact,phone:573005741545,72d1a04a-b5d1-52f5-97fd-ad282ade5cf0,True,72d1a04a-b5d1-52f5-97fd-ad282ade5cf0,1.0,same_phone_or_email,21900000.0,24900000.0,credito,,cuota,False,True
LD-00484,08/11/2026 08:47,WHATSAPP,EMP-02,PV-008,Brayan Restrepo Ospina,3135091726,,Cartagena,suzuki best 125,No contesta,12-08-2026,Remate Modelos 2025,brayan restrepo ospina,573135091726,,cartagena,whatsapp,no contesta,2026-11-08 08:47:00,2026-08-12 00:00:00,suzuki best 125,484,SKU-016,100.0,fuzzy,phone:573135091726,375ed8cd-3f9b-5791-b89e-c4a86eaef68b,False,,1.0,,6590000.0,11290000.0,credito,,soat,False,False
LD-00485,2026-08-12T01:49:00,WhatsApp,EMP-02,PV-006,  Wilmar Ospina Herrera  ,351 391 6848,,Barranquilla,AKT NKD 125,Descartado,2026-08-16 01:49:00,,wilmar ospina herrera,573513916848,,barranquilla,whatsapp,descartado,2026-08-12 01:49:00,2026-08-16 01:49:00,akt nkd 125,485,SKU-017,100.0,fuzzy,phone:573513916848,f781c402-5010-5cbe-9e20-4838ce83bbaf,False,,1.0,,5290000.0,5790000.0,credito,,cuota,False,True
LD-00486,2026-08-05T21:05:00,WhatsApp,EMP-02,PV-006,Cristian Muñoz Agudelo,573104410286,cristian.munoz10@hotmail.com,barranquilla,Hero Hunk 160R,contactado,06-08-2026,Feria de Motos 2026,cristian munoz agudelo,573104410286,cristian.munoz10@hotmail.com,barranquilla,whatsapp,contactado,2026-08-05 21:05:00,2026-08-06 00:00:00,hero hunk 160r,486,SKU-022,100.0,fuzzy,phone:573104410286,5105cf40-2a5d-5f1d-be14-4505be1a9fa4,False,,1.0,,10490000.0,,,,,False,False
LD-00487,2026-09-02 17:42:00,Meta Ads,EMP-01,PV-003,Adriana Restrepo Ospina,573029976024,,Bello,,sin gestion,,,adriana restrepo ospina,573029976024,,bello,meta ads,sin gestion,2026-09-02 17:42:00,,,487,,0.0,none,phone:573029976024,02275aee-da1b-5bff-9806-3023ec8a600f,False,,1.0,,,,,,,False,False
LD-00488,06/08/2026 03:26,WhatsApp,EMP-01,PV-003,Nelson Marín Castaño,305 238 1002,,bello,Honda Dio 110 2026,Contactado,,,nelson marin castano,573052381002,,bello,whatsapp,contactado,2026-08-06 03:26:00,,honda dio 110 2026,488,SKU-005,100.0,fuzzy,phone:573052381002,d1ab8d41-69df-5709-85cb-fa72c4dd83f7,True,d1ab8d41-69df-5709-85cb-fa72c4dd83f7,1.0,same_phone_or_email,6890000.0,,,,,False,False
LD-00489,2026-08-03 15:53:00,WhatsApp,EMP-01,PV-002,  Freddy Bedoya Valencia  ,316 116 6102,,Itagui,GN 125,No contesta,04/08/2026 09:53,Retoma tu moto,freddy bedoya valencia,573161166102,,itagui,whatsapp,no contesta,2026-08-03 15:53:00,2026-08-04 09:53:00,gn 125,489,SKU-013,100.0,exact,phone:573161166102,32cb7ebe-dabb-5a45-8737-b2a20c8fd342,False,,1.0,,7490000.0,,,,,False,False
LD-00490,2026-08-16 19:58:00,WhatsApp,EMP-03,PV-014,Nelson Rodríguez Castaño,3172037071,nelson.rodriguez32@outlook.com,Bogotá D.C.,AKT TTR 200,En proceso,16/08/2026 21:58,,nelson rodriguez castano,573172037071,nelson.rodriguez32@outlook.com,bogota,whatsapp,en proceso,2026-08-16 19:58:00,2026-08-16 21:58:00,akt ttr 200,490,SKU-019,100.0,fuzzy,phone:573172037071,105f7094-c475-5cef-9021-e322bf562d9a,False,,1.0,,9890000.0,,,,,False,False
LD-00491,20/08/2026 23:53,META ADS,EMP-03,PV-015,JUAN CARLOS RESTREPO OSPINA,318 179 1662,,Soacha,Bajaj Dominar 400,Contactado,22/08/2026 05:53,Agosto Cero Cuotas,juan carlos restrepo ospina,573181791662,,soacha,meta ads,contactado,2026-08-20 23:53:00,2026-08-22 05:53:00,bajaj dominar 400,491,SKU-011,100.0,fuzzy,phone:573181791662,42e80c59-e4eb-5534-9afa-2760ab2f77de,True,42e80c59-e4eb-5534-9afa-2760ab2f77de,1.0,same_phone_or_email,24900000.0,,,,,False,False
LD-00492,2026-09-06 21:04:00,Meta Ads,EMP-01,PV-003,Luisa Mosquera Jiménez,3043961234,,bello,,sin gestion,,Prima Extra,luisa mosquera jimenez,573043961234,,bello,meta ads,sin gestion,2026-09-06 21:04:00,,,492,,0.0,none,phone:573043961234,a602facb-1fd7-5cc0-ae7a-719ef76e8e5f,False,,1.0,,,,,,,False,False
LD-00493,2026-09-07 07:45:00,WhatsApp,EMP-01,PV-002,Alexander Agudelo Salazar,311-436-0750,alexander.agudelo96@yahoo.es,Itagui,HONDA NAVI,Sin gestión,,Remate Modelos 2025,alexander agudelo salazar,573114360750,alexander.agudelo96@yahoo.es,itagui,whatsapp,sin gestion,2026-09-07 07:45:00,,honda navi,493,SKU-004,100.0,fuzzy,phone:573114360750,d8b720d7-d3dc-5cc4-a3e1-8f20b10cc8cf,False,,1.0,,7290000.0,,credito,baja,precio,False,True
LD-00494,12/08/2026 07:54,Meta Ads,EMP-01,PV-004,Brayan Agudelo Muñoz, 3009210504 ,,Rio Negro,akt dynamic r3 125,Cotización enviada,08/12/2026 09:54,,brayan agudelo munoz,573009210504,,rio negro,meta ads,cotizacion enviada,2026-08-12 07:54:00,2026-12-08 09:54:00,akt dynamic r3 125,494,SKU-018,100.0,fuzzy,phone:573009210504,6a04725f-de33-5790-8ed7-80cdbf9bf483,False,,1.0,,5590000.0,9890000.0,credito,media,cuota,False,True
LD-00495,08/09/2026 20:15,whatsapp,EMP-03,PV-011,Sebastián Escobar Osorio,3226503025,sebastian.escobar61@hotmail.com,bogotá,,Sin gestión,,Remate Modelos 2025,sebastian escobar osorio,573226503025,sebastian.escobar61@hotmail.com,bogota,whatsapp,sin gestion,2026-09-08 20:15:00,,,495,,0.0,none,phone:573226503025,ee9bb403-849b-5e88-b139-dee21bf10fb6,False,,1.0,,,,,,,False,False
LD-00496,2026-08-03 11:07:00,WhatsApp,EMP-01,PV-001,Paula Andrea Marín Mosquera,302 350 2916,paula.marin10@hotmail.com,medellin,Hero Hunk 160R,En proceso,08/03/2026 23:07,Agosto Cero Cuotas,paula andrea marin mosquera,573023502916,paula.marin10@hotmail.com,medellin,whatsapp,en proceso,2026-08-03 11:07:00,2026-03-08 23:07:00,hero hunk 160r,496,SKU-022,100.0,fuzzy,phone:573023502916,f9de4f22-b844-57df-b989-f4f6cce7c4c8,False,,1.0,,10490000.0,,,,,False,False
LD-00497,08/02/2026 10:33,WhatsApp,EMP-01,PV-002,F. Gómez Betancur,321 900 7755,fabian.gomez75@hotmail.com,,Honda  CB 125F Twister,Cotización enviada,2026-08-02 14:33:00,,f. gomez betancur,573219007755,fabian.gomez75@hotmail.com,,whatsapp,cotizacion enviada,2026-02-08 10:33:00,2026-08-02 14:33:00,honda cb 125f twister,497,SKU-001,100.0,fuzzy,phone:573219007755,e2081755-7f2b-5c94-a63b-f7fc0aa53601,True,e2081755-7f2b-5c94-a63b-f7fc0aa53601,1.0,same_phone_or_email,7990000.0,5290000.0,credito,media,cuota,False,True
LD-00498,2026-08-18T20:10:00,Meta Ads,EMP-01,PV-004,  Óscar David Valencia Gómez  ,+57 314 9495459,oscar.valencia32@hotmail.com,Rio Negro,Bajai Pulsar RS 200,Contactado,19-08-2026,Retoma tu moto,oscar david valencia gomez,573149495459,oscar.valencia32@hotmail.com,rio negro,meta ads,contactado,2026-08-18 20:10:00,2026-08-19 00:00:00,bajai pulsar rs 200,498,SKU-010,100.0,fuzzy,phone:573149495459,d45e0c10-62df-543f-a197-0e70bae38f6c,False,,1.0,,15490000.0,,credito,,soat,False,False
LD-00499,2026-08-23T21:18:00,WhatsApp,EMP-01,PV-004,  Katherine Restrepo Marín  ,3124120054,,Rio Negro,,SIN GESTION,,Agosto Cero Cuotas,katherine restrepo marin,573124120054,,rio negro,whatsapp,sin gestion,2026-08-23 21:18:00,,,499,,0.0,none,phone:573124120054,f190a7a4-7853-501a-86e0-19c59e82ef1b,False,,1.0,,,,,,,False,False
LD-00500,2026-08-18T00:38:00,Meta Ads,EMP-01,PV-003,ADRIANA MUÑOZ BETANCUR,305-933-2906,adriana.munoz41@hotmail.com,Bello,BAJAJ PULSAR RS 200,no contesta,18/08/2026 04:38,Feria de Motos 2026,adriana munoz betancur,573059332906,adriana.munoz41@hotmail.com,bello,meta ads,no contesta,2026-08-18 00:38:00,2026-08-18 04:38:00,bajaj pulsar rs 200,500,SKU-010,100.0,fuzzy,phone:573059332906,8b47332e-457b-5e01-833f-92ba2062a63f,False,,1.0,,15490000.0,,,,,False,False
LD-00501,2026-08-21 17:11:00,Meta Ads,EMP-03,PV-011,  Kevin Ramírez Correa  ,+57 301 3523799,,Bogota DC,Suzuki V-Strom 250,No contesta,2026-08-24 17:11:00,Agosto Cero Cuotas,kevin ramirez correa,573013523799,,bogota dc,meta ads,no contesta,2026-08-21 17:11:00,2026-08-24 17:11:00,suzuki v-strom 250,501,SKU-015,100.0,fuzzy,phone:573013523799,052e6cd1-d20e-5a48-b982-6c9434d057e4,False,,1.0,,21900000.0,,,,,False,False
LD-00502,2026-08-16 19:14:00,WhatsApp,EMP-02,PV-010,Fabián Ramírez Mosquera,315-739-8961,fabian.ramirez50@gmail.com,Monteria,AKT TTR 200,Cotización enviada,,,fabian ramirez mosquera,573157398961,fabian.ramirez50@gmail.com,monteria,whatsapp,cotizacion enviada,2026-08-16 19:14:00,,akt ttr 200,502,SKU-019,100.0,fuzzy,phone:573157398961,82bf142a-9afa-56f5-b3df-4be9d43e3883,False,,1.0,,9890000.0,14990000.0,credito,,cuota,False,True
LD-00503,07/08/2026 15:37,Meta Ads,EMP-01,PV-001,María Fernanda Quintero Correa,316 125 6934,,Medellín,Hero Hunk 160R 2026,No contesta,08/07/2026 16:37,,maria fernanda quintero correa,573161256934,,medellin,meta ads,no contesta,2026-08-07 15:37:00,2026-07-08 16:37:00,hero hunk 160r 2026,503,SKU-022,100.0,fuzzy,phone:573161256934,2b0574c1-8d23-57d3-ac99-dad49e4b5c48,False,,1.0,,10490000.0,6990000.0,credito,,soat,False,False
LD-00504,08/03/2026 23:11,WhatsApp,EMP-02,PV-010,Jhon Jairo Bedoya Vargas,573162953563,,Montería,honda dio 110,Sin gestión,,Feria de Motos 2026,jhon jairo bedoya vargas,573162953563,,monteria,whatsapp,sin gestion,2026-03-08 23:11:00,,honda dio 110,504,SKU-005,100.0,fuzzy,phone:573162953563,dde66b7e-7c23-5fc8-8b4a-97fb6c073100,False,,1.0,,6890000.0,,credito,,soat,True,False
LD-00505,19/08/2026 06:13,WHATSAPP,EMP-02,PV-010,Andrés Felipe Ospina Hernández,3134806014,andres.ospina34@gmail.com,Montería,hero xpulse 200,No contesta,2026-08-23T06:13:00,Remate Modelos 2025,andres felipe ospina hernandez,573134806014,andres.ospina34@gmail.com,monteria,whatsapp,no contesta,2026-08-19 06:13:00,2026-08-23 06:13:00,hero xpulse 200,505,SKU-023,100.0,fuzzy,phone:573134806014,6cf5903f-4d9f-5d98-8926-2ad7bfe22635,False,,1.0,,14990000.0,,,,,False,False
LD-00506,04/09/2026 06:34,WhatsApp,EMP-03,PV-013,  Brayan Salazar Ramírez  ,310-183-0383,,Bogotá,HONDA CB 190R,Sin gestión,,,brayan salazar ramirez,573101830383,,bogota,whatsapp,sin gestion,2026-09-04 06:34:00,,honda cb 190r,506,SKU-003,100.0,fuzzy,phone:573101830383,40f7cce0-6372-563f-ba8e-4b7d39b229f5,False,,1.0,,13990000.0,8990000.0,credito,,soat,False,True
LD-00507,2026-08-27 14:44:00,WHATSAPP,EMP-03,PV-013,Paula Andrea Marín Vargas,(323) 032-7821,,bogotá,Hero Hunk 160R,SIN GESTION,,Feria de Motos 2026,paula andrea marin vargas,573230327821,,bogota,whatsapp,sin gestion,2026-08-27 14:44:00,,hero hunk 160r,507,SKU-022,100.0,fuzzy,phone:573230327821,e82540fa-c625-5be7-a6ce-86209d15c40c,False,,1.0,,10490000.0,,,,,False,False
LD-00508,2026-08-28 12:33:00,META ADS,EMP-03,PV-014,edinson franco giraldo,573029816697,edinson.franco51@outlook.com,Bogota,HERO DASH 110,Sin gestión,,Remate Modelos 2025,edinson franco giraldo,573029816697,edinson.franco51@outlook.com,bogota,meta ads,sin gestion,2026-08-28 12:33:00,,hero dash 110,508,SKU-024,100.0,fuzzy,phone:573029816697,b847d75c-cf3f-577d-afd6-fafa22b68bae,True,b847d75c-cf3f-577d-afd6-fafa22b68bae,1.0,same_phone_or_email,6290000.0,,credito,baja,precio,False,True
LD-00509,20/08/2026 07:37,WhatsApp,EMP-02,PV-008,JUAN CARLOS MOSQUERA ZAPATA,(304) 934-8199,juan.mosquera51@yahoo.es,CARTAGENA,Bajaj Dominar 400,Descartado,08/20/2026 13:37,Agosto Cero Cuotas,juan carlos mosquera zapata,573049348199,juan.mosquera51@yahoo.es,cartagena,whatsapp,descartado,2026-08-20 07:37:00,2026-08-20 13:37:00,bajaj dominar 400,509,SKU-011,100.0,fuzzy,phone:573049348199,c062031c-d59e-598d-bea6-3ef3566c0979,False,,1.0,,24900000.0,,,,,False,False
LD-00510,2026-08-12 11:24:00,WhatsApp,EMP-02,PV-010,  Brayan Ospina Mosquera  , 3006290817 ,brayan.ospina38@outlook.com,Montería,Honda Navi 2026,Contactado,2026-08-13 17:24:00,,brayan ospina mosquera,573006290817,brayan.ospina38@outlook.com,monteria,whatsapp,contactado,2026-08-12 11:24:00,2026-08-13 17:24:00,honda navi 2026,510,SKU-004,100.0,fuzzy,phone:573006290817,31bd7f43-f917-58f9-88ce-00a63c298b8b,False,,1.0,,7290000.0,,,,,False,False
LD-00511,09-08-2026,WhatsApp,EMP-02,PV-010,  Vanessa Valencia Betancur  ,322 199 5519,,MONTERIA,Suzuki Best 125 2026,Descartado,13-08-2026,,vanessa valencia betancur,573221995519,,monteria,whatsapp,descartado,2026-08-09 00:00:00,2026-08-13 00:00:00,suzuki best 125 2026,511,SKU-016,100.0,fuzzy,phone:573221995519,b26fa1cf-b0ad-5e9f-987e-d2ad6185b004,False,,1.0,,6590000.0,,,,,False,False
LD-00512,04-08-2026,WhatsApp,EMP-03,PV-012,Angie Paola Agudelo Ospina,301-964-5786,angie.agudelo53@hotmail.com,Bogotá D.C.,Suzuki Best 125,Cotización enviada,04/08/2026 20:29,,angie paola agudelo ospina,573019645786,angie.agudelo53@hotmail.com,bogota,whatsapp,cotizacion enviada,2026-08-04 00:00:00,2026-08-04 20:29:00,suzuki best 125,512,SKU-016,100.0,fuzzy,phone:573019645786,53780bb2-14ce-595b-996c-6ba56ccecb6f,True,53780bb2-14ce-595b-996c-6ba56ccecb6f,1.0,same_phone_or_email,6590000.0,,,,,False,False
LD-00513,2026-09-05 13:21:00,Meta Ads,EMP-01,PV-001,Cristian Bedoya Valencia,305 365 6821,,MEDELLIN,Honda  Dio 110,En proceso,2026-09-05 15:21:00,Feria de Motos 2026,cristian bedoya valencia,573053656821,,medellin,meta ads,en proceso,2026-09-05 13:21:00,2026-09-05 15:21:00,honda dio 110,513,SKU-005,100.0,fuzzy,phone:573053656821,615d2dcb-7f69-5f7b-8ed0-82261760a49b,False,,1.0,,6890000.0,,,,,False,False
LD-00514,2026-08-11 14:33:00,Meta Ads,EMP-01,PV-003,  Leidy Johana Herrera Ramírez  ,+57 350 0942394,,Bello,honda xr 150l,Sin gestión,,Feria de Motos 2026,leidy johana herrera ramirez,573500942394,,bello,meta ads,sin gestion,2026-08-11 14:33:00,,honda xr 150l,514,SKU-002,100.0,fuzzy,phone:573500942394,fd107060-9ed7-5ea8-b749-78d6d7b378dd,True,fd107060-9ed7-5ea8-b749-78d6d7b378dd,1.0,same_phone_or_email,11490000.0,,,,,False,False
LD-00515,2026-08-21 03:50:00,Formulario Web,EMP-02,PV-006,  Julián Mosquera Betancur  ,3511584468,,barranquilla,TTR 200,no contesta,2026-08-21T05:50:00,,julian mosquera betancur,573511584468,,barranquilla,formulario web,no contesta,2026-08-21 03:50:00,2026-08-21 05:50:00,ttr 200,515,SKU-019,100.0,exact,phone:573511584468,6f2e8339-f4e0-5fb2-8fb9-b5715a0ef355,False,,1.0,,9890000.0,11290000.0,credito,media,soat,True,False
LD-00516,18/08/2026 07:31,WHATSAPP,EMP-02,PV-009,  Diana Carolina Herrera Zapata  ,(321) 002-9464,,SANTA MARTA,AKT TTR 200,En proceso,21-08-2026,Remate Modelos 2025,diana carolina herrera zapata,573210029464,,santa marta,whatsapp,en proceso,2026-08-18 07:31:00,2026-08-21 00:00:00,akt ttr 200,516,SKU-019,100.0,fuzzy,phone:573210029464,23c4a2b3-e7eb-5f16-82b3-ceaae10efb0c,True,23c4a2b3-e7eb-5f16-82b3-ceaae10efb0c,1.0,same_phone_or_email,9890000.0,7490000.0,credito,,soat,False,False
LD-00517,2026-08-03 04:32:00,WhatsApp,EMP-01,PV-001,Andrés Felipe Giraldo Franco, 3146351469 ,andres.giraldo8@outlook.com,Medellín,Honda Navi,En proceso,,,andres felipe giraldo franco,573146351469,andres.giraldo8@outlook.com,medellin,whatsapp,en proceso,2026-08-03 04:32:00,,honda navi,517,SKU-004,100.0,fuzzy,phone:573146351469,6645de7f-48fb-5420-9c74-1950492aa448,False,,1.0,,7290000.0,,,,,False,False
LD-00518,2026-08-08 17:39:00,Formulario Web,EMP-01,PV-001,Óscar David Franco Ospina,304-400-3757,,Medellin,SUZUKI V-STROM 250,Cotización enviada,08-08-2026,,oscar david franco ospina,573044003757,,medellin,formulario web,cotizacion enviada,2026-08-08 17:39:00,2026-08-08 00:00:00,suzuki v-strom 250,518,SKU-015,100.0,fuzzy,phone:573044003757,002ff43b-e99b-50a7-8325-ba9cdcef383f,True,002ff43b-e99b-50a7-8325-ba9cdcef383f,1.0,same_phone_or_email,21900000.0,,,,,False,False
LD-00519,2026-08-21 23:01:00,Formulario Web,EMP-02,PV-010,ADRIANA VARGAS MOSQUERA,(322) 024-4583,,Monteria,Honda Dio 110,No contesta,25-08-2026,Prima Extra,adriana vargas mosquera,573220244583,,monteria,formulario web,no contesta,2026-08-21 23:01:00,2026-08-25 00:00:00,honda dio 110,519,SKU-005,100.0,fuzzy,phone:573220244583,8a9f2183-fad1-5f80-a7e6-c187ceada83c,False,,1.0,,6890000.0,7490000.0,credito,media,soat,False,False
LD-00520,16/08/2026 12:05,WHATSAPP,EMP-01,PV-002,ALEXANDER BEDOYA JIMÉNEZ,+57 322 7110846,,Itagui,Honda CB 125F Twister,Cotización enviada,2026-08-17T00:05:00,Prima Extra,alexander bedoya jimenez,573227110846,,itagui,whatsapp,cotizacion enviada,2026-08-16 12:05:00,2026-08-17 00:05:00,honda cb 125f twister,520,SKU-001,100.0,fuzzy,phone:573227110846,0c15da15-5328-5aec-9e31-c5103b108d2f,False,,1.0,,7990000.0,,,,,False,False
LD-00521,2026-08-01 17:26:00,whatsapp,EMP-01,PV-004,  Marcela Hernández Ospina  ,+57 315 5167320,marcela.hernandez2@gmail.com,RIONEGRO,AKT,no contesta,02/08/2026 23:26,,marcela hernandez ospina,573155167320,marcela.hernandez2@gmail.com,rionegro,whatsapp,no contesta,2026-08-01 17:26:00,2026-08-02 23:26:00,akt,521,,28.57142857142857,unmatched,phone:573155167320,a47d5fc0-d5d5-5c82-866f-1d3b5c23a10d,False,,1.0,,,,credito,,soat,False,False
LD-00522,2026-08-16 12:43:00,Meta Ads,EMP-02,PV-010,Wilmar Valencia Rodríguez,320-516-6755,,Monteria,Honda XR 150L,contactado,2026-08-17T18:43:00,Agosto Cero Cuotas,wilmar valencia rodriguez,573205166755,,monteria,meta ads,contactado,2026-08-16 12:43:00,2026-08-17 18:43:00,honda xr 150l,522,SKU-002,100.0,fuzzy,phone:573205166755,ba1e7d5c-c236-5dc0-8f15-580eaa55754c,False,,1.0,,11490000.0,22900000.0,credito,,cuota,False,True
LD-00523,2026-08-10 04:31:00,Meta Ads,EMP-01,PV-001,Kevin Correa Agudelo,+57 317 6008768,kevin.correa97@yahoo.es,medellin,Bajaj Dominar 400,No contesta,08/10/2026 06:31,,kevin correa agudelo,573176008768,kevin.correa97@yahoo.es,medellin,meta ads,no contesta,2026-08-10 04:31:00,2026-10-08 06:31:00,bajaj dominar 400,523,SKU-011,100.0,fuzzy,phone:573176008768,726c0e22-6612-5e21-a4d2-24d7ee7f7e7a,False,,1.0,,24900000.0,,,,,False,False
LD-00524,06/08/2026 18:18,Formulario Web,EMP-01,PV-004,Juan Carlos Cardona Herrera,3155449027,,RIONEGRO,Hero Hunk 160R,SIN GESTION,,Prima Extra,juan carlos cardona herrera,573155449027,,rionegro,formulario web,sin gestion,2026-08-06 18:18:00,,hero hunk 160r,524,SKU-022,100.0,fuzzy,phone:573155449027,6be09514-5ef8-5fa0-8796-194341fc8585,False,,1.0,,10490000.0,,,,,False,False
LD-00525,27/08/2026 17:16,whatsapp,EMP-01,PV-003,Erika Quintero Valencia,3026834394,erika.quintero59@hotmail.com,Bello,Hero Xpulse 200,En proceso,28/08/2026 17:16,Retoma tu moto,erika quintero valencia,573026834394,erika.quintero59@hotmail.com,bello,whatsapp,en proceso,2026-08-27 17:16:00,2026-08-28 17:16:00,hero xpulse 200,525,SKU-023,100.0,fuzzy,phone:573026834394,ba2fc1bf-12ae-5585-babe-efa9ff767f93,True,ba2fc1bf-12ae-5585-babe-efa9ff767f93,1.0,same_phone_or_email,14990000.0,,,,,False,False
LD-00526,2026-09-02 12:24:00,WhatsApp,EMP-03,PV-014,  Kevin Gómez Valencia  ,573013409327,kevin.gomez21@hotmail.com,BOGOTA,honda navi,Cotización enviada,09/03/2026 00:24,,kevin gomez valencia,573013409327,kevin.gomez21@hotmail.com,bogota,whatsapp,cotizacion enviada,2026-09-02 12:24:00,2026-03-09 00:24:00,honda navi,526,SKU-004,100.0,fuzzy,phone:573013409327,636bce78-d798-5ef1-99ba-4409ef9a8ffb,False,,1.0,,7290000.0,,,,,False,False
LD-00527,2026-08-13 18:46:00,WhatsApp,EMP-01,PV-005,Marcela Giraldo Mosquera,3146782523,marcela.giraldo96@gmail.com,Medellin,Heroo Xpulse 200,Contactado,2026-08-13T20:46:00,Feria de Motos 2026,marcela giraldo mosquera,573146782523,marcela.giraldo96@gmail.com,medellin,whatsapp,contactado,2026-08-13 18:46:00,2026-08-13 20:46:00,heroo xpulse 200,527,SKU-023,100.0,fuzzy,phone:573146782523,df87d312-1e39-5708-848c-44c0456637e3,False,,1.0,,14990000.0,,,,,False,False
LD-00528,06/08/2026 17:11,WhatsApp,EMP-03,PV-014,andres felipe herrera valencia,313 387 4980,,,Bajaj,Sin gestión,,,andres felipe herrera valencia,573133874980,,,whatsapp,sin gestion,2026-08-06 17:11:00,,bajaj,528,,22.22222222222223,unmatched,phone:573133874980,d9950c7e-6abb-516f-9e56-8834e696134e,True,d9950c7e-6abb-516f-9e56-8834e696134e,1.0,same_phone_or_email,,,,,,False,False
LD-00529,06/09/2026 00:15,WhatsApp,EMP-02,PV-009,  María Fernanda Rodríguez Torres  ,+57 314 9282270,maria.rodriguez56@hotmail.com,Sta Marta,Honda XRE 300,Contactado,2026-09-06 01:15:00,Agosto Cero Cuotas,maria fernanda rodriguez torres,573149282270,maria.rodriguez56@hotmail.com,santa marta,whatsapp,contactado,2026-09-06 00:15:00,2026-09-06 01:15:00,honda xre 300,529,SKU-006,100.0,fuzzy,phone:573149282270,27b75d50-d2a7-5ad8-aa5f-d365b1c171d4,False,,1.0,,22900000.0,21900000.0,credito,,soat,False,False
LD-00530,2026-08-24 22:37:00,Meta Ads,EMP-01,PV-004,  Andrés Felipe Restrepo Betancur  ,3133362741,andres.restrepo27@hotmail.com,Rionegro,Suzuki V-Strom 250,Cotización enviada,2026-08-25 22:37:00,Prima Extra,andres felipe restrepo betancur,573133362741,andres.restrepo27@hotmail.com,rionegro,meta ads,cotizacion enviada,2026-08-24 22:37:00,2026-08-25 22:37:00,suzuki v-strom 250,530,SKU-015,100.0,fuzzy,phone:573133362741,94ec917c-f738-5b18-be1b-e61afd241fc2,False,,1.0,,21900000.0,24900000.0,credito,,cuota,False,True
LD-00531,2026-08-07 03:59:00,Meta Ads,EMP-02,PV-008,Juan Carlos Rodríguez Franco,(322) 825-1412,juan.rodriguez71@gmail.com,Cartagena de Indias,honda navi,contactado,07/08/2026 07:59,Agosto Cero Cuotas,juan carlos rodriguez franco,573228251412,juan.rodriguez71@gmail.com,cartagena de indias,meta ads,contactado,2026-08-07 03:59:00,2026-08-07 07:59:00,honda navi,531,SKU-004,100.0,fuzzy,phone:573228251412,e90cb54c-f34d-579f-a0d2-c849697c712c,False,,1.0,,7290000.0,,,,,False,False
LD-00532,23/08/2026 06:06,WhatsApp,EMP-01,PV-005,Camilo Vargas Zapata,3517833718,,Medellín,Hero Eco Deluxe 100 2026,contactado,26-08-2026,Retoma tu moto,camilo vargas zapata,573517833718,,medellin,whatsapp,contactado,2026-08-23 06:06:00,2026-08-26 00:00:00,hero eco deluxe 100 2026,532,SKU-021,100.0,fuzzy,phone:573517833718,39be63a2-3909-5b0c-b321-5222c178a079,False,,1.0,,4990000.0,,credito,media,soat,False,False
LD-00533,2026-09-06T10:59:00,Meta Ads,EMP-01,PV-004,HÉCTOR RAMÍREZ MUÑOZ,3018505630,,Rionegro,Honda Navi,Contactado,2026-09-10T10:59:00,Agosto Cero Cuotas,hector ramirez munoz,573018505630,,rionegro,meta ads,contactado,2026-09-06 10:59:00,2026-09-10 10:59:00,honda navi,533,SKU-004,100.0,fuzzy,phone:573018505630,23319f02-318b-50d0-9a42-936be643a43f,False,,1.0,,7290000.0,,credito,baja,precio,False,True
LD-00534,02-09-2026,WhatsApp,EMP-01,PV-004,Luisa Torres Arias,+57 323 8809828,luisa.torres73@outlook.com,RIONEGRO,bajaj discover 125,Contactado,2026-09-03T03:47:00,Remate Modelos 2025,luisa torres arias,573238809828,luisa.torres73@outlook.com,rionegro,whatsapp,contactado,2026-09-02 00:00:00,2026-09-03 03:47:00,bajaj discover 125,534,SKU-012,100.0,fuzzy,phone:573238809828,e79751fd-b458-5abc-9762-b33176d44ba6,False,,1.0,,6990000.0,13990000.0,credito,,soat,False,False
LD-00535,2026-08-17 05:08:00,WHATSAPP,EMP-02,PV-006,JULIÁN BEDOYA RAMÍREZ,573516557864,julian.bedoya92@hotmail.com,B/quilla,Honda Navi,En proceso,2026-08-17 11:08:00,Feria de Motos 2026,julian bedoya ramirez,573516557864,julian.bedoya92@hotmail.com,b/quilla,whatsapp,en proceso,2026-08-17 05:08:00,2026-08-17 11:08:00,honda navi,535,SKU-004,100.0,fuzzy,phone:573516557864,da551b4c-f22f-536d-bfc3-4e5c291a79bc,False,,1.0,,7290000.0,,credito,,cuota,False,False
LD-00536,2026-08-18T14:57:00,Formulario Web,EMP-03,PV-014,Juan Carlos Franco Restrepo,3502240587,,bogotá,AKT TTR 200,En proceso,19/08/2026 14:57,,juan carlos franco restrepo,573502240587,,bogota,formulario web,en proceso,2026-08-18 14:57:00,2026-08-19 14:57:00,akt ttr 200,536,SKU-019,100.0,fuzzy,phone:573502240587,9131f186-bf82-53c6-ac31-8b9900815122,False,,1.0,,9890000.0,6990000.0,credito,media,cuota,False,True
LD-00537,2026-08-26T15:26:00,Meta Ads,EMP-02,PV-006,Yesenia Ramírez Hernández,3016165221,,barranquilla,Heroo Dash 110,Sin gestión,,,yesenia ramirez hernandez,573016165221,,barranquilla,meta ads,sin gestion,2026-08-26 15:26:00,,heroo dash 110,537,SKU-024,100.0,fuzzy,phone:573016165221,421229c5-4ef1-5847-bd8d-081398562967,False,,1.0,,6290000.0,,,,,False,False
LD-00538,2026-08-19 17:25:00,Meta Ads,EMP-03,PV-014,Carlos Mario Escobar Gómez,320-919-6079,carlos.escobar51@hotmail.com,,,Cotización enviada,08/19/2026 21:25,Agosto Cero Cuotas,carlos mario escobar gomez,573209196079,carlos.escobar51@hotmail.com,,meta ads,cotizacion enviada,2026-08-19 17:25:00,2026-08-19 21:25:00,,538,,0.0,none,phone:573209196079,9946edbc-e23f-589c-ac9e-6bdf0c62168f,True,9946edbc-e23f-589c-ac9e-6bdf0c62168f,1.0,same_phone_or_email,,,,,,False,False
LD-00539,2026-08-09 19:40:00,WhatsApp,EMP-03,PV-012,YESENIA QUINTERO CORREA,3057179760,yesenia.quintero93@hotmail.com,Bogota DC,Hero Hunk 160R,Sin gestión,,,yesenia quintero correa,573057179760,yesenia.quintero93@hotmail.com,bogota dc,whatsapp,sin gestion,2026-08-09 19:40:00,,hero hunk 160r,539,SKU-022,100.0,fuzzy,phone:573057179760,f7ad9448-6506-5306-9eae-1ac18c51032c,False,,1.0,,10490000.0,,,,,False,False
LD-00540,2026-08-07 20:50:00,WhatsApp,EMP-01,PV-001,Yesenia Bedoya Valencia,3105751796,yesenia.bedoya93@yahoo.es,MEDELLIN,AKT  NKD 125,SIN GESTION,,,yesenia bedoya valencia,573105751796,yesenia.bedoya93@yahoo.es,medellin,whatsapp,sin gestion,2026-08-07 20:50:00,,akt nkd 125,540,SKU-017,100.0,fuzzy,phone:573105751796,7325bc30-2866-5b1d-9175-2ce2579fad6c,False,,1.0,,5290000.0,7290000.0,credito,,cuota,False,True
LD-00541,2026-08-14 02:42:00,Meta Ads,EMP-01,PV-003,Fabián Franco Pérez,(314) 399-7537,fabian.franco70@hotmail.com,bello,,Cotización enviada,2026-08-14 03:42:00,Remate Modelos 2025,fabian franco perez,573143997537,fabian.franco70@hotmail.com,bello,meta ads,cotizacion enviada,2026-08-14 02:42:00,2026-08-14 03:42:00,,541,,0.0,none,phone:573143997537,fff2d38c-fc5c-5bf3-a836-d2677fe1f315,False,,1.0,,,,,,,False,False
LD-00542,2026-09-08 21:28:00,WhatsApp,EMP-01,PV-003,  Héctor Betancur Pérez  ,320 153 1526,hector.betancur67@gmail.com,Bello,honda xr 150l,Cotización enviada,10/09/2026 03:28,,hector betancur perez,573201531526,hector.betancur67@gmail.com,bello,whatsapp,cotizacion enviada,2026-09-08 21:28:00,2026-09-10 03:28:00,honda xr 150l,542,SKU-002,100.0,fuzzy,phone:573201531526,7544c59e-8f8f-59be-8fb5-7a0de5a378f6,False,,1.0,,11490000.0,6990000.0,credito,,cuota,False,True
LD-00543,2026-08-22 03:36:00,whatsapp,EMP-03,PV-013,Claudia Patricia Ramírez Rodríguez,+57 310 3409605,,Bogotá,hero dash 110,SIN GESTION,,Prima Extra,claudia patricia ramirez rodriguez,573103409605,,bogota,whatsapp,sin gestion,2026-08-22 03:36:00,,hero dash 110,543,SKU-024,100.0,fuzzy,phone:573103409605,4c6fce72-17ed-55cd-9d33-a4515d50bdbf,False,,1.0,,6290000.0,7990000.0,credito,media,cuota,False,True
LD-00544,11/08/2026 01:04,Meta Ads,EMP-01,PV-001,Juan Carlos Bedoya Betancur,322 502 7941,,Medellin,Suzuki V-Strom,Descartado,11/08/2026 07:04,Remate Modelos 2025,juan carlos bedoya betancur,573225027941,,medellin,meta ads,descartado,2026-08-11 01:04:00,2026-08-11 07:04:00,suzuki v-strom,544,,77.77777777777777,unmatched,phone:573225027941,cb288364-69a4-5ec3-90d0-788ca369c48c,False,,1.0,,,22900000.0,credito,baja,precio,False,True
LD-00545,08/12/2026 07:11,Meta Ads,EMP-02,PV-009,Yuliana Castaño Gómez,3513415013,yuliana.castano95@hotmail.com,Sta Marta,Bajaj Dominar,No contesta,,Remate Modelos 2025,yuliana castano gomez,573513415013,yuliana.castano95@hotmail.com,santa marta,meta ads,no contesta,2026-12-08 07:11:00,,bajaj dominar,545,,77.77777777777777,unmatched,phone:573513415013,a0ea3928-6cf1-5ecf-a8a0-26c61afe6f3d,False,,1.0,,,,,,,False,False
LD-00546,06/08/2026 20:11,Meta Ads,EMP-01,PV-003,Héctor Valencia Correa,304-833-4327,hector.valencia86@outlook.com,BELLO,Bajai Dominar 400,Cotización enviada,07-08-2026,Retoma tu moto,hector valencia correa,573048334327,hector.valencia86@outlook.com,bello,meta ads,cotizacion enviada,2026-08-06 20:11:00,2026-08-07 00:00:00,bajai dominar 400,546,SKU-011,100.0,fuzzy,phone:573048334327,ffd15741-e58b-5245-8618-e4837f4ef6b2,False,,1.0,,24900000.0,,,,,False,False
LD-00547,2026-09-03 21:18:00,WhatsApp,EMP-01,PV-003,Juan Carlos Pérez Mosquera,3101253089,juan.perez71@yahoo.es,bello,HERO ECO DELUXE 100,No contesta,05/09/2026 03:18,Agosto Cero Cuotas,juan carlos perez mosquera,573101253089,juan.perez71@yahoo.es,bello,whatsapp,no contesta,2026-09-03 21:18:00,2026-09-05 03:18:00,hero eco deluxe 100,547,SKU-021,100.0,fuzzy,phone:573101253089,0a9c0f1d-1b12-50a0-a1a7-5cc465db260f,False,,1.0,,4990000.0,,credito,baja,precio,False,True
LD-00548,2026-08-10 12:28:00,WhatsApp,EMP-03,PV-015,Sebastián Jiménez Herrera, 3133470975 ,sebastian.jimenez68@outlook.com,SOACHA,CB 190R,En proceso,2026-08-10T18:28:00,Feria de Motos 2026,sebastian jimenez herrera,573133470975,sebastian.jimenez68@outlook.com,soacha,whatsapp,en proceso,2026-08-10 12:28:00,2026-08-10 18:28:00,cb 190r,548,SKU-003,100.0,exact,phone:573133470975,cbaabf9b-2da8-57a7-9600-c275429a380d,False,,1.0,,13990000.0,,,,,False,False
LD-00549,2026-08-17 09:28:00,WhatsApp,EMP-01,PV-005,  Yuliana Marín Franco  ,311 177 8734,,medellin,SUZUKI BEST 125,Cotización enviada,2026-08-17 21:28:00,,yuliana marin franco,573111778734,,medellin,whatsapp,cotizacion enviada,2026-08-17 09:28:00,2026-08-17 21:28:00,suzuki best 125,549,SKU-016,100.0,fuzzy,phone:573111778734,8425d566-cee7-56b6-8c9d-60f0a77f056a,False,,1.0,,6590000.0,14990000.0,credito,,cuota,False,True
LD-00550,10-08-2026,Meta Ads,EMP-01,PV-001,Wilmar Bedoya Correa,+57 317 8962957,wilmar.bedoya43@outlook.com,Medellín ,Honda Navi 2026,Cotización enviada,08/11/2026 16:31,Feria de Motos 2026,wilmar bedoya correa,573178962957,wilmar.bedoya43@outlook.com,medellin,meta ads,cotizacion enviada,2026-08-10 00:00:00,2026-11-08 16:31:00,honda navi 2026,550,SKU-004,100.0,fuzzy,phone:573178962957,64e0d948-3d20-5500-bbd2-d2b43a9716a3,False,,1.0,,7290000.0,,,,,False,False
LD-00551,14/08/2026 22:25,WhatsApp,EMP-02,PV-009,  Sandra Milena Londoño Ospina  ,(301) 356-9255,,Sta Marta,Honda Dio 110 2026,En proceso,2026-08-15T04:25:00,,sandra milena londono ospina,573013569255,,santa marta,whatsapp,en proceso,2026-08-14 22:25:00,2026-08-15 04:25:00,honda dio 110 2026,551,SKU-005,100.0,fuzzy,phone:573013569255,07a1fdf8-882e-520c-9524-b3bbad5db168,False,,1.0,,6890000.0,,,,,False,False
LD-00552,08/30/2026 07:18,WhatsApp,EMP-02,PV-010,Andrés Felipe Quintero Mosquera,3175868264,,Montería,Honda Dio 110,Cotización enviada,2026-09-01T07:18:00,Retoma tu moto,andres felipe quintero mosquera,573175868264,,monteria,whatsapp,cotizacion enviada,2026-08-30 07:18:00,2026-09-01 07:18:00,honda dio 110,552,SKU-005,100.0,fuzzy,phone:573175868264,f0e3aba9-a627-5571-a8ec-cb011faeaed2,False,,1.0,,6890000.0,,credito,,soat,False,False
LD-00553,2026-08-04 06:22:00,WhatsApp,EMP-01,PV-004,Luisa Bedoya Castaño,3111607710,luisa.bedoya14@yahoo.es,Rionegro,CB 190R,En proceso,2026-08-06T06:22:00,,luisa bedoya castano,573111607710,luisa.bedoya14@yahoo.es,rionegro,whatsapp,en proceso,2026-08-04 06:22:00,2026-08-06 06:22:00,cb 190r,553,SKU-003,100.0,exact,phone:573111607710,66e19939-983a-5092-b6f7-77383e499cbb,True,66e19939-983a-5092-b6f7-77383e499cbb,1.0,same_phone_or_email,13990000.0,,credito,,soat,False,False
LD-00554,2026-08-11 19:08:00,WhatsApp,EMP-03,PV-012,Héctor Zapata Vargas,310 740 7219,hector.zapata34@hotmail.com,Bogota,Bajaj,SIN GESTION,,Agosto Cero Cuotas,hector zapata vargas,573107407219,hector.zapata34@hotmail.com,bogota,whatsapp,sin gestion,2026-08-11 19:08:00,,bajaj,554,,22.22222222222223,unmatched,phone:573107407219,7120de1a-7865-55ea-af3a-245187d324c9,False,,1.0,,,,,,,False,False
LD-00555,03/08/2026 00:31,WhatsApp,EMP-02,PV-009,Alexander Mosquera Giraldo, 3182978207 ,,Santa Marta,akt dynamic r3 125,Sin gestión,,Retoma tu moto,alexander mosquera giraldo,573182978207,,santa marta,whatsapp,sin gestion,2026-08-03 00:31:00,,akt dynamic r3 125,555,SKU-018,100.0,fuzzy,phone:573182978207,9a4a9e27-1eff-5a6b-a0c8-554f714c28bc,True,9a4a9e27-1eff-5a6b-a0c8-554f714c28bc,1.0,same_phone_or_email,5590000.0,,,,,False,False
LD-00556,19/08/2026 00:19,WhatsApp,EMP-02,PV-008,FABIÁN HERRERA OSPINA,3200786397,fabian.herrera79@gmail.com,Cartagena de Indias,Dio 110,Sin gestión,,Agosto Cero Cuotas,fabian herrera ospina,573200786397,fabian.herrera79@gmail.com,cartagena de indias,whatsapp,sin gestion,2026-08-19 00:19:00,,dio 110,556,SKU-005,100.0,exact,phone:573200786397,fedddd5b-6db2-52c1-9b33-1de4ab591a16,False,,1.0,,6890000.0,,credito,,soat,False,False
LD-00557,22-08-2026,WHATSAPP,EMP-03,PV-012,Natalia Betancur Bedoya,3205279822,natalia.betancur5@outlook.com,Bogotá D.C.,Honda,Contactado,,Prima Extra,natalia betancur bedoya,573205279822,natalia.betancur5@outlook.com,bogota,whatsapp,contactado,2026-08-22 00:00:00,,honda,557,,44.44444444444444,unmatched,phone:573205279822,0971d87b-2321-5851-949c-02e95cc4818b,False,,1.0,,,,,,,False,False
LD-00558,05/08/2026 22:36,WhatsApp,EMP-03,PV-014,Héctor Ramírez Bedoya,351 175 9608,,Bogota DC,bajaj pulsar ns 160,En proceso,08/09/2026 22:36,Agosto Cero Cuotas,hector ramirez bedoya,573511759608,,bogota dc,whatsapp,en proceso,2026-08-05 22:36:00,2026-09-08 22:36:00,bajaj pulsar ns 160,558,SKU-009,100.0,fuzzy,phone:573511759608,0bd01380-4219-5e86-ad1b-564f193d70b9,True,0bd01380-4219-5e86-ad1b-564f193d70b9,1.0,same_phone_or_email,11290000.0,11290000.0,credito,,soat,False,False
LD-00559,08/25/2026 11:26,WhatsApp,EMP-03,PV-013,  Sebastián Giraldo Londoño  , 3166005661 ,,Bogotá D.C.,suzuki v-strom 250,Cotización enviada,2026-08-25T12:26:00,Remate Modelos 2025,sebastian giraldo londono,573166005661,,bogota,whatsapp,cotizacion enviada,2026-08-25 11:26:00,2026-08-25 12:26:00,suzuki v-strom 250,559,SKU-015,100.0,fuzzy,phone:573166005661,e1004c67-0cf0-53b9-a383-85784efbe70b,False,,1.0,,21900000.0,,,,,False,False
LD-00560,31/08/2026 00:25,WhatsApp,EMP-02,PV-009,Brayan Arias Muñoz,3223562115,brayan.arias25@gmail.com,SANTA MARTA,Honda XR 150L,SIN GESTION,,Retoma tu moto,brayan arias munoz,573223562115,brayan.arias25@gmail.com,santa marta,whatsapp,sin gestion,2026-08-31 00:25:00,,honda xr 150l,560,SKU-002,100.0,fuzzy,phone:573223562115,8e262d05-7d14-5109-a541-77d4c8439223,False,,1.0,,11490000.0,,,,,False,False
LD-00561,2026-08-24 06:40:00,Formulario Web,EMP-03,PV-015,Sebastián Escobar Restrepo,3027727314,sebastian.escobar62@yahoo.es,SOACHA,suzuki gixxer 150,Cotización enviada,25/08/2026 06:40,,sebastian escobar restrepo,573027727314,sebastian.escobar62@yahoo.es,soacha,formulario web,cotizacion enviada,2026-08-24 06:40:00,2026-08-25 06:40:00,suzuki gixxer 150,561,SKU-014,100.0,fuzzy,phone:573027727314,70a268df-b533-5204-b0cc-7191d4876a5b,False,,1.0,,11990000.0,7990000.0,credito,media,cuota,False,True
LD-00562,2026-08-29 10:13:00,Formulario Web,EMP-01,PV-002,Sebastián Correa Franco,+57 320 5551680,,ITAGUI,,contactado,2026-08-30T10:13:00,Retoma tu moto,sebastian correa franco,573205551680,,itagui,formulario web,contactado,2026-08-29 10:13:00,2026-08-30 10:13:00,,562,,0.0,none,phone:573205551680,909f7f52-cca5-5c73-8f0e-04ff5d4422c7,False,,1.0,,,,,,,False,False
LD-00563,06/08/2026 21:15,WhatsApp,EMP-02,PV-008,Natalia Arias Zapata,573021363535,,Cartagena,bajaj pulsar ns 160,Cotización enviada,2026-08-07 09:15:00,Feria de Motos 2026,natalia arias zapata,573021363535,,cartagena,whatsapp,cotizacion enviada,2026-08-06 21:15:00,2026-08-07 09:15:00,bajaj pulsar ns 160,563,SKU-009,100.0,fuzzy,phone:573021363535,595a6081-1d1f-50cd-8401-85b30070809b,False,,1.0,,11290000.0,,credito,,soat,False,False
LD-00564,2026-08-21T16:29:00,Formulario Web,EMP-03,PV-011,Andrés Felipe Ramírez Londoño,(322) 164-3180,andres.ramirez6@gmail.com,,Honda CB 190R,Descartado,22/08/2026 04:29,Feria de Motos 2026,andres felipe ramirez londono,573221643180,andres.ramirez6@gmail.com,,formulario web,descartado,2026-08-21 16:29:00,2026-08-22 04:29:00,honda cb 190r,564,SKU-003,100.0,fuzzy,phone:573221643180,c6ac049c-39b7-5235-9e9d-ffae57ffad85,True,c6ac049c-39b7-5235-9e9d-ffae57ffad85,1.0,same_phone_or_email,13990000.0,,,,,False,False
LD-00565,2026-08-14T07:29:00,WhatsApp,EMP-03,PV-012,Fabián Mosquera Londoño,3164638297,,Bogotá,Suzuki Best 125,No contesta,14-08-2026,,fabian mosquera londono,573164638297,,bogota,whatsapp,no contesta,2026-08-14 07:29:00,2026-08-14 00:00:00,suzuki best 125,565,SKU-016,100.0,fuzzy,phone:573164638297,b1e8f368-1cd5-506a-b850-3d72ff93a758,True,b1e8f368-1cd5-506a-b850-3d72ff93a758,1.0,same_phone_or_email,6590000.0,,,,,False,False
LD-00566,2026-08-17 23:42:00,Meta Ads,EMP-03,PV-015,Wilmar Agudelo Rodríguez,3055585705,wilmar.agudelo16@hotmail.com,Soacha,AKT TTR,Contactado,2026-08-18 11:42:00,Prima Extra,wilmar agudelo rodriguez,573055585705,wilmar.agudelo16@hotmail.com,soacha,meta ads,contactado,2026-08-17 23:42:00,2026-08-18 11:42:00,akt ttr,566,,60.0,unmatched,phone:573055585705,83bd5865-2a69-56a2-a330-2cd114a6bfbf,False,,1.0,,,,,,,False,False
LD-00567,04/09/2026 15:57,WhatsApp,EMP-03,PV-014,Diana Carolina Gómez Zapata,3179005614,,BOGOTA,Dynamic R3 125,sin gestion,,Prima Extra,diana carolina gomez zapata,573179005614,,bogota,whatsapp,sin gestion,2026-09-04 15:57:00,,dynamic r3 125,567,SKU-018,100.0,exact,phone:573179005614,4fd7c8f6-4435-515f-a0c2-3a189a66edf1,False,,1.0,,5590000.0,,,,,False,False
LD-00568,15/08/2026 03:01,WhatsApp,EMP-03,PV-014,  Duván Muñoz Franco  ,3104701433,,Bogotá,Suzuki Best 125,Contactado,15/08/2026 07:01,,duvan munoz franco,573104701433,,bogota,whatsapp,contactado,2026-08-15 03:01:00,2026-08-15 07:01:00,suzuki best 125,568,SKU-016,100.0,fuzzy,phone:573104701433,0dd28a82-4c1c-54fb-a2a0-c5c350094355,False,,1.0,,6590000.0,,,,,False,False
LD-00569,2026-08-27 09:44:00,WhatsApp,EMP-01,PV-004,  Kevin Pérez Ospina  ,+57 317 5811171,,Rio Negro,,Descartado,08/27/2026 11:44,,kevin perez ospina,573175811171,,rio negro,whatsapp,descartado,2026-08-27 09:44:00,2026-08-27 11:44:00,,569,,0.0,none,phone:573175811171,2824f13e-1104-5a8f-82bd-fd4a4010b537,False,,1.0,,,,,,,False,False
LD-00570,09/09/2026 15:13,Formulario Web,EMP-01,PV-004,Alexander Escobar Restrepo, 3237189340 ,alexander.escobar58@yahoo.es,Rionegro,SUZUKI GN 125,contactado,09/09/2026 19:13,,alexander escobar restrepo,573237189340,alexander.escobar58@yahoo.es,rionegro,formulario web,contactado,2026-09-09 15:13:00,2026-09-09 19:13:00,suzuki gn 125,570,SKU-013,100.0,fuzzy,phone:573237189340,e6c90c13-3f6d-5593-84e4-6fd3c8f9edb3,False,,1.0,,7490000.0,9890000.0,credito,media,cuota,False,True
LD-00571,04-08-2026,Meta Ads,EMP-03,PV-015,ERIKA GÓMEZ ESCOBAR,+57 315 0526691,,SOACHA,AKT NKD 125,no contesta,08/04/2026 02:59,Prima Extra,erika gomez escobar,573150526691,,soacha,meta ads,no contesta,2026-08-04 00:00:00,2026-04-08 02:59:00,akt nkd 125,571,SKU-017,100.0,fuzzy,phone:573150526691,7af6e40f-0166-53e8-915e-863308530cba,False,,1.0,,5290000.0,7990000.0,credito,,cuota,False,True
LD-00572,2026-08-12 19:59:00,Formulario Web,EMP-02,PV-010,Vanessa Osorio Cardona,3174476202,vanessa.osorio78@hotmail.com,Montería,bajaj pulsar ns 125,Contactado,2026-08-14T19:59:00,Feria de Motos 2026,vanessa osorio cardona,573174476202,vanessa.osorio78@hotmail.com,monteria,formulario web,contactado,2026-08-12 19:59:00,2026-08-14 19:59:00,bajaj pulsar ns 125,572,SKU-008,100.0,fuzzy,phone:573174476202,15f06702-b6a8-53ed-b53a-0cf179cc231d,False,,1.0,,8990000.0,,,,,False,False
LD-00573,2026-08-31 09:52:00,WhatsApp,EMP-01,PV-002,Brayan Escobar Osorio,302 793 8207,,Itagüí,Honda Dio 110,No contesta,2026-08-31T21:52:00,Agosto Cero Cuotas,brayan escobar osorio,573027938207,,itagui,whatsapp,no contesta,2026-08-31 09:52:00,2026-08-31 21:52:00,honda dio 110,573,SKU-005,100.0,fuzzy,phone:573027938207,e29621b5-a69d-54fe-8c34-68e5e19354e3,False,,1.0,,6890000.0,,credito,,soat,True,False
LD-00574,2026-08-02 11:05:00,META ADS,EMP-02,PV-010,luisa betancur bedoya,3108016216,,MONTERIA,Honda Navi,No contesta,03/08/2026 05:05,Feria de Motos 2026,luisa betancur bedoya,573108016216,,monteria,meta ads,no contesta,2026-08-02 11:05:00,2026-08-03 05:05:00,honda navi,574,SKU-004,100.0,fuzzy,phone:573108016216,0785d5b1-aea8-51bd-b626-7d94e0c48194,True,0785d5b1-aea8-51bd-b626-7d94e0c48194,1.0,same_phone_or_email,7290000.0,11290000.0,credito,,cuota,False,True
LD-00575,2026-08-12 23:16:00,WHATSAPP,EMP-02,PV-010,Juan Carlos Ospina Valencia,(318) 496-6790,juan.ospina56@yahoo.es,MONTERIA,AKT TTR 200 2026,Descartado,16-08-2026,Feria de Motos 2026,juan carlos ospina valencia,573184966790,juan.ospina56@yahoo.es,monteria,whatsapp,descartado,2026-08-12 23:16:00,2026-08-16 00:00:00,akt ttr 200 2026,575,SKU-019,100.0,fuzzy,phone:573184966790,6b231c79-bb24-57b2-8b7d-bee9b01ed502,False,,1.0,,9890000.0,,,,,False,False
LD-00576,11-08-2026,WhatsApp,EMP-01,PV-004,C. Agudelo Arias,3170478484,,RIONEGRO,,Descartado,08/11/2026 23:22,Feria de Motos 2026,c. agudelo arias,573170478484,,rionegro,whatsapp,descartado,2026-08-11 00:00:00,2026-11-08 23:22:00,,576,,0.0,none,phone:573170478484,3beee99d-61ae-52c6-833f-7a8946e63618,True,3beee99d-61ae-52c6-833f-7a8946e63618,1.0,same_phone_or_email,,,,,,False,False
LD-00577,09/08/2026 12:29,Meta Ads,EMP-03,PV-013,  Freddy Correa Pérez  ,573507587559,freddy.correa48@yahoo.es,Bogotá,Bajaj Boxer,Cotización enviada,09/08/2026 16:29,Prima Extra,freddy correa perez,573507587559,freddy.correa48@yahoo.es,bogota,meta ads,cotizacion enviada,2026-08-09 12:29:00,2026-08-09 16:29:00,bajaj boxer,577,,62.5,unmatched,phone:573507587559,64406e8e-adc2-50fc-8996-00c6042dcf68,False,,1.0,,,,,,,False,False
LD-00578,05/08/2026 20:50,WhatsApp,EMP-02,PV-007,Erika Arias Correa,3020831776,,SOLEDAD,Honda,Sin gestión,,,erika arias correa,573020831776,,soledad,whatsapp,sin gestion,2026-08-05 20:50:00,,honda,578,,44.44444444444444,unmatched,phone:573020831776,aef2b589-4c4e-538c-92db-116bc5533bb4,False,,1.0,,,6890000.0,credito,media,soat,False,False
LD-00579,19-08-2026,Meta Ads,EMP-02,PV-007,H. Vargas Castaño, 3215461770 ,hector.vargas57@hotmail.com,Soledad,Gixxer 150,sin gestion,,,h. vargas castano,573215461770,hector.vargas57@hotmail.com,soledad,meta ads,sin gestion,2026-08-19 00:00:00,,gixxer 150,579,SKU-014,100.0,exact,phone:573215461770,997f9260-b2c6-5c20-ad7b-fb9e0f30c7bd,True,997f9260-b2c6-5c20-ad7b-fb9e0f30c7bd,1.0,same_phone_or_email,11990000.0,,,,,False,False
LD-00580,2026-08-11 13:42:00,Formulario Web,EMP-01,PV-003,  Juan Carlos Castaño Giraldo  ,(304) 978-1975,,,Suzuki  V-Strom 250,sin gestion,,Agosto Cero Cuotas,juan carlos castano giraldo,573049781975,,,formulario web,sin gestion,2026-08-11 13:42:00,,suzuki v-strom 250,580,SKU-015,100.0,fuzzy,phone:573049781975,e4f59290-3a81-57bf-8916-c7a74ab5907e,False,,1.0,,21900000.0,,credito,media,precio,False,True
LD-00581,25/08/2026 10:08,Meta Ads,EMP-02,PV-009,Marcela Gómez Gómez,573029899346,,Sta Marta,AKT TTR 200,Cotización enviada,26/08/2026 16:08,Prima Extra,marcela gomez gomez,573029899346,,santa marta,meta ads,cotizacion enviada,2026-08-25 10:08:00,2026-08-26 16:08:00,akt ttr 200,581,SKU-019,100.0,fuzzy,phone:573029899346,990bb98d-ef28-567f-a5df-22f6bdcf30f5,True,990bb98d-ef28-567f-a5df-22f6bdcf30f5,1.0,same_phone_or_email,9890000.0,,,,,False,False
LD-00582,2026-08-25 07:59:00,WhatsApp,EMP-01,PV-004,Erika Jiménez,313 969 0640,,Rio Negro,AKT  NKD 125,En proceso,25/08/2026 13:59,Prima Extra,erika jimenez,573139690640,,rio negro,whatsapp,en proceso,2026-08-25 07:59:00,2026-08-25 13:59:00,akt nkd 125,582,SKU-017,100.0,fuzzy,phone:573139690640,870a3359-ff64-5dfa-a4b5-c4eb49619d53,True,870a3359-ff64-5dfa-a4b5-c4eb49619d53,1.0,same_phone_or_email,5290000.0,,,,,False,False
LD-00583,22/08/2026 02:25,WhatsApp,EMP-02,PV-008,Natalia Agudelo Giraldo,3187559471,natalia.agudelo48@yahoo.es,Cartagena,Honda  XRE 300,Contactado,26/08/2026 02:25,Prima Extra,natalia agudelo giraldo,573187559471,natalia.agudelo48@yahoo.es,cartagena,whatsapp,contactado,2026-08-22 02:25:00,2026-08-26 02:25:00,honda xre 300,583,SKU-006,100.0,fuzzy,phone:573187559471,7c8012ce-851f-507e-b1cd-92b94a872384,False,,1.0,,22900000.0,,,,,False,False
LD-00584,12-08-2026,WhatsApp,EMP-01,PV-001,Jhon Jairo Quintero Jiménez,3059611384,jhon.quintero41@outlook.com,Medellín,Hnda CB 190R,Descartado,2026-08-14T15:45:00,,jhon jairo quintero jimenez,573059611384,jhon.quintero41@outlook.com,medellin,whatsapp,descartado,2026-08-12 00:00:00,2026-08-14 15:45:00,hnda cb 190r,584,SKU-003,100.0,fuzzy,phone:573059611384,ca9d837f-feb0-54b0-b484-7fcd23a52535,False,,1.0,,13990000.0,8990000.0,credito,,soat,False,False
LD-00585,30/08/2026 11:17,Formulario Web,EMP-02,PV-009,Erika Ospina Valencia,3219533941,erika.ospina26@hotmail.com,Sta Marta,Hero  Eco Deluxe 100,En proceso,30/08/2026 13:17,Feria de Motos 2026,erika ospina valencia,573219533941,erika.ospina26@hotmail.com,santa marta,formulario web,en proceso,2026-08-30 11:17:00,2026-08-30 13:17:00,hero eco deluxe 100,585,SKU-021,100.0,fuzzy,phone:573219533941,17b8da8e-1eb5-5b06-b220-8a8231962372,False,,1.0,,4990000.0,,,,,False,False
LD-00586,2026-09-02 21:20:00,meta ads,EMP-01,PV-004,Andrés Felipe Valencia Herrera,3200414430,,Rionegro,Hero Dash 110,Cotización enviada,05/09/2026 21:20,,andres felipe valencia herrera,573200414430,,rionegro,meta ads,cotizacion enviada,2026-09-02 21:20:00,2026-09-05 21:20:00,hero dash 110,586,SKU-024,100.0,fuzzy,phone:573200414430,821b9838-a681-512e-b3f5-2fba237266b5,False,,1.0,,6290000.0,,,,,False,False
LD-00587,2026-08-06 16:18:00,Meta Ads,EMP-01,PV-001,LEIDY JOHANA PÉREZ ARIAS, 3022864572 ,leidy.perez35@hotmail.com,Medellín ,HONDA CB 125F TWISTER,Sin gestión,,,leidy johana perez arias,573022864572,leidy.perez35@hotmail.com,medellin,meta ads,sin gestion,2026-08-06 16:18:00,,honda cb 125f twister,587,SKU-001,100.0,fuzzy,phone:573022864572,4c5166ea-b448-547f-85ac-a7d6bee3c522,False,,1.0,,7990000.0,5590000.0,credito,media,soat,False,False
LD-00588,06/09/2026 01:02,WhatsApp,EMP-01,PV-003,Claudia Patricia Pérez Restrepo,305-204-2384,claudia.perez50@hotmail.com,BELLO,Suzuki V-Strom 250,Cotización enviada,08-09-2026,,claudia patricia perez restrepo,573052042384,claudia.perez50@hotmail.com,bello,whatsapp,cotizacion enviada,2026-09-06 01:02:00,2026-09-08 00:00:00,suzuki v-strom 250,588,SKU-015,100.0,fuzzy,phone:573052042384,af4c67c3-8edf-5a4f-8b36-8c96346cef27,False,,1.0,,21900000.0,,,,,False,False
LD-00589,2026-08-20 05:07:00,Meta Ads,EMP-01,PV-005,Alexander Mosquera Correa,351-560-1742,alexander.mosquera18@hotmail.com,Medellín,Honda,Contactado,08/22/2026 05:07,Feria de Motos 2026,alexander mosquera correa,573515601742,alexander.mosquera18@hotmail.com,medellin,meta ads,contactado,2026-08-20 05:07:00,2026-08-22 05:07:00,honda,589,,44.44444444444444,unmatched,phone:573515601742,870f1c59-184c-53b7-8cb0-594b32acf7d8,False,,1.0,,,,credito,,soat,False,False
LD-00590,30/08/2026 19:39,WhatsApp,EMP-03,PV-015,Estefanía Ramírez Arias,3178888673,,Soacha,bajaj pulsar ns 125,Contactado,2026-08-30 20:39:00,Agosto Cero Cuotas,estefania ramirez arias,573178888673,,soacha,whatsapp,contactado,2026-08-30 19:39:00,2026-08-30 20:39:00,bajaj pulsar ns 125,590,SKU-008,100.0,fuzzy,phone:573178888673,c36abbde-df35-58ed-8262-b147d337d7f6,False,,1.0,,8990000.0,,,,,False,False
LD-00591,05/08/2026 08:18,WhatsApp,EMP-03,PV-014,NATALIA CORREA CASTAÑO,3167963535,natalia.correa6@gmail.com,Bogota,Suzuki Best 125,Cotización enviada,08/05/2026 09:18,,natalia correa castano,573167963535,natalia.correa6@gmail.com,bogota,whatsapp,cotizacion enviada,2026-08-05 08:18:00,2026-05-08 09:18:00,suzuki best 125,591,SKU-016,100.0,fuzzy,phone:573167963535,85a86978-24aa-5d53-b2ad-9a5128c8dcb6,False,,1.0,,6590000.0,,credito,,soat,False,False
LD-00592,2026-09-05T10:09:00,Meta Ads,EMP-02,PV-007,  Erika Castaño Marín  ,318 619 9917,,Soledad,,No contesta,2026-09-08T10:09:00,,erika castano marin,573186199917,,soledad,meta ads,no contesta,2026-09-05 10:09:00,2026-09-08 10:09:00,,592,,0.0,none,phone:573186199917,d75465f5-d967-502b-8e0c-cc68efe8a79b,True,d75465f5-d967-502b-8e0c-cc68efe8a79b,1.0,same_phone_or_email,,,,,,False,False
LD-00593,01/08/2026 17:06,WhatsApp,EMP-03,PV-012,  Nelson Giraldo Mosquera  ,(305) 552-2153,,bogotá,AKT  NKD 125,contactado,08/02/2026 23:06,,nelson giraldo mosquera,573055522153,,bogota,whatsapp,contactado,2026-08-01 17:06:00,2026-02-08 23:06:00,akt nkd 125,593,SKU-017,100.0,fuzzy,phone:573055522153,0afdc347-946e-5c02-80ef-e5048372e792,False,,1.0,,5290000.0,,credito,,soat,False,False
LD-00594,29/08/2026 16:32,Formulario Web,EMP-02,PV-008,  Liliana Salazar Torres  ,3122777599,,CARTAGENA,Honda Dio,SIN GESTION,,Agosto Cero Cuotas,liliana salazar torres,573122777599,,cartagena,formulario web,sin gestion,2026-08-29 16:32:00,,honda dio,594,,60.0,unmatched,phone:573122777599,35c37fc5-4fa4-59fa-87df-998743bf2416,False,,1.0,,,,,,,False,False
LD-00595,2026-08-06T13:03:00,Meta Ads,EMP-02,PV-007,Estefanía Londoño Castaño,301 200 2448,,SOLEDAD,Honda XRE,Sin gestión,,Remate Modelos 2025,estefania londono castano,573012002448,,soledad,meta ads,sin gestion,2026-08-06 13:03:00,,honda xre,595,,60.0,unmatched,phone:573012002448,1274133b-7d26-55c2-88d1-30adc76ed2b7,False,,1.0,,,,,,,False,False
LD-00596,09/09/2026 09:00,Meta Ads,EMP-02,PV-007,Sebastián Osorio Quintero,573202985048,sebastian.osorio75@gmail.com,Soledad,AKT Evo RS 150 2026,Cotización enviada,09/09/2026 15:00,Feria de Motos 2026,sebastian osorio quintero,573202985048,sebastian.osorio75@gmail.com,soledad,meta ads,cotizacion enviada,2026-09-09 09:00:00,2026-09-09 15:00:00,akt evo rs 150 2026,596,SKU-020,100.0,fuzzy,phone:573202985048,37d760b9-e19c-51fa-82c9-bb17a0ae20fc,False,,1.0,,7190000.0,22900000.0,credito,media,cuota,False,True
LD-00597,27/08/2026 01:04,formulario web,EMP-03,PV-012,Jhon Jairo Londoño Pérez,573167796023,jhon.londono18@hotmail.com,Bogotá D.C.,Suzuki GN 125,En proceso,2026-08-31 01:04:00,,jhon jairo londono perez,573167796023,jhon.londono18@hotmail.com,bogota,formulario web,en proceso,2026-08-27 01:04:00,2026-08-31 01:04:00,suzuki gn 125,597,SKU-013,100.0,fuzzy,phone:573167796023,0c261fb4-6e10-5d0b-a4f2-be17b4f91988,False,,1.0,,7490000.0,,credito,,soat,False,False
LD-00598,14/08/2026 10:49,WhatsApp,EMP-01,PV-002,Sandra Milena Salazar Hernández,304 668 1507,,ITAGUI,Hnda Dio 110,Cotización enviada,08/14/2026 12:49,,sandra milena salazar hernandez,573046681507,,itagui,whatsapp,cotizacion enviada,2026-08-14 10:49:00,2026-08-14 12:49:00,hnda dio 110,598,SKU-005,100.0,fuzzy,phone:573046681507,12d64617-68c4-5ba9-a896-442a08d5443b,True,12d64617-68c4-5ba9-a896-442a08d5443b,1.0,same_phone_or_email,6890000.0,,,,,False,False
LD-00599,2026-09-04 06:59:00,WhatsApp,EMP-01,PV-004,  Sandra Milena Arias Betancur  ,(300) 779-7130,,Rio Negro,Honda Dio 110,En proceso,,Feria de Motos 2026,sandra milena arias betancur,573007797130,,rio negro,whatsapp,en proceso,2026-09-04 06:59:00,,honda dio 110,599,SKU-005,100.0,fuzzy,phone:573007797130,4322e769-9b75-5c24-80b3-e5c28760f9d5,False,,1.0,,6890000.0,,,,,False,False
LD-00600,2026-08-07 17:41:00,WhatsApp,EMP-03,PV-015,Luz Marina Osorio Salazar,573501071924,luz.osorio84@outlook.com,SOACHA,Hero Xpulse 200,contactado,08/08/2026 11:41,Prima Extra,luz marina osorio salazar,573501071924,luz.osorio84@outlook.com,soacha,whatsapp,contactado,2026-08-07 17:41:00,2026-08-08 11:41:00,hero xpulse 200,600,SKU-023,100.0,fuzzy,phone:573501071924,30728772-b289-55e5-893c-b7651f964dcb,False,,1.0,,14990000.0,,,,,False,False
LD-00601,2026-09-02 18:31:00,WhatsApp,EMP-03,PV-012,Jhon Jairo Rodríguez Mosquera,318-926-3420,jhon.rodriguez82@outlook.com,bogotá,AKT TTR 200,no contesta,02/09/2026 19:31,,jhon jairo rodriguez mosquera,573189263420,jhon.rodriguez82@outlook.com,bogota,whatsapp,no contesta,2026-09-02 18:31:00,2026-09-02 19:31:00,akt ttr 200,601,SKU-019,100.0,fuzzy,phone:573189263420,7a7b1c18-057f-51cb-9217-221621de8448,False,,1.0,,9890000.0,,,,,False,False
LD-00602,15/08/2026 23:22,WhatsApp,EMP-02,PV-006,Claudia Patricia Mosquera Muñoz,+57 315 1347575,,barranquilla,hero xpulse 200,contactado,16/08/2026 17:22,,claudia patricia mosquera munoz,573151347575,,barranquilla,whatsapp,contactado,2026-08-15 23:22:00,2026-08-16 17:22:00,hero xpulse 200,602,SKU-023,100.0,fuzzy,phone:573151347575,738778e6-6a9b-5dbe-bb7a-968b08267ee4,False,,1.0,,14990000.0,,,,,False,False
LD-00603,04/08/2026 08:32,WhatsApp,EMP-01,PV-003,LILIANA RAMÍREZ AGUDELO,305 563 6372,liliana.ramirez44@hotmail.com,Bello,HONDA NAVI,SIN GESTION,,Remate Modelos 2025,liliana ramirez agudelo,573055636372,liliana.ramirez44@hotmail.com,bello,whatsapp,sin gestion,2026-08-04 08:32:00,,honda navi,603,SKU-004,100.0,fuzzy,phone:573055636372,70455e9f-b508-5f79-b7d9-99d39b7caece,False,,1.0,,7290000.0,,,,,False,False
LD-00604,2026-08-27 20:15:00,Meta Ads,EMP-03,PV-012,Adriana Vargas Muñoz,+57 350 9032098,,,Bajaj Dominar 400,En proceso,28-08-2026,,adriana vargas munoz,573509032098,,,meta ads,en proceso,2026-08-27 20:15:00,2026-08-28 00:00:00,bajaj dominar 400,604,SKU-011,100.0,fuzzy,phone:573509032098,e9573c69-6f24-5982-b24d-24418133bbb2,False,,1.0,,24900000.0,4990000.0,credito,,cuota,False,True
LD-00605,01/08/2026 18:20,WHATSAPP,EMP-03,PV-012,Sandra Milena Hernández Betancur,3151401436,,Bogota DC,Eco Deluxe 100,No contesta,2026-08-02T00:20:00,Feria de Motos 2026,sandra milena hernandez betancur,573151401436,,bogota dc,whatsapp,no contesta,2026-08-01 18:20:00,2026-08-02 00:20:00,eco deluxe 100,605,SKU-021,100.0,exact,phone:573151401436,07177a9d-d4f8-5ebb-8b9b-6d201c81a813,False,,1.0,,4990000.0,,credito,media,soat,False,False
LD-00606,2026-08-02T13:30:00,Meta Ads,EMP-02,PV-008,Cristian Gómez Zapata,3123191660,cristian.gomez92@outlook.com,CARTAGENA,Honda  XR 150L,Descartado,2026-08-05 13:30:00,Feria de Motos 2026,cristian gomez zapata,573123191660,cristian.gomez92@outlook.com,cartagena,meta ads,descartado,2026-08-02 13:30:00,2026-08-05 13:30:00,honda xr 150l,606,SKU-002,100.0,fuzzy,phone:573123191660,8eee7c7f-1ec1-5710-9565-dda22b7751a7,False,,1.0,,11490000.0,,credito,,soat,False,False
LD-00607,2026-08-23 12:44:00,meta ads,EMP-02,PV-006,  Paula Andrea Castaño Marín  ,+57 313 9978610,paula.castano83@outlook.com,BARRANQUILLA,Honda Navi,no contesta,2026-08-24T06:44:00,Remate Modelos 2025,paula andrea castano marin,573139978610,paula.castano83@outlook.com,barranquilla,meta ads,no contesta,2026-08-23 12:44:00,2026-08-24 06:44:00,honda navi,607,SKU-004,100.0,fuzzy,phone:573139978610,6c6e0e04-dc0f-54df-ae2c-6e17e2c3725b,False,,1.0,,7290000.0,11490000.0,credito,,cuota,False,True
LD-00608,08/28/2026 02:41,Meta Ads,EMP-01,PV-002,Cristian Ramírez Franco,317-363-5574,cristian.ramirez33@yahoo.es,Itagüí,Hero Hunk,Cotización enviada,29/08/2026 08:41,Remate Modelos 2025,cristian ramirez franco,573173635574,cristian.ramirez33@yahoo.es,itagui,meta ads,cotizacion enviada,2026-08-28 02:41:00,2026-08-29 08:41:00,hero hunk,608,,66.66666666666666,unmatched,phone:573173635574,e1d2f7b8-f1ab-50d4-899e-d8cbbcdfaa4e,False,,1.0,,,11490000.0,credito,,cuota,False,True
LD-00609,2026-09-08 20:30:00,WhatsApp,EMP-03,PV-011,Brayan Vargas Pérez,3206064409,brayan.vargas84@gmail.com,,,sin gestion,,Retoma tu moto,brayan vargas perez,573206064409,brayan.vargas84@gmail.com,,whatsapp,sin gestion,2026-09-08 20:30:00,,,609,,0.0,none,phone:573206064409,d12c0fe1-2471-57e0-9ddd-cbd1cd631198,False,,1.0,,,,,,,False,False
LD-00610,2026-08-25 06:28:00,WHATSAPP,EMP-01,PV-002,Natalia Jiménez Escobar,322 119 6296,natalia.jimenez70@outlook.com,Itagui,HONDA NAVI,No contesta,2026-08-25 18:28:00,Feria de Motos 2026,natalia jimenez escobar,573221196296,natalia.jimenez70@outlook.com,itagui,whatsapp,no contesta,2026-08-25 06:28:00,2026-08-25 18:28:00,honda navi,610,SKU-004,100.0,fuzzy,phone:573221196296,cce6c5a9-2fab-5408-85aa-4db2e8049c44,False,,1.0,,7290000.0,,,,,False,False
LD-00611,14-08-2026,formulario web,EMP-03,PV-014,Leidy Johana Herrera Correa,3001864073,leidy.herrera66@gmail.com,Bogotá,,Cotización enviada,08/18/2026 06:28,,leidy johana herrera correa,573001864073,leidy.herrera66@gmail.com,bogota,formulario web,cotizacion enviada,2026-08-14 00:00:00,2026-08-18 06:28:00,,611,,0.0,none,phone:573001864073,2f13ad10-49f7-56db-8d6a-750818cdc19c,False,,1.0,,,,,,,False,False
LD-00612,2026-08-17 13:31:00,WhatsApp,EMP-01,PV-003,Luz Marina Franco Rodríguez,302-210-5662,,bello,Hnda Dio 110,Sin gestión,,Remate Modelos 2025,luz marina franco rodriguez,573022105662,,bello,whatsapp,sin gestion,2026-08-17 13:31:00,,hnda dio 110,612,SKU-005,100.0,fuzzy,phone:573022105662,7283132a-4c4e-5559-9ab5-52ae024a1a38,False,,1.0,,6890000.0,11290000.0,credito,,soat,False,False
LD-00613,02-08-2026,WhatsApp,EMP-01,PV-004,  Liliana Salazar Torres  ,3229437226,liliana.salazar14@gmail.com,Rionegro,,Sin gestión,,Remate Modelos 2025,liliana salazar torres,573229437226,liliana.salazar14@gmail.com,rionegro,whatsapp,sin gestion,2026-08-02 00:00:00,,,613,,0.0,none,phone:573229437226,6a6332f7-e6c3-556a-93ff-d9e86c715ea0,False,,1.0,,,,,,,False,False
LD-00614,2026-08-12 00:47:00,Meta Ads,EMP-03,PV-013,Paula Betancur,3517401198,paula.betancur95@yahoo.es,Bogotá D.C.,Suzuki,Cotización enviada,08/12/2026 06:47,Remate Modelos 2025,paula betancur,573517401198,paula.betancur95@yahoo.es,bogota,meta ads,cotizacion enviada,2026-08-12 00:47:00,2026-12-08 06:47:00,suzuki,614,,26.66666666666667,unmatched,phone:573517401198,77349faa-46f0-5dbe-bd53-7930c447159c,True,77349faa-46f0-5dbe-bd53-7930c447159c,1.0,same_phone_or_email,,,,,,False,False
LD-00615,2026-08-04 11:40:00,WhatsApp,EMP-02,PV-010,  Diana Carolina Zapata Castaño  ,3166606811,,MONTERIA,Suzuki,Cotización enviada,2026-08-04T17:40:00,Feria de Motos 2026,diana carolina zapata castano,573166606811,,monteria,whatsapp,cotizacion enviada,2026-08-04 11:40:00,2026-08-04 17:40:00,suzuki,615,,26.66666666666667,unmatched,phone:573166606811,ca1e1a95-2c54-560f-af26-67b120a2ec95,True,ca1e1a95-2c54-560f-af26-67b120a2ec95,1.0,same_phone_or_email,,,,,,False,False
LD-00616,2026-08-08T15:06:00,formulario web,EMP-03,PV-015,  Marcela Franco Franco  ,3167911122,,SOACHA,,Contactado,2026-08-08 19:06:00,Remate Modelos 2025,marcela franco franco,573167911122,,soacha,formulario web,contactado,2026-08-08 15:06:00,2026-08-08 19:06:00,,616,,0.0,none,phone:573167911122,ac850c50-7764-50f1-a82b-ff588406e6dc,False,,1.0,,,,,,,False,False
LD-00617,2026-08-31 13:17:00,WhatsApp,EMP-03,PV-011,CLAUDIA PATRICIA HERRERA ESCOBAR,3027350859,,BOGOTA,Honda XR 150L,Sin gestión,,Retoma tu moto,claudia patricia herrera escobar,573027350859,,bogota,whatsapp,sin gestion,2026-08-31 13:17:00,,honda xr 150l,617,SKU-002,100.0,fuzzy,phone:573027350859,02378478-62c4-512c-97d0-25189ce0f748,False,,1.0,,11490000.0,,,,,False,False
LD-00618,2026-08-30T06:49:00,whatsapp,EMP-03,PV-012,Cristian Betancur Osorio,310-222-8043,,Bogota,Discover 125,Sin gestión,,Prima Extra,cristian betancur osorio,573102228043,,bogota,whatsapp,sin gestion,2026-08-30 06:49:00,,discover 125,618,SKU-012,100.0,exact,phone:573102228043,c0f8dddc-4d0b-5a46-b491-d1ea6ce25365,False,,1.0,,6990000.0,,,,,False,False
LD-00619,08/08/2026 02:21,WhatsApp,EMP-02,PV-008,FABIÁN JIMÉNEZ VARGAS, 3162188218 ,fabian.jimenez28@yahoo.es,Cartagena de Indias,akt ttr 200,Sin gestión,,Remate Modelos 2025,fabian jimenez vargas,573162188218,fabian.jimenez28@yahoo.es,cartagena de indias,whatsapp,sin gestion,2026-08-08 02:21:00,,akt ttr 200,619,SKU-019,100.0,fuzzy,phone:573162188218,13173f82-7902-5301-93ed-94b2ce425040,False,,1.0,,9890000.0,14990000.0,credito,,soat,False,False
LD-00620,08/24/2026 14:57,Meta Ads,EMP-03,PV-015,Jorge Iván Muñoz Muñoz,3174961861,jorge.munoz73@hotmail.com,Soacha,Bajai Pulsar NS 160,sin gestion,,Retoma tu moto,jorge ivan munoz munoz,573174961861,jorge.munoz73@hotmail.com,soacha,meta ads,sin gestion,2026-08-24 14:57:00,,bajai pulsar ns 160,620,SKU-009,100.0,fuzzy,phone:573174961861,16b72f08-1746-5ccb-b611-0935c807c293,False,,1.0,,11290000.0,7990000.0,credito,,cuota,False,True
LD-00621,2026-08-16 02:54:00,META ADS,EMP-03,PV-013,Katherine Betancur Quintero,3059176681,katherine.betancur17@gmail.com,Bogotá D.C.,Bajaj,Contactado,16/08/2026 14:54,,katherine betancur quintero,573059176681,katherine.betancur17@gmail.com,bogota,meta ads,contactado,2026-08-16 02:54:00,2026-08-16 14:54:00,bajaj,621,,22.22222222222223,unmatched,phone:573059176681,d29d8425-630f-50fd-a02f-ab2850d1ff44,False,,1.0,,,,,,,False,False
LD-00622,2026-08-01 12:14:00,WhatsApp,EMP-03,PV-014,Yuliana Ramírez Giraldo,316-976-2002,yuliana.ramirez12@hotmail.com,bogotá,Honda CB 190R,sin gestion,,,yuliana ramirez giraldo,573169762002,yuliana.ramirez12@hotmail.com,bogota,whatsapp,sin gestion,2026-08-01 12:14:00,,honda cb 190r,622,SKU-003,100.0,fuzzy,phone:573169762002,f09e3edb-4873-55f6-9bb0-413bdfa261fc,False,,1.0,,13990000.0,,,,,False,False
LD-00623,2026-08-24 16:46:00,Meta Ads,EMP-03,PV-014,María Correa,323-957-5792,maria.correa55@yahoo.es,Bogota,Bajaj  Boxer CT 100,No contesta,27/08/2026 16:46,Agosto Cero Cuotas,maria correa,573239575792,maria.correa55@yahoo.es,bogota,meta ads,no contesta,2026-08-24 16:46:00,2026-08-27 16:46:00,bajaj boxer ct 100,623,SKU-007,100.0,fuzzy,phone:573239575792,195b88af-5143-5f86-84a7-2fb9a13efe7f,True,195b88af-5143-5f86-84a7-2fb9a13efe7f,1.0,same_phone_or_email,5790000.0,24900000.0,credito,,cuota,False,True
LD-00624,2026-08-22 12:04:00,Meta Ads,EMP-03,PV-011,Erika Rodríguez Restrepo,3158477748,erika.rodriguez35@outlook.com,Bogota,Bajaj Pulsar,Sin gestión,,,erika rodriguez restrepo,573158477748,erika.rodriguez35@outlook.com,bogota,meta ads,sin gestion,2026-08-22 12:04:00,,bajaj pulsar,624,,66.66666666666666,unmatched,phone:573158477748,622668d3-1e21-5f90-9bbb-4ac9680ec810,False,,1.0,,,,,,,False,False
LD-00625,09/03/2026 15:38,Formulario Web,EMP-02,PV-010,  Claudia Patricia Agudelo Hernández  ,322 266 5034,,Monteria,AKT NKD 125 2026,SIN GESTION,,,claudia patricia agudelo hernandez,573222665034,,monteria,formulario web,sin gestion,2026-03-09 15:38:00,,akt nkd 125 2026,625,SKU-017,100.0,fuzzy,phone:573222665034,55acdd4f-96bd-5355-afd2-c24ba5d7c459,False,,1.0,,5290000.0,,,,,False,False
LD-00626,31/08/2026 12:53,WhatsApp,EMP-02,PV-009,  Liliana Osorio Torres  ,321 350 3176,,SANTA MARTA,Bajaj Dominar 400,Descartado,04-09-2026,Remate Modelos 2025,liliana osorio torres,573213503176,,santa marta,whatsapp,descartado,2026-08-31 12:53:00,2026-09-04 00:00:00,bajaj dominar 400,626,SKU-011,100.0,fuzzy,phone:573213503176,75154119-cd39-5b18-b3bd-b14b6c9cca30,True,75154119-cd39-5b18-b3bd-b14b6c9cca30,1.0,same_phone_or_email,24900000.0,,credito,,soat,False,False
LD-00627,2026-08-18T11:33:00,WhatsApp,EMP-02,PV-010,Natalia Herrera Arias,3506713891,natalia.herrera3@hotmail.com,MONTERIA,Hero Dash 110,Contactado,2026-08-18T15:33:00,Prima Extra,natalia herrera arias,573506713891,natalia.herrera3@hotmail.com,monteria,whatsapp,contactado,2026-08-18 11:33:00,2026-08-18 15:33:00,hero dash 110,627,SKU-024,100.0,fuzzy,phone:573506713891,3a199d32-5072-5d7e-82a2-4742767d4d9a,False,,1.0,,6290000.0,8990000.0,credito,,soat,False,False
LD-00628,2026-09-01 21:46:00,Formulario Web,EMP-01,PV-003,Erika Giraldo Rodríguez,+57 318 9668234,,,suzuki best 125,Contactado,09/02/2026 09:46,Agosto Cero Cuotas,erika giraldo rodriguez,573189668234,,,formulario web,contactado,2026-09-01 21:46:00,2026-02-09 09:46:00,suzuki best 125,628,SKU-016,100.0,fuzzy,phone:573189668234,027636a2-673e-5afa-8ef7-3764ed94b284,False,,1.0,,6590000.0,,,,,False,False
LD-00629,12-08-2026,Formulario Web,EMP-02,PV-008,Óscar David Muñoz Arias,304-079-3459,,Cartagena,Honda CB,Cotización enviada,12/08/2026 14:41,Prima Extra,oscar david munoz arias,573040793459,,cartagena,formulario web,cotizacion enviada,2026-08-12 00:00:00,2026-08-12 14:41:00,honda cb,629,,44.44444444444444,unmatched,phone:573040793459,9b71e64b-bb02-50b8-8539-b0f3817ab005,False,,1.0,,,5290000.0,credito,,soat,False,False
LD-00630,2026-08-03T07:59:00,Formulario Web,EMP-02,PV-010,Sebastián Franco Giraldo, 3043303339 ,sebastian.franco59@gmail.com,MONTERIA,akt nkd 125,Contactado,03/08/2026 13:59,,sebastian franco giraldo,573043303339,sebastian.franco59@gmail.com,monteria,formulario web,contactado,2026-08-03 07:59:00,2026-08-03 13:59:00,akt nkd 125,630,SKU-017,100.0,fuzzy,phone:573043303339,1ae2dac9-894e-596b-8a08-e8ffda84822a,False,,1.0,,5290000.0,,,,,False,False
LD-00631,23/08/2026 00:09,WhatsApp,EMP-02,PV-006,SANDRA MILENA CORREA BEDOYA,(305) 884-5927,sandra.correa43@yahoo.es,Barranquilla,Bajaj Pulsar NS 125,En proceso,08/25/2026 00:09,Feria de Motos 2026,sandra milena correa bedoya,573058845927,sandra.correa43@yahoo.es,barranquilla,whatsapp,en proceso,2026-08-23 00:09:00,2026-08-25 00:09:00,bajaj pulsar ns 125,631,SKU-008,100.0,fuzzy,phone:573058845927,2f1431de-e77a-51a3-82da-bf9111d21762,False,,1.0,,8990000.0,,credito,,soat,False,False
LD-00632,2026-09-04 06:10:00,WhatsApp,EMP-02,PV-009,  Nelson Hernández Agudelo  ,3160241987,,Santa Marta,Bajaj,No contesta,04-09-2026,Agosto Cero Cuotas,nelson hernandez agudelo,573160241987,,santa marta,whatsapp,no contesta,2026-09-04 06:10:00,2026-09-04 00:00:00,bajaj,632,,22.22222222222223,unmatched,phone:573160241987,4ca19a99-aba8-548b-a71e-86d55bcacea4,False,,1.0,,,7490000.0,credito,,cuota,False,True
LD-00633,2026-08-21T09:53:00,WhatsApp,EMP-02,PV-008,Vanessa Bedoya Marín,3023670641,vanessa.bedoya96@hotmail.com,Cartagena de Indias,Heroo Dash 110,Cotización enviada,2026-08-22 09:53:00,,vanessa bedoya marin,573023670641,vanessa.bedoya96@hotmail.com,cartagena de indias,whatsapp,cotizacion enviada,2026-08-21 09:53:00,2026-08-22 09:53:00,heroo dash 110,633,SKU-024,100.0,fuzzy,phone:573023670641,54714d31-2a81-5bea-bb68-f6e732a781b1,False,,1.0,,6290000.0,,,,,False,False
LD-00634,2026-09-05 22:45:00,Meta Ads,EMP-01,PV-005,VANESSA ESCOBAR VARGAS,+57 310 4126674,vanessa.escobar42@yahoo.es,,HERO HUNK 160R,Contactado,2026-09-06T04:45:00,Retoma tu moto,vanessa escobar vargas,573104126674,vanessa.escobar42@yahoo.es,,meta ads,contactado,2026-09-05 22:45:00,2026-09-06 04:45:00,hero hunk 160r,634,SKU-022,100.0,fuzzy,phone:573104126674,9a14fead-efdf-5a7f-b132-9bc206604673,False,,1.0,,10490000.0,,credito,,soat,False,False
LD-00635,2026-09-10 00:13:00,WhatsApp,EMP-01,PV-003,  Vanessa Bedoya Gómez  ,573150867292,vanessa.bedoya5@gmail.com,bello,Suzuki Best 125 2026,Cotización enviada,09/12/2026 00:13,Retoma tu moto,vanessa bedoya gomez,573150867292,vanessa.bedoya5@gmail.com,bello,whatsapp,cotizacion enviada,2026-09-10 00:13:00,2026-12-09 00:13:00,suzuki best 125 2026,635,SKU-016,100.0,fuzzy,phone:573150867292,39900e25-42b9-5ec9-bca7-fe60ff72020c,False,,1.0,,6590000.0,,,,,False,False
LD-00636,2026-08-16 12:04:00,WhatsApp,EMP-02,PV-007,LUISA VALENCIA GIRALDO,3164119684,,SOLEDAD,Hunk 160R,Sin gestión,,,luisa valencia giraldo,573164119684,,soledad,whatsapp,sin gestion,2026-08-16 12:04:00,,hunk 160r,636,SKU-022,100.0,exact,phone:573164119684,e05a2628-1f1c-513b-bba4-3a73941f375d,False,,1.0,,10490000.0,14990000.0,credito,media,soat,False,False
LD-00637,2026-09-09 22:39:00,Meta Ads,EMP-03,PV-015,Cristian Hernández Torres, 3139780388 ,cristian.hernandez30@yahoo.es,SOACHA,honda dio 110,Cotización enviada,09/10/2026 22:39,Retoma tu moto,cristian hernandez torres,573139780388,cristian.hernandez30@yahoo.es,soacha,meta ads,cotizacion enviada,2026-09-09 22:39:00,2026-10-09 22:39:00,honda dio 110,637,SKU-005,100.0,fuzzy,phone:573139780388,0ea81aca-92fe-5e52-abf5-a6166fb0da01,False,,1.0,,6890000.0,,credito,media,soat,False,False
LD-00638,2026-08-23 00:29:00,WhatsApp,EMP-01,PV-001,Erika Herrera Bedoya,3058151883,erika.herrera55@outlook.com,medellin,AKT Evo RS 150,Cotización enviada,2026-08-23 06:29:00,,erika herrera bedoya,573058151883,erika.herrera55@outlook.com,medellin,whatsapp,cotizacion enviada,2026-08-23 00:29:00,2026-08-23 06:29:00,akt evo rs 150,638,SKU-020,100.0,fuzzy,phone:573058151883,a6220c0c-fa4b-546c-a955-e6b5dcb135cc,True,a6220c0c-fa4b-546c-a955-e6b5dcb135cc,1.0,same_phone_or_email,7190000.0,6890000.0,credito,,soat,False,False
LD-00639,12-08-2026,WhatsApp,EMP-01,PV-001,ALEXANDER ZAPATA LONDOÑO,322 334 4414,,Medellin,AKT,Sin gestión,,Feria de Motos 2026,alexander zapata londono,573223344414,,medellin,whatsapp,sin gestion,2026-08-12 00:00:00,,akt,639,,28.57142857142857,unmatched,phone:573223344414,a4b2099b-3745-5e7e-9cd8-efeaf1e27c43,False,,1.0,,,,,,,False,False
LD-00640,11/08/2026 18:03,meta ads,EMP-02,PV-007,NATALIA CORREA CASTAÑO,3220989247,natalia.correa32@outlook.com,Soledad,AKT,contactado,2026-08-12 12:03:00,,natalia correa castano,573220989247,natalia.correa32@outlook.com,soledad,meta ads,contactado,2026-08-11 18:03:00,2026-08-12 12:03:00,akt,640,,28.57142857142857,unmatched,phone:573220989247,de9e09ed-6e46-50a0-9673-5a7acc86d07f,True,de9e09ed-6e46-50a0-9673-5a7acc86d07f,1.0,same_phone_or_email,,,credito,,soat,False,False
LD-00641,2026-08-16 23:22:00,Formulario Web,EMP-01,PV-004,  Mónica Bedoya Betancur  ,3117772457,,RIONEGRO,Pulsar RS 200,Sin gestión,,,monica bedoya betancur,573117772457,,rionegro,formulario web,sin gestion,2026-08-16 23:22:00,,pulsar rs 200,641,SKU-010,100.0,exact,phone:573117772457,b20d687c-2d08-5639-8487-d327cbe6d551,False,,1.0,,15490000.0,9890000.0,credito,,cuota,False,True
LD-00642,06/08/2026 10:47,whatsapp,EMP-02,PV-007,  Kevin Ramírez Arias  ,573156827759,,,Honda XRE,Contactado,,,kevin ramirez arias,573156827759,,,whatsapp,contactado,2026-08-06 10:47:00,,honda xre,642,,60.0,unmatched,phone:573156827759,b175173d-419b-5c54-8bf1-1490450cf525,False,,1.0,,,,credito,media,soat,False,False
LD-00643,2026-09-05 18:22:00,WhatsApp,EMP-01,PV-004,Carlos Mario Agudelo Londoño,(316) 959-2892,,Rio Negro,AKT NKD 125,contactado,06/09/2026 00:22,Remate Modelos 2025,carlos mario agudelo londono,573169592892,,rio negro,whatsapp,contactado,2026-09-05 18:22:00,2026-09-06 00:22:00,akt nkd 125,643,SKU-017,100.0,fuzzy,phone:573169592892,69411e28-3d72-5272-8891-97c9e1e79d61,False,,1.0,,5290000.0,22900000.0,credito,,cuota,False,True
LD-00644,02/08/2026 23:35,WhatsApp,EMP-01,PV-004,Erika Restrepo Arias,(301) 648-6463,erika.restrepo80@hotmail.com,RIONEGRO,Bajai Pulsar NS 160,Sin gestión,,,erika restrepo arias,573016486463,erika.restrepo80@hotmail.com,rionegro,whatsapp,sin gestion,2026-08-02 23:35:00,,bajai pulsar ns 160,644,SKU-009,100.0,fuzzy,phone:573016486463,281c83b2-0709-5410-bea0-7957fbfc7c2e,False,,1.0,,11290000.0,,credito,media,soat,False,False
LD-00645,2026-08-14T07:58:00,WhatsApp,EMP-02,PV-008,Liliana Rodríguez Muñoz,(316) 913-2445,,CARTAGENA,Bajaj Dominar 400,Descartado,2026-08-15T13:58:00,,liliana rodriguez munoz,573169132445,,cartagena,whatsapp,descartado,2026-08-14 07:58:00,2026-08-15 13:58:00,bajaj dominar 400,645,SKU-011,100.0,fuzzy,phone:573169132445,cc3a6552-5510-54f7-86e0-bd9dc3f79ed1,False,,1.0,,24900000.0,,,,,False,False
LD-00646,2026-08-06 23:58:00,WhatsApp,EMP-01,PV-002,  Leidy Johana Londoño Zapata  , 3110116945 ,,Itagüí,Honda Navi 2026,Sin gestión,,Agosto Cero Cuotas,leidy johana londono zapata,573110116945,,itagui,whatsapp,sin gestion,2026-08-06 23:58:00,,honda navi 2026,646,SKU-004,100.0,fuzzy,phone:573110116945,73785bae-c45b-5ce1-afd7-967ee50da4d0,False,,1.0,,7290000.0,14990000.0,credito,,cuota,False,True
LD-00647,08/16/2026 19:39,WhatsApp,EMP-01,PV-003,Sebastián Restrepo Mosquera,3024470501,,BELLO,hero dash 110,Sin gestión,,Retoma tu moto,sebastian restrepo mosquera,573024470501,,bello,whatsapp,sin gestion,2026-08-16 19:39:00,,hero dash 110,647,SKU-024,100.0,fuzzy,phone:573024470501,402e8e11-d46e-535e-9cf4-c476b02e68f2,False,,1.0,,6290000.0,,,,,False,False
LD-00648,22-08-2026,WhatsApp,EMP-02,PV-008,ÓSCAR DAVID MUÑOZ RODRÍGUEZ,(311) 754-0286,oscar.munoz2@gmail.com,Cartagena,Bajaj Discover,Contactado,25/08/2026 19:08,Remate Modelos 2025,oscar david munoz rodriguez,573117540286,oscar.munoz2@gmail.com,cartagena,whatsapp,contactado,2026-08-22 00:00:00,2026-08-25 19:08:00,bajaj discover,648,,80.0,unmatched,phone:573117540286,3d32a35c-6c8e-5c45-9fae-517805e915c5,False,,1.0,,,,credito,media,soat,False,False
LD-00649,04-08-2026,Meta Ads,EMP-02,PV-008,Claudia Patricia Franco Muñoz,+57 302 3327745,,CARTAGENA,honda dio 110,Sin gestión,,Remate Modelos 2025,claudia patricia franco munoz,573023327745,,cartagena,meta ads,sin gestion,2026-08-04 00:00:00,,honda dio 110,649,SKU-005,100.0,fuzzy,phone:573023327745,7b483dfd-dea3-5809-a5b8-35fcd33a70f0,False,,1.0,,6890000.0,11290000.0,credito,media,cuota,False,True
LD-00650,16-08-2026,META ADS,EMP-01,PV-004,  Édinson Pérez Arias  ,+57 314 1426378,,Rionegro,AKT NKD 125 2026,Cotización enviada,08/16/2026 10:16,Remate Modelos 2025,edinson perez arias,573141426378,,rionegro,meta ads,cotizacion enviada,2026-08-16 00:00:00,2026-08-16 10:16:00,akt nkd 125 2026,650,SKU-017,100.0,fuzzy,phone:573141426378,c0aa1e2d-7e9d-5652-9770-bfc91c9a573c,False,,1.0,,5290000.0,,,,,False,False
LD-00651,17-08-2026,Formulario Web,EMP-02,PV-007,Mónica Jiménez Muñoz,323 599 2955,,Soledad,Bajaj Boxer CT 100,Contactado,2026-08-17T09:30:00,,monica jimenez munoz,573235992955,,soledad,formulario web,contactado,2026-08-17 00:00:00,2026-08-17 09:30:00,bajaj boxer ct 100,651,SKU-007,100.0,fuzzy,phone:573235992955,01a2bc03-1173-5e3c-80a9-d3c711884c27,False,,1.0,,5790000.0,,,,,False,False
LD-00652,03/08/2026 13:48,Meta Ads,EMP-01,PV-001,Édinson Zapata Muñoz,315-811-5809,,Medellin,,Sin gestión,,,edinson zapata munoz,573158115809,,medellin,meta ads,sin gestion,2026-08-03 13:48:00,,,652,,0.0,none,phone:573158115809,bd5d64fe-762f-5df9-8461-60694f04662c,False,,1.0,,,,,,,False,False
LD-00653,08/24/2026 00:50,Meta Ads,EMP-01,PV-002,Sebastián Rodríguez Herrera,3222043098,sebastian.rodriguez29@gmail.com,,,Sin gestión,,Prima Extra,sebastian rodriguez herrera,573222043098,sebastian.rodriguez29@gmail.com,,meta ads,sin gestion,2026-08-24 00:50:00,,,653,,0.0,none,phone:573222043098,76474507-4993-5662-bb67-e42eeb6130f5,False,,1.0,,,,,,,False,False
LD-00654,2026-08-11 00:45:00,WhatsApp,EMP-01,PV-002,Andrés Felipe Herrera Herrera,3500854762,,,Hnda CB 125F Twister,Descartado,08/13/2026 00:45,Agosto Cero Cuotas,andres felipe herrera herrera,573500854762,,,whatsapp,descartado,2026-08-11 00:45:00,2026-08-13 00:45:00,hnda cb 125f twister,654,SKU-001,100.0,fuzzy,phone:573500854762,f30e67ab-0651-59d4-ae31-73e6ba378284,False,,1.0,,7990000.0,,,,,False,False
LD-00655,2026-08-02 09:08:00,WhatsApp,EMP-02,PV-010,Luz Marina Mosquera Arias,+57 318 5638299,,Montería,Honda Navi,Cotización enviada,08/03/2026 09:08,Feria de Motos 2026,luz marina mosquera arias,573185638299,,monteria,whatsapp,cotizacion enviada,2026-08-02 09:08:00,2026-03-08 09:08:00,honda navi,655,SKU-004,100.0,fuzzy,phone:573185638299,5d0cab00-6ed5-5a3d-82a9-20d6dd69acb9,False,,1.0,,7290000.0,24900000.0,credito,media,cuota,False,True
LD-00656,2026-09-02 07:52:00,Meta Ads,EMP-03,PV-013,KATHERINE RESTREPO CORREA,(312) 791-3127,katherine.restrepo58@yahoo.es,Bogotá,bajaj pulsar ns 160,no contesta,04-09-2026,,katherine restrepo correa,573127913127,katherine.restrepo58@yahoo.es,bogota,meta ads,no contesta,2026-09-02 07:52:00,2026-09-04 00:00:00,bajaj pulsar ns 160,656,SKU-009,100.0,fuzzy,phone:573127913127,cb5948b1-fc94-5cda-9073-9ad36ba49432,False,,1.0,,11290000.0,,,,,False,False
LD-00657,2026-09-07 05:52:00,Meta Ads,EMP-03,PV-015,  Alexander Muñoz Franco  ,+57 317 6144844,,Soacha,Suzuki V-Strom 250,Cotización enviada,09/07/2026 17:52,Agosto Cero Cuotas,alexander munoz franco,573176144844,,soacha,meta ads,cotizacion enviada,2026-09-07 05:52:00,2026-07-09 17:52:00,suzuki v-strom 250,657,SKU-015,100.0,fuzzy,phone:573176144844,c197364b-90b8-50f0-a36e-d95db3c6dd78,False,,1.0,,21900000.0,,,,,False,False
LD-00658,02/09/2026 16:45,whatsapp,EMP-03,PV-012,Vanessa Vargas Betancur,312 835 1628,vanessa.vargas37@yahoo.es,Bogotá,A.K.T NKD 125,Sin gestión,,Prima Extra,vanessa vargas betancur,573128351628,vanessa.vargas37@yahoo.es,bogota,whatsapp,sin gestion,2026-09-02 16:45:00,,a.k.t nkd 125,658,SKU-017,100.0,fuzzy,phone:573128351628,ad376b81-1bb0-5830-84d2-5aba7c53e4d2,False,,1.0,,5290000.0,7490000.0,credito,,cuota,False,True
LD-00659,2026-08-27 10:28:00,Formulario Web,EMP-02,PV-009,Yuliana Jiménez Osorio, 3024932561 ,yuliana.jimenez52@gmail.com,SANTA MARTA,Hero Dash 110 2026,Cotización enviada,08/29/2026 10:28,Prima Extra,yuliana jimenez osorio,573024932561,yuliana.jimenez52@gmail.com,santa marta,formulario web,cotizacion enviada,2026-08-27 10:28:00,2026-08-29 10:28:00,hero dash 110 2026,659,SKU-024,100.0,fuzzy,phone:573024932561,079bb9f5-dbb0-5393-83cc-915aea877275,False,,1.0,,6290000.0,,credito,,soat,False,False
LD-00660,2026-08-27T05:17:00,WhatsApp,EMP-01,PV-005,Carlos Mario Bedoya Salazar, 3216564411 ,carlos.bedoya28@gmail.com,Medellin,bajaj pulsar ns 125,Descartado,27-08-2026,Feria de Motos 2026,carlos mario bedoya salazar,573216564411,carlos.bedoya28@gmail.com,medellin,whatsapp,descartado,2026-08-27 05:17:00,2026-08-27 00:00:00,bajaj pulsar ns 125,660,SKU-008,100.0,fuzzy,phone:573216564411,3890c487-13ad-5fbd-aeb5-ea5202a5048f,False,,1.0,,8990000.0,,,,,False,False
LD-00661,2026-08-01 18:24:00,Meta Ads,EMP-02,PV-010,Marcela Ospina Escobar,3216529511,marcela.ospina77@hotmail.com,MONTERIA,Honda Navi,Sin gestión,,Agosto Cero Cuotas,marcela ospina escobar,573216529511,marcela.ospina77@hotmail.com,monteria,meta ads,sin gestion,2026-08-01 18:24:00,,honda navi,661,SKU-004,100.0,fuzzy,phone:573216529511,0486be2e-f863-5e2f-a0da-c700f2c6e14c,False,,1.0,,7290000.0,,,,,False,False
LD-00662,2026-08-20 01:09:00,WhatsApp,EMP-03,PV-012,  Andrés Felipe Giraldo Gómez  , 3214787350 ,andres.giraldo81@outlook.com,Bogotá D.C.,Hero  Dash 110,Cotización enviada,24-08-2026,Remate Modelos 2025,andres felipe giraldo gomez,573214787350,andres.giraldo81@outlook.com,bogota,whatsapp,cotizacion enviada,2026-08-20 01:09:00,2026-08-24 00:00:00,hero dash 110,662,SKU-024,100.0,fuzzy,phone:573214787350,acf8c1a4-8f7e-500a-83ac-c594f63d10f7,False,,1.0,,6290000.0,,,,,False,False
LD-00663,09/05/2026 09:56,WhatsApp,EMP-01,PV-005,  Yesenia Cardona Ospina  ,315-471-2634,,Medellín,Hero Xpulse 200,no contesta,09/07/2026 09:56,Retoma tu moto,yesenia cardona ospina,573154712634,,medellin,whatsapp,no contesta,2026-05-09 09:56:00,2026-07-09 09:56:00,hero xpulse 200,663,SKU-023,100.0,fuzzy,phone:573154712634,4709edd6-3a05-5dd1-aa11-a4d73b214e22,True,4709edd6-3a05-5dd1-aa11-a4d73b214e22,1.0,same_phone_or_email,14990000.0,,credito,,soat,False,False
LD-00664,2026-08-11 03:34:00,Meta Ads,EMP-02,PV-008,Brayan Rodríguez Bedoya,310 056 6661,,CARTAGENA,Suzuki GN 125,no contesta,2026-08-11 05:34:00,Prima Extra,brayan rodriguez bedoya,573100566661,,cartagena,meta ads,no contesta,2026-08-11 03:34:00,2026-08-11 05:34:00,suzuki gn 125,664,SKU-013,100.0,fuzzy,phone:573100566661,e2632528-e715-5dd4-9201-2c6c82a6bb3d,False,,1.0,,7490000.0,13990000.0,credito,,soat,False,False
LD-00665,08/18/2026 18:39,WhatsApp,EMP-01,PV-004,ÓSCAR DAVID JIMÉNEZ MARÍN,573509163121,,RIONEGRO,Bajaj Pulsar NS 125 2026,En proceso,19/08/2026 00:39,Remate Modelos 2025,oscar david jimenez marin,573509163121,,rionegro,whatsapp,en proceso,2026-08-18 18:39:00,2026-08-19 00:39:00,bajaj pulsar ns 125 2026,665,SKU-008,100.0,fuzzy,phone:573509163121,5866a593-277a-54aa-96d4-a0301f16c9e0,False,,1.0,,8990000.0,,,,,False,False
LD-00666,20/08/2026 13:08,Meta Ads,EMP-01,PV-003,Luisa Valencia Vargas,314 547 7818,luisa.valencia34@gmail.com,BELLO,SUZUKI BEST 125,contactado,2026-08-20 15:08:00,Agosto Cero Cuotas,luisa valencia vargas,573145477818,luisa.valencia34@gmail.com,bello,meta ads,contactado,2026-08-20 13:08:00,2026-08-20 15:08:00,suzuki best 125,666,SKU-016,100.0,fuzzy,phone:573145477818,2ea99b22-3d72-5331-87a1-aa554ef1c7e4,False,,1.0,,6590000.0,,,,,False,False
LD-00667,2026-08-31 18:18:00,whatsapp,EMP-02,PV-009,DIANA CAROLINA CARDONA MOSQUERA,3110679806,diana.cardona73@yahoo.es,Santa Marta,Suzuki Gixxer 150,Sin gestión,,Prima Extra,diana carolina cardona mosquera,573110679806,diana.cardona73@yahoo.es,santa marta,whatsapp,sin gestion,2026-08-31 18:18:00,,suzuki gixxer 150,667,SKU-014,100.0,fuzzy,phone:573110679806,0aa90056-ff1c-5366-9438-4906470c5387,False,,1.0,,11990000.0,,,,,False,False
LD-00668,02-09-2026,WhatsApp,EMP-02,PV-007,Nelson Restrepo Ospina,(301) 052-3960,nelson.restrepo1@outlook.com,Soledad,SUZUKI BEST 125,sin gestion,,Prima Extra,nelson restrepo ospina,573010523960,nelson.restrepo1@outlook.com,soledad,whatsapp,sin gestion,2026-09-02 00:00:00,,suzuki best 125,668,SKU-016,100.0,fuzzy,phone:573010523960,6f4ec478-86e3-5ff0-ac14-4da7cc183458,False,,1.0,,6590000.0,,credito,baja,precio,False,True
LD-00669,2026-08-05 15:52:00,Formulario Web,EMP-03,PV-015,Nelson Zapata Restrepo,3059661745,nelson.zapata40@yahoo.es,Soacha,Suzuki V-Strom 250,sin gestion,,Retoma tu moto,nelson zapata restrepo,573059661745,nelson.zapata40@yahoo.es,soacha,formulario web,sin gestion,2026-08-05 15:52:00,,suzuki v-strom 250,669,SKU-015,100.0,fuzzy,phone:573059661745,7c104c55-859a-5734-b16e-e2ac865954f1,False,,1.0,,21900000.0,5290000.0,credito,media,soat,False,False
LD-00670,2026-09-06 22:30:00,WhatsApp,EMP-02,PV-008,  Juan Carlos Correa Pérez  ,3169130724,,CARTAGENA,Bajaj Dominar 400,Sin gestión,,Retoma tu moto,juan carlos correa perez,573169130724,,cartagena,whatsapp,sin gestion,2026-09-06 22:30:00,,bajaj dominar 400,670,SKU-011,100.0,fuzzy,phone:573169130724,2c09fe17-1241-5ec7-b5e0-2652ca3e9105,False,,1.0,,24900000.0,,credito,,soat,False,False
LD-00671,02/08/2026 01:20,Meta Ads,EMP-03,PV-015,  Brayan Castaño Giraldo  ,3113763144,,SOACHA,Hero Dash 110,Cotización enviada,2026-08-02T19:20:00,Agosto Cero Cuotas,brayan castano giraldo,573113763144,,soacha,meta ads,cotizacion enviada,2026-08-02 01:20:00,2026-08-02 19:20:00,hero dash 110,671,SKU-024,100.0,fuzzy,phone:573113763144,9b01cc04-f9d2-5a98-9583-17674d5dcfe5,False,,1.0,,6290000.0,,,,,False,False
LD-00672,2026-08-30 09:33:00,Meta Ads,EMP-03,PV-012,Nelson Jiménez Herrera,573117673715,nelson.jimenez48@outlook.com,Bogotá,AKT NKD 125 2026,Descartado,31-08-2026,Prima Extra,nelson jimenez herrera,573117673715,nelson.jimenez48@outlook.com,bogota,meta ads,descartado,2026-08-30 09:33:00,2026-08-31 00:00:00,akt nkd 125 2026,672,SKU-017,100.0,fuzzy,phone:573117673715,d07a8bcd-416b-5d18-bc0e-49c988ca5889,False,,1.0,,5290000.0,,,,,False,False
LD-00673,16-08-2026,WHATSAPP,EMP-02,PV-010,Fabián Hernández Vargas,3156112717,fabian.hernandez1@hotmail.com,,Bajaj Pulsar NS 160,Sin gestión,,Prima Extra,fabian hernandez vargas,573156112717,fabian.hernandez1@hotmail.com,,whatsapp,sin gestion,2026-08-16 00:00:00,,bajaj pulsar ns 160,673,SKU-009,100.0,fuzzy,phone:573156112717,23f18077-f577-5b1e-8da1-9dedd270b602,False,,1.0,,11290000.0,6990000.0,credito,media,cuota,False,True
LD-00674,24-08-2026,Meta Ads,EMP-03,PV-015,PAULA ANDREA MOSQUERA CORREA, 3172026961 ,,Soacha,Suzuki Gixxer 150,Contactado,25/08/2026 12:52,,paula andrea mosquera correa,573172026961,,soacha,meta ads,contactado,2026-08-24 00:00:00,2026-08-25 12:52:00,suzuki gixxer 150,674,SKU-014,100.0,fuzzy,phone:573172026961,2f7d163e-7ea3-5d70-8e45-12e5988b7210,False,,1.0,,11990000.0,24900000.0,credito,,soat,False,False
LD-00675,2026-09-07 06:31:00,WhatsApp,EMP-03,PV-011,Andrés Felipe Hernández Castaño,3176996608,andres.hernandez7@yahoo.es,bogotá,bajaj pulsar rs 200,Sin gestión,,,andres felipe hernandez castano,573176996608,andres.hernandez7@yahoo.es,bogota,whatsapp,sin gestion,2026-09-07 06:31:00,,bajaj pulsar rs 200,675,SKU-010,100.0,fuzzy,phone:573176996608,ea7b4abf-459f-588a-a0b2-b5b8bf0d01d9,False,,1.0,,15490000.0,,,,,False,False
LD-00676,2026-08-04 04:33:00,WhatsApp,EMP-03,PV-014,  Angie Paola Londoño Pérez  ,305 462 9539,,bogotá,Hunk 160R,Sin gestión,,Prima Extra,angie paola londono perez,573054629539,,bogota,whatsapp,sin gestion,2026-08-04 04:33:00,,hunk 160r,676,SKU-022,100.0,exact,phone:573054629539,cecbb764-ac18-5763-8072-c579a3bfef06,False,,1.0,,10490000.0,,,,,False,False
LD-00677,20/08/2026 03:52,Meta Ads,EMP-02,PV-010,  Fabián Restrepo Escobar  ,3027815212,fabian.restrepo23@yahoo.es,Monteria,A.K.T Dynamic R3 125,En proceso,2026-08-23T03:52:00,Remate Modelos 2025,fabian restrepo escobar,573027815212,fabian.restrepo23@yahoo.es,monteria,meta ads,en proceso,2026-08-20 03:52:00,2026-08-23 03:52:00,a.k.t dynamic r3 125,677,SKU-018,100.0,fuzzy,phone:573027815212,7d08307d-cf6e-56b9-b6bd-9cf6ae248be3,False,,1.0,,5590000.0,14990000.0,credito,,cuota,False,True
LD-00678,13/08/2026 12:29,WhatsApp,EMP-02,PV-006,Angie Paola Pérez Quintero,304-057-7306,,B/quilla,Bajaj Pulsar RS 200,Contactado,14-08-2026,,angie paola perez quintero,573040577306,,b/quilla,whatsapp,contactado,2026-08-13 12:29:00,2026-08-14 00:00:00,bajaj pulsar rs 200,678,SKU-010,100.0,fuzzy,phone:573040577306,9cb64f0b-35f9-5814-9bd0-2b5151eccae4,False,,1.0,,15490000.0,,,,,False,False
LD-00679,2026-09-02 17:10:00,whatsapp,EMP-02,PV-009,Leidy Johana Escobar Correa,573117586574,leidy.escobar43@hotmail.com,Santa Marta,HERO DASH 110,Sin gestión,,Prima Extra,leidy johana escobar correa,573117586574,leidy.escobar43@hotmail.com,santa marta,whatsapp,sin gestion,2026-09-02 17:10:00,,hero dash 110,679,SKU-024,100.0,fuzzy,phone:573117586574,bd8763c0-3be2-51a9-b36b-ddb640c32a1a,False,,1.0,,6290000.0,,,,,False,False
LD-00680,28-08-2026,Meta Ads,EMP-02,PV-009,YESENIA TORRES CORREA,+57 350 6627819,,SANTA MARTA,Bajaj Boxer CT 100,Cotización enviada,2026-08-28T15:03:00,,yesenia torres correa,573506627819,,santa marta,meta ads,cotizacion enviada,2026-08-28 00:00:00,2026-08-28 15:03:00,bajaj boxer ct 100,680,SKU-007,100.0,fuzzy,phone:573506627819,433aaa18-2a3a-5e60-8bfe-133b1b82c7bf,False,,1.0,,5790000.0,,,,,False,False
LD-00681,08/22/2026 07:24,Meta Ads,EMP-01,PV-003,J. Valencia Salazar,(317) 362-2948,julian.valencia69@yahoo.es,bello,honda navi,Contactado,08/23/2026 01:24,Agosto Cero Cuotas,j. valencia salazar,573173622948,julian.valencia69@yahoo.es,bello,meta ads,contactado,2026-08-22 07:24:00,2026-08-23 01:24:00,honda navi,681,SKU-004,100.0,fuzzy,phone:573173622948,b3e7eeb9-c8fa-54c1-8195-605cbdebf374,True,b3e7eeb9-c8fa-54c1-8195-605cbdebf374,1.0,same_phone_or_email,7290000.0,4990000.0,credito,media,soat,True,False
LD-00682,31/08/2026 07:12,WhatsApp,EMP-01,PV-002,Marcela Castaño Herrera,313-501-3977,,Itagüí,akt ttr 200,No contesta,08/31/2026 13:12,Feria de Motos 2026,marcela castano herrera,573135013977,,itagui,whatsapp,no contesta,2026-08-31 07:12:00,2026-08-31 13:12:00,akt ttr 200,682,SKU-019,100.0,fuzzy,phone:573135013977,d2eca5f0-9165-5291-aad3-ea8e83118687,False,,1.0,,9890000.0,,,,,False,False
LD-00683,03/09/2026 08:46,WhatsApp,EMP-01,PV-003,ALEXANDER HERRERA VARGAS,+57 321 1846719,alexander.herrera20@yahoo.es,bello,Hero  Dash 110,No contesta,2026-09-04T02:46:00,Remate Modelos 2025,alexander herrera vargas,573211846719,alexander.herrera20@yahoo.es,bello,whatsapp,no contesta,2026-09-03 08:46:00,2026-09-04 02:46:00,hero dash 110,683,SKU-024,100.0,fuzzy,phone:573211846719,9e9fcd2c-845e-5786-bd61-46110c323cae,False,,1.0,,6290000.0,,,,,False,False
LD-00684,09/05/2026 17:27,Meta Ads,EMP-01,PV-001,BRAYAN TORRES OSORIO,323-400-4884,brayan.torres4@gmail.com,Medellín ,Honda XR 150L,Contactado,09/08/2026 17:27,,brayan torres osorio,573234004884,brayan.torres4@gmail.com,medellin,meta ads,contactado,2026-05-09 17:27:00,2026-08-09 17:27:00,honda xr 150l,684,SKU-002,100.0,fuzzy,phone:573234004884,8fc5aa83-9d16-5415-8544-7ebdf94f4140,False,,1.0,,11490000.0,,,,,False,False
LD-00685,14-08-2026,FORMULARIO WEB,EMP-01,PV-004,  Mónica Jiménez Franco  ,+57 311 5959529,monica.jimenez98@gmail.com,Rio Negro,Honda CB 190R 2026,No contesta,14-08-2026,Prima Extra,monica jimenez franco,573115959529,monica.jimenez98@gmail.com,rio negro,formulario web,no contesta,2026-08-14 00:00:00,2026-08-14 00:00:00,honda cb 190r 2026,685,SKU-003,100.0,fuzzy,phone:573115959529,92fdd335-ff5b-5525-a2bb-54591dabb515,True,92fdd335-ff5b-5525-a2bb-54591dabb515,1.0,same_phone_or_email,13990000.0,,,,,False,False
LD-00686,04/09/2026 03:14,Formulario Web,EMP-01,PV-005,Cristian Torres Franco,321 170 3957,cristian.torres92@hotmail.com,Medellin,AKT Dynamic R3 125 2026,Cotización enviada,05-09-2026,Prima Extra,cristian torres franco,573211703957,cristian.torres92@hotmail.com,medellin,formulario web,cotizacion enviada,2026-09-04 03:14:00,2026-09-05 00:00:00,akt dynamic r3 125 2026,686,SKU-018,100.0,fuzzy,phone:573211703957,86ac663d-ae7b-52d9-a6d0-f4a007e7f049,False,,1.0,,5590000.0,,,,,False,False
LD-00687,2026-09-01 04:02:00,WhatsApp,EMP-01,PV-005,WILMAR QUINTERO RESTREPO,318-373-9437,wilmar.quintero34@outlook.com,,Honda Navi,En proceso,01/09/2026 22:02,Remate Modelos 2025,wilmar quintero restrepo,573183739437,wilmar.quintero34@outlook.com,,whatsapp,en proceso,2026-09-01 04:02:00,2026-09-01 22:02:00,honda navi,687,SKU-004,100.0,fuzzy,phone:573183739437,1d6bd8c9-3b5d-5835-8d26-b2ac692c77b6,False,,1.0,,7290000.0,,credito,media,soat,False,False
LD-00688,2026-08-18 03:40:00,Meta Ads,EMP-03,PV-012,Liliana Betancur Correa,302 751 8124,,bogotá,HERO DASH 110,Cotización enviada,2026-08-19T09:40:00,,liliana betancur correa,573027518124,,bogota,meta ads,cotizacion enviada,2026-08-18 03:40:00,2026-08-19 09:40:00,hero dash 110,688,SKU-024,100.0,fuzzy,phone:573027518124,1ef95837-286b-5df9-94d5-db82d6ab8d6a,False,,1.0,,6290000.0,,,,,False,False
LD-00689,2026-08-09 18:40:00,whatsapp,EMP-02,PV-007,  Mónica Franco Arias  , 3104371116 ,,SOLEDAD,AKT NKD 125,SIN GESTION,,Feria de Motos 2026,monica franco arias,573104371116,,soledad,whatsapp,sin gestion,2026-08-09 18:40:00,,akt nkd 125,689,SKU-017,100.0,fuzzy,phone:573104371116,2fe5ede6-aea2-5c6f-a5de-567ec1daca66,False,,1.0,,5290000.0,,,,,False,False
LD-00690,2026-08-29 20:34:00,FORMULARIO WEB,EMP-03,PV-011,JORGE IVÁN ESCOBAR FRANCO,313-487-8613,,Bogotá,Bajai Boxer CT 100,Cotización enviada,2026-08-30 02:34:00,Agosto Cero Cuotas,jorge ivan escobar franco,573134878613,,bogota,formulario web,cotizacion enviada,2026-08-29 20:34:00,2026-08-30 02:34:00,bajai boxer ct 100,690,SKU-007,100.0,fuzzy,phone:573134878613,fd9e5d7d-7b76-5c79-9c3f-6142533c7e07,False,,1.0,,5790000.0,,credito,media,soat,False,False
LD-00691,2026-08-20 17:04:00,WhatsApp,EMP-02,PV-009,Alexander Muñoz Torres,+57 318 6490750,,SANTA MARTA,Suzuki Gixxer 150,no contesta,,Agosto Cero Cuotas,alexander munoz torres,573186490750,,santa marta,whatsapp,no contesta,2026-08-20 17:04:00,,suzuki gixxer 150,691,SKU-014,100.0,fuzzy,phone:573186490750,4f8f9029-4a4c-5a5a-81f1-9c9ad0b93f03,False,,1.0,,11990000.0,7490000.0,credito,,soat,False,False
LD-00692,2026-08-06 04:19:00,WhatsApp,EMP-03,PV-014,Alexander Betancur Herrera,573231150819,,Bogotá D.C.,AKT NKD,SIN GESTION,,Remate Modelos 2025,alexander betancur herrera,573231150819,,bogota,whatsapp,sin gestion,2026-08-06 04:19:00,,akt nkd,692,,60.0,unmatched,phone:573231150819,4226b928-5579-5c5d-a0b5-d8b60fe69e8d,True,4226b928-5579-5c5d-a0b5-d8b60fe69e8d,1.0,same_phone_or_email,,,,,,False,False
LD-00693,2026-08-29 06:04:00,WhatsApp,EMP-02,PV-009,Duván Bedoya Giraldo,(312) 094-9745,,Santa Marta,HONDA CB 125F TWISTER,Descartado,2026-08-30 12:04:00,Prima Extra,duvan bedoya giraldo,573120949745,,santa marta,whatsapp,descartado,2026-08-29 06:04:00,2026-08-30 12:04:00,honda cb 125f twister,693,SKU-001,100.0,fuzzy,phone:573120949745,48c4ebe1-2027-550f-a088-d79520712811,False,,1.0,,7990000.0,11990000.0,credito,,cuota,False,True
LD-00694,2026-08-13 09:57:00,Formulario Web,EMP-01,PV-004,Duván Arias,318 545 2495,duvan.arias36@hotmail.com,Rio Negro,Honda XR 150L,En proceso,2026-08-16 09:57:00,,duvan arias,573185452495,duvan.arias36@hotmail.com,rio negro,formulario web,en proceso,2026-08-13 09:57:00,2026-08-16 09:57:00,honda xr 150l,694,SKU-002,100.0,fuzzy,phone:573185452495,a374690c-8bd8-5e32-a388-16ebf2a5f3fb,True,a374690c-8bd8-5e32-a388-16ebf2a5f3fb,1.0,same_phone_or_email,11490000.0,15490000.0,credito,,cuota,False,True
LD-00695,2026-08-08 02:03:00,Meta Ads,EMP-01,PV-005,Mónica Quintero Mosquera,313-777-6162,,medellin,AKT TTR 200,Sin gestión,,Feria de Motos 2026,monica quintero mosquera,573137776162,,medellin,meta ads,sin gestion,2026-08-08 02:03:00,,akt ttr 200,695,SKU-019,100.0,fuzzy,phone:573137776162,0a6a2e46-deba-5a94-8925-36b8ee165be4,False,,1.0,,9890000.0,,,,,False,False
LD-00696,2026-08-13 12:45:00,Meta Ads,EMP-01,PV-005,Andrés Felipe Pérez Quintero,3125311633,andres.perez34@yahoo.es,MEDELLIN,Hero Xpulse 200,Sin gestión,,Feria de Motos 2026,andres felipe perez quintero,573125311633,andres.perez34@yahoo.es,medellin,meta ads,sin gestion,2026-08-13 12:45:00,,hero xpulse 200,696,SKU-023,100.0,fuzzy,phone:573125311633,98222ba6-9121-5541-a5ee-00ea0d489b5d,False,,1.0,,14990000.0,,credito,,soat,False,False
LD-00697,08/17/2026 17:05,WhatsApp,EMP-01,PV-002,  Jhon Jairo Betancur Franco  ,301 602 6492,jhon.betancur64@outlook.com,Itagüí,AKT Dynamic R3 125 2026,no contesta,2026-08-18 17:05:00,Prima Extra,jhon jairo betancur franco,573016026492,jhon.betancur64@outlook.com,itagui,whatsapp,no contesta,2026-08-17 17:05:00,2026-08-18 17:05:00,akt dynamic r3 125 2026,697,SKU-018,100.0,fuzzy,phone:573016026492,5d13a77f-4148-5768-81d0-485007c2bd50,False,,1.0,,5590000.0,,,,,False,False
LD-00698,2026-08-07 18:36:00,Meta Ads,EMP-02,PV-006,Sebastián Bedoya Quintero,320 089 1362,,BARRANQUILLA,AKT  Evo RS 150,Cotización enviada,08-08-2026,Retoma tu moto,sebastian bedoya quintero,573200891362,,barranquilla,meta ads,cotizacion enviada,2026-08-07 18:36:00,2026-08-08 00:00:00,akt evo rs 150,698,SKU-020,100.0,fuzzy,phone:573200891362,546579db-d508-57cd-90fb-a2bb1233dc19,False,,1.0,,7190000.0,,,,,False,False
LD-00699,10/08/2026 10:17,Meta Ads,EMP-01,PV-002,María Fernanda Giraldo Zapata, 3509307184 ,maria.giraldo58@gmail.com,ITAGUI,akt dynamic r3 125,Sin gestión,,Prima Extra,maria fernanda giraldo zapata,573509307184,maria.giraldo58@gmail.com,itagui,meta ads,sin gestion,2026-08-10 10:17:00,,akt dynamic r3 125,699,SKU-018,100.0,fuzzy,phone:573509307184,18c96bc5-6d0b-58b4-964a-aae11052fd18,False,,1.0,,5590000.0,,,,,False,False
LD-00700,04/09/2026 15:31,Meta Ads,EMP-01,PV-002,KATHERINE FRANCO BETANCUR,3168431066,,Itagui,Honda Dio 110,sin gestion,,Remate Modelos 2025,katherine franco betancur,573168431066,,itagui,meta ads,sin gestion,2026-09-04 15:31:00,,honda dio 110,700,SKU-005,100.0,fuzzy,phone:573168431066,7277796a-85d9-575c-9426-dbfc839fb599,False,,1.0,,6890000.0,,,,,False,False
LD-00701,2026-08-29T12:59:00,Meta Ads,EMP-01,PV-002,Carlos Mario Escobar Gómez, 3518533548 ,carlos.escobar82@hotmail.com,Itagüí,bajaj pulsar rs 200,Contactado,08/29/2026 16:59,Prima Extra,carlos mario escobar gomez,573518533548,carlos.escobar82@hotmail.com,itagui,meta ads,contactado,2026-08-29 12:59:00,2026-08-29 16:59:00,bajaj pulsar rs 200,701,SKU-010,100.0,fuzzy,phone:573518533548,255f4ccc-bc50-5295-8d9d-a3e934fc9fd5,False,,1.0,,15490000.0,,credito,media,precio,False,True
LD-00702,11/08/2026 13:02,Meta Ads,EMP-01,PV-001,Fabián Osorio Rodríguez,302-362-7987,fabian.osorio90@outlook.com,medellin,Honda  CB 190R,Contactado,11/08/2026 19:02,,fabian osorio rodriguez,573023627987,fabian.osorio90@outlook.com,medellin,meta ads,contactado,2026-08-11 13:02:00,2026-08-11 19:02:00,honda cb 190r,702,SKU-003,100.0,fuzzy,phone:573023627987,2f65f014-89c7-5827-a22b-1b1eb57f6a63,False,,1.0,,13990000.0,,,,,False,False
LD-00703,22-08-2026,Meta Ads,EMP-01,PV-005,KEVIN CARDONA MUÑOZ,(318) 954-2317,kevin.cardona10@gmail.com,MEDELLIN,suzuki gixxer 150,Sin gestión,,Retoma tu moto,kevin cardona munoz,573189542317,kevin.cardona10@gmail.com,medellin,meta ads,sin gestion,2026-08-22 00:00:00,,suzuki gixxer 150,703,SKU-014,100.0,fuzzy,phone:573189542317,f65b2af5-c9e7-5784-b189-0c0a5fc0e853,True,f65b2af5-c9e7-5784-b189-0c0a5fc0e853,1.0,same_phone_or_email,11990000.0,,credito,,soat,False,False
LD-00704,2026-08-11 10:38:00,Meta Ads,EMP-01,PV-003,Camilo Quintero Zapata,305 412 6686,camilo.quintero3@hotmail.com,BELLO,suzuki best 125,En proceso,08/11/2026 14:38,Retoma tu moto,camilo quintero zapata,573054126686,camilo.quintero3@hotmail.com,bello,meta ads,en proceso,2026-08-11 10:38:00,2026-11-08 14:38:00,suzuki best 125,704,SKU-016,100.0,fuzzy,phone:573054126686,d0a98489-628c-5597-b3f1-cdcac140cdb6,False,,1.0,,6590000.0,,,,,False,False
LD-00705,09/06/2026 03:50,WhatsApp,EMP-01,PV-003,Freddy Hernández Correa,573222887178,freddy.hernandez41@outlook.com,Bello,Hero Dash 110 2026,SIN GESTION,,Feria de Motos 2026,freddy hernandez correa,573222887178,freddy.hernandez41@outlook.com,bello,whatsapp,sin gestion,2026-06-09 03:50:00,,hero dash 110 2026,705,SKU-024,100.0,fuzzy,phone:573222887178,88bd2818-c449-5722-97f5-ee9af78236d6,False,,1.0,,6290000.0,,credito,,soat,False,False
LD-00706,14/08/2026 18:27,formulario web,EMP-02,PV-010,  Estefanía Hernández Quintero  ,3224806236,,Montería,,Sin gestión,,Feria de Motos 2026,estefania hernandez quintero,573224806236,,monteria,formulario web,sin gestion,2026-08-14 18:27:00,,,706,,0.0,none,phone:573224806236,c9372128-27a7-5b78-acf4-1f72b7b1f5d0,False,,1.0,,,,,,,False,False
LD-00707,16/08/2026 11:11,WhatsApp,EMP-03,PV-015,  Natalia Betancur Gómez  ,315-405-7594,natalia.betancur44@hotmail.com,Soacha,,En proceso,08/16/2026 15:11,Prima Extra,natalia betancur gomez,573154057594,natalia.betancur44@hotmail.com,soacha,whatsapp,en proceso,2026-08-16 11:11:00,2026-08-16 15:11:00,,707,,0.0,none,phone:573154057594,53533c5a-b675-5ebc-9c63-5719437c4020,False,,1.0,,,,,,,False,False
LD-00708,06-08-2026,WHATSAPP,EMP-01,PV-001,Édinson Arias Bedoya,+57 301 5875431,edinson.arias13@gmail.com,Medellín,Bajaj Dominar 400,Sin gestión,,Prima Extra,edinson arias bedoya,573015875431,edinson.arias13@gmail.com,medellin,whatsapp,sin gestion,2026-08-06 00:00:00,,bajaj dominar 400,708,SKU-011,100.0,fuzzy,phone:573015875431,a13e6547-f1dd-5416-bc5e-5304d95d70b9,False,,1.0,,24900000.0,,,,,False,False
LD-00709,26/08/2026 09:17,Meta Ads,EMP-03,PV-013,Vanessa Ospina Arias,(321) 488-9537,,Bogotá D.C.,Bajai Dominar 400,No contesta,2026-08-26T21:17:00,,vanessa ospina arias,573214889537,,bogota,meta ads,no contesta,2026-08-26 09:17:00,2026-08-26 21:17:00,bajai dominar 400,709,SKU-011,100.0,fuzzy,phone:573214889537,5f7d0081-11d2-5aff-88b6-280baeb6c29f,False,,1.0,,24900000.0,,,,,False,False
LD-00710,2026-08-04 21:56:00,Meta Ads,EMP-03,PV-015,JUAN CARLOS HERRERA TORRES,313 851 4160,juan.herrera62@hotmail.com,Soacha,SUZUKI GIXXER 150,contactado,05/08/2026 03:56,Retoma tu moto,juan carlos herrera torres,573138514160,juan.herrera62@hotmail.com,soacha,meta ads,contactado,2026-08-04 21:56:00,2026-08-05 03:56:00,suzuki gixxer 150,710,SKU-014,100.0,fuzzy,phone:573138514160,8f2fc8d2-5a7a-5962-bdbf-100e0b3ebe5f,False,,1.0,,11990000.0,,,,,False,False
LD-00711,08/06/2026 13:23,Formulario Web,EMP-03,PV-014,  Óscar David Arias Pérez  ,3101785129,oscar.arias99@outlook.com,BOGOTA,akt dynamic r3 125,Cotización enviada,07-08-2026,Retoma tu moto,oscar david arias perez,573101785129,oscar.arias99@outlook.com,bogota,formulario web,cotizacion enviada,2026-06-08 13:23:00,2026-08-07 00:00:00,akt dynamic r3 125,711,SKU-018,100.0,fuzzy,phone:573101785129,8f637b78-78fb-5b67-bdf9-31538623240a,False,,1.0,,5590000.0,,,,,False,False
LD-00712,2026-08-03 09:04:00,WhatsApp,EMP-01,PV-005,Wilmar Pérez Pérez,317 528 3303,wilmar.perez12@hotmail.com,MEDELLIN,Hero Eco Deluxe 100 2026,No contesta,2026-08-04 09:04:00,,wilmar perez perez,573175283303,wilmar.perez12@hotmail.com,medellin,whatsapp,no contesta,2026-08-03 09:04:00,2026-08-04 09:04:00,hero eco deluxe 100 2026,712,SKU-021,100.0,fuzzy,phone:573175283303,652aecca-9836-5993-b622-475dd0090c83,False,,1.0,,4990000.0,22900000.0,credito,,soat,False,False
LD-00713,2026-08-22 03:52:00,WhatsApp,EMP-02,PV-006,  Wilmar Valencia Ramírez  ,(311) 461-6089,,BARRANQUILLA,Hero  Hunk 160R,Contactado,22/08/2026 21:52,,wilmar valencia ramirez,573114616089,,barranquilla,whatsapp,contactado,2026-08-22 03:52:00,2026-08-22 21:52:00,hero hunk 160r,713,SKU-022,100.0,fuzzy,phone:573114616089,6f094180-46be-585b-bb65-33ec4be9bdfb,False,,1.0,,10490000.0,,,,,False,False
LD-00714,2026-08-17 21:40:00,Meta Ads,EMP-01,PV-003,Óscar David Quintero Salazar,+57 302 9384041,oscar.quintero89@outlook.com,BELLO,Honda  Navi,Contactado,19/08/2026 21:40,Prima Extra,oscar david quintero salazar,573029384041,oscar.quintero89@outlook.com,bello,meta ads,contactado,2026-08-17 21:40:00,2026-08-19 21:40:00,honda navi,714,SKU-004,100.0,fuzzy,phone:573029384041,2b3b1820-827b-54ef-a21a-42576e711b4b,False,,1.0,,7290000.0,,credito,media,soat,False,False
LD-00715,09/09/2026 07:59,Formulario Web,EMP-02,PV-009,Estefanía Restrepo Bedoya,+57 312 2281291,estefania.restrepo6@outlook.com,SANTA MARTA,bajaj pulsar rs 200,Cotización enviada,10-09-2026,Remate Modelos 2025,estefania restrepo bedoya,573122281291,estefania.restrepo6@outlook.com,santa marta,formulario web,cotizacion enviada,2026-09-09 07:59:00,2026-09-10 00:00:00,bajaj pulsar rs 200,715,SKU-010,100.0,fuzzy,phone:573122281291,9dfb3fbc-9341-549b-8f33-2bccd4eef8bd,True,9dfb3fbc-9341-549b-8f33-2bccd4eef8bd,1.0,same_phone_or_email,15490000.0,,credito,baja,precio,False,True
LD-00716,19-08-2026,Meta Ads,EMP-01,PV-003,SEBASTIÁN PÉREZ CORREA,314 185 4139,,bello,Honda CB 190R,Contactado,2026-08-19T22:05:00,Prima Extra,sebastian perez correa,573141854139,,bello,meta ads,contactado,2026-08-19 00:00:00,2026-08-19 22:05:00,honda cb 190r,716,SKU-003,100.0,fuzzy,phone:573141854139,0396d574-1e88-5dfa-ad2f-a3fd4047e1e9,False,,1.0,,13990000.0,,,,,False,False
LD-00717,04/08/2026 14:09,WhatsApp,EMP-01,PV-004,  Liliana Mosquera Arias  ,3184347019,liliana.mosquera26@outlook.com,Rionegro,Bajaj Pulsar NS 160,Cotización enviada,,Feria de Motos 2026,liliana mosquera arias,573184347019,liliana.mosquera26@outlook.com,rionegro,whatsapp,cotizacion enviada,2026-08-04 14:09:00,,bajaj pulsar ns 160,717,SKU-009,100.0,fuzzy,phone:573184347019,ff07798a-a00a-5362-a7a6-56f89dfc936a,False,,1.0,,11290000.0,,,,,False,False
LD-00718,2026-09-07 09:38:00,Meta Ads,EMP-03,PV-015,YESENIA RAMÍREZ HERNÁNDEZ, 3215149133 ,,SOACHA,Honda Dio 110,Descartado,2026-09-07 11:38:00,Remate Modelos 2025,yesenia ramirez hernandez,573215149133,,soacha,meta ads,descartado,2026-09-07 09:38:00,2026-09-07 11:38:00,honda dio 110,718,SKU-005,100.0,fuzzy,phone:573215149133,b537059e-e9df-5694-97ce-663a8ea57dd3,False,,1.0,,6890000.0,6290000.0,credito,,cuota,False,True
LD-00719,07/08/2026 04:37,WHATSAPP,EMP-02,PV-008,Óscar David Agudelo Torres,3139088431,,,AKT  Evo RS 150,En proceso,08/08/2026 10:37,Agosto Cero Cuotas,oscar david agudelo torres,573139088431,,,whatsapp,en proceso,2026-08-07 04:37:00,2026-08-08 10:37:00,akt evo rs 150,719,SKU-020,100.0,fuzzy,phone:573139088431,d0af133c-4f52-57cc-99f3-2e160af1c869,False,,1.0,,7190000.0,,,,,False,False
LD-00720,2026-08-29 22:58:00,Meta Ads,EMP-03,PV-012,Marcela Restrepo Vargas,300 501 5843,,BOGOTA,Bajaj Boxer CT 100,SIN GESTION,,Agosto Cero Cuotas,marcela restrepo vargas,573005015843,,bogota,meta ads,sin gestion,2026-08-29 22:58:00,,bajaj boxer ct 100,720,SKU-007,100.0,fuzzy,phone:573005015843,101a84be-407b-51bc-8dfa-1355e2338d86,False,,1.0,,5790000.0,,,,,False,False
LD-00721,2026-09-05 21:19:00,Meta Ads,EMP-01,PV-001,Héctor Ospina Giraldo,+57 300 3752560,hector.ospina70@yahoo.es,Medellín,Suzuki Best 125,no contesta,08-09-2026,Prima Extra,hector ospina giraldo,573003752560,hector.ospina70@yahoo.es,medellin,meta ads,no contesta,2026-09-05 21:19:00,2026-09-08 00:00:00,suzuki best 125,721,SKU-016,100.0,fuzzy,phone:573003752560,1de252dd-52a2-585b-9b53-0ce75212b882,False,,1.0,,6590000.0,,,,,False,False
LD-00722,14/08/2026 15:02,WhatsApp,EMP-03,PV-013,KATHERINE RODRÍGUEZ SALAZAR,573042810960,,Bogota,suzuki v-strom 250,No contesta,2026-08-15T15:02:00,Retoma tu moto,katherine rodriguez salazar,573042810960,,bogota,whatsapp,no contesta,2026-08-14 15:02:00,2026-08-15 15:02:00,suzuki v-strom 250,722,SKU-015,100.0,fuzzy,phone:573042810960,4346721a-6674-5376-b0bd-e2d5597f54be,False,,1.0,,21900000.0,,,,,False,False
LD-00723,05/08/2026 14:44,WhatsApp,EMP-03,PV-013,Angie Paola Zapata Gómez,(302) 933-3246,,Bogotá,Hnda XR 150L,Sin gestión,,Agosto Cero Cuotas,angie paola zapata gomez,573029333246,,bogota,whatsapp,sin gestion,2026-08-05 14:44:00,,hnda xr 150l,723,SKU-002,100.0,fuzzy,phone:573029333246,6da5e2e1-7fac-584d-a1de-38f95ca940f6,False,,1.0,,11490000.0,,,,,False,False
LD-00724,27/08/2026 19:26,WhatsApp,EMP-03,PV-015,CLAUDIA PATRICIA ARIAS FRANCO,3006998457,,SOACHA,Hero  Dash 110,Sin gestión,,,claudia patricia arias franco,573006998457,,soacha,whatsapp,sin gestion,2026-08-27 19:26:00,,hero dash 110,724,SKU-024,100.0,fuzzy,phone:573006998457,b6d4137b-81dc-5027-954f-33021be37703,False,,1.0,,6290000.0,,,,,False,False
LD-00725,11-08-2026,Meta Ads,EMP-02,PV-008,Camilo Pérez Torres,305 275 0249,camilo.perez27@yahoo.es,Cartagena,Bajaj Pulsar NS 160,No contesta,11/08/2026 23:44,Prima Extra,camilo perez torres,573052750249,camilo.perez27@yahoo.es,cartagena,meta ads,no contesta,2026-08-11 00:00:00,2026-08-11 23:44:00,bajaj pulsar ns 160,725,SKU-009,100.0,fuzzy,phone:573052750249,f0bad3b6-c0ba-5664-a30d-c34fd1de32d3,False,,1.0,,11290000.0,,,,,False,False
LD-00726,2026-08-21 15:10:00,WhatsApp,EMP-03,PV-011,Erika Castaño Pérez,305 436 9682,erika.castano54@gmail.com,Bogotá,Suzuki V-Strom 250,No contesta,,Prima Extra,erika castano perez,573054369682,erika.castano54@gmail.com,bogota,whatsapp,no contesta,2026-08-21 15:10:00,,suzuki v-strom 250,726,SKU-015,100.0,fuzzy,phone:573054369682,a8fe527a-393e-5b63-9ce2-8ed3e91f2b4f,False,,1.0,,21900000.0,,,,,False,False
LD-00727,22-08-2026,WhatsApp,EMP-02,PV-009,Yesenia Betancur Bedoya,3044274114,yesenia.betancur65@outlook.com,SANTA MARTA,suzuki best 125,Cotización enviada,08/23/2026 18:54,,yesenia betancur bedoya,573044274114,yesenia.betancur65@outlook.com,santa marta,whatsapp,cotizacion enviada,2026-08-22 00:00:00,2026-08-23 18:54:00,suzuki best 125,727,SKU-016,100.0,fuzzy,phone:573044274114,cb9db634-ee6b-5a26-8768-61e21947db71,False,,1.0,,6590000.0,,,,,False,False
LD-00728,31/08/2026 09:42,WhatsApp,EMP-01,PV-005,Brayan Restrepo Pérez,314-538-1017,,Medellin,Hero Dash 110 2026,Sin gestión,,,brayan restrepo perez,573145381017,,medellin,whatsapp,sin gestion,2026-08-31 09:42:00,,hero dash 110 2026,728,SKU-024,100.0,fuzzy,phone:573145381017,1361ee24-98d8-5951-a90b-3dddf584364e,False,,1.0,,6290000.0,,credito,media,soat,False,False
LD-00729,2026-09-08 03:50:00,Formulario Web,EMP-02,PV-008,  Nelson Londoño Muñoz  , 3501054780 ,,CARTAGENA,AKT Dynamic R3 125,Sin gestión,,,nelson londono munoz,573501054780,,cartagena,formulario web,sin gestion,2026-09-08 03:50:00,,akt dynamic r3 125,729,SKU-018,100.0,fuzzy,phone:573501054780,b2bab87f-9398-5ca2-9fc4-f4f01f8e0ff3,False,,1.0,,5590000.0,,credito,baja,precio,False,True
LD-00730,2026-08-30 11:26:00,Meta Ads,EMP-02,PV-008,Adriana Gómez,(350) 887-6769,adriana.gomez83@hotmail.com,Cartagena,Boxer CT 100,No contesta,2026-08-30T17:26:00,Prima Extra,adriana gomez,573508876769,adriana.gomez83@hotmail.com,cartagena,meta ads,no contesta,2026-08-30 11:26:00,2026-08-30 17:26:00,boxer ct 100,730,SKU-007,100.0,exact,phone:573508876769,2c3611dd-a464-5fee-a352-46f97699b46d,True,2c3611dd-a464-5fee-a352-46f97699b46d,1.0,same_phone_or_email,5790000.0,,,,,False,False
LD-00731,08/23/2026 05:50,WhatsApp,EMP-03,PV-014,Fabián Bedoya Mosquera, 3519120764 ,fabian.bedoya10@outlook.com,BOGOTA,TTR 200,Sin gestión,,Prima Extra,fabian bedoya mosquera,573519120764,fabian.bedoya10@outlook.com,bogota,whatsapp,sin gestion,2026-08-23 05:50:00,,ttr 200,731,SKU-019,100.0,exact,phone:573519120764,f0e0f633-e9d9-5b5f-9f29-bc1fe86b219d,False,,1.0,,9890000.0,5790000.0,credito,media,cuota,False,True
LD-00732,12-08-2026,Formulario Web,EMP-03,PV-012,  Wilmar Gómez Torres  ,3205370489,,Bogotá D.C.,BAJAJ PULSAR NS 125,Contactado,15/08/2026 04:18,,wilmar gomez torres,573205370489,,bogota,formulario web,contactado,2026-08-12 00:00:00,2026-08-15 04:18:00,bajaj pulsar ns 125,732,SKU-008,100.0,fuzzy,phone:573205370489,7208be31-e6a0-5914-a057-fbbf6b0336e3,False,,1.0,,8990000.0,,,,,False,False
LD-00733,08/05/2026 08:14,Formulario Web,EMP-01,PV-002,Freddy Ospina Arias,304 787 4597,,Itagui,Honda Dio 110,sin gestion,,Retoma tu moto,freddy ospina arias,573047874597,,itagui,formulario web,sin gestion,2026-05-08 08:14:00,,honda dio 110,733,SKU-005,100.0,fuzzy,phone:573047874597,033d8a1e-d592-5350-8805-41fad4e9db48,False,,1.0,,6890000.0,6890000.0,credito,,cuota,False,True
LD-00734,09/09/2026 14:50,Formulario Web,EMP-02,PV-007,Yuliana Cardona Valencia,351-697-3266,yuliana.cardona72@gmail.com,SOLEDAD,Hunk 160R,Sin gestión,,Remate Modelos 2025,yuliana cardona valencia,573516973266,yuliana.cardona72@gmail.com,soledad,formulario web,sin gestion,2026-09-09 14:50:00,,hunk 160r,734,SKU-022,100.0,exact,phone:573516973266,d8c9fba1-39e6-517f-9897-db9b365eaa66,False,,1.0,,10490000.0,7490000.0,credito,,cuota,False,True
LD-00735,29/08/2026 21:38,WHATSAPP,EMP-01,PV-003,Freddy Quintero Salazar,316 416 6582,freddy.quintero46@gmail.com,bello,Honda  XR 150L,Sin gestión,,Remate Modelos 2025,freddy quintero salazar,573164166582,freddy.quintero46@gmail.com,bello,whatsapp,sin gestion,2026-08-29 21:38:00,,honda xr 150l,735,SKU-002,100.0,fuzzy,phone:573164166582,f2bece42-cdd2-5c79-9a01-94445841ce5f,False,,1.0,,11490000.0,6990000.0,credito,,cuota,False,True
LD-00736,31/08/2026 20:21,Formulario Web,EMP-01,PV-001,Estefanía Valencia Restrepo,311-811-0844,,medellin,AKT TTR 200,Cotización enviada,2026-09-03 20:21:00,Prima Extra,estefania valencia restrepo,573118110844,,medellin,formulario web,cotizacion enviada,2026-08-31 20:21:00,2026-09-03 20:21:00,akt ttr 200,736,SKU-019,100.0,fuzzy,phone:573118110844,ad723bb7-40e4-503e-938b-a12741ac9f9d,False,,1.0,,9890000.0,6890000.0,credito,media,soat,False,False
LD-00737,08/02/2026 16:50,WhatsApp,EMP-03,PV-011,NELSON GIRALDO PÉREZ,+57 313 7718909,nelson.giraldo37@yahoo.es,Bogotá D.C.,,Cotización enviada,03/08/2026 16:50,Retoma tu moto,nelson giraldo perez,573137718909,nelson.giraldo37@yahoo.es,bogota,whatsapp,cotizacion enviada,2026-02-08 16:50:00,2026-08-03 16:50:00,,737,,0.0,none,phone:573137718909,81fb2e23-e56d-5f90-9892-9027bffd416a,False,,1.0,,,,,,,False,False
LD-00738,26/08/2026 08:51,WHATSAPP,EMP-02,PV-007,LUISA VALENCIA MARÍN,573211246707,luisa.valencia97@gmail.com,SOLEDAD,Hero Eco Deluxe 100 2026,sin gestion,,Prima Extra,luisa valencia marin,573211246707,luisa.valencia97@gmail.com,soledad,whatsapp,sin gestion,2026-08-26 08:51:00,,hero eco deluxe 100 2026,738,SKU-021,100.0,fuzzy,phone:573211246707,6c522eff-cace-50f7-ac73-92d1ddacbafc,False,,1.0,,4990000.0,,,,,False,False
LD-00739,2026-08-30 20:14:00,whatsapp,EMP-02,PV-008,  Brayan Londoño Quintero  ,573140141348,brayan.londono35@hotmail.com,Cartagena de Indias,AKT Dynamic R3 125,Descartado,31/08/2026 20:14,Agosto Cero Cuotas,brayan londono quintero,573140141348,brayan.londono35@hotmail.com,cartagena de indias,whatsapp,descartado,2026-08-30 20:14:00,2026-08-31 20:14:00,akt dynamic r3 125,739,SKU-018,100.0,fuzzy,phone:573140141348,a449d5d3-95fa-5c5a-b52f-a93d6a50df99,False,,1.0,,5590000.0,,,,,False,False
LD-00740,2026-08-11 09:55:00,Meta Ads,EMP-03,PV-015,Erika Osorio Escobar, 3168299364 ,,SOACHA,Suzuki Gixxer 150,Contactado,12/08/2026 03:55,Prima Extra,erika osorio escobar,573168299364,,soacha,meta ads,contactado,2026-08-11 09:55:00,2026-08-12 03:55:00,suzuki gixxer 150,740,SKU-014,100.0,fuzzy,phone:573168299364,a398b666-4467-5c29-be48-0439b97c10b6,True,a398b666-4467-5c29-be48-0439b97c10b6,1.0,same_phone_or_email,11990000.0,7490000.0,credito,media,soat,False,False
LD-00741,04-08-2026,WhatsApp,EMP-03,PV-011,Julián Restrepo Betancur,322 150 5420,julian.restrepo12@gmail.com,bogotá,Bajaj Pulsar NS 125,Sin gestión,,Feria de Motos 2026,julian restrepo betancur,573221505420,julian.restrepo12@gmail.com,bogota,whatsapp,sin gestion,2026-08-04 00:00:00,,bajaj pulsar ns 125,741,SKU-008,100.0,fuzzy,phone:573221505420,4bbf25dd-76d5-5717-8dff-c7705d312624,False,,1.0,,8990000.0,,,,,False,False
LD-00742,2026-08-10 15:38:00,WhatsApp,EMP-01,PV-001,  Alexander Mosquera Giraldo  ,573182978207,alexander.mosquera9@yahoo.es,Medellin,Suzuki GN 125,Descartado,11/08/2026 09:38,Retoma tu moto,alexander mosquera giraldo,573182978207,alexander.mosquera9@yahoo.es,medellin,whatsapp,descartado,2026-08-10 15:38:00,2026-08-11 09:38:00,suzuki gn 125,742,SKU-013,100.0,fuzzy,phone:573182978207,9a4a9e27-1eff-5a6b-a0c8-554f714c28bc,True,9a4a9e27-1eff-5a6b-a0c8-554f714c28bc,1.0,same_phone_or_email,7490000.0,6590000.0,credito,media,soat,False,False
LD-00743,2026-08-24 14:14:00,WhatsApp,EMP-01,PV-003,  Fabián Ramírez Salazar  ,323 241 2298,fabian.ramirez53@outlook.com,Bello,Bajaj Discover 125,Descartado,2026-08-24 16:14:00,,fabian ramirez salazar,573232412298,fabian.ramirez53@outlook.com,bello,whatsapp,descartado,2026-08-24 14:14:00,2026-08-24 16:14:00,bajaj discover 125,743,SKU-012,100.0,fuzzy,phone:573232412298,f0d37276-e9af-59b2-b31d-1536045547a1,False,,1.0,,6990000.0,24900000.0,credito,media,cuota,False,True
LD-00744,2026-08-10 14:35:00,FORMULARIO WEB,EMP-03,PV-011,Mónica Torres Arias,(320) 044-3193,,BOGOTA,GN 125,SIN GESTION,,Retoma tu moto,monica torres arias,573200443193,,bogota,formulario web,sin gestion,2026-08-10 14:35:00,,gn 125,744,SKU-013,100.0,exact,phone:573200443193,8037d351-a332-56b6-8346-5578705662d2,False,,1.0,,7490000.0,,,,,False,False
LD-00745,2026-08-08 13:17:00,WhatsApp,EMP-02,PV-008,SANDRA MILENA MOSQUERA HERRERA,573511635855,,CARTAGENA,Bajaj Pulsar NS 125,Cotización enviada,2026-08-08T15:17:00,,sandra milena mosquera herrera,573511635855,,cartagena,whatsapp,cotizacion enviada,2026-08-08 13:17:00,2026-08-08 15:17:00,bajaj pulsar ns 125,745,SKU-008,100.0,fuzzy,phone:573511635855,8596ecaf-effe-557f-afce-c211a82143b7,False,,1.0,,8990000.0,,,,,False,False
LD-00746,2026-08-02 02:55:00,Meta Ads,EMP-03,PV-015,Fabián Osorio Arias,323-426-6022,,SOACHA,bajaj discover 125,Sin gestión,,,fabian osorio arias,573234266022,,soacha,meta ads,sin gestion,2026-08-02 02:55:00,,bajaj discover 125,746,SKU-012,100.0,fuzzy,phone:573234266022,7188c4f9-52ba-5168-9ab7-e2b401248d75,False,,1.0,,6990000.0,,,,,False,False
LD-00747,08/10/2026 12:42,WhatsApp,EMP-01,PV-005,Sandra Milena Betancur Cardona,3509955591,sandra.betancur40@yahoo.es,medellin,,sin gestion,,Prima Extra,sandra milena betancur cardona,573509955591,sandra.betancur40@yahoo.es,medellin,whatsapp,sin gestion,2026-10-08 12:42:00,,,747,,0.0,none,phone:573509955591,318efd30-cf14-52a0-b74f-60d4910dbafb,False,,1.0,,,,,,,False,False
LD-00748,2026-08-26 00:41:00,WhatsApp,EMP-03,PV-011,Jorge Iván Salazar Ramírez,+57 301 4852240,,,,Contactado,2026-08-26 18:41:00,Prima Extra,jorge ivan salazar ramirez,573014852240,,,whatsapp,contactado,2026-08-26 00:41:00,2026-08-26 18:41:00,,748,,0.0,none,phone:573014852240,5b88476c-6622-59bd-ae7a-dc20eb11e220,False,,1.0,,,,,,,False,False
LD-00749,2026-08-17 08:18:00,WhatsApp,EMP-03,PV-013,  Jorge Iván Quintero Agudelo  ,316 062 6914,,Bogota,HERO ECO DELUXE 100,En proceso,18/08/2026 08:18,Retoma tu moto,jorge ivan quintero agudelo,573160626914,,bogota,whatsapp,en proceso,2026-08-17 08:18:00,2026-08-18 08:18:00,hero eco deluxe 100,749,SKU-021,100.0,fuzzy,phone:573160626914,01d0808f-eb58-59bd-88e4-1bb65a9cbbbc,False,,1.0,,4990000.0,22900000.0,credito,,cuota,False,True
LD-00750,15/08/2026 20:00,WhatsApp,EMP-03,PV-015,NELSON ESCOBAR CARDONA, 3048824330 ,nelson.escobar26@hotmail.com,SOACHA,V-Strom 250,SIN GESTION,,Retoma tu moto,nelson escobar cardona,573048824330,nelson.escobar26@hotmail.com,soacha,whatsapp,sin gestion,2026-08-15 20:00:00,,v-strom 250,750,SKU-015,100.0,exact,phone:573048824330,6c951f70-547c-5cff-9f11-ed5614caf5c0,False,,1.0,,21900000.0,,,,,False,False
LD-00751,10/08/2026 01:29,WhatsApp,EMP-02,PV-006,  Camilo Ramírez Valencia  ,3121554059,camilo.ramirez81@gmail.com,barranquilla,Hero Dash,SIN GESTION,,Agosto Cero Cuotas,camilo ramirez valencia,573121554059,camilo.ramirez81@gmail.com,barranquilla,whatsapp,sin gestion,2026-08-10 01:29:00,,hero dash,751,,66.66666666666666,unmatched,phone:573121554059,0bdc9133-a483-52f8-8522-cce91635d7fd,False,,1.0,,,15490000.0,credito,media,cuota,False,True
LD-00752,2026-08-13T23:43:00,meta ads,EMP-01,PV-001,Katherine Gómez Torres,3513425954,katherine.gomez81@hotmail.com,Medellín,Suzuki Best 125,Contactado,16/08/2026 23:43,Feria de Motos 2026,katherine gomez torres,573513425954,katherine.gomez81@hotmail.com,medellin,meta ads,contactado,2026-08-13 23:43:00,2026-08-16 23:43:00,suzuki best 125,752,SKU-016,100.0,fuzzy,phone:573513425954,88b256bc-4755-580f-8514-c9b52069e61b,False,,1.0,,6590000.0,,,,,False,False
LD-00753,15-08-2026,WhatsApp,EMP-03,PV-012,Óscar David Vargas Pérez,3513680668,,Bogota,hero hunk 160r,Descartado,2026-08-17 01:15:00,Feria de Motos 2026,oscar david vargas perez,573513680668,,bogota,whatsapp,descartado,2026-08-15 00:00:00,2026-08-17 01:15:00,hero hunk 160r,753,SKU-022,100.0,fuzzy,phone:573513680668,8c5213fa-ef9d-5d76-add6-97c9feb60abe,False,,1.0,,10490000.0,,,,,False,False
LD-00754,2026-08-07 20:20:00,WhatsApp,EMP-01,PV-001,Angie Paola Betancur Rodríguez,302-136-8697,,Medellín ,Hero Eco Deluxe 100,En proceso,08/08/2026 02:20,Remate Modelos 2025,angie paola betancur rodriguez,573021368697,,medellin,whatsapp,en proceso,2026-08-07 20:20:00,2026-08-08 02:20:00,hero eco deluxe 100,754,SKU-021,100.0,fuzzy,phone:573021368697,a3bef48f-5f3e-5852-aca0-68d0cdbfa18d,False,,1.0,,4990000.0,13990000.0,credito,,soat,False,False
LD-00755,2026-08-18 22:32:00,WhatsApp,EMP-01,PV-004,  Mónica Pérez Franco  ,3135735661,monica.perez6@yahoo.es,Rio Negro,Honda Navi,No contesta,19/08/2026 02:32,Retoma tu moto,monica perez franco,573135735661,monica.perez6@yahoo.es,rio negro,whatsapp,no contesta,2026-08-18 22:32:00,2026-08-19 02:32:00,honda navi,755,SKU-004,100.0,fuzzy,phone:573135735661,c9d79f2d-050d-5e39-bc67-560c26fd45f0,True,c9d79f2d-050d-5e39-bc67-560c26fd45f0,1.0,same_phone_or_email,7290000.0,,,,,False,False
LD-00756,09-08-2026,WHATSAPP,EMP-02,PV-007,Luisa Mosquera Bedoya,314 584 9180,,Soledad,Dash 110,Contactado,10-08-2026,Retoma tu moto,luisa mosquera bedoya,573145849180,,soledad,whatsapp,contactado,2026-08-09 00:00:00,2026-08-10 00:00:00,dash 110,756,SKU-024,100.0,exact,phone:573145849180,14acde88-f883-529d-b98c-27742ea351b8,False,,1.0,,6290000.0,,,,,False,False
LD-00757,08-08-2026,WhatsApp,EMP-01,PV-003,Jhon Jairo Arias Arias,3143398692,jhon.arias39@hotmail.com,bello,Dominar 400,No contesta,09/08/2026 23:47,Retoma tu moto,jhon jairo arias arias,573143398692,jhon.arias39@hotmail.com,bello,whatsapp,no contesta,2026-08-08 00:00:00,2026-08-09 23:47:00,dominar 400,757,SKU-011,100.0,exact,phone:573143398692,6374c18b-797b-583a-9720-192029c752b8,True,6374c18b-797b-583a-9720-192029c752b8,1.0,same_phone_or_email,24900000.0,,,,,False,False
LD-00758,19/08/2026 22:51,WhatsApp,EMP-01,PV-001,  Jhon Jairo Restrepo Ospina  ,3510143318,jhon.restrepo95@hotmail.com,Medellín,Suzuki,sin gestion,,Feria de Motos 2026,jhon jairo restrepo ospina,573510143318,jhon.restrepo95@hotmail.com,medellin,whatsapp,sin gestion,2026-08-19 22:51:00,,suzuki,758,,26.66666666666667,unmatched,phone:573510143318,88ca072a-8c59-574f-94c9-80626ff19220,False,,1.0,,,,,,,False,False
LD-00759,2026-09-04T00:03:00,Meta Ads,EMP-03,PV-011,Nelson Rodríguez Castaño,3120324065,nelson.rodriguez14@outlook.com,BOGOTA,BAJAJ DISCOVER 125,En proceso,,,nelson rodriguez castano,573120324065,nelson.rodriguez14@outlook.com,bogota,meta ads,en proceso,2026-09-04 00:03:00,,bajaj discover 125,759,SKU-012,100.0,fuzzy,phone:573120324065,c1f7a6f2-5956-52da-b68f-bdf7ef2bc2ae,True,c1f7a6f2-5956-52da-b68f-bdf7ef2bc2ae,1.0,same_phone_or_email,6990000.0,11290000.0,credito,,soat,False,False
LD-00760,2026-09-01T03:54:00,WhatsApp,EMP-02,PV-006,  Freddy Herrera Bedoya  ,3205827190,freddy.herrera36@hotmail.com,B/quilla,,En proceso,09/01/2026 05:54,Agosto Cero Cuotas,freddy herrera bedoya,573205827190,freddy.herrera36@hotmail.com,b/quilla,whatsapp,en proceso,2026-09-01 03:54:00,2026-01-09 05:54:00,,760,,0.0,none,phone:573205827190,0e73ab93-89dc-551f-ad2e-a798e1fd94d1,False,,1.0,,,,,,,False,False
LD-00761,2026-09-07 01:56:00,WhatsApp,EMP-03,PV-014,Adriana Salazar Rodríguez,321-079-3506,adriana.salazar57@hotmail.com,Bogotá,HONDA XR 150L,Descartado,,Remate Modelos 2025,adriana salazar rodriguez,573210793506,adriana.salazar57@hotmail.com,bogota,whatsapp,descartado,2026-09-07 01:56:00,,honda xr 150l,761,SKU-002,100.0,fuzzy,phone:573210793506,3db40758-5d5e-583b-9676-e63cfcf65585,False,,1.0,,11490000.0,,,,,False,False
LD-00762,09/06/2026 13:32,WhatsApp,EMP-01,PV-005,Nelson Castaño Pérez,3051782293,nelson.castano20@yahoo.es,Medellin,TTR 200,Cotización enviada,09/07/2026 13:32,,nelson castano perez,573051782293,nelson.castano20@yahoo.es,medellin,whatsapp,cotizacion enviada,2026-06-09 13:32:00,2026-07-09 13:32:00,ttr 200,762,SKU-019,100.0,exact,phone:573051782293,76091f34-6b6f-5742-a844-5ba3fb6ce1bf,False,,1.0,,9890000.0,11290000.0,credito,,soat,False,False
LD-00763,2026-08-17 06:25:00,Meta Ads,EMP-01,PV-003,Adriana Rodríguez Vargas,3059920816,adriana.rodriguez39@hotmail.com,Bello,Hero,Contactado,,Agosto Cero Cuotas,adriana rodriguez vargas,573059920816,adriana.rodriguez39@hotmail.com,bello,meta ads,contactado,2026-08-17 06:25:00,,hero,763,,28.57142857142857,unmatched,phone:573059920816,584ec82e-40fb-5049-bda6-9e1de79d6177,False,,1.0,,,,,,,False,False
LD-00764,2026-08-06T01:11:00,WhatsApp,EMP-01,PV-005,Luisa Quintero Giraldo,3015409384,luisa.quintero47@hotmail.com,,Hero Xpulse 200,Descartado,2026-08-06 05:11:00,,luisa quintero giraldo,573015409384,luisa.quintero47@hotmail.com,,whatsapp,descartado,2026-08-06 01:11:00,2026-08-06 05:11:00,hero xpulse 200,764,SKU-023,100.0,fuzzy,phone:573015409384,2c615e07-b386-59cc-a771-3b428fe81907,False,,1.0,,14990000.0,,credito,baja,precio,False,True
LD-00765,08/20/2026 16:30,WhatsApp,EMP-03,PV-011,Vanessa Pérez Castaño,+57 320 3215784,vanessa.perez54@gmail.com,Bogota DC,Honda CB 190R,contactado,2026-08-21 16:30:00,Feria de Motos 2026,vanessa perez castano,573203215784,vanessa.perez54@gmail.com,bogota dc,whatsapp,contactado,2026-08-20 16:30:00,2026-08-21 16:30:00,honda cb 190r,765,SKU-003,100.0,fuzzy,phone:573203215784,8c422cde-a50f-5548-acc1-829c9b75d3c2,False,,1.0,,13990000.0,24900000.0,credito,media,cuota,False,True
LD-00766,07/09/2026 12:52,WhatsApp,EMP-03,PV-013,Erika Jiménez Agudelo,3227874706,,Bogota,AKT EVO RS 150,Cotización enviada,2026-09-07 14:52:00,,erika jimenez agudelo,573227874706,,bogota,whatsapp,cotizacion enviada,2026-09-07 12:52:00,2026-09-07 14:52:00,akt evo rs 150,766,SKU-020,100.0,fuzzy,phone:573227874706,dcb5ff53-3c6f-59b9-8200-b076830a6a60,False,,1.0,,7190000.0,,,,,False,False
LD-00767,03-09-2026,WhatsApp,EMP-03,PV-013,Claudia Patricia Quintero Vargas,311-529-1155,,Bogotá,Honda,Contactado,2026-09-05 07:14:00,,claudia patricia quintero vargas,573115291155,,bogota,whatsapp,contactado,2026-09-03 00:00:00,2026-09-05 07:14:00,honda,767,,44.44444444444444,unmatched,phone:573115291155,eaef94d8-b500-5fb5-a315-c965c2431c41,False,,1.0,,,24900000.0,credito,,soat,False,False
LD-00768,2026-09-05 17:05:00,WhatsApp,EMP-03,PV-012,Wilmar Giraldo Salazar,(317) 041-7915,wilmar.giraldo37@outlook.com,Bogotá D.C.,Hero Eco Deluxe 100,En proceso,05/09/2026 19:05,Prima Extra,wilmar giraldo salazar,573170417915,wilmar.giraldo37@outlook.com,bogota,whatsapp,en proceso,2026-09-05 17:05:00,2026-09-05 19:05:00,hero eco deluxe 100,768,SKU-021,100.0,fuzzy,phone:573170417915,fb4e96b1-e4bb-55b7-a541-27a7b8406cb2,False,,1.0,,4990000.0,,,,,False,False
LD-00769,30/08/2026 19:25,Formulario Web,EMP-01,PV-003,C. Vargas Correa,3149634001,,BELLO,Bajaj Pulsar NS 160 2026,sin gestion,,Agosto Cero Cuotas,c. vargas correa,573149634001,,bello,formulario web,sin gestion,2026-08-30 19:25:00,,bajaj pulsar ns 160 2026,769,SKU-009,100.0,fuzzy,phone:573149634001,b279a96c-4c8f-518c-8c01-51b49d7de76c,True,b279a96c-4c8f-518c-8c01-51b49d7de76c,1.0,same_phone_or_email,11290000.0,,credito,,soat,False,False
LD-00770,28/08/2026 17:19,WhatsApp,EMP-01,PV-004,Alexander Castaño Muñoz, 3159484997 ,,Rionegro,Honda XRE 300 2026,Cotización enviada,2026-08-28 18:19:00,Retoma tu moto,alexander castano munoz,573159484997,,rionegro,whatsapp,cotizacion enviada,2026-08-28 17:19:00,2026-08-28 18:19:00,honda xre 300 2026,770,SKU-006,100.0,fuzzy,phone:573159484997,febaf14e-15c6-5e75-8846-0a4c6f9c26e6,False,,1.0,,22900000.0,24900000.0,credito,,soat,False,False
LD-00771,2026-08-09 15:50:00,Meta Ads,EMP-02,PV-010,Estefanía Herrera Zapata,314 518 5948,estefania.herrera70@outlook.com,MONTERIA,Suzuki V-Strom 250,Contactado,08/10/2026 03:50,,estefania herrera zapata,573145185948,estefania.herrera70@outlook.com,monteria,meta ads,contactado,2026-08-09 15:50:00,2026-10-08 03:50:00,suzuki v-strom 250,771,SKU-015,100.0,fuzzy,phone:573145185948,338438a0-0bd0-532b-90dc-e542aa426a7b,False,,1.0,,21900000.0,,,,,False,False
LD-00772,2026-08-26T02:01:00,Meta Ads,EMP-02,PV-006,Kevin Mosquera Marín,304 650 6152,,barranquilla,Honda  XR 150L,En proceso,26-08-2026,,kevin mosquera marin,573046506152,,barranquilla,meta ads,en proceso,2026-08-26 02:01:00,2026-08-26 00:00:00,honda xr 150l,772,SKU-002,100.0,fuzzy,phone:573046506152,10ec7176-a5f1-553f-b560-0edf1b2ae32a,False,,1.0,,11490000.0,,,,,False,False
LD-00773,30-08-2026,Formulario Web,EMP-02,PV-006,Sebastián Muñoz Gómez, 3170538251 ,,Barranquilla,,Contactado,2026-08-31T01:07:00,Feria de Motos 2026,sebastian munoz gomez,573170538251,,barranquilla,formulario web,contactado,2026-08-30 00:00:00,2026-08-31 01:07:00,,773,,0.0,none,phone:573170538251,1940a97b-8f4f-55f5-8b09-fa6575b00fc4,False,,1.0,,,,,,,False,False
LD-00774,27-08-2026,WhatsApp,EMP-03,PV-011,Édinson Arias Franco,310 218 9113,edinson.arias36@outlook.com,Bogota,Hero Dash,No contesta,28-08-2026,Prima Extra,edinson arias franco,573102189113,edinson.arias36@outlook.com,bogota,whatsapp,no contesta,2026-08-27 00:00:00,2026-08-28 00:00:00,hero dash,774,,66.66666666666666,unmatched,phone:573102189113,be2f582a-17c4-5a87-b0fe-78874e793dbf,False,,1.0,,,,,,,False,False
LD-00775,2026-08-21T16:24:00,WhatsApp,EMP-03,PV-012,Leidy Johana Franco Arias,(315) 149-8889,leidy.franco77@outlook.com,Bogota,akt ttr 200,sin gestion,,,leidy johana franco arias,573151498889,leidy.franco77@outlook.com,bogota,whatsapp,sin gestion,2026-08-21 16:24:00,,akt ttr 200,775,SKU-019,100.0,fuzzy,phone:573151498889,509ec5e6-26e5-5a29-af73-e780e5e23334,True,509ec5e6-26e5-5a29-af73-e780e5e23334,1.0,same_phone_or_email,9890000.0,,,,,False,False
LD-00776,2026-08-08T21:31:00,WhatsApp,EMP-03,PV-012,LILIANA PÉREZ RODRÍGUEZ,+57 320 6046478,liliana.perez72@yahoo.es,,akt dynamic r3 125,sin gestion,,,liliana perez rodriguez,573206046478,liliana.perez72@yahoo.es,,whatsapp,sin gestion,2026-08-08 21:31:00,,akt dynamic r3 125,776,SKU-018,100.0,fuzzy,phone:573206046478,79cde164-7f86-5e62-96c6-a28a081cc9af,False,,1.0,,5590000.0,,credito,,soat,False,False
LD-00777,19/08/2026 11:38,Meta Ads,EMP-02,PV-009,Angie Paola Herrera Valencia, 3139539977 ,,Santa Marta,AKT TTR 200 2026,Sin gestión,,Agosto Cero Cuotas,angie paola herrera valencia,573139539977,,santa marta,meta ads,sin gestion,2026-08-19 11:38:00,,akt ttr 200 2026,777,SKU-019,100.0,fuzzy,phone:573139539977,e6be7351-fad7-53bf-abf6-4067f8e49a50,False,,1.0,,9890000.0,,,,,False,False
LD-00778,04/08/2026 12:50,WhatsApp,EMP-01,PV-005,Julián Osorio Giraldo,+57 317 0115119,julian.osorio46@hotmail.com,Medellin,AKT Dynamic,Contactado,04-08-2026,Agosto Cero Cuotas,julian osorio giraldo,573170115119,julian.osorio46@hotmail.com,medellin,whatsapp,contactado,2026-08-04 12:50:00,2026-08-04 00:00:00,akt dynamic,778,,77.77777777777777,unmatched,phone:573170115119,cf2d783d-1af6-5d16-9cf2-df7fec98ee47,False,,1.0,,,,,,,False,False
LD-00779,08/29/2026 04:48,WhatsApp,EMP-03,PV-011,Julián Muñoz Salazar,3211314168,julian.munoz11@gmail.com,Bogota,BAJAJ BOXER CT 100,no contesta,2026-08-29T10:48:00,Agosto Cero Cuotas,julian munoz salazar,573211314168,julian.munoz11@gmail.com,bogota,whatsapp,no contesta,2026-08-29 04:48:00,2026-08-29 10:48:00,bajaj boxer ct 100,779,SKU-007,100.0,fuzzy,phone:573211314168,21bdff01-8873-54fa-9ac3-49ba1a255bc7,False,,1.0,,5790000.0,6890000.0,credito,,soat,False,False
LD-00780,15-08-2026,Meta Ads,EMP-01,PV-002,Adriana Osorio Torres,3128183051,adriana.osorio25@outlook.com,Itagui,Bajaj,Sin gestión,,,adriana osorio torres,573128183051,adriana.osorio25@outlook.com,itagui,meta ads,sin gestion,2026-08-15 00:00:00,,bajaj,780,,22.22222222222223,unmatched,phone:573128183051,20cca16f-d1cd-5749-adea-be6032594a79,False,,1.0,,,,,,,False,False
LD-00781,05-09-2026,Formulario Web,EMP-01,PV-003,KATHERINE RAMÍREZ AGUDELO,3507400452,katherine.ramirez84@outlook.com,BELLO,Bajaj Dominar 400 2026,Sin gestión,,Feria de Motos 2026,katherine ramirez agudelo,573507400452,katherine.ramirez84@outlook.com,bello,formulario web,sin gestion,2026-09-05 00:00:00,,bajaj dominar 400 2026,781,SKU-011,100.0,fuzzy,phone:573507400452,94bdb1b3-bb42-57fd-85a6-3d5c699a4dad,False,,1.0,,24900000.0,,,,,False,False
LD-00782,2026-08-28T04:59:00,Meta Ads,EMP-02,PV-006,Natalia Torres Betancur,320 025 0429,natalia.torres11@outlook.com,Barranquilla,AKT,Sin gestión,,,natalia torres betancur,573200250429,natalia.torres11@outlook.com,barranquilla,meta ads,sin gestion,2026-08-28 04:59:00,,akt,782,,28.57142857142857,unmatched,phone:573200250429,a22d6bcb-7315-5268-a4d1-16cd9be9c6c8,False,,1.0,,,4990000.0,credito,media,cuota,False,True
LD-00783,07/08/2026 20:23,Formulario Web,EMP-01,PV-002,Luisa Restrepo Londoño,313 417 4574,,Itagüí,Honda CB 190R,Contactado,2026-08-08T00:23:00,Remate Modelos 2025,luisa restrepo londono,573134174574,,itagui,formulario web,contactado,2026-08-07 20:23:00,2026-08-08 00:23:00,honda cb 190r,783,SKU-003,100.0,fuzzy,phone:573134174574,1f284bd2-71ce-52f1-839d-1fbfe192861c,True,1f284bd2-71ce-52f1-839d-1fbfe192861c,1.0,same_phone_or_email,13990000.0,,,,,False,False
LD-00784,2026-08-21 16:17:00,WhatsApp,EMP-03,PV-014,Estefanía Gómez Valencia,+57 300 7639828,,Bogota DC,honda xr 150l,Descartado,2026-08-24T16:17:00,Remate Modelos 2025,estefania gomez valencia,573007639828,,bogota dc,whatsapp,descartado,2026-08-21 16:17:00,2026-08-24 16:17:00,honda xr 150l,784,SKU-002,100.0,fuzzy,phone:573007639828,f3dbd0f5-0600-5691-a1ff-29bb06272a02,False,,1.0,,11490000.0,,,,,False,False
LD-00785,12/08/2026 06:20,meta ads,EMP-01,PV-002,FREDDY ESCOBAR ESCOBAR,312-783-8653,freddy.escobar49@outlook.com,Itagüí,Bajaj Boxer CT 100,No contesta,12/08/2026 18:20,,freddy escobar escobar,573127838653,freddy.escobar49@outlook.com,itagui,meta ads,no contesta,2026-08-12 06:20:00,2026-08-12 18:20:00,bajaj boxer ct 100,785,SKU-007,100.0,fuzzy,phone:573127838653,72e76e60-2011-5913-ad1b-73e82e35610b,False,,1.0,,5790000.0,,,,,False,False
LD-00786,12/08/2026 10:08,Formulario Web,EMP-03,PV-012,Liliana Bedoya Franco,573139377682,,BOGOTA,HONDA XRE 300,Descartado,12-08-2026,Feria de Motos 2026,liliana bedoya franco,573139377682,,bogota,formulario web,descartado,2026-08-12 10:08:00,2026-08-12 00:00:00,honda xre 300,786,SKU-006,100.0,fuzzy,phone:573139377682,9dcfeff5-c728-54e0-8cb5-06f6bf22e83f,False,,1.0,,22900000.0,,,,,False,False
LD-00787,2026-09-04 21:13:00,WhatsApp,EMP-03,PV-013,  Jhon Jairo Arias Arias  ,+57 314 3398692,jhon.arias30@yahoo.es,Bogota,akt dynamic r3 125,Sin gestión,,Remate Modelos 2025,jhon jairo arias arias,573143398692,jhon.arias30@yahoo.es,bogota,whatsapp,sin gestion,2026-09-04 21:13:00,,akt dynamic r3 125,787,SKU-018,100.0,fuzzy,phone:573143398692,6374c18b-797b-583a-9720-192029c752b8,True,6374c18b-797b-583a-9720-192029c752b8,1.0,same_phone_or_email,5590000.0,7490000.0,credito,media,cuota,False,True
LD-00788,09/08/2026 09:06,WhatsApp,EMP-01,PV-002,Yesenia Arias Restrepo, 3228094847 ,yesenia.arias58@outlook.com,Itagui,AKT  NKD 125,Descartado,09/08/2026 11:06,,yesenia arias restrepo,573228094847,yesenia.arias58@outlook.com,itagui,whatsapp,descartado,2026-08-09 09:06:00,2026-08-09 11:06:00,akt nkd 125,788,SKU-017,100.0,fuzzy,phone:573228094847,91451d16-239a-5dc3-b0dd-8da5de0e9252,False,,1.0,,5290000.0,21900000.0,credito,,soat,False,False
LD-00789,2026-08-18 07:21:00,Meta Ads,EMP-03,PV-014,JUAN CARLOS CASTAÑO OSORIO,311 024 7003,,,Suzuki V-Strom 250,Contactado,08/18/2026 13:21,Remate Modelos 2025,juan carlos castano osorio,573110247003,,,meta ads,contactado,2026-08-18 07:21:00,2026-08-18 13:21:00,suzuki v-strom 250,789,SKU-015,100.0,fuzzy,phone:573110247003,5ca2e205-fc45-5671-a794-0e5d9c2032b4,False,,1.0,,21900000.0,,,,,False,False
LD-00790,2026-08-19 23:28:00,Formulario Web,EMP-03,PV-013,Liliana Hernández Londoño,+57 313 4444770,,Bogota,AKT Evo RS 150 2026,Cotización enviada,20-08-2026,Retoma tu moto,liliana hernandez londono,573134444770,,bogota,formulario web,cotizacion enviada,2026-08-19 23:28:00,2026-08-20 00:00:00,akt evo rs 150 2026,790,SKU-020,100.0,fuzzy,phone:573134444770,07ef092f-765b-5039-8382-4723293d69a5,True,07ef092f-765b-5039-8382-4723293d69a5,1.0,same_phone_or_email,7190000.0,,,,,False,False
LD-00791,2026-08-17 05:26:00,Meta Ads,EMP-02,PV-006,Freddy Valencia Correa,3210077976,freddy.valencia66@yahoo.es,B/quilla,,Cotización enviada,,Agosto Cero Cuotas,freddy valencia correa,573210077976,freddy.valencia66@yahoo.es,b/quilla,meta ads,cotizacion enviada,2026-08-17 05:26:00,,,791,,0.0,none,phone:573210077976,f122e992-796a-513e-acb9-fb6d88e6d339,False,,1.0,,,,,,,False,False
LD-00792,09/09/2026 10:45,WhatsApp,EMP-02,PV-008,  Luisa Jiménez Hernández  ,3127187390,luisa.jimenez82@gmail.com,Cartagena de Indias,honda xre 300,Cotización enviada,09/11/2026 10:45,Remate Modelos 2025,luisa jimenez hernandez,573127187390,luisa.jimenez82@gmail.com,cartagena de indias,whatsapp,cotizacion enviada,2026-09-09 10:45:00,2026-11-09 10:45:00,honda xre 300,792,SKU-006,100.0,fuzzy,phone:573127187390,8b4ca727-f9ab-524d-a6cf-a545bb52afba,False,,1.0,,22900000.0,,credito,,soat,False,False
LD-00793,13/08/2026 07:43,WhatsApp,EMP-02,PV-006,DUVÁN GÓMEZ MARÍN,3161979504,,B/quilla,honda xre 300,Cotización enviada,2026-08-14T07:43:00,Agosto Cero Cuotas,duvan gomez marin,573161979504,,b/quilla,whatsapp,cotizacion enviada,2026-08-13 07:43:00,2026-08-14 07:43:00,honda xre 300,793,SKU-006,100.0,fuzzy,phone:573161979504,32f64b2e-2cb7-5122-a808-818db93810be,False,,1.0,,22900000.0,,,,,False,False
LD-00794,02/08/2026 02:28,META ADS,EMP-03,PV-013,  Luisa Agudelo Herrera  ,313-031-2521,luisa.agudelo10@yahoo.es,,BAJAJ DISCOVER 125,Contactado,08/03/2026 08:28,Prima Extra,luisa agudelo herrera,573130312521,luisa.agudelo10@yahoo.es,,meta ads,contactado,2026-08-02 02:28:00,2026-03-08 08:28:00,bajaj discover 125,794,SKU-012,100.0,fuzzy,phone:573130312521,d760f7a1-e893-5342-9e88-8b6663becb94,True,d760f7a1-e893-5342-9e88-8b6663becb94,1.0,same_phone_or_email,6990000.0,9890000.0,credito,,cuota,False,True
LD-00795,2026-08-08 06:51:00,whatsapp,EMP-02,PV-010,Liliana Valencia Mosquera,320-652-9363,,Monteria,Suzuki GN 125 2026,Cotización enviada,08/08/2026 07:51,,liliana valencia mosquera,573206529363,,monteria,whatsapp,cotizacion enviada,2026-08-08 06:51:00,2026-08-08 07:51:00,suzuki gn 125 2026,795,SKU-013,100.0,fuzzy,phone:573206529363,706365a8-cad2-52f9-bd61-658d78ef1e24,False,,1.0,,7490000.0,15490000.0,credito,media,cuota,False,True
LD-00796,05/08/2026 13:11,whatsapp,EMP-01,PV-003,Marcela Restrepo Restrepo,3231332160,marcela.restrepo56@yahoo.es,bello,bajaj pulsar ns 160,contactado,06-08-2026,Prima Extra,marcela restrepo restrepo,573231332160,marcela.restrepo56@yahoo.es,bello,whatsapp,contactado,2026-08-05 13:11:00,2026-08-06 00:00:00,bajaj pulsar ns 160,796,SKU-009,100.0,fuzzy,phone:573231332160,813bb58a-88a2-5b24-b7cc-7a6f3800d1ac,False,,1.0,,11290000.0,,,,,False,False
LD-00797,12-08-2026,WhatsApp,EMP-03,PV-015,FABIÁN MOSQUERA AGUDELO,318-342-0203,,Soacha,Honda Dio 110,Cotización enviada,12/08/2026 06:19,,fabian mosquera agudelo,573183420203,,soacha,whatsapp,cotizacion enviada,2026-08-12 00:00:00,2026-08-12 06:19:00,honda dio 110,797,SKU-005,100.0,fuzzy,phone:573183420203,392337f7-7549-56d8-9de9-b1def83644a7,True,392337f7-7549-56d8-9de9-b1def83644a7,1.0,same_phone_or_email,6890000.0,6990000.0,credito,,soat,False,False
LD-00798,2026-08-28 00:48:00,Meta Ads,EMP-02,PV-010,Angie Paola Gómez Ospina, 3506059192 ,,Monteria,Honda Dio,contactado,2026-08-28T06:48:00,Retoma tu moto,angie paola gomez ospina,573506059192,,monteria,meta ads,contactado,2026-08-28 00:48:00,2026-08-28 06:48:00,honda dio,798,,60.0,unmatched,phone:573506059192,6abea1bb-7937-5e70-8801-7394b5de800c,False,,1.0,,,,,,,False,False
LD-00799,2026-08-22 15:32:00,Meta Ads,EMP-02,PV-006,Yesenia Cardona Bedoya,+57 313 8517688,,barranquilla,AKT,Sin gestión,,Agosto Cero Cuotas,yesenia cardona bedoya,573138517688,,barranquilla,meta ads,sin gestion,2026-08-22 15:32:00,,akt,799,,28.57142857142857,unmatched,phone:573138517688,b82123d0-6b80-58a3-9794-de77b953c509,False,,1.0,,,,,,,False,False
LD-00800,31/08/2026 13:56,meta ads,EMP-03,PV-012,WILMAR FRANCO GÓMEZ,(302) 621-2106,,Bogota DC,Bajaj Pulsar RS 200,Contactado,09/01/2026 19:56,Retoma tu moto,wilmar franco gomez,573026212106,,bogota dc,meta ads,contactado,2026-08-31 13:56:00,2026-01-09 19:56:00,bajaj pulsar rs 200,800,SKU-010,100.0,fuzzy,phone:573026212106,c2b7312a-6d56-501d-86d8-a9dd2adb87c0,True,c2b7312a-6d56-501d-86d8-a9dd2adb87c0,1.0,same_phone_or_email,15490000.0,6890000.0,credito,,cuota,False,True
LD-00801,2026-08-13T01:02:00,WhatsApp,EMP-03,PV-013,Liliana Vargas Londoño,3124362520,,Bogota,,Descartado,13-08-2026,Remate Modelos 2025,liliana vargas londono,573124362520,,bogota,whatsapp,descartado,2026-08-13 01:02:00,2026-08-13 00:00:00,,801,,0.0,none,phone:573124362520,defbeeac-25e6-55c0-babc-feb5965d781d,False,,1.0,,,,,,,False,False
LD-00802,2026-09-04 13:25:00,WhatsApp,EMP-03,PV-011,Freddy Pérez Mosquera,+57 310 8454435,,BOGOTA,,No contesta,05-09-2026,Retoma tu moto,freddy perez mosquera,573108454435,,bogota,whatsapp,no contesta,2026-09-04 13:25:00,2026-09-05 00:00:00,,802,,0.0,none,phone:573108454435,957bbfef-6860-501b-89ba-f8d658b23048,False,,1.0,,,,,,,False,False
LD-00803,2026-08-04 13:51:00,Formulario Web,EMP-01,PV-002,  Duván Marín Jiménez  ,304 623 6808,duvan.marin44@hotmail.com,Itagüí,hero hunk 160r,Contactado,04/08/2026 19:51,,duvan marin jimenez,573046236808,duvan.marin44@hotmail.com,itagui,formulario web,contactado,2026-08-04 13:51:00,2026-08-04 19:51:00,hero hunk 160r,803,SKU-022,100.0,fuzzy,phone:573046236808,495023c5-f3df-5be0-b36d-d55708f4ef2d,False,,1.0,,10490000.0,,,,,False,False
LD-00804,10-08-2026,WhatsApp,EMP-02,PV-010,SANDRA MILENA MOSQUERA RODRÍGUEZ,3173581705,sandra.mosquera33@yahoo.es,MONTERIA,AKT,En proceso,13-08-2026,,sandra milena mosquera rodriguez,573173581705,sandra.mosquera33@yahoo.es,monteria,whatsapp,en proceso,2026-08-10 00:00:00,2026-08-13 00:00:00,akt,804,,28.57142857142857,unmatched,phone:573173581705,bfc92c1f-2854-54ef-92c4-6687056261b0,False,,1.0,,,7990000.0,credito,,cuota,False,True
LD-00805,2026-08-13T00:06:00,WhatsApp,EMP-02,PV-009,JORGE IVÁN VALENCIA HERRERA,3000254108,jorge.valencia95@gmail.com,SANTA MARTA,Bajaj Boxer CT 100,En proceso,2026-08-13T04:06:00,Remate Modelos 2025,jorge ivan valencia herrera,573000254108,jorge.valencia95@gmail.com,santa marta,whatsapp,en proceso,2026-08-13 00:06:00,2026-08-13 04:06:00,bajaj boxer ct 100,805,SKU-007,100.0,fuzzy,phone:573000254108,a89dd0ae-243c-5dde-820e-3ad57b7749c2,False,,1.0,,5790000.0,,,,,False,False
LD-00806,28-08-2026,Meta Ads,EMP-03,PV-013,Estefanía Salazar Londoño,+57 316 3050297,,Bogotá D.C.,Suzuki GN 125 2026,Sin gestión,,Remate Modelos 2025,estefania salazar londono,573163050297,,bogota,meta ads,sin gestion,2026-08-28 00:00:00,,suzuki gn 125 2026,806,SKU-013,100.0,fuzzy,phone:573163050297,d71bbaa3-130e-545d-9fab-4b5fae29b7ac,False,,1.0,,7490000.0,,credito,,soat,False,False
LD-00807,08/29/2026 11:26,WhatsApp,EMP-01,PV-001,C. Restrepo Muñoz,313-169-8944,camilo.restrepo36@gmail.com,medellin,Pulsar NS 125,Cotización enviada,2026-08-31T11:26:00,Feria de Motos 2026,c. restrepo munoz,573131698944,camilo.restrepo36@gmail.com,medellin,whatsapp,cotizacion enviada,2026-08-29 11:26:00,2026-08-31 11:26:00,pulsar ns 125,807,SKU-008,100.0,exact,phone:573131698944,eb77bc8e-3357-573e-b01e-a4e6988b689f,True,eb77bc8e-3357-573e-b01e-a4e6988b689f,1.0,same_phone_or_email,8990000.0,,credito,baja,precio,False,True
LD-00808,2026-08-01T19:23:00,META ADS,EMP-02,PV-006,Brayan Herrera Salazar,3138869430,,Barranquilla,honda cb 190r,No contesta,02/08/2026 13:23,Remate Modelos 2025,brayan herrera salazar,573138869430,,barranquilla,meta ads,no contesta,2026-08-01 19:23:00,2026-08-02 13:23:00,honda cb 190r,808,SKU-003,100.0,fuzzy,phone:573138869430,a8ea701d-15af-52bc-adb2-77f0d0bc4bd4,False,,1.0,,13990000.0,,,,,False,False
LD-00809,20-08-2026,Meta Ads,EMP-03,PV-015,Mónica Gómez Vargas,318 604 9728,monica.gomez62@hotmail.com,Soacha,AKT  Evo RS 150,Cotización enviada,21-08-2026,Agosto Cero Cuotas,monica gomez vargas,573186049728,monica.gomez62@hotmail.com,soacha,meta ads,cotizacion enviada,2026-08-20 00:00:00,2026-08-21 00:00:00,akt evo rs 150,809,SKU-020,100.0,fuzzy,phone:573186049728,68a7fae8-f634-5fbe-a540-d316d78e7eb6,False,,1.0,,7190000.0,,,,,False,False
LD-00810,01-09-2026,WhatsApp,EMP-02,PV-008,Angie Paola Salazar Franco,3011414755,angie.salazar17@hotmail.com,Cartagena,Hero Dash 110,No contesta,2026-09-02 01:49:00,,angie paola salazar franco,573011414755,angie.salazar17@hotmail.com,cartagena,whatsapp,no contesta,2026-09-01 00:00:00,2026-09-02 01:49:00,hero dash 110,810,SKU-024,100.0,fuzzy,phone:573011414755,1e05bfc8-1ec5-5cf3-86b4-26e4bcb97237,False,,1.0,,6290000.0,,credito,baja,precio,False,True
LD-00811,2026-08-03 17:52:00,WhatsApp,EMP-02,PV-008,  Juan Carlos Escobar Restrepo  ,+57 312 2549184,juan.escobar53@gmail.com,Cartagena de Indias,Suzuki,Descartado,08/07/2026 17:52,,juan carlos escobar restrepo,573122549184,juan.escobar53@gmail.com,cartagena de indias,whatsapp,descartado,2026-08-03 17:52:00,2026-07-08 17:52:00,suzuki,811,,26.66666666666667,unmatched,phone:573122549184,ef9686f5-ba8c-548f-b11d-19f8504feeb9,True,ef9686f5-ba8c-548f-b11d-19f8504feeb9,1.0,same_phone_or_email,,,,,,False,False
LD-00812,2026-08-17 02:02:00,Meta Ads,EMP-03,PV-014,  Luisa Escobar Betancur  , 3010014717 ,luisa.escobar98@hotmail.com,Bogota,Honda  Dio 110,Contactado,17/08/2026 20:02,Retoma tu moto,luisa escobar betancur,573010014717,luisa.escobar98@hotmail.com,bogota,meta ads,contactado,2026-08-17 02:02:00,2026-08-17 20:02:00,honda dio 110,812,SKU-005,100.0,fuzzy,phone:573010014717,c47b648c-709e-58c5-8666-7dc9d96bf27c,False,,1.0,,6890000.0,,,,,False,False
LD-00813,2026-08-06T02:09:00,Meta Ads,EMP-01,PV-005,SEBASTIÁN ZAPATA RODRÍGUEZ,573023963064,,medellin,Honda Navi,Sin gestión,,Retoma tu moto,sebastian zapata rodriguez,573023963064,,medellin,meta ads,sin gestion,2026-08-06 02:09:00,,honda navi,813,SKU-004,100.0,fuzzy,phone:573023963064,987e995b-bb41-5c18-9f96-b3783b098354,False,,1.0,,7290000.0,5790000.0,credito,,soat,False,False
LD-00814,02/08/2026 22:48,WhatsApp,EMP-02,PV-010,Brayan Giraldo Cardona,350 603 5269,brayan.giraldo37@yahoo.es,Montería,AKT DYNAMIC R3 125,Cotización enviada,2026-08-03T04:48:00,,brayan giraldo cardona,573506035269,brayan.giraldo37@yahoo.es,monteria,whatsapp,cotizacion enviada,2026-08-02 22:48:00,2026-08-03 04:48:00,akt dynamic r3 125,814,SKU-018,100.0,fuzzy,phone:573506035269,31f8d67a-7aed-51e6-943b-0b90355acc77,True,31f8d67a-7aed-51e6-943b-0b90355acc77,1.0,same_phone_or_email,5590000.0,,,,,False,False
LD-00815,17/08/2026 21:27,WhatsApp,EMP-03,PV-013,ANDRÉS FELIPE ESCOBAR RESTREPO,351 914 7206,,Bogota DC,,Descartado,18/08/2026 21:27,,andres felipe escobar restrepo,573519147206,,bogota dc,whatsapp,descartado,2026-08-17 21:27:00,2026-08-18 21:27:00,,815,,0.0,none,phone:573519147206,00d73a99-6260-56a3-b4cf-f5f537f3229b,False,,1.0,,,,,,,False,False
LD-00816,2026-08-17 12:49:00,Meta Ads,EMP-02,PV-007,  Adriana Betancur Herrera  ,314 958 0452,,Soledad,AKT NKD 125,sin gestion,,Feria de Motos 2026,adriana betancur herrera,573149580452,,soledad,meta ads,sin gestion,2026-08-17 12:49:00,,akt nkd 125,816,SKU-017,100.0,fuzzy,phone:573149580452,fede1bce-0f05-5450-bc3d-f32a348aa9ad,True,fede1bce-0f05-5450-bc3d-f32a348aa9ad,1.0,same_phone_or_email,5290000.0,5790000.0,credito,media,cuota,False,True
LD-00817,11/08/2026 20:01,Meta Ads,EMP-01,PV-004,Carlos Mario Marín Gómez,302 631 7258,,Rionegro,Honda,Descartado,2026-08-12T02:01:00,,carlos mario marin gomez,573026317258,,rionegro,meta ads,descartado,2026-08-11 20:01:00,2026-08-12 02:01:00,honda,817,,44.44444444444444,unmatched,phone:573026317258,ef8618d8-748d-5db9-8cec-20455c664202,False,,1.0,,,,,,,False,False
LD-00818,15/08/2026 10:45,Meta Ads,EMP-01,PV-003,Édinson Hernández Giraldo,351 772 5657,edinson.hernandez40@hotmail.com,BELLO,Hero,Descartado,08/15/2026 14:45,Remate Modelos 2025,edinson hernandez giraldo,573517725657,edinson.hernandez40@hotmail.com,bello,meta ads,descartado,2026-08-15 10:45:00,2026-08-15 14:45:00,hero,818,,28.57142857142857,unmatched,phone:573517725657,ee15791d-f1ef-5598-bfa6-cba067e8ffc5,False,,1.0,,,,,,,False,False
LD-00819,2026-08-23 14:01:00,Formulario Web,EMP-01,PV-003,Freddy Jiménez Osorio,3518367009,,bello,AKT,sin gestion,,Retoma tu moto,freddy jimenez osorio,573518367009,,bello,formulario web,sin gestion,2026-08-23 14:01:00,,akt,819,,28.57142857142857,unmatched,phone:573518367009,4cfb3870-49d6-5f2e-8dd9-7fbd975f106c,False,,1.0,,,,,,,False,False
LD-00820,08/11/2026 03:34,Meta Ads,EMP-03,PV-012,Katherine Valencia Herrera,(323) 275-3031,katherine.valencia3@yahoo.es,BOGOTA,Hero  Eco Deluxe 100,Descartado,08/12/2026 09:34,,katherine valencia herrera,573232753031,katherine.valencia3@yahoo.es,bogota,meta ads,descartado,2026-11-08 03:34:00,2026-12-08 09:34:00,hero eco deluxe 100,820,SKU-021,100.0,fuzzy,phone:573232753031,f1778b97-d115-520d-b551-527ea10aabb0,False,,1.0,,4990000.0,22900000.0,credito,media,soat,True,False
LD-00821,2026-08-17 16:06:00,WhatsApp,EMP-02,PV-007,Erika Torres Ramírez,3221759304,erika.torres56@yahoo.es,Soledad,suzuki gn 125,sin gestion,,Prima Extra,erika torres ramirez,573221759304,erika.torres56@yahoo.es,soledad,whatsapp,sin gestion,2026-08-17 16:06:00,,suzuki gn 125,821,SKU-013,100.0,fuzzy,phone:573221759304,e3d23e68-d1c5-58d5-b808-6e8cfe8b97a4,False,,1.0,,7490000.0,10490000.0,credito,media,cuota,False,True
LD-00822,2026-08-06T05:29:00,WhatsApp,EMP-03,PV-014,Cristian Herrera Gómez,3158434615,cristian.herrera20@gmail.com,Bogota DC,Honda,Descartado,,Retoma tu moto,cristian herrera gomez,573158434615,cristian.herrera20@gmail.com,bogota dc,whatsapp,descartado,2026-08-06 05:29:00,,honda,822,,44.44444444444444,unmatched,phone:573158434615,0a995dc0-d533-5f75-b847-7bb5d301ca3a,False,,1.0,,,,,,,False,False
LD-00823,2026-08-30 15:05:00,WHATSAPP,EMP-03,PV-015,Andrés Felipe Zapata Zapata, 3210554510 ,,Soacha,TTR 200,Cotización enviada,31/08/2026 21:05,,andres felipe zapata zapata,573210554510,,soacha,whatsapp,cotizacion enviada,2026-08-30 15:05:00,2026-08-31 21:05:00,ttr 200,823,SKU-019,100.0,exact,phone:573210554510,6a955571-b647-597d-8a5f-ee0b000e38a9,True,6a955571-b647-597d-8a5f-ee0b000e38a9,1.0,same_phone_or_email,9890000.0,21900000.0,credito,media,cuota,False,True
LD-00824,2026-08-31 16:15:00,WhatsApp,EMP-03,PV-012,WILMAR ZAPATA RODRÍGUEZ,3106774395,,Bogotá,Bajaj Pulsar,En proceso,01-09-2026,Prima Extra,wilmar zapata rodriguez,573106774395,,bogota,whatsapp,en proceso,2026-08-31 16:15:00,2026-09-01 00:00:00,bajaj pulsar,824,,66.66666666666666,unmatched,phone:573106774395,9ae423fa-d6e0-5c83-85b4-28816ee2af2a,False,,1.0,,,,,,,False,False
LD-00825,2026-08-26 06:43:00,WhatsApp,EMP-03,PV-014,KATHERINE MOSQUERA MUÑOZ,300-140-2326,katherine.mosquera34@outlook.com,bogotá,V-Strom 250,Sin gestión,,Prima Extra,katherine mosquera munoz,573001402326,katherine.mosquera34@outlook.com,bogota,whatsapp,sin gestion,2026-08-26 06:43:00,,v-strom 250,825,SKU-015,100.0,exact,phone:573001402326,f15696f2-cfbf-5c3f-a538-85460ed0d8c5,False,,1.0,,21900000.0,,,,,False,False
LD-00826,05/09/2026 06:54,WHATSAPP,EMP-03,PV-013,WILMAR GIRALDO BEDOYA,573183760432,,Bogotá,Bajaj Pulsar RS 200,no contesta,09/05/2026 07:54,,wilmar giraldo bedoya,573183760432,,bogota,whatsapp,no contesta,2026-09-05 06:54:00,2026-05-09 07:54:00,bajaj pulsar rs 200,826,SKU-010,100.0,fuzzy,phone:573183760432,d3c8381d-d09f-5abb-9e72-b476f791bdfa,False,,1.0,,15490000.0,,,,,False,False
LD-00827,08/07/2026 22:49,WhatsApp,EMP-03,PV-011,  Yesenia Gómez Pérez  ,3054568923,,Bogotá D.C.,hero hunk 160r,no contesta,08-08-2026,Retoma tu moto,yesenia gomez perez,573054568923,,bogota,whatsapp,no contesta,2026-07-08 22:49:00,2026-08-08 00:00:00,hero hunk 160r,827,SKU-022,100.0,fuzzy,phone:573054568923,24036d97-43ad-56d6-a35f-ae5ba51d49c8,False,,1.0,,10490000.0,13990000.0,credito,,cuota,False,True
LD-00828,30/08/2026 03:58,whatsapp,EMP-02,PV-009,  Juan Carlos Zapata Agudelo  ,(318) 126-3880,,Sta Marta,Bajaj Pulsar NS 160 2026,no contesta,31-08-2026,,juan carlos zapata agudelo,573181263880,,santa marta,whatsapp,no contesta,2026-08-30 03:58:00,2026-08-31 00:00:00,bajaj pulsar ns 160 2026,828,SKU-009,100.0,fuzzy,phone:573181263880,1c7a6e44-a433-550e-bb1a-09593971b0ee,False,,1.0,,11290000.0,22900000.0,credito,,soat,True,False
LD-00829,14-08-2026,WhatsApp,EMP-02,PV-009,Sebastián Vargas Muñoz,3200082173,sebastian.vargas30@outlook.com,SANTA MARTA,Hero Eco Deluxe 100,En proceso,2026-08-14 13:03:00,Agosto Cero Cuotas,sebastian vargas munoz,573200082173,sebastian.vargas30@outlook.com,santa marta,whatsapp,en proceso,2026-08-14 00:00:00,2026-08-14 13:03:00,hero eco deluxe 100,829,SKU-021,100.0,fuzzy,phone:573200082173,8f76a49d-4633-517d-92bb-d55d7f9e8f4e,False,,1.0,,4990000.0,,,,,False,False
LD-00830,2026-08-22T02:37:00,WhatsApp,EMP-03,PV-014,FABIÁN BEDOYA FRANCO,3221193836,,,,contactado,2026-08-23 08:37:00,,fabian bedoya franco,573221193836,,,whatsapp,contactado,2026-08-22 02:37:00,2026-08-23 08:37:00,,830,,0.0,none,phone:573221193836,f372680e-e0bc-56f3-b464-cc96a9153c9c,False,,1.0,,,,,,,False,False
LD-00831,30/08/2026 08:17,WhatsApp,EMP-02,PV-008,DIANA CAROLINA BETANCUR AGUDELO,(313) 946-8698,,Cartagena,Hnda CB 190R,Sin gestión,,,diana carolina betancur agudelo,573139468698,,cartagena,whatsapp,sin gestion,2026-08-30 08:17:00,,hnda cb 190r,831,SKU-003,100.0,fuzzy,phone:573139468698,ee0a2ca1-f2a2-551c-ad52-d01e489b82b5,False,,1.0,,13990000.0,5290000.0,credito,baja,precio,False,True
LD-00832,09/05/2026 03:46,Meta Ads,EMP-03,PV-012,Angie Paola Arias Quintero,3234451503,,Bogota,AKT Dynamic R3 125,Cotización enviada,2026-09-05T21:46:00,Prima Extra,angie paola arias quintero,573234451503,,bogota,meta ads,cotizacion enviada,2026-05-09 03:46:00,2026-09-05 21:46:00,akt dynamic r3 125,832,SKU-018,100.0,fuzzy,phone:573234451503,105e83d3-5196-555a-ba27-1fe0e8df5e33,False,,1.0,,5590000.0,,,,,False,False
LD-00833,15/08/2026 01:56,Meta Ads,EMP-03,PV-012,KEVIN ESCOBAR AGUDELO,3235979245,,bogotá,Honda XRE 300,SIN GESTION,,,kevin escobar agudelo,573235979245,,bogota,meta ads,sin gestion,2026-08-15 01:56:00,,honda xre 300,833,SKU-006,100.0,fuzzy,phone:573235979245,41bf560b-8a56-509d-bd3d-04f03a104784,False,,1.0,,22900000.0,,,,,False,False
LD-00834,2026-08-08 06:36:00,WhatsApp,EMP-03,PV-013,Katherine Franco Restrepo,315-308-5079,,bogotá,AKT Dynamic R3 125 2026,Cotización enviada,2026-08-11T06:36:00,Remate Modelos 2025,katherine franco restrepo,573153085079,,bogota,whatsapp,cotizacion enviada,2026-08-08 06:36:00,2026-08-11 06:36:00,akt dynamic r3 125 2026,834,SKU-018,100.0,fuzzy,phone:573153085079,66b41101-c94f-5725-8677-650e0bf81131,False,,1.0,,5590000.0,,,,,False,False
LD-00835,08/24/2026 00:10,WhatsApp,EMP-01,PV-002,  Luz Marina Torres Muñoz  ,305-940-7111,,Itagui,Honda Dio 110,sin gestion,,Prima Extra,luz marina torres munoz,573059407111,,itagui,whatsapp,sin gestion,2026-08-24 00:10:00,,honda dio 110,835,SKU-005,100.0,fuzzy,phone:573059407111,ff1f11c4-93f1-54c0-a33c-1b35c1a0151a,False,,1.0,,6890000.0,,credito,media,soat,False,False
LD-00836,30-08-2026,Meta Ads,EMP-02,PV-007,Paula Andrea Hernández Bedoya,311 446 1227,paula.hernandez42@yahoo.es,Soledad,Hero Hunk 160R 2026,No contesta,30/08/2026 12:54,Remate Modelos 2025,paula andrea hernandez bedoya,573114461227,paula.hernandez42@yahoo.es,soledad,meta ads,no contesta,2026-08-30 00:00:00,2026-08-30 12:54:00,hero hunk 160r 2026,836,SKU-022,100.0,fuzzy,phone:573114461227,084ebe90-9978-5ea1-b036-4ea4d0f2cf6c,False,,1.0,,10490000.0,7190000.0,credito,media,cuota,False,True
LD-00837,12/08/2026 06:23,WHATSAPP,EMP-03,PV-015,  Kevin Londoño Pérez  ,3183411847,,Soacha,Hero Xpulse 200,Cotización enviada,2026-08-12T18:23:00,Remate Modelos 2025,kevin londono perez,573183411847,,soacha,whatsapp,cotizacion enviada,2026-08-12 06:23:00,2026-08-12 18:23:00,hero xpulse 200,837,SKU-023,100.0,fuzzy,phone:573183411847,c230e98f-493e-5549-a6ef-a5b514c4ec5a,False,,1.0,,14990000.0,14990000.0,credito,,cuota,False,True
LD-00838,17/08/2026 01:13,formulario web,EMP-03,PV-014,Jorge Iván Marín Vargas,+57 317 3201919,,BOGOTA,honda navi,Descartado,08/18/2026 01:13,Remate Modelos 2025,jorge ivan marin vargas,573173201919,,bogota,formulario web,descartado,2026-08-17 01:13:00,2026-08-18 01:13:00,honda navi,838,SKU-004,100.0,fuzzy,phone:573173201919,41cf423c-6125-5799-8afe-78393bca15df,False,,1.0,,7290000.0,,,,,False,False
LD-00839,16-08-2026,Meta Ads,EMP-01,PV-004,Leidy Johana Castaño Betancur,(317) 619-1344,leidy.castano31@outlook.com,Rio Negro,Bajaj Dominar 400,sin gestion,,,leidy johana castano betancur,573176191344,leidy.castano31@outlook.com,rio negro,meta ads,sin gestion,2026-08-16 00:00:00,,bajaj dominar 400,839,SKU-011,100.0,fuzzy,phone:573176191344,808bccb0-b524-52e7-bad3-895f94f8bc72,False,,1.0,,24900000.0,14990000.0,credito,,soat,False,False
LD-00840,2026-08-14 23:21:00,WhatsApp,EMP-02,PV-008,Camilo Muñoz Rodríguez,300 264 2870,,Cartagena,BAJAJ PULSAR NS 125,Sin gestión,,,camilo munoz rodriguez,573002642870,,cartagena,whatsapp,sin gestion,2026-08-14 23:21:00,,bajaj pulsar ns 125,840,SKU-008,100.0,fuzzy,phone:573002642870,74d551cf-f048-53e6-a9ad-e393bd361b65,False,,1.0,,8990000.0,9890000.0,credito,media,cuota,False,True
LD-00841,2026-08-21 07:01:00,Formulario Web,EMP-01,PV-005,Vanessa Salazar Mosquera,573177314335,,Medellin,Honda CB 190R,Descartado,23-08-2026,Agosto Cero Cuotas,vanessa salazar mosquera,573177314335,,medellin,formulario web,descartado,2026-08-21 07:01:00,2026-08-23 00:00:00,honda cb 190r,841,SKU-003,100.0,fuzzy,phone:573177314335,6f5b6c59-51ee-5db2-8205-b73949287194,False,,1.0,,13990000.0,10490000.0,credito,,soat,True,False
LD-00842,2026-09-09 19:17:00,WhatsApp,EMP-03,PV-011,JULIÁN HERNÁNDEZ CASTAÑO,573501698461,julian.hernandez36@hotmail.com,Bogota,,Contactado,2026-09-12 19:17:00,,julian hernandez castano,573501698461,julian.hernandez36@hotmail.com,bogota,whatsapp,contactado,2026-09-09 19:17:00,2026-09-12 19:17:00,,842,,0.0,none,phone:573501698461,edbf1184-3e82-5ddb-877e-76cdb921e74a,True,edbf1184-3e82-5ddb-877e-76cdb921e74a,1.0,same_phone_or_email,,,,,,False,False
LD-00843,2026-09-07 19:27:00,WhatsApp,EMP-03,PV-011,  Erika Castaño Marín  ,(318) 619-9917,,Bogotá,Hnda XRE 300,En proceso,08/09/2026 07:27,Prima Extra,erika castano marin,573186199917,,bogota,whatsapp,en proceso,2026-09-07 19:27:00,2026-09-08 07:27:00,hnda xre 300,843,SKU-006,100.0,fuzzy,phone:573186199917,d75465f5-d967-502b-8e0c-cc68efe8a79b,True,d75465f5-d967-502b-8e0c-cc68efe8a79b,1.0,same_phone_or_email,22900000.0,,,,,False,False
LD-00844,19/08/2026 17:44,WhatsApp,EMP-01,PV-004,SEBASTIÁN RAMÍREZ ARIAS,3045762258,sebastian.ramirez82@outlook.com,RIONEGRO,honda xre 300,Contactado,19/08/2026 19:44,Remate Modelos 2025,sebastian ramirez arias,573045762258,sebastian.ramirez82@outlook.com,rionegro,whatsapp,contactado,2026-08-19 17:44:00,2026-08-19 19:44:00,honda xre 300,844,SKU-006,100.0,fuzzy,phone:573045762258,5b0cd140-03bd-5972-8548-4589d098b327,False,,1.0,,22900000.0,,,,,False,False
LD-00845,2026-08-09 09:41:00,WhatsApp,EMP-02,PV-009,  Yuliana Londoño Muñoz  ,3517875802,yuliana.londono33@yahoo.es,,AKT,En proceso,08/09/2026 11:41,Retoma tu moto,yuliana londono munoz,573517875802,yuliana.londono33@yahoo.es,,whatsapp,en proceso,2026-08-09 09:41:00,2026-09-08 11:41:00,akt,845,,28.57142857142857,unmatched,phone:573517875802,022cb024-63d8-526c-8b22-266b9266c5f7,False,,1.0,,,,,,,False,False
LD-00846,2026-08-14 10:40:00,WhatsApp,EMP-01,PV-003,Fabián Osorio Giraldo,312 291 1665,fabian.osorio35@hotmail.com,BELLO,Honda CB 125F Twister,Descartado,2026-08-14 11:40:00,Retoma tu moto,fabian osorio giraldo,573122911665,fabian.osorio35@hotmail.com,bello,whatsapp,descartado,2026-08-14 10:40:00,2026-08-14 11:40:00,honda cb 125f twister,846,SKU-001,100.0,fuzzy,phone:573122911665,b136673c-3b6b-5215-b391-d16105cc445d,False,,1.0,,7990000.0,,,,,False,False
LD-00847,19-08-2026,WhatsApp,EMP-03,PV-011,Édinson Cardona Ramírez,313-741-1537,,Bogota DC,,Descartado,2026-08-20 12:51:00,,edinson cardona ramirez,573137411537,,bogota dc,whatsapp,descartado,2026-08-19 00:00:00,2026-08-20 12:51:00,,847,,0.0,none,phone:573137411537,d13b4a71-b3f1-5e21-b116-6df09ee88c23,False,,1.0,,,,,,,False,False
LD-00848,09-08-2026,WhatsApp,EMP-02,PV-007,Erika Zapata Franco,3504961191,erika.zapata87@yahoo.es,Soledad,Bajaj Pulsar RS 200,Cotización enviada,2026-08-11T15:18:00,Retoma tu moto,erika zapata franco,573504961191,erika.zapata87@yahoo.es,soledad,whatsapp,cotizacion enviada,2026-08-09 00:00:00,2026-08-11 15:18:00,bajaj pulsar rs 200,848,SKU-010,100.0,fuzzy,phone:573504961191,e9927be4-7643-5ec1-9bd5-f3603a03cf36,False,,1.0,,15490000.0,,,,,False,False
LD-00849,03-08-2026,WHATSAPP,EMP-01,PV-001,Angie Paola Ospina Ospina,(305) 370-4419,,medellin,Bajaj Boxer CT 100,Sin gestión,,Remate Modelos 2025,angie paola ospina ospina,573053704419,,medellin,whatsapp,sin gestion,2026-08-03 00:00:00,,bajaj boxer ct 100,849,SKU-007,100.0,fuzzy,phone:573053704419,f6d4f39d-c7bf-5674-b96d-32730389740a,False,,1.0,,5790000.0,6590000.0,credito,,soat,False,False
LD-00850,2026-08-11 23:47:00,WhatsApp,EMP-03,PV-014,Natalia Torres Ramírez,3511956108,,bogotá,AKT Dynamic R3 125,Contactado,14-08-2026,,natalia torres ramirez,573511956108,,bogota,whatsapp,contactado,2026-08-11 23:47:00,2026-08-14 00:00:00,akt dynamic r3 125,850,SKU-018,100.0,fuzzy,phone:573511956108,055f4dc7-55db-5671-b40a-e3e74fed55d4,True,055f4dc7-55db-5671-b40a-e3e74fed55d4,1.0,same_phone_or_email,5590000.0,11290000.0,credito,,cuota,False,True
LD-00851,15/08/2026 13:42,WhatsApp,EMP-02,PV-008,Duván Salazar Valencia,323-755-4062,,Cartagena,honda xre 300,Contactado,,Prima Extra,duvan salazar valencia,573237554062,,cartagena,whatsapp,contactado,2026-08-15 13:42:00,,honda xre 300,851,SKU-006,100.0,fuzzy,phone:573237554062,f0757027-8a77-5094-8898-9312ae58a0ee,False,,1.0,,22900000.0,,,,,False,False
LD-00852,2026-08-07 19:51:00,Formulario Web,EMP-01,PV-003,Brayan Torres Mosquera,3004889437,brayan.torres19@gmail.com,BELLO,AKT Evo RS 150 2026,En proceso,2026-08-09T19:51:00,,brayan torres mosquera,573004889437,brayan.torres19@gmail.com,bello,formulario web,en proceso,2026-08-07 19:51:00,2026-08-09 19:51:00,akt evo rs 150 2026,852,SKU-020,100.0,fuzzy,phone:573004889437,f3cd26e8-469d-5d1f-b998-5d46042b07d6,False,,1.0,,7190000.0,,,,,False,False
LD-00853,2026-08-24 16:57:00,WhatsApp,EMP-03,PV-013,Jhon Jairo Salazar Agudelo,573239784332,,Bogota,Xpulse 200,sin gestion,,Agosto Cero Cuotas,jhon jairo salazar agudelo,573239784332,,bogota,whatsapp,sin gestion,2026-08-24 16:57:00,,xpulse 200,853,SKU-023,100.0,exact,phone:573239784332,da2dd889-8b4c-5c56-a627-ab44c71e0c54,False,,1.0,,14990000.0,22900000.0,credito,media,cuota,False,True
LD-00854,06/09/2026 08:02,WHATSAPP,EMP-02,PV-007,Édinson Jiménez Bedoya,3115708479,edinson.jimenez19@yahoo.es,SOLEDAD,SUZUKI GIXXER 150,Cotización enviada,09/06/2026 14:02,Agosto Cero Cuotas,edinson jimenez bedoya,573115708479,edinson.jimenez19@yahoo.es,soledad,whatsapp,cotizacion enviada,2026-09-06 08:02:00,2026-06-09 14:02:00,suzuki gixxer 150,854,SKU-014,100.0,fuzzy,phone:573115708479,9cfa3b06-bf6d-575f-9487-aceed464219f,False,,1.0,,11990000.0,24900000.0,credito,,soat,False,False
LD-00855,2026-08-18 16:53:00,WhatsApp,EMP-02,PV-009,Alexander Rodríguez,3130651448,,Santa Marta,BAJAJ DISCOVER 125,Sin gestión,,Feria de Motos 2026,alexander rodriguez,573130651448,,santa marta,whatsapp,sin gestion,2026-08-18 16:53:00,,bajaj discover 125,855,SKU-012,100.0,fuzzy,phone:573130651448,7b94cb06-5475-530e-993d-49b53f8cb532,True,7b94cb06-5475-530e-993d-49b53f8cb532,1.0,same_phone_or_email,6990000.0,,,,,False,False
LD-00856,2026-08-07 12:58:00,Formulario Web,EMP-01,PV-004,  María Fernanda Ospina Correa  ,305-681-7572,,RIONEGRO,Hero Hunk 160R 2026,Sin gestión,,,maria fernanda ospina correa,573056817572,,rionegro,formulario web,sin gestion,2026-08-07 12:58:00,,hero hunk 160r 2026,856,SKU-022,100.0,fuzzy,phone:573056817572,4b1a925b-3456-5471-8b14-a106f9260e9d,False,,1.0,,10490000.0,,credito,media,cuota,False,False
LD-00857,27-08-2026,WHATSAPP,EMP-02,PV-010,Julián Valencia Jiménez,(300) 105-3654,julian.valencia93@outlook.com,MONTERIA,,En proceso,27-08-2026,Feria de Motos 2026,julian valencia jimenez,573001053654,julian.valencia93@outlook.com,monteria,whatsapp,en proceso,2026-08-27 00:00:00,2026-08-27 00:00:00,,857,,0.0,none,phone:573001053654,aa3ea755-d5e8-5e0f-ae75-fc5361abed68,False,,1.0,,,,,,,False,False
LD-00858,22/08/2026 21:55,WhatsApp,EMP-03,PV-012,Paula Andrea Castaño Pérez,300 066 8089,paula.castano15@hotmail.com,Bogotá D.C.,Hero Hunk 160R,Contactado,08/22/2026 22:55,Remate Modelos 2025,paula andrea castano perez,573000668089,paula.castano15@hotmail.com,bogota,whatsapp,contactado,2026-08-22 21:55:00,2026-08-22 22:55:00,hero hunk 160r,858,SKU-022,100.0,fuzzy,phone:573000668089,206da86a-7a3c-5293-b701-d7472fe52da0,True,206da86a-7a3c-5293-b701-d7472fe52da0,1.0,same_phone_or_email,10490000.0,,,,,False,False
LD-00859,30-08-2026,WhatsApp,EMP-01,PV-005,JHON JAIRO RODRÍGUEZ LONDOÑO,323 211 9696,jhon.rodriguez24@outlook.com,,Bajai Discover 125,Contactado,2026-08-30T17:46:00,Retoma tu moto,jhon jairo rodriguez londono,573232119696,jhon.rodriguez24@outlook.com,,whatsapp,contactado,2026-08-30 00:00:00,2026-08-30 17:46:00,bajai discover 125,859,SKU-012,100.0,fuzzy,phone:573232119696,885a233e-db95-5cc4-8ec0-97b4e09eb8cc,False,,1.0,,6990000.0,4990000.0,credito,media,cuota,False,True
LD-00860,2026-08-19 02:51:00,Meta Ads,EMP-02,PV-006,Liliana Betancur Restrepo,3051224727,,barranquilla,AKT Dynamic R3 125,Contactado,2026-08-19 04:51:00,Remate Modelos 2025,liliana betancur restrepo,573051224727,,barranquilla,meta ads,contactado,2026-08-19 02:51:00,2026-08-19 04:51:00,akt dynamic r3 125,860,SKU-018,100.0,fuzzy,phone:573051224727,fdf07893-44ba-553d-8f6d-4652bfdc32bf,True,fdf07893-44ba-553d-8f6d-4652bfdc32bf,1.0,same_phone_or_email,5590000.0,21900000.0,credito,,cuota,False,True
LD-00861,2026-08-28 15:22:00,WhatsApp,EMP-01,PV-004,Carlos Mario Betancur Giraldo,311 638 0980,carlos.betancur17@hotmail.com,Rio Negro,Bajaj Boxer CT 100,Contactado,2026-08-28T21:22:00,Feria de Motos 2026,carlos mario betancur giraldo,573116380980,carlos.betancur17@hotmail.com,rio negro,whatsapp,contactado,2026-08-28 15:22:00,2026-08-28 21:22:00,bajaj boxer ct 100,861,SKU-007,100.0,fuzzy,phone:573116380980,49b29f6d-3531-532a-aae7-f7203eab04eb,False,,1.0,,5790000.0,,,,,False,False
LD-00862,2026-08-11 15:58:00,WhatsApp,EMP-02,PV-009,  Erika Restrepo Valencia  ,3146560190,,SANTA MARTA,BAJAJ DISCOVER 125,Sin gestión,,Remate Modelos 2025,erika restrepo valencia,573146560190,,santa marta,whatsapp,sin gestion,2026-08-11 15:58:00,,bajaj discover 125,862,SKU-012,100.0,fuzzy,phone:573146560190,c25ca9c0-c979-58cd-8e77-bae1dea044a7,False,,1.0,,6990000.0,,,,,False,False
LD-00863,09-08-2026,WhatsApp,EMP-03,PV-015,Nelson Torres Quintero,311-016-6293,nelson.torres10@gmail.com,SOACHA,Bajai Dominar 400,no contesta,2026-08-10 18:19:00,Agosto Cero Cuotas,nelson torres quintero,573110166293,nelson.torres10@gmail.com,soacha,whatsapp,no contesta,2026-08-09 00:00:00,2026-08-10 18:19:00,bajai dominar 400,863,SKU-011,100.0,fuzzy,phone:573110166293,f7bb463a-0e8e-5887-9141-1e741abddd82,False,,1.0,,24900000.0,21900000.0,credito,,cuota,False,True
LD-00864,2026-08-10 16:22:00,WhatsApp,EMP-01,PV-003,Óscar David Torres Giraldo, 3508524363 ,,bello,,Sin gestión,,Remate Modelos 2025,oscar david torres giraldo,573508524363,,bello,whatsapp,sin gestion,2026-08-10 16:22:00,,,864,,0.0,none,phone:573508524363,c6192cc8-21a0-532a-869b-b66ee2c643b7,False,,1.0,,,,,,,False,False
LD-00865,04/09/2026 12:45,WhatsApp,EMP-03,PV-012,María Fernanda Franco Jiménez,573137421361,,Bogotá D.C.,Honda CB 190R,Sin gestión,,,maria fernanda franco jimenez,573137421361,,bogota,whatsapp,sin gestion,2026-09-04 12:45:00,,honda cb 190r,865,SKU-003,100.0,fuzzy,phone:573137421361,7e022cca-dd16-5c0b-9f4b-a787398c403f,False,,1.0,,13990000.0,,,,,False,False
LD-00866,2026-09-02 23:05:00,FORMULARIO WEB,EMP-02,PV-008,Diana Carolina Rodríguez Cardona,3134127538,,Cartagena de Indias,Hnda CB 125F Twister,Descartado,09/04/2026 05:05,Agosto Cero Cuotas,diana carolina rodriguez cardona,573134127538,,cartagena de indias,formulario web,descartado,2026-09-02 23:05:00,2026-04-09 05:05:00,hnda cb 125f twister,866,SKU-001,100.0,fuzzy,phone:573134127538,b2f197f1-53f3-5016-a790-ce9d2b2970d8,False,,1.0,,7990000.0,,,,,False,False
LD-00867,2026-08-02 09:52:00,Meta Ads,EMP-01,PV-002,WILMAR CORREA GIRALDO,3219741159,,Itagüí,Bajaj Pulsar RS 200 2026,No contesta,02-08-2026,Feria de Motos 2026,wilmar correa giraldo,573219741159,,itagui,meta ads,no contesta,2026-08-02 09:52:00,2026-08-02 00:00:00,bajaj pulsar rs 200 2026,867,SKU-010,100.0,fuzzy,phone:573219741159,b023c7df-af83-5bce-82b4-a1c89a8afedc,False,,1.0,,15490000.0,5590000.0,credito,media,cuota,False,True
LD-00868,2026-08-16 12:22:00,Meta Ads,EMP-03,PV-013,Sebastián Quintero Franco,3226706648,sebastian.quintero93@yahoo.es,bogotá,Honda  XR 150L,En proceso,19/08/2026 12:22,Agosto Cero Cuotas,sebastian quintero franco,573226706648,sebastian.quintero93@yahoo.es,bogota,meta ads,en proceso,2026-08-16 12:22:00,2026-08-19 12:22:00,honda xr 150l,868,SKU-002,100.0,fuzzy,phone:573226706648,aa36d9b7-7adf-555b-b472-e4c8898d8bda,False,,1.0,,11490000.0,,,,,False,False
LD-00869,2026-09-04 05:11:00,WhatsApp,EMP-03,PV-014,Sandra Milena Osorio Londoño,+57 313 7014305,sandra.osorio67@hotmail.com,Bogotá,AKT TTR,Sin gestión,,Feria de Motos 2026,sandra milena osorio londono,573137014305,sandra.osorio67@hotmail.com,bogota,whatsapp,sin gestion,2026-09-04 05:11:00,,akt ttr,869,,60.0,unmatched,phone:573137014305,9d7b35f6-d0b4-5bb2-907f-66778a77af3f,False,,1.0,,,,,,,False,False
LD-00870,2026-09-09 08:43:00,Meta Ads,EMP-03,PV-014,CARLOS MARIO MARÍN BEDOYA, 3117028097 ,carlos.marin61@outlook.com,Bogota DC,Hero Eco Deluxe 100,No contesta,,Remate Modelos 2025,carlos mario marin bedoya,573117028097,carlos.marin61@outlook.com,bogota dc,meta ads,no contesta,2026-09-09 08:43:00,,hero eco deluxe 100,870,SKU-021,100.0,fuzzy,phone:573117028097,2942b6b4-3c34-574b-9454-2f1d410caafe,True,2942b6b4-3c34-574b-9454-2f1d410caafe,1.0,same_phone_or_email,4990000.0,,,,,False,False
LD-00871,29/08/2026 22:27,WHATSAPP,EMP-01,PV-002,Héctor Cardona Gómez,317 767 3628,hector.cardona69@hotmail.com,ITAGUI,Hero Hunk 160R 2026,Contactado,2026-08-31 22:27:00,Retoma tu moto,hector cardona gomez,573177673628,hector.cardona69@hotmail.com,itagui,whatsapp,contactado,2026-08-29 22:27:00,2026-08-31 22:27:00,hero hunk 160r 2026,871,SKU-022,100.0,fuzzy,phone:573177673628,86d1b1de-6331-5a8e-b2d0-0c940bc14bf1,False,,1.0,,10490000.0,,credito,,soat,False,False
LD-00872,2026-08-04 03:54:00,Meta Ads,EMP-02,PV-007,FABIÁN BETANCUR AGUDELO,+57 323 9843524,fabian.betancur51@hotmail.com,SOLEDAD,bajaj pulsar ns 160,Contactado,07/08/2026 03:54,,fabian betancur agudelo,573239843524,fabian.betancur51@hotmail.com,soledad,meta ads,contactado,2026-08-04 03:54:00,2026-08-07 03:54:00,bajaj pulsar ns 160,872,SKU-009,100.0,fuzzy,phone:573239843524,9822ac9b-3f78-58a0-93cd-8a109992092d,False,,1.0,,11290000.0,,,,,False,False
LD-00873,24/08/2026 16:57,WhatsApp,EMP-03,PV-011,  Jhon Jairo Franco Castaño  ,+57 313 2946343,jhon.franco13@gmail.com,Bogota DC,Hero Hunk 160R,Sin gestión,,Retoma tu moto,jhon jairo franco castano,573132946343,jhon.franco13@gmail.com,bogota dc,whatsapp,sin gestion,2026-08-24 16:57:00,,hero hunk 160r,873,SKU-022,100.0,fuzzy,phone:573132946343,23f25f9d-5620-5d19-996f-42a137bc43e8,False,,1.0,,10490000.0,,,,,False,False
LD-00874,2026-09-07 23:25:00,meta ads,EMP-03,PV-015,  Juan Carlos Londoño Ospina  ,320 781 0104,,SOACHA,HONDA CB 125F TWISTER,Sin gestión,,,juan carlos londono ospina,573207810104,,soacha,meta ads,sin gestion,2026-09-07 23:25:00,,honda cb 125f twister,874,SKU-001,100.0,fuzzy,phone:573207810104,b7922440-faf9-5bbc-a15a-c34ccb4d3058,False,,1.0,,7990000.0,,,,,False,False
LD-00875,2026-09-07 01:53:00,Meta Ads,EMP-01,PV-001,  Liliana Pérez Franco  ,3142284641,,Medellin,Hero,No contesta,07-09-2026,Remate Modelos 2025,liliana perez franco,573142284641,,medellin,meta ads,no contesta,2026-09-07 01:53:00,2026-09-07 00:00:00,hero,875,,28.57142857142857,unmatched,phone:573142284641,f1787259-16df-51f1-8838-844f98b16f8f,False,,1.0,,,,,,,False,False
LD-00876,2026-09-03 12:51:00,WhatsApp,EMP-03,PV-014,LUZ MARINA AGUDELO FRANCO,3123917356,,Bogotá,SUZUKI BEST 125,sin gestion,,Feria de Motos 2026,luz marina agudelo franco,573123917356,,bogota,whatsapp,sin gestion,2026-09-03 12:51:00,,suzuki best 125,876,SKU-016,100.0,fuzzy,phone:573123917356,2132b114-05ba-5d00-8b51-f37a482b15b4,False,,1.0,,6590000.0,7290000.0,credito,,soat,False,False
LD-00877,2026-09-08 18:22:00,whatsapp,EMP-02,PV-006,  Julián Torres Arias  ,305 741 6222,,BARRANQUILLA,BAJAJ PULSAR NS 125,Sin gestión,,Feria de Motos 2026,julian torres arias,573057416222,,barranquilla,whatsapp,sin gestion,2026-09-08 18:22:00,,bajaj pulsar ns 125,877,SKU-008,100.0,fuzzy,phone:573057416222,e635eee0-9324-57db-9e45-f8e6e6469126,False,,1.0,,8990000.0,,,,,False,False
LD-00878,02-08-2026,WhatsApp,EMP-02,PV-009,nelson marin castano,573052381002,nelson.marin40@gmail.com,Santa Marta,AKT  NKD 125,Sin gestión,,Feria de Motos 2026,nelson marin castano,573052381002,nelson.marin40@gmail.com,santa marta,whatsapp,sin gestion,2026-08-02 00:00:00,,akt nkd 125,878,SKU-017,100.0,fuzzy,phone:573052381002,d1ab8d41-69df-5709-85cb-fa72c4dd83f7,True,d1ab8d41-69df-5709-85cb-fa72c4dd83f7,1.0,same_phone_or_email,5290000.0,,,,,False,False
LD-00879,31-08-2026,Meta Ads,EMP-01,PV-001,  Marcela Quintero Ramírez  ,351 803 5385,marcela.quintero19@outlook.com,Medellín ,AKT Dynamic R3 125,no contesta,2026-08-31T20:34:00,Retoma tu moto,marcela quintero ramirez,573518035385,marcela.quintero19@outlook.com,medellin,meta ads,no contesta,2026-08-31 00:00:00,2026-08-31 20:34:00,akt dynamic r3 125,879,SKU-018,100.0,fuzzy,phone:573518035385,84e8d758-57da-556e-951a-27b233eccc90,False,,1.0,,5590000.0,,,,,False,False
LD-00880,2026-09-09 22:58:00,META ADS,EMP-02,PV-006,Yesenia Betancur Castaño,(322) 530-9908,yesenia.betancur53@outlook.com,barranquilla,AKT TTR 200,Sin gestión,,Agosto Cero Cuotas,yesenia betancur castano,573225309908,yesenia.betancur53@outlook.com,barranquilla,meta ads,sin gestion,2026-09-09 22:58:00,,akt ttr 200,880,SKU-019,100.0,fuzzy,phone:573225309908,73507c1d-2936-5629-922e-95aaab2123ce,False,,1.0,,9890000.0,,credito,,soat,False,False
LD-00881,2026-08-10 01:27:00,META ADS,EMP-02,PV-010,  Claudia Patricia Salazar Castaño  , 3515370428 ,,Montería,Hero  Xpulse 200,Cotización enviada,13-08-2026,Feria de Motos 2026,claudia patricia salazar castano,573515370428,,monteria,meta ads,cotizacion enviada,2026-08-10 01:27:00,2026-08-13 00:00:00,hero xpulse 200,881,SKU-023,100.0,fuzzy,phone:573515370428,c5758c5e-b9ef-5014-9b16-0f73912cbd4c,False,,1.0,,14990000.0,,credito,,soat,True,False
LD-00882,2026-08-06T06:08:00,WhatsApp,EMP-02,PV-010,  Fabián Agudelo Ramírez  ,322 092 4680,fabian.agudelo76@hotmail.com,Montería,Honda CB 190R 2026,Cotización enviada,2026-08-10T06:08:00,Feria de Motos 2026,fabian agudelo ramirez,573220924680,fabian.agudelo76@hotmail.com,monteria,whatsapp,cotizacion enviada,2026-08-06 06:08:00,2026-08-10 06:08:00,honda cb 190r 2026,882,SKU-003,100.0,fuzzy,phone:573220924680,beb5d9c2-4fc6-5921-abac-4af6de275ca5,False,,1.0,,13990000.0,,,,,False,False
LD-00883,08-09-2026,whatsapp,EMP-01,PV-001,NATALIA CASTAÑO ARIAS,+57 321 5354048,natalia.castano35@hotmail.com,MEDELLIN,,Cotización enviada,08/09/2026 22:50,,natalia castano arias,573215354048,natalia.castano35@hotmail.com,medellin,whatsapp,cotizacion enviada,2026-09-08 00:00:00,2026-09-08 22:50:00,,883,,0.0,none,phone:573215354048,c544fbc5-7560-5691-9b20-d4a6fa7cb727,False,,1.0,,,,,,,False,False
LD-00884,2026-08-09T08:35:00,WhatsApp,EMP-03,PV-014,Yesenia Restrepo Herrera,3054039154,,bogotá,Bajaj Boxer CT 100,En proceso,2026-08-12T08:35:00,Remate Modelos 2025,yesenia restrepo herrera,573054039154,,bogota,whatsapp,en proceso,2026-08-09 08:35:00,2026-08-12 08:35:00,bajaj boxer ct 100,884,SKU-007,100.0,fuzzy,phone:573054039154,09d2640b-eefd-5720-bbe8-1123b4cd63fe,False,,1.0,,5790000.0,,credito,baja,precio,False,True
LD-00885,19/08/2026 18:22,WhatsApp,EMP-03,PV-014,Kevin Muñoz Rodríguez, 3172744678 ,,BOGOTA,A.K.T TTR 200,contactado,2026-08-22T18:22:00,Agosto Cero Cuotas,kevin munoz rodriguez,573172744678,,bogota,whatsapp,contactado,2026-08-19 18:22:00,2026-08-22 18:22:00,a.k.t ttr 200,885,SKU-019,100.0,fuzzy,phone:573172744678,25216587-b8ad-5879-be2f-e3f92e63ffb6,False,,1.0,,9890000.0,,credito,,soat,False,False
LD-00886,2026-08-15 05:49:00,Meta Ads,EMP-01,PV-002,Yesenia Pérez Quintero,+57 312 0424333,,ITAGUI,Honda Dio 110,Descartado,2026-08-15 06:49:00,Prima Extra,yesenia perez quintero,573120424333,,itagui,meta ads,descartado,2026-08-15 05:49:00,2026-08-15 06:49:00,honda dio 110,886,SKU-005,100.0,fuzzy,phone:573120424333,876a273d-af16-5cdc-a310-41ff67e8626c,False,,1.0,,6890000.0,,,,,False,False
LD-00887,2026-08-28 16:48:00,Meta Ads,EMP-03,PV-015,  Yesenia Agudelo Salazar  ,301 854 5456,,Soacha,Honda XR 150L,Sin gestión,,Retoma tu moto,yesenia agudelo salazar,573018545456,,soacha,meta ads,sin gestion,2026-08-28 16:48:00,,honda xr 150l,887,SKU-002,100.0,fuzzy,phone:573018545456,d4507562-36d3-528c-b344-4addd35a9876,True,d4507562-36d3-528c-b344-4addd35a9876,1.0,same_phone_or_email,11490000.0,,,,,False,False
LD-00888,2026-08-29T11:01:00,Formulario Web,EMP-02,PV-008,Freddy Valencia Escobar,3213679773,freddy.valencia14@hotmail.com,Cartagena,suzuki best 125,Contactado,,Feria de Motos 2026,freddy valencia escobar,573213679773,freddy.valencia14@hotmail.com,cartagena,formulario web,contactado,2026-08-29 11:01:00,,suzuki best 125,888,SKU-016,100.0,fuzzy,phone:573213679773,301b833a-8751-5292-a097-f39e784ce1c5,False,,1.0,,6590000.0,,,,,False,False
LD-00889,08/24/2026 19:49,WhatsApp,EMP-03,PV-015,Adriana Quintero Valencia,573164147640,,SOACHA,Hero Hunk 160R,No contesta,08/24/2026 21:49,Retoma tu moto,adriana quintero valencia,573164147640,,soacha,whatsapp,no contesta,2026-08-24 19:49:00,2026-08-24 21:49:00,hero hunk 160r,889,SKU-022,100.0,fuzzy,phone:573164147640,22d24062-d847-5e12-8828-6dc88692d46a,False,,1.0,,10490000.0,,credito,,soat,False,False
LD-00890,2026-09-03 09:51:00,WhatsApp,EMP-02,PV-008,sebastian quintero gomez,3169663345,sebastian.quintero86@hotmail.com,CARTAGENA,Honda,SIN GESTION,,Agosto Cero Cuotas,sebastian quintero gomez,573169663345,sebastian.quintero86@hotmail.com,cartagena,whatsapp,sin gestion,2026-09-03 09:51:00,,honda,890,,44.44444444444444,unmatched,phone:573169663345,614a991b-8130-55f3-a699-3b5b3b10059a,True,614a991b-8130-55f3-a699-3b5b3b10059a,1.0,same_phone_or_email,,,,,,False,False
LD-00891,28/08/2026 13:56,WhatsApp,EMP-02,PV-010,  Yesenia Salazar Cardona  ,3153520341,yesenia.salazar33@gmail.com,Monteria,Hero Hunk 160R,Descartado,29/08/2026 01:56,,yesenia salazar cardona,573153520341,yesenia.salazar33@gmail.com,monteria,whatsapp,descartado,2026-08-28 13:56:00,2026-08-29 01:56:00,hero hunk 160r,891,SKU-022,100.0,fuzzy,phone:573153520341,e8bfa5f3-cb04-582a-90a9-1744f0b2a82c,False,,1.0,,10490000.0,,credito,media,soat,False,False
LD-00892,2026-08-24 09:28:00,WhatsApp,EMP-01,PV-004,Kevin Londoño Valencia,3173905909,,Rionegro,Bajaj Pulsar NS 125,En proceso,2026-08-28 09:28:00,Feria de Motos 2026,kevin londono valencia,573173905909,,rionegro,whatsapp,en proceso,2026-08-24 09:28:00,2026-08-28 09:28:00,bajaj pulsar ns 125,892,SKU-008,100.0,fuzzy,phone:573173905909,8e435824-dc18-5f8e-8285-c7c56c5e49dd,False,,1.0,,8990000.0,,,,,False,False
LD-00893,08/09/2026 05:28,whatsapp,EMP-01,PV-004,Kevin Pérez Muñoz,320-061-0087,kevin.perez56@gmail.com,Rio Negro,Hero,Cotización enviada,2026-09-12 05:28:00,Agosto Cero Cuotas,kevin perez munoz,573200610087,kevin.perez56@gmail.com,rio negro,whatsapp,cotizacion enviada,2026-09-08 05:28:00,2026-09-12 05:28:00,hero,893,,28.57142857142857,unmatched,phone:573200610087,11fd4a3d-5cff-55ef-b70c-44eb8d77b533,False,,1.0,,,14990000.0,credito,baja,precio,False,True
LD-00894,2026-08-08T14:24:00,WhatsApp,EMP-03,PV-014,Adriana Zapata Rodríguez,300 774 8537,,bogotá,Hero Dash 110,No contesta,08/08/2026 15:24,,adriana zapata rodriguez,573007748537,,bogota,whatsapp,no contesta,2026-08-08 14:24:00,2026-08-08 15:24:00,hero dash 110,894,SKU-024,100.0,fuzzy,phone:573007748537,aef8ffed-f732-538b-b3b3-6f12122a115b,False,,1.0,,6290000.0,,credito,media,soat,False,False
LD-00895,2026-09-06T00:36:00,Meta Ads,EMP-02,PV-007,Liliana Correa Londoño,302 441 7097,liliana.correa6@gmail.com,Soledad,Honda  XRE 300,En proceso,2026-09-07 06:36:00,Feria de Motos 2026,liliana correa londono,573024417097,liliana.correa6@gmail.com,soledad,meta ads,en proceso,2026-09-06 00:36:00,2026-09-07 06:36:00,honda xre 300,895,SKU-006,100.0,fuzzy,phone:573024417097,472ea7c5-6970-5a7f-8ec3-74e35fd4e662,False,,1.0,,22900000.0,,credito,baja,precio,False,True
LD-00896,2026-08-17 02:17:00,Meta Ads,EMP-01,PV-004,Natalia Bedoya Castaño,573201822239,natalia.bedoya50@yahoo.es,Rionegro,Bajaj Pulsar NS 125 2026,No contesta,08/17/2026 08:17,Agosto Cero Cuotas,natalia bedoya castano,573201822239,natalia.bedoya50@yahoo.es,rionegro,meta ads,no contesta,2026-08-17 02:17:00,2026-08-17 08:17:00,bajaj pulsar ns 125 2026,896,SKU-008,100.0,fuzzy,phone:573201822239,5a1a87c1-1d79-516a-a765-7554aec88d97,False,,1.0,,8990000.0,,,,,False,False
LD-00897,2026-08-22 08:09:00,WhatsApp,EMP-01,PV-001,WILMAR SALAZAR HERRERA,3121972329,,Medellin,AKT Evo,Sin gestión,,,wilmar salazar herrera,573121972329,,medellin,whatsapp,sin gestion,2026-08-22 08:09:00,,akt evo,897,,60.0,unmatched,phone:573121972329,b59ca3bc-7685-5c43-89fe-6231499173e5,True,b59ca3bc-7685-5c43-89fe-6231499173e5,1.0,same_phone_or_email,,21900000.0,credito,,cuota,False,True
LD-00898,18/08/2026 04:29,WhatsApp,EMP-02,PV-010,  Brayan Rodríguez Herrera  ,3159898526,brayan.rodriguez3@outlook.com,MONTERIA,AKT NKD 125,Descartado,08/20/2026 04:29,Retoma tu moto,brayan rodriguez herrera,573159898526,brayan.rodriguez3@outlook.com,monteria,whatsapp,descartado,2026-08-18 04:29:00,2026-08-20 04:29:00,akt nkd 125,898,SKU-017,100.0,fuzzy,phone:573159898526,3d4dfae9-459d-50c6-b478-b51033117d6f,False,,1.0,,5290000.0,,credito,,soat,False,False
LD-00899,2026-09-07 23:45:00,meta ads,EMP-03,PV-014,Juan Carlos Castaño Jiménez,3132156742,juan.castano47@outlook.com,Bogota,bajaj discover 125,Cotización enviada,08/09/2026 17:45,Retoma tu moto,juan carlos castano jimenez,573132156742,juan.castano47@outlook.com,bogota,meta ads,cotizacion enviada,2026-09-07 23:45:00,2026-09-08 17:45:00,bajaj discover 125,899,SKU-012,100.0,fuzzy,phone:573132156742,d062ba98-a3ee-51b5-a9aa-62b838228945,False,,1.0,,6990000.0,,,,,False,False
LD-00900,02-08-2026,WhatsApp,EMP-03,PV-012,Alexander Agudelo Restrepo,3018924548,alexander.agudelo72@gmail.com,Bogota DC,AKT NKD 125,No contesta,2026-08-02 10:54:00,Prima Extra,alexander agudelo restrepo,573018924548,alexander.agudelo72@gmail.com,bogota dc,whatsapp,no contesta,2026-08-02 00:00:00,2026-08-02 10:54:00,akt nkd 125,900,SKU-017,100.0,fuzzy,phone:573018924548,da81a7f6-77a1-552b-9d3a-956f774e9174,False,,1.0,,5290000.0,,,,,False,False
LD-00901,06/08/2026 19:04,Meta Ads,EMP-02,PV-008,NATALIA BEDOYA RESTREPO,312-476-3375,natalia.bedoya99@hotmail.com,CARTAGENA,A.K.T Evo RS 150,Descartado,2026-08-06 21:04:00,Remate Modelos 2025,natalia bedoya restrepo,573124763375,natalia.bedoya99@hotmail.com,cartagena,meta ads,descartado,2026-08-06 19:04:00,2026-08-06 21:04:00,a.k.t evo rs 150,901,SKU-020,100.0,fuzzy,phone:573124763375,f606935b-2bff-5ef7-82be-e4d4385dc9d4,False,,1.0,,7190000.0,,,,,False,False
LD-00902,08/29/2026 04:45,WhatsApp,EMP-03,PV-014,Vanessa Valencia Castaño,3180441932,vanessa.valencia26@yahoo.es,BOGOTA,Suzuki  GN 125,Cotización enviada,2026-08-29 22:45:00,Retoma tu moto,vanessa valencia castano,573180441932,vanessa.valencia26@yahoo.es,bogota,whatsapp,cotizacion enviada,2026-08-29 04:45:00,2026-08-29 22:45:00,suzuki gn 125,902,SKU-013,100.0,fuzzy,phone:573180441932,4c85e271-1dbb-5458-965f-96de7be4c462,False,,1.0,,7490000.0,21900000.0,credito,,soat,False,False
LD-00903,2026-08-22T02:37:00,WhatsApp,EMP-02,PV-008,Wilmar Osorio Pérez,+57 313 3606722,wilmar.osorio68@hotmail.com,,Suzuki GN 125,Cotización enviada,22-08-2026,Prima Extra,wilmar osorio perez,573133606722,wilmar.osorio68@hotmail.com,,whatsapp,cotizacion enviada,2026-08-22 02:37:00,2026-08-22 00:00:00,suzuki gn 125,903,SKU-013,100.0,fuzzy,phone:573133606722,c25b82c6-c709-52f3-9171-72e3ccb3c11f,False,,1.0,,7490000.0,14990000.0,credito,,soat,False,False
LD-00904,2026-08-19 01:39:00,WhatsApp,EMP-01,PV-004,Angie Paola Betancur Castaño,3209070665,angie.betancur2@gmail.com,Rio Negro,honda cb 125f twister,Descartado,08/19/2026 13:39,,angie paola betancur castano,573209070665,angie.betancur2@gmail.com,rio negro,whatsapp,descartado,2026-08-19 01:39:00,2026-08-19 13:39:00,honda cb 125f twister,904,SKU-001,100.0,fuzzy,phone:573209070665,56673892-bd31-52fb-8718-388d450dbd76,False,,1.0,,7990000.0,,,,,False,False
LD-00905,2026-08-13 08:32:00,WHATSAPP,EMP-01,PV-002,Wilmar Vargas Bedoya,3228490555,wilmar.vargas80@outlook.com,Itagui,Honda XRE 300,Contactado,17/08/2026 08:32,Retoma tu moto,wilmar vargas bedoya,573228490555,wilmar.vargas80@outlook.com,itagui,whatsapp,contactado,2026-08-13 08:32:00,2026-08-17 08:32:00,honda xre 300,905,SKU-006,100.0,fuzzy,phone:573228490555,e9b9716b-1d1d-5fd1-a14e-0fbb9a55833e,False,,1.0,,22900000.0,,,,,False,False
LD-00906,19/08/2026 17:40,Formulario Web,EMP-01,PV-003,  Claudia Patricia Marín Muñoz  ,(322) 315-6416,claudia.marin43@yahoo.es,bello,Dominar 400,Contactado,2026-08-22 17:40:00,,claudia patricia marin munoz,573223156416,claudia.marin43@yahoo.es,bello,formulario web,contactado,2026-08-19 17:40:00,2026-08-22 17:40:00,dominar 400,906,SKU-011,100.0,exact,phone:573223156416,2eed15b8-45e8-5fe2-95e4-edf48dfdcd3a,False,,1.0,,24900000.0,,,,,False,False
LD-00907,08/14/2026 22:23,Meta Ads,EMP-01,PV-004,cristian castano giraldo,3104983766,,Rio Negro,hero xpulse 200,no contesta,2026-08-15T04:23:00,Agosto Cero Cuotas,cristian castano giraldo,573104983766,,rio negro,meta ads,no contesta,2026-08-14 22:23:00,2026-08-15 04:23:00,hero xpulse 200,907,SKU-023,100.0,fuzzy,phone:573104983766,c5338a8b-0913-5150-9db1-a36f1fa73288,True,c5338a8b-0913-5150-9db1-a36f1fa73288,1.0,same_phone_or_email,14990000.0,,,,,False,False
LD-00908,10/08/2026 19:51,whatsapp,EMP-03,PV-012,Marcela Arias Franco,573212774009,marcela.arias85@hotmail.com,Bogota DC,SUZUKI GN 125,Cotización enviada,08/12/2026 01:51,Prima Extra,marcela arias franco,573212774009,marcela.arias85@hotmail.com,bogota dc,whatsapp,cotizacion enviada,2026-08-10 19:51:00,2026-12-08 01:51:00,suzuki gn 125,908,SKU-013,100.0,fuzzy,phone:573212774009,ce7ac11f-1333-557f-9bd2-71ad9fde7dfc,False,,1.0,,7490000.0,,,,,False,False
LD-00909,09-09-2026,Meta Ads,EMP-01,PV-003,SEBASTIÁN FRANCO HERNÁNDEZ,311-202-2983,,Bello,Bajaj Discover 125,No contesta,,Agosto Cero Cuotas,sebastian franco hernandez,573112022983,,bello,meta ads,no contesta,2026-09-09 00:00:00,,bajaj discover 125,909,SKU-012,100.0,fuzzy,phone:573112022983,1325a88f-eb3d-51bd-84cc-d61402704986,False,,1.0,,6990000.0,,,,,False,False
LD-00910,2026-08-01 21:56:00,whatsapp,EMP-03,PV-014,JHON JAIRO HERRERA HERNÁNDEZ,3201384327,jhon.herrera80@yahoo.es,bogotá,Honda CB 125F Twister,En proceso,03/08/2026 21:56,Agosto Cero Cuotas,jhon jairo herrera hernandez,573201384327,jhon.herrera80@yahoo.es,bogota,whatsapp,en proceso,2026-08-01 21:56:00,2026-08-03 21:56:00,honda cb 125f twister,910,SKU-001,100.0,fuzzy,phone:573201384327,dac633ce-550a-5570-976e-265aa4fbefb4,False,,1.0,,7990000.0,7190000.0,credito,,soat,False,False
LD-00911,11-08-2026,WhatsApp,EMP-01,PV-002,Héctor Torres Agudelo, 3050804820 ,hector.torres94@gmail.com,Itagüí,Bajaj,Sin gestión,,Feria de Motos 2026,hector torres agudelo,573050804820,hector.torres94@gmail.com,itagui,whatsapp,sin gestion,2026-08-11 00:00:00,,bajaj,911,,22.22222222222223,unmatched,phone:573050804820,13d68f49-db05-575c-b0cc-63de6b17328c,False,,1.0,,,22900000.0,credito,,soat,False,False
LD-00912,2026-08-10 04:39:00,Meta Ads,EMP-02,PV-007,Katherine Herrera Ramírez,311-321-6369,katherine.herrera38@gmail.com,Soledad,Hero Eco Deluxe 100,No contesta,11-08-2026,Prima Extra,katherine herrera ramirez,573113216369,katherine.herrera38@gmail.com,soledad,meta ads,no contesta,2026-08-10 04:39:00,2026-08-11 00:00:00,hero eco deluxe 100,912,SKU-021,100.0,fuzzy,phone:573113216369,6ab66902-b2f3-5a84-a25f-3232dde22515,False,,1.0,,4990000.0,,,,,False,False
LD-00913,2026-09-04T15:19:00,Formulario Web,EMP-03,PV-013,CLAUDIA PATRICIA AGUDELO HERRERA,3046919005,claudia.agudelo2@yahoo.es,Bogotá,Honda XR 150L 2026,Contactado,05/09/2026 09:19,Remate Modelos 2025,claudia patricia agudelo herrera,573046919005,claudia.agudelo2@yahoo.es,bogota,formulario web,contactado,2026-09-04 15:19:00,2026-09-05 09:19:00,honda xr 150l 2026,913,SKU-002,100.0,fuzzy,phone:573046919005,f8bf6d47-81a6-58c9-934f-0fa457e639c7,False,,1.0,,11490000.0,,,,,False,False
LD-00914,02/09/2026 03:24,whatsapp,EMP-02,PV-010,Julián Rodríguez Ospina,+57 302 4950438,,Montería,Hnda XRE 300,contactado,06-09-2026,,julian rodriguez ospina,573024950438,,monteria,whatsapp,contactado,2026-09-02 03:24:00,2026-09-06 00:00:00,hnda xre 300,914,SKU-006,100.0,fuzzy,phone:573024950438,38f80003-f182-5416-9659-a6d5a71da92f,False,,1.0,,22900000.0,,,,,False,False
LD-00915,26-08-2026,FORMULARIO WEB,EMP-03,PV-011,Juan Carlos Pérez Escobar,573122913656,,Bogotá,Hero Xpulse 200,Sin gestión,,,juan carlos perez escobar,573122913656,,bogota,formulario web,sin gestion,2026-08-26 00:00:00,,hero xpulse 200,915,SKU-023,100.0,fuzzy,phone:573122913656,3e9521f4-415a-596f-a0ba-ee09b5e13990,False,,1.0,,14990000.0,,,,,False,False
LD-00916,01/08/2026 08:13,Meta Ads,EMP-01,PV-004,Édinson Quintero Giraldo,3512838851,,Rio Negro,Gixxer 150,Descartado,03-08-2026,Remate Modelos 2025,edinson quintero giraldo,573512838851,,rio negro,meta ads,descartado,2026-08-01 08:13:00,2026-08-03 00:00:00,gixxer 150,916,SKU-014,100.0,exact,phone:573512838851,4661586f-f558-5a9f-a1f1-4f3319e374b5,False,,1.0,,11990000.0,,credito,,soat,False,False
LD-00917,2026-08-23 17:58:00,WhatsApp,EMP-03,PV-013,  Juan Carlos Ospina Bedoya  ,3518031832,juan.ospina7@gmail.com,BOGOTA,BAJAJ PULSAR NS 125,Sin gestión,,,juan carlos ospina bedoya,573518031832,juan.ospina7@gmail.com,bogota,whatsapp,sin gestion,2026-08-23 17:58:00,,bajaj pulsar ns 125,917,SKU-008,100.0,fuzzy,phone:573518031832,c4679d76-614a-5dd5-b743-4553c78d5327,False,,1.0,,8990000.0,,credito,media,soat,False,False
LD-00918,2026-08-22 19:32:00,WhatsApp,EMP-01,PV-001,JULIÁN MARÍN ESCOBAR,573115856503,julian.marin10@gmail.com,,Suzuki Gixxer 150 2026,Sin gestión,,Retoma tu moto,julian marin escobar,573115856503,julian.marin10@gmail.com,,whatsapp,sin gestion,2026-08-22 19:32:00,,suzuki gixxer 150 2026,918,SKU-014,100.0,fuzzy,phone:573115856503,ba9a97e1-2aac-595e-9f1d-0b6957cf37f8,False,,1.0,,11990000.0,,,,,False,False
LD-00919,2026-08-25 20:17:00,WHATSAPP,EMP-03,PV-014,Angie Paola Salazar Ospina,3117122631,angie.salazar77@yahoo.es,Bogota,Bajaj Dominar 400,Contactado,26-08-2026,,angie paola salazar ospina,573117122631,angie.salazar77@yahoo.es,bogota,whatsapp,contactado,2026-08-25 20:17:00,2026-08-26 00:00:00,bajaj dominar 400,919,SKU-011,100.0,fuzzy,phone:573117122631,652d6f07-3f1d-5b5b-a06b-3e85900701f5,True,652d6f07-3f1d-5b5b-a06b-3e85900701f5,1.0,same_phone_or_email,24900000.0,,,,,False,False
LD-00920,23/08/2026 18:30,WhatsApp,EMP-01,PV-002,Natalia Zapata,573142060957,,,Dynamic R3 125,Sin gestión,,Feria de Motos 2026,natalia zapata,573142060957,,,whatsapp,sin gestion,2026-08-23 18:30:00,,dynamic r3 125,920,SKU-018,100.0,exact,phone:573142060957,ea57c497-c021-54af-bead-4edf2f65732c,True,ea57c497-c021-54af-bead-4edf2f65732c,1.0,same_phone_or_email,5590000.0,4990000.0,credito,media,cuota,False,True
LD-00921,2026-08-25 02:13:00,meta ads,EMP-03,PV-014,Marcela Franco Valencia,320-013-7460,marcela.franco76@hotmail.com,,AKT TTR 200,Cotización enviada,08/26/2026 02:13,Agosto Cero Cuotas,marcela franco valencia,573200137460,marcela.franco76@hotmail.com,,meta ads,cotizacion enviada,2026-08-25 02:13:00,2026-08-26 02:13:00,akt ttr 200,921,SKU-019,100.0,fuzzy,phone:573200137460,b7d94b45-8f75-5281-9714-93f6d2dc138b,False,,1.0,,9890000.0,6590000.0,credito,media,soat,False,False
LD-00922,13-08-2026,WhatsApp,EMP-03,PV-011,Carlos Mario Londoño Mosquera,3133291339,,Bogotá,Bajaj Dominar,Descartado,13-08-2026,Retoma tu moto,carlos mario londono mosquera,573133291339,,bogota,whatsapp,descartado,2026-08-13 00:00:00,2026-08-13 00:00:00,bajaj dominar,922,,77.77777777777777,unmatched,phone:573133291339,f888c5df-4cae-52ae-b166-69233a00ae29,False,,1.0,,,22900000.0,credito,,soat,False,False
LD-00923,13/08/2026 19:54,Meta Ads,EMP-03,PV-015,CAMILO HERRERA BEDOYA,(321) 194-2990,,Soacha,HONDA DIO 110,Contactado,08/15/2026 01:54,Feria de Motos 2026,camilo herrera bedoya,573211942990,,soacha,meta ads,contactado,2026-08-13 19:54:00,2026-08-15 01:54:00,honda dio 110,923,SKU-005,100.0,fuzzy,phone:573211942990,707b3422-69f1-5f1a-b2f3-a7473b720444,False,,1.0,,6890000.0,,,,,False,False
LD-00924,31/08/2026 23:33,Meta Ads,EMP-02,PV-009,Alexander Pérez Quintero,573108585516,alexander.perez89@outlook.com,SANTA MARTA,Bajaj  Dominar 400,no contesta,2026-09-01T03:33:00,Feria de Motos 2026,alexander perez quintero,573108585516,alexander.perez89@outlook.com,santa marta,meta ads,no contesta,2026-08-31 23:33:00,2026-09-01 03:33:00,bajaj dominar 400,924,SKU-011,100.0,fuzzy,phone:573108585516,1097fc7d-cbef-5fd9-a7f9-6cc9eb2dc82c,False,,1.0,,24900000.0,,,,,False,False
LD-00925,2026-08-30 00:01:00,meta ads,EMP-01,PV-002,ALEXANDER FRANCO OSPINA, 3517528075 ,alexander.franco66@gmail.com,Itagüí,,Contactado,08/30/2026 01:01,Feria de Motos 2026,alexander franco ospina,573517528075,alexander.franco66@gmail.com,itagui,meta ads,contactado,2026-08-30 00:01:00,2026-08-30 01:01:00,,925,,0.0,none,phone:573517528075,d54f4e7d-57c5-5000-a828-34ebc4a06a6a,False,,1.0,,,,,,,False,False
LD-00926,03/09/2026 12:40,WhatsApp,EMP-02,PV-009,Estefanía Rodríguez Vargas,3113233371,estefania.rodriguez12@outlook.com,SANTA MARTA,hero hunk 160r,Cotización enviada,07-09-2026,Agosto Cero Cuotas,estefania rodriguez vargas,573113233371,estefania.rodriguez12@outlook.com,santa marta,whatsapp,cotizacion enviada,2026-09-03 12:40:00,2026-09-07 00:00:00,hero hunk 160r,926,SKU-022,100.0,fuzzy,phone:573113233371,ed3957d8-5f23-5fb7-bd22-e9d463a129b0,False,,1.0,,10490000.0,,,,,False,False
LD-00927,21-08-2026,WhatsApp,EMP-01,PV-004,Vanessa Marín,3054818688,vanessa.marin95@hotmail.com,Rio Negro,Honda XR 150L 2026,Sin gestión,,,vanessa marin,573054818688,vanessa.marin95@hotmail.com,rio negro,whatsapp,sin gestion,2026-08-21 00:00:00,,honda xr 150l 2026,927,SKU-002,100.0,fuzzy,phone:573054818688,ffae2b22-39a2-5895-a125-c51deae460cd,True,ffae2b22-39a2-5895-a125-c51deae460cd,1.0,same_phone_or_email,11490000.0,11490000.0,credito,media,soat,False,False
LD-00928,2026-08-02 04:08:00,WhatsApp,EMP-03,PV-011,Estefanía Quintero Valencia,322 971 7150,,Bogotá D.C.,AKT Dynamic,contactado,02-08-2026,Retoma tu moto,estefania quintero valencia,573229717150,,bogota,whatsapp,contactado,2026-08-02 04:08:00,2026-08-02 00:00:00,akt dynamic,928,,77.77777777777777,unmatched,phone:573229717150,32d5d9f2-9782-5455-9af2-be351f352814,False,,1.0,,,,credito,,soat,False,False
LD-00929,2026-08-02 20:32:00,Meta Ads,EMP-01,PV-001,CARLOS MARIO VARGAS HERNÁNDEZ,351 968 8328,,medellin,AKT Dynamic R3 125,Sin gestión,,,carlos mario vargas hernandez,573519688328,,medellin,meta ads,sin gestion,2026-08-02 20:32:00,,akt dynamic r3 125,929,SKU-018,100.0,fuzzy,phone:573519688328,cf9d7568-c760-55a5-bb73-336371f2fa80,True,cf9d7568-c760-55a5-bb73-336371f2fa80,1.0,same_phone_or_email,5590000.0,,credito,media,soat,False,False
LD-00930,08/15/2026 06:03,whatsapp,EMP-02,PV-009,Juan Carlos Restrepo Torres,3136206668,,,suzuki gn 125,En proceso,2026-08-19 06:03:00,,juan carlos restrepo torres,573136206668,,,whatsapp,en proceso,2026-08-15 06:03:00,2026-08-19 06:03:00,suzuki gn 125,930,SKU-013,100.0,fuzzy,phone:573136206668,a5367553-655f-53e6-945c-e868849787b5,False,,1.0,,7490000.0,,,,,False,False
LD-00931,2026-08-12 17:08:00,WhatsApp,EMP-03,PV-012,Édinson Salazar Zapata,3102979164,,Bogotá D.C.,AKT,Cotización enviada,13/08/2026 23:08,,edinson salazar zapata,573102979164,,bogota,whatsapp,cotizacion enviada,2026-08-12 17:08:00,2026-08-13 23:08:00,akt,931,,28.57142857142857,unmatched,phone:573102979164,8e9da782-9ac5-54d3-99fa-cb1e92c8ee31,False,,1.0,,,,credito,,soat,False,False
LD-00932,14-08-2026,Meta Ads,EMP-03,PV-015,Estefanía Ramírez Cardona,(322) 837-4267,,Soacha,Honda Navi 2026,Cotización enviada,2026-08-14 21:30:00,Remate Modelos 2025,estefania ramirez cardona,573228374267,,soacha,meta ads,cotizacion enviada,2026-08-14 00:00:00,2026-08-14 21:30:00,honda navi 2026,932,SKU-004,100.0,fuzzy,phone:573228374267,96b18fc6-f4bb-5ef9-827e-54fe800fd62d,False,,1.0,,7290000.0,5790000.0,credito,,soat,False,False
LD-00933,2026-08-09 17:44:00,WhatsApp,EMP-02,PV-007,angie paola salazar ospina,+57 311 7122631,,Soledad,Honda Navi 2026,En proceso,08/09/2026 23:44,,angie paola salazar ospina,573117122631,,soledad,whatsapp,en proceso,2026-08-09 17:44:00,2026-09-08 23:44:00,honda navi 2026,933,SKU-004,100.0,fuzzy,phone:573117122631,652d6f07-3f1d-5b5b-a06b-3e85900701f5,True,652d6f07-3f1d-5b5b-a06b-3e85900701f5,1.0,same_phone_or_email,7290000.0,,credito,,soat,False,False
LD-00934,2026-08-07 11:20:00,Formulario Web,EMP-01,PV-004,Carlos Mario Pérez Giraldo,+57 320 0181513,,RIONEGRO,Honda XR 150L,contactado,2026-08-10 11:20:00,Prima Extra,carlos mario perez giraldo,573200181513,,rionegro,formulario web,contactado,2026-08-07 11:20:00,2026-08-10 11:20:00,honda xr 150l,934,SKU-002,100.0,fuzzy,phone:573200181513,c3e8faa5-01f4-5ee9-b76c-6f1142545fd0,False,,1.0,,11490000.0,,credito,,soat,False,False
LD-00935,2026-08-10 18:29:00,WhatsApp,EMP-01,PV-003,Andrés Felipe Restrepo Gómez,+57 321 3391458,,BELLO,Bajaj Discover 125 2026,Descartado,2026-08-12 18:29:00,,andres felipe restrepo gomez,573213391458,,bello,whatsapp,descartado,2026-08-10 18:29:00,2026-08-12 18:29:00,bajaj discover 125 2026,935,SKU-012,100.0,fuzzy,phone:573213391458,35b43e2b-a075-542f-839d-11ba6fb9d77b,False,,1.0,,6990000.0,,,,,False,False
LD-00936,2026-08-29T02:14:00,WhatsApp,EMP-02,PV-007,  Fabián Herrera Agudelo  ,(320) 738-2930,,SOLEDAD,Honda XR,Contactado,29-08-2026,Retoma tu moto,fabian herrera agudelo,573207382930,,soledad,whatsapp,contactado,2026-08-29 02:14:00,2026-08-29 00:00:00,honda xr,936,,44.44444444444444,unmatched,phone:573207382930,0b1b37b8-7555-5ebe-b632-a8511adf44a4,False,,1.0,,,,,,,False,False
LD-00937,2026-09-05 13:01:00,WhatsApp,EMP-03,PV-015,SEBASTIÁN CASTAÑO HERRERA, 3050073889 ,,SOACHA,akt evo rs 150,sin gestion,,Prima Extra,sebastian castano herrera,573050073889,,soacha,whatsapp,sin gestion,2026-09-05 13:01:00,,akt evo rs 150,937,SKU-020,100.0,fuzzy,phone:573050073889,47b42d0f-a2c4-5ddd-8d97-f207b440d9a5,True,47b42d0f-a2c4-5ddd-8d97-f207b440d9a5,1.0,same_phone_or_email,7190000.0,,,,,False,False
LD-00938,2026-09-06 08:26:00,WhatsApp,EMP-02,PV-010,Brayan Salazar Agudelo,573225927841,brayan.salazar12@outlook.com,Montería,Bajaj Boxer,Contactado,09/09/2026 08:26,Feria de Motos 2026,brayan salazar agudelo,573225927841,brayan.salazar12@outlook.com,monteria,whatsapp,contactado,2026-09-06 08:26:00,2026-09-09 08:26:00,bajaj boxer,938,,62.5,unmatched,phone:573225927841,e7b26f02-cb84-5495-8ead-94b10bce7fb2,False,,1.0,,,,,,,False,False
LD-00939,2026-08-08 15:21:00,Formulario Web,EMP-03,PV-012,  Adriana Salazar Rodríguez  ,3141088922,,Bogotá D.C.,suzuki gixxer 150,Contactado,08/08/2026 16:21,Retoma tu moto,adriana salazar rodriguez,573141088922,,bogota,formulario web,contactado,2026-08-08 15:21:00,2026-08-08 16:21:00,suzuki gixxer 150,939,SKU-014,100.0,fuzzy,phone:573141088922,4a9965b0-885e-551d-8ec6-c345f7c06cdb,False,,1.0,,11990000.0,,,,,False,False
LD-00940,06/08/2026 06:27,Meta Ads,EMP-02,PV-006,  Katherine Gómez Londoño  ,312 783 0137,,B/quilla,Honda CB 125F Twister 2026,No contesta,09-08-2026,,katherine gomez londono,573127830137,,b/quilla,meta ads,no contesta,2026-08-06 06:27:00,2026-08-09 00:00:00,honda cb 125f twister 2026,940,SKU-001,100.0,fuzzy,phone:573127830137,9e7cc962-a752-5fc8-9cbc-1cdc7b040950,False,,1.0,,7990000.0,11290000.0,credito,media,soat,False,False
LD-00941,05/08/2026 03:34,Formulario Web,EMP-02,PV-006,Brayan Vargas Restrepo,3153728383,brayan.vargas44@yahoo.es,,Hnda Dio 110,sin gestion,,Remate Modelos 2025,brayan vargas restrepo,573153728383,brayan.vargas44@yahoo.es,,formulario web,sin gestion,2026-08-05 03:34:00,,hnda dio 110,941,SKU-005,100.0,fuzzy,phone:573153728383,5c9ce61e-65e3-58fd-b568-487e40aa8b4d,False,,1.0,,6890000.0,,,,,False,False
LD-00942,2026-08-21 08:37:00,Meta Ads,EMP-01,PV-002,Paula Andrea Jiménez Marín,3228202509,paula.jimenez66@outlook.com,Itagui,hero hunk 160r,No contesta,2026-08-22T08:37:00,Prima Extra,paula andrea jimenez marin,573228202509,paula.jimenez66@outlook.com,itagui,meta ads,no contesta,2026-08-21 08:37:00,2026-08-22 08:37:00,hero hunk 160r,942,SKU-022,100.0,fuzzy,phone:573228202509,134d4a9f-3f87-53f0-9dd9-ecb1a29bb04d,False,,1.0,,10490000.0,,,,,False,False
LD-00943,08/11/2026 07:45,WhatsApp,EMP-02,PV-006,Julián Escobar Ospina,3187677247,,B/quilla,AKT Dynamic R3 125 2026,En proceso,08/11/2026 19:45,,julian escobar ospina,573187677247,,b/quilla,whatsapp,en proceso,2026-11-08 07:45:00,2026-11-08 19:45:00,akt dynamic r3 125 2026,943,SKU-018,100.0,fuzzy,phone:573187677247,b4360963-ba40-54c5-8b9f-d22461a31c59,True,b4360963-ba40-54c5-8b9f-d22461a31c59,1.0,same_phone_or_email,5590000.0,,,,,False,False
LD-00944,2026-09-03 11:26:00,WhatsApp,EMP-03,PV-012,  Diana Carolina Osorio Escobar  ,310 410 1472,,BOGOTA,suzuki gixxer 150,En proceso,09/03/2026 13:26,Feria de Motos 2026,diana carolina osorio escobar,573104101472,,bogota,whatsapp,en proceso,2026-09-03 11:26:00,2026-03-09 13:26:00,suzuki gixxer 150,944,SKU-014,100.0,fuzzy,phone:573104101472,37443e76-cc1e-5ed3-ab77-45d68a932b6b,False,,1.0,,11990000.0,15490000.0,credito,media,precio,False,True
LD-00945,2026-08-20 05:02:00,WhatsApp,EMP-03,PV-011,Juan Jiménez,3151024673,,Bogotá,hero eco deluxe 100,Contactado,2026-08-22T05:02:00,,juan jimenez,573151024673,,bogota,whatsapp,contactado,2026-08-20 05:02:00,2026-08-22 05:02:00,hero eco deluxe 100,945,SKU-021,100.0,fuzzy,phone:573151024673,b36ad0af-d59d-538d-8cf0-b4a9c82b7257,True,b36ad0af-d59d-538d-8cf0-b4a9c82b7257,1.0,same_phone_or_email,4990000.0,,,,,False,False
LD-00946,2026-08-19 13:51:00,Meta Ads,EMP-02,PV-009,Camilo Bedoya Salazar,+57 350 3123882,,Santa Marta,bajaj pulsar rs 200,Contactado,08/20/2026 01:51,Retoma tu moto,camilo bedoya salazar,573503123882,,santa marta,meta ads,contactado,2026-08-19 13:51:00,2026-08-20 01:51:00,bajaj pulsar rs 200,946,SKU-010,100.0,fuzzy,phone:573503123882,9630b9a5-5cee-5621-8b66-af95c1fb5967,False,,1.0,,15490000.0,4990000.0,credito,baja,precio,False,True
LD-00947,01/09/2026 15:08,WhatsApp,EMP-01,PV-001,Leidy Johana Bedoya Salazar,301-347-8833,leidy.bedoya72@hotmail.com,MEDELLIN,Suzuki GN 125,Contactado,01-09-2026,Retoma tu moto,leidy johana bedoya salazar,573013478833,leidy.bedoya72@hotmail.com,medellin,whatsapp,contactado,2026-09-01 15:08:00,2026-09-01 00:00:00,suzuki gn 125,947,SKU-013,100.0,fuzzy,phone:573013478833,a10d5e79-1206-5d46-9a04-04c970058aeb,False,,1.0,,7490000.0,,,,,False,False
LD-00948,20-08-2026,Meta Ads,EMP-03,PV-012,  Liliana Osorio Torres  ,(321) 350-3176,liliana.osorio9@hotmail.com,Bogotá D.C.,hero hunk 160r,No contesta,2026-08-21 13:20:00,Feria de Motos 2026,liliana osorio torres,573213503176,liliana.osorio9@hotmail.com,bogota,meta ads,no contesta,2026-08-20 00:00:00,2026-08-21 13:20:00,hero hunk 160r,948,SKU-022,100.0,fuzzy,phone:573213503176,75154119-cd39-5b18-b3bd-b14b6c9cca30,True,75154119-cd39-5b18-b3bd-b14b6c9cca30,1.0,same_phone_or_email,10490000.0,,,,,False,False
LD-00949,31-08-2026,Meta Ads,EMP-03,PV-015,  Brayan Herrera Pérez  ,(322) 344-6614,brayan.herrera66@yahoo.es,SOACHA,Bajaj Pulsar,Sin gestión,,Feria de Motos 2026,brayan herrera perez,573223446614,brayan.herrera66@yahoo.es,soacha,meta ads,sin gestion,2026-08-31 00:00:00,,bajaj pulsar,949,,66.66666666666666,unmatched,phone:573223446614,b4007686-8008-5c32-9a65-25432aa22f60,False,,1.0,,,,credito,,soat,False,False
LD-00950,02/09/2026 11:59,Meta Ads,EMP-02,PV-010,Mónica Jiménez Cardona,+57 304 4936340,monica.jimenez53@hotmail.com,Montería,Honda,Sin gestión,,Retoma tu moto,monica jimenez cardona,573044936340,monica.jimenez53@hotmail.com,monteria,meta ads,sin gestion,2026-09-02 11:59:00,,honda,950,,44.44444444444444,unmatched,phone:573044936340,96dc7181-dff1-5b36-b4a4-208b7774655f,True,96dc7181-dff1-5b36-b4a4-208b7774655f,1.0,same_phone_or_email,,14990000.0,credito,media,cuota,False,True
LD-00951,2026-09-08 04:24:00,Meta Ads,EMP-02,PV-007,Adriana Franco Rodríguez,(312) 996-4103,,Soledad,Hero Eco Deluxe 100 2026,sin gestion,,,adriana franco rodriguez,573129964103,,soledad,meta ads,sin gestion,2026-09-08 04:24:00,,hero eco deluxe 100 2026,951,SKU-021,100.0,fuzzy,phone:573129964103,357dd779-793f-527b-915e-dbb68eda3aae,True,357dd779-793f-527b-915e-dbb68eda3aae,1.0,same_phone_or_email,4990000.0,,,,,False,False
LD-00952,08/30/2026 11:52,WhatsApp,EMP-01,PV-004,ÓSCAR DAVID RODRÍGUEZ JIMÉNEZ,300-051-1750,oscar.rodriguez68@gmail.com,Rionegro,,Descartado,08/30/2026 12:52,Retoma tu moto,oscar david rodriguez jimenez,573000511750,oscar.rodriguez68@gmail.com,rionegro,whatsapp,descartado,2026-08-30 11:52:00,2026-08-30 12:52:00,,952,,0.0,none,phone:573000511750,33b7ff44-16cf-5ab9-b9f6-d2793956e5af,False,,1.0,,,,,,,False,False
LD-00953,2026-08-10 10:55:00,Meta Ads,EMP-03,PV-013,Vanessa Restrepo Hernández,304 445 5092,vanessa.restrepo31@yahoo.es,bogotá,bajaj boxer ct 100,SIN GESTION,,,vanessa restrepo hernandez,573044455092,vanessa.restrepo31@yahoo.es,bogota,meta ads,sin gestion,2026-08-10 10:55:00,,bajaj boxer ct 100,953,SKU-007,100.0,fuzzy,phone:573044455092,e10d5bd6-0783-5ae0-86a7-c94849953c99,False,,1.0,,5790000.0,,,,,False,False
LD-00954,11-08-2026,WhatsApp,EMP-03,PV-011,É. Cardona Ospina,3510976361,,Bogota,AKT Evo RS 150 2026,Sin gestión,,Retoma tu moto,e. cardona ospina,573510976361,,bogota,whatsapp,sin gestion,2026-08-11 00:00:00,,akt evo rs 150 2026,954,SKU-020,100.0,fuzzy,phone:573510976361,3f2005b6-f06d-5345-9d18-3c843b770ca4,True,3f2005b6-f06d-5345-9d18-3c843b770ca4,1.0,same_phone_or_email,7190000.0,,credito,,soat,False,False
LD-00955,2026-09-03 23:25:00,Meta Ads,EMP-02,PV-006,Sandra Milena Muñoz Marín,313 114 2727,,B/quilla,Hnda XR 150L,No contesta,09/04/2026 17:25,Feria de Motos 2026,sandra milena munoz marin,573131142727,,b/quilla,meta ads,no contesta,2026-09-03 23:25:00,2026-04-09 17:25:00,hnda xr 150l,955,SKU-002,100.0,fuzzy,phone:573131142727,532e05d8-7e6e-5791-a18b-0dc5c8707e28,False,,1.0,,11490000.0,24900000.0,credito,,soat,False,False
LD-00956,2026-08-10 19:07:00,Formulario Web,EMP-02,PV-006,Estefanía Marín Valencia,+57 310 0620196,estefania.marin3@outlook.com,,Suzuki Best 125,Cotización enviada,08/11/2026 19:07,,estefania marin valencia,573100620196,estefania.marin3@outlook.com,,formulario web,cotizacion enviada,2026-08-10 19:07:00,2026-11-08 19:07:00,suzuki best 125,956,SKU-016,100.0,fuzzy,phone:573100620196,ceda92e2-94e2-5cd8-817b-793ee255b57d,False,,1.0,,6590000.0,7990000.0,credito,media,soat,False,False
LD-00957,2026-09-07 12:43:00,WHATSAPP,EMP-03,PV-013,Yesenia Ospina Mosquera,3518260910,,Bogota,A.K.T Evo RS 150,Descartado,11-09-2026,Prima Extra,yesenia ospina mosquera,573518260910,,bogota,whatsapp,descartado,2026-09-07 12:43:00,2026-09-11 00:00:00,a.k.t evo rs 150,957,SKU-020,100.0,fuzzy,phone:573518260910,94cb06b4-5f35-5043-ae3c-2309aea6655d,False,,1.0,,7190000.0,,,,,False,False
LD-00958,2026-08-06 18:01:00,WhatsApp,EMP-02,PV-009,Jhon Jairo Torres Ospina,305 746 6655,jhon.torres15@hotmail.com,Sta Marta,HERO DASH 110,Sin gestión,,,jhon jairo torres ospina,573057466655,jhon.torres15@hotmail.com,santa marta,whatsapp,sin gestion,2026-08-06 18:01:00,,hero dash 110,958,SKU-024,100.0,fuzzy,phone:573057466655,7cfe19a4-4f73-50b7-8c12-ecdcafcb79b9,False,,1.0,,6290000.0,,credito,,soat,False,False
LD-00959,2026-09-03 05:34:00,Meta Ads,EMP-03,PV-011,Jhon Jairo Ramírez Correa,351 275 3922,,Bogota DC,Bajaj Pulsar NS 125,no contesta,03-09-2026,,jhon jairo ramirez correa,573512753922,,bogota dc,meta ads,no contesta,2026-09-03 05:34:00,2026-09-03 00:00:00,bajaj pulsar ns 125,959,SKU-008,100.0,fuzzy,phone:573512753922,918791a9-4b29-55f5-bfeb-c26934b2f422,False,,1.0,,8990000.0,,,,,False,False
LD-00960,26-08-2026,WhatsApp,EMP-02,PV-006,Juan Carlos Herrera Cardona,3236003089,,barranquilla,AKT Dynamic R3 125,sin gestion,,,juan carlos herrera cardona,573236003089,,barranquilla,whatsapp,sin gestion,2026-08-26 00:00:00,,akt dynamic r3 125,960,SKU-018,100.0,fuzzy,phone:573236003089,b0b257c3-1f6f-588a-9fa2-72e671e28d8a,False,,1.0,,5590000.0,5290000.0,credito,media,soat,False,False
LD-00961,2026-09-08T19:23:00,Meta Ads,EMP-03,PV-013,Liliana Torres Marín,+57 322 0374817,liliana.torres35@hotmail.com,Bogotá,Suzuki  V-Strom 250,Descartado,,,liliana torres marin,573220374817,liliana.torres35@hotmail.com,bogota,meta ads,descartado,2026-09-08 19:23:00,,suzuki v-strom 250,961,SKU-015,100.0,fuzzy,phone:573220374817,986a44fb-0146-50d1-ad89-8f12b33c8bc5,False,,1.0,,21900000.0,,,,,False,False
LD-00962,2026-09-07T10:59:00,Meta Ads,EMP-01,PV-001,  María Fernanda Quintero Betancur  ,+57 351 1424907,maria.quintero88@outlook.com,medellin,Suzuki  V-Strom 250,Descartado,2026-09-07 22:59:00,Feria de Motos 2026,maria fernanda quintero betancur,573511424907,maria.quintero88@outlook.com,medellin,meta ads,descartado,2026-09-07 10:59:00,2026-09-07 22:59:00,suzuki v-strom 250,962,SKU-015,100.0,fuzzy,phone:573511424907,cc96ae3c-b366-5e44-ae8f-97d659852f29,True,cc96ae3c-b366-5e44-ae8f-97d659852f29,1.0,same_phone_or_email,21900000.0,,,,,False,False
LD-00963,2026-09-08T04:14:00,Meta Ads,EMP-03,PV-014,Camilo Marín,3156484992,,Bogota,Honda,Descartado,2026-09-08T06:14:00,Remate Modelos 2025,camilo marin,573156484992,,bogota,meta ads,descartado,2026-09-08 04:14:00,2026-09-08 06:14:00,honda,963,,44.44444444444444,unmatched,phone:573156484992,15ff2194-a228-5cb2-a96b-115fc4ff0b71,True,15ff2194-a228-5cb2-a96b-115fc4ff0b71,1.0,same_phone_or_email,,7490000.0,credito,media,precio,False,True
LD-00964,2026-09-07T09:39:00,meta ads,EMP-02,PV-007,Duván Zapata Cardona,3161589013,duvan.zapata26@hotmail.com,Soledad,Suzuki  Gixxer 150,no contesta,2026-09-07T11:39:00,,duvan zapata cardona,573161589013,duvan.zapata26@hotmail.com,soledad,meta ads,no contesta,2026-09-07 09:39:00,2026-09-07 11:39:00,suzuki gixxer 150,964,SKU-014,100.0,fuzzy,phone:573161589013,28d22ab1-a0db-5318-9969-9bf4979fe696,False,,1.0,,11990000.0,,,,,False,False
LD-00965,2026-08-16 11:02:00,WhatsApp,EMP-03,PV-013,Alexander Restrepo Castaño,(323) 509-6458,,Bogotá,BAJAJ DOMINAR 400,Contactado,,,alexander restrepo castano,573235096458,,bogota,whatsapp,contactado,2026-08-16 11:02:00,,bajaj dominar 400,965,SKU-011,100.0,fuzzy,phone:573235096458,2d58fd65-2567-5705-9c35-3d872e8b92c4,False,,1.0,,24900000.0,,credito,,soat,False,False
LD-00966,2026-08-06T07:14:00,WhatsApp,EMP-02,PV-007,LUISA PÉREZ RAMÍREZ,+57 351 2105265,luisa.perez25@outlook.com,Soledad,Honda XRE 300,Cotización enviada,2026-08-09T07:14:00,Retoma tu moto,luisa perez ramirez,573512105265,luisa.perez25@outlook.com,soledad,whatsapp,cotizacion enviada,2026-08-06 07:14:00,2026-08-09 07:14:00,honda xre 300,966,SKU-006,100.0,fuzzy,phone:573512105265,e2b45adf-292d-518e-81f6-f54e7c1cc363,False,,1.0,,22900000.0,,,,,False,False
LD-00967,2026-09-07 08:46:00,Meta Ads,EMP-03,PV-015,ALEXANDER CORREA JIMÉNEZ,3513136644,alexander.correa6@hotmail.com,Soacha,suzuki gn 125,Contactado,07/09/2026 14:46,,alexander correa jimenez,573513136644,alexander.correa6@hotmail.com,soacha,meta ads,contactado,2026-09-07 08:46:00,2026-09-07 14:46:00,suzuki gn 125,967,SKU-013,100.0,fuzzy,phone:573513136644,ac3b7cda-cf89-5ef0-9961-2210da35897a,False,,1.0,,7490000.0,,,,,False,False
LD-00968,26/08/2026 01:20,WhatsApp,EMP-01,PV-001,María Fernanda Cardona Castaño,3235691722,,Medellin,Honda,Sin gestión,,Feria de Motos 2026,maria fernanda cardona castano,573235691722,,medellin,whatsapp,sin gestion,2026-08-26 01:20:00,,honda,968,,44.44444444444444,unmatched,phone:573235691722,88173d40-97c0-56e4-bd42-cb97b7895608,True,88173d40-97c0-56e4-bd42-cb97b7895608,1.0,same_phone_or_email,,,,,,False,False
LD-00969,16/08/2026 23:44,WhatsApp,EMP-01,PV-003,Marcela Rodríguez Escobar,573163147749,marcela.rodriguez63@gmail.com,bello,Bajaj Dominar 400,Sin gestión,,Feria de Motos 2026,marcela rodriguez escobar,573163147749,marcela.rodriguez63@gmail.com,bello,whatsapp,sin gestion,2026-08-16 23:44:00,,bajaj dominar 400,969,SKU-011,100.0,fuzzy,phone:573163147749,dbcb31f6-d77f-55db-8f78-147c9f97ae3e,False,,1.0,,24900000.0,,,,,False,False
LD-00970,05-08-2026,WhatsApp,EMP-03,PV-012,Vanessa Marín Gómez,(315) 908-2340,vanessa.marin22@hotmail.com,Bogota DC,hero eco deluxe 100,sin gestion,,Remate Modelos 2025,vanessa marin gomez,573159082340,vanessa.marin22@hotmail.com,bogota dc,whatsapp,sin gestion,2026-08-05 00:00:00,,hero eco deluxe 100,970,SKU-021,100.0,fuzzy,phone:573159082340,1e963a84-22df-5dda-820a-16c9a4b5243c,True,1e963a84-22df-5dda-820a-16c9a4b5243c,1.0,same_phone_or_email,4990000.0,,,,,False,False
LD-00971,2026-09-03 03:25:00,whatsapp,EMP-03,PV-013,PAULA ANDREA RODRÍGUEZ GIRALDO,300-602-2797,paula.rodriguez20@outlook.com,bogotá,AKT EVO RS 150,contactado,2026-09-06 03:25:00,Retoma tu moto,paula andrea rodriguez giraldo,573006022797,paula.rodriguez20@outlook.com,bogota,whatsapp,contactado,2026-09-03 03:25:00,2026-09-06 03:25:00,akt evo rs 150,971,SKU-020,100.0,fuzzy,phone:573006022797,033ed777-80aa-53df-9e49-e0f8f04ae886,False,,1.0,,7190000.0,,,,,False,False
LD-00972,2026-08-24 20:02:00,Meta Ads,EMP-01,PV-002,K. Vargas Jiménez,311-892-4494,katherine.vargas71@hotmail.com,Itagüí,HERO XPULSE 200,Sin gestión,,Feria de Motos 2026,k. vargas jimenez,573118924494,katherine.vargas71@hotmail.com,itagui,meta ads,sin gestion,2026-08-24 20:02:00,,hero xpulse 200,972,SKU-023,100.0,fuzzy,phone:573118924494,09d63503-0105-5184-b97f-85dabf3020b0,True,09d63503-0105-5184-b97f-85dabf3020b0,1.0,same_phone_or_email,14990000.0,8990000.0,credito,,cuota,False,True
LD-00973,2026-08-31 20:47:00,Formulario Web,EMP-03,PV-012,ERIKA GÓMEZ RESTREPO,351-678-7760,erika.gomez96@yahoo.es,,hero dash 110,No contesta,03-09-2026,,erika gomez restrepo,573516787760,erika.gomez96@yahoo.es,,formulario web,no contesta,2026-08-31 20:47:00,2026-09-03 00:00:00,hero dash 110,973,SKU-024,100.0,fuzzy,phone:573516787760,c50e7303-bcdb-56d4-8544-9b11f5ed9f61,False,,1.0,,6290000.0,,,,,False,False
LD-00974,2026-08-28 08:28:00,WhatsApp,EMP-01,PV-002,MARÍA FERNANDA ZAPATA GIRALDO,313-956-0344,,Itagui,Bajaj,sin gestion,,Prima Extra,maria fernanda zapata giraldo,573139560344,,itagui,whatsapp,sin gestion,2026-08-28 08:28:00,,bajaj,974,,22.22222222222223,unmatched,phone:573139560344,32878afc-ef23-5ae2-81db-6595a6b6674e,False,,1.0,,,,,,,False,False
LD-00975,2026-08-14 03:41:00,WhatsApp,EMP-02,PV-006,Luz Marina Jiménez Ospina,3238193020,luz.jimenez60@yahoo.es,BARRANQUILLA,NKD 125,Descartado,2026-08-15T09:41:00,,luz marina jimenez ospina,573238193020,luz.jimenez60@yahoo.es,barranquilla,whatsapp,descartado,2026-08-14 03:41:00,2026-08-15 09:41:00,nkd 125,975,SKU-017,100.0,exact,phone:573238193020,52d3561b-7675-59ea-9125-6fd90da0c388,True,52d3561b-7675-59ea-9125-6fd90da0c388,1.0,same_phone_or_email,5290000.0,,credito,,soat,False,False
LD-00976,2026-09-02 23:37:00,whatsapp,EMP-03,PV-012,  Sebastián Valencia Betancur  ,311-972-5919,sebastian.valencia75@gmail.com,Bogota,AKT Evo,No contesta,2026-09-03T03:37:00,,sebastian valencia betancur,573119725919,sebastian.valencia75@gmail.com,bogota,whatsapp,no contesta,2026-09-02 23:37:00,2026-09-03 03:37:00,akt evo,976,,60.0,unmatched,phone:573119725919,3ac355d3-5e80-5a1c-9724-0120fe89a08e,False,,1.0,,,,,,,False,False
LD-00977,2026-08-12T05:14:00,WHATSAPP,EMP-02,PV-008,Alexander Jiménez Valencia,318 555 8466,alexander.jimenez98@yahoo.es,CARTAGENA,Suzuki V-Strom 250,No contesta,2026-08-12 11:14:00,Agosto Cero Cuotas,alexander jimenez valencia,573185558466,alexander.jimenez98@yahoo.es,cartagena,whatsapp,no contesta,2026-08-12 05:14:00,2026-08-12 11:14:00,suzuki v-strom 250,977,SKU-015,100.0,fuzzy,phone:573185558466,a7432ac3-8d02-5fb9-8e94-c609200316e2,False,,1.0,,21900000.0,,,,,False,False
LD-00978,2026-08-18T15:35:00,WhatsApp,EMP-02,PV-007,ERIKA BETANCUR CASTAÑO,302-683-4586,,Soledad,Honda  CB 125F Twister,Sin gestión,,Agosto Cero Cuotas,erika betancur castano,573026834586,,soledad,whatsapp,sin gestion,2026-08-18 15:35:00,,honda cb 125f twister,978,SKU-001,100.0,fuzzy,phone:573026834586,c30a6ade-03c3-5f3a-bf48-7fa83211b802,False,,1.0,,7990000.0,,credito,media,soat,False,False
LD-00979,03/09/2026 17:00,WhatsApp,EMP-02,PV-008,Kevin Rodríguez Arias,573112285188,kevin.rodriguez90@hotmail.com,Cartagena de Indias,Hero Eco Deluxe 100 2026,Contactado,2026-09-04T11:00:00,Agosto Cero Cuotas,kevin rodriguez arias,573112285188,kevin.rodriguez90@hotmail.com,cartagena de indias,whatsapp,contactado,2026-09-03 17:00:00,2026-09-04 11:00:00,hero eco deluxe 100 2026,979,SKU-021,100.0,fuzzy,phone:573112285188,79ff5fc9-7b7a-55c1-a275-c56a92b7a64e,False,,1.0,,4990000.0,11490000.0,credito,media,soat,True,False
LD-00980,2026-08-13 10:17:00,Meta Ads,EMP-03,PV-015,Brayan Marín Torres,+57 315 5097749,brayan.marin72@hotmail.com,Soacha,Honda CB 125F Twister 2026,Sin gestión,,Agosto Cero Cuotas,brayan marin torres,573155097749,brayan.marin72@hotmail.com,soacha,meta ads,sin gestion,2026-08-13 10:17:00,,honda cb 125f twister 2026,980,SKU-001,100.0,fuzzy,phone:573155097749,b3b8db29-7cc0-52a7-b7d1-4729b1d00d8e,False,,1.0,,7990000.0,11290000.0,credito,media,soat,True,False
LD-00981,08/09/2026 03:09,WHATSAPP,EMP-02,PV-008,Sandra Milena Ramírez Muñoz,314-609-8469,,CARTAGENA,A.K.T Dynamic R3 125,SIN GESTION,,Prima Extra,sandra milena ramirez munoz,573146098469,,cartagena,whatsapp,sin gestion,2026-09-08 03:09:00,,a.k.t dynamic r3 125,981,SKU-018,100.0,fuzzy,phone:573146098469,e9536915-be35-5cdc-af09-a52c839b1e22,True,e9536915-be35-5cdc-af09-a52c839b1e22,1.0,same_phone_or_email,5590000.0,,credito,media,soat,False,False
LD-00982,03/08/2026 22:54,whatsapp,EMP-03,PV-014,Yesenia Gómez Gómez,305 090 9710,yesenia.gomez21@hotmail.com,bogotá,A.K.T Dynamic R3 125,Cotización enviada,2026-08-06T22:54:00,,yesenia gomez gomez,573050909710,yesenia.gomez21@hotmail.com,bogota,whatsapp,cotizacion enviada,2026-08-03 22:54:00,2026-08-06 22:54:00,a.k.t dynamic r3 125,982,SKU-018,100.0,fuzzy,phone:573050909710,c502e30e-4e08-5adc-914b-fa2870b0c637,False,,1.0,,5590000.0,,credito,,soat,False,False
LD-00983,08/26/2026 21:42,whatsapp,EMP-03,PV-012,Andrés Felipe Cardona Bedoya,311 937 7000,andres.cardona9@hotmail.com,Bogota DC,Hero Hunk 160R,Contactado,2026-08-27 09:42:00,,andres felipe cardona bedoya,573119377000,andres.cardona9@hotmail.com,bogota dc,whatsapp,contactado,2026-08-26 21:42:00,2026-08-27 09:42:00,hero hunk 160r,983,SKU-022,100.0,fuzzy,phone:573119377000,80872c10-7974-5c36-a9f6-c42e537fb48d,False,,1.0,,10490000.0,9890000.0,credito,media,soat,False,False
LD-00984,2026-08-19T10:05:00,Formulario Web,EMP-01,PV-001,Diana Carolina Zapata Quintero,312 394 6642,diana.zapata33@outlook.com,Medellín,BAJAJ BOXER CT 100,En proceso,22/08/2026 10:05,Agosto Cero Cuotas,diana carolina zapata quintero,573123946642,diana.zapata33@outlook.com,medellin,formulario web,en proceso,2026-08-19 10:05:00,2026-08-22 10:05:00,bajaj boxer ct 100,984,SKU-007,100.0,fuzzy,phone:573123946642,6a7e2d1d-9c72-5463-96ee-5b978fec4954,False,,1.0,,5790000.0,,credito,,soat,False,False
LD-00985,10/09/2026 01:22,Formulario Web,EMP-01,PV-004,Erika Mosquera Mosquera,573010497833,erika.mosquera66@hotmail.com,RIONEGRO,Honda XR 150L,Contactado,2026-09-14 01:22:00,Agosto Cero Cuotas,erika mosquera mosquera,573010497833,erika.mosquera66@hotmail.com,rionegro,formulario web,contactado,2026-09-10 01:22:00,2026-09-14 01:22:00,honda xr 150l,985,SKU-002,100.0,fuzzy,phone:573010497833,0abcc554-9df8-53a1-91b7-dc5b7c658aac,False,,1.0,,11490000.0,,,,,False,False
LD-00986,08/04/2026 12:19,Formulario Web,EMP-01,PV-004,FABIÁN FRANCO HERNÁNDEZ, 3189145189 ,,RIONEGRO,Honda  Navi,Sin gestión,,,fabian franco hernandez,573189145189,,rionegro,formulario web,sin gestion,2026-04-08 12:19:00,,honda navi,986,SKU-004,100.0,fuzzy,phone:573189145189,8f6fe02c-a754-56d1-af1d-8ae90083e217,False,,1.0,,7290000.0,24900000.0,credito,media,cuota,False,True
LD-00987,31/08/2026 17:26,Meta Ads,EMP-02,PV-006,JULIÁN MOSQUERA ZAPATA,3154479475,julian.mosquera62@hotmail.com,barranquilla,,sin gestion,,Remate Modelos 2025,julian mosquera zapata,573154479475,julian.mosquera62@hotmail.com,barranquilla,meta ads,sin gestion,2026-08-31 17:26:00,,,987,,0.0,none,phone:573154479475,e6eba194-e7ec-5744-9ee2-8c1110f39b8a,False,,1.0,,,,,,,False,False
LD-00988,2026-08-18 05:53:00,Formulario Web,EMP-02,PV-006,Liliana Betancur,573051224727,liliana.betancur63@hotmail.com,B/quilla,HONDA NAVI,contactado,21/08/2026 05:53,Agosto Cero Cuotas,liliana betancur,573051224727,liliana.betancur63@hotmail.com,b/quilla,formulario web,contactado,2026-08-18 05:53:00,2026-08-21 05:53:00,honda navi,988,SKU-004,100.0,fuzzy,phone:573051224727,fdf07893-44ba-553d-8f6d-4652bfdc32bf,True,fdf07893-44ba-553d-8f6d-4652bfdc32bf,1.0,same_phone_or_email,7290000.0,21900000.0,credito,media,soat,True,True
LD-00989,05/09/2026 15:42,WhatsApp,EMP-01,PV-005,Cristian Cardona Giraldo, 3008417334 ,cristian.cardona73@outlook.com,MEDELLIN,Hero,sin gestion,,Retoma tu moto,cristian cardona giraldo,573008417334,cristian.cardona73@outlook.com,medellin,whatsapp,sin gestion,2026-09-05 15:42:00,,hero,989,,28.57142857142857,unmatched,phone:573008417334,d893896f-d53e-5420-9eaa-bf0391f0c709,False,,1.0,,,,,,,False,False
LD-00990,17-08-2026,WhatsApp,EMP-02,PV-006,Nelson Zapata Vargas,+57 316 4027926,,B/quilla,Bajaj Boxer CT 100 2026,Contactado,21/08/2026 20:10,Prima Extra,nelson zapata vargas,573164027926,,b/quilla,whatsapp,contactado,2026-08-17 00:00:00,2026-08-21 20:10:00,bajaj boxer ct 100 2026,990,SKU-007,100.0,fuzzy,phone:573164027926,46aab01b-02cd-5eb7-b69c-7212fb13c6a8,True,46aab01b-02cd-5eb7-b69c-7212fb13c6a8,1.0,same_phone_or_email,5790000.0,,,,,False,False
LD-00991,31-08-2026,whatsapp,EMP-02,PV-009,MARÍA FERNANDA JIMÉNEZ FRANCO,321 371 5574,maria.jimenez96@gmail.com,Sta Marta,HONDA CB 125F TWISTER,Contactado,,Agosto Cero Cuotas,maria fernanda jimenez franco,573213715574,maria.jimenez96@gmail.com,santa marta,whatsapp,contactado,2026-08-31 00:00:00,,honda cb 125f twister,991,SKU-001,100.0,fuzzy,phone:573213715574,f588e3f1-b6ad-552e-9829-ee2e51954a2b,True,f588e3f1-b6ad-552e-9829-ee2e51954a2b,1.0,same_phone_or_email,7990000.0,11490000.0,credito,media,cuota,False,True
LD-00992,08/19/2026 03:47,WhatsApp,EMP-03,PV-013,VANESSA GÓMEZ VALENCIA,(313) 863-4264,,bogotá,HERO HUNK 160R,Cotización enviada,2026-08-20T03:47:00,,vanessa gomez valencia,573138634264,,bogota,whatsapp,cotizacion enviada,2026-08-19 03:47:00,2026-08-20 03:47:00,hero hunk 160r,992,SKU-022,100.0,fuzzy,phone:573138634264,f9d7a20c-d53f-5f09-aaa5-c2ae0ef44269,True,f9d7a20c-d53f-5f09-aaa5-c2ae0ef44269,1.0,same_phone_or_email,10490000.0,,credito,,soat,False,False
LD-00993,2026-08-24 19:27:00,WhatsApp,EMP-01,PV-002,Camilo Mosquera Valencia,3161854257,camilo.mosquera96@hotmail.com,Itagui,Bajaj Boxer CT 100 2026,Descartado,2026-08-25T19:27:00,Retoma tu moto,camilo mosquera valencia,573161854257,camilo.mosquera96@hotmail.com,itagui,whatsapp,descartado,2026-08-24 19:27:00,2026-08-25 19:27:00,bajaj boxer ct 100 2026,993,SKU-007,100.0,fuzzy,phone:573161854257,067120e7-90de-57e7-a7eb-28a013c4226b,False,,1.0,,5790000.0,13990000.0,credito,,cuota,False,True
LD-00994,11/08/2026 09:54,WhatsApp,EMP-01,PV-003,Erika Franco Franco,573236921604,erika.franco35@yahoo.es,bello,Honda XRE 300,En proceso,15-08-2026,Agosto Cero Cuotas,erika franco franco,573236921604,erika.franco35@yahoo.es,bello,whatsapp,en proceso,2026-08-11 09:54:00,2026-08-15 00:00:00,honda xre 300,994,SKU-006,100.0,fuzzy,phone:573236921604,e37c0fd2-62a3-5f2a-9e93-523f280c8653,False,,1.0,,22900000.0,,,,,False,False
LD-00995,2026-09-07 13:18:00,Meta Ads,EMP-03,PV-011,NELSON JIMÉNEZ HERNÁNDEZ,315 876 9808,nelson.jimenez89@outlook.com,bogotá,AKT Evo RS 150 2026,SIN GESTION,,Remate Modelos 2025,nelson jimenez hernandez,573158769808,nelson.jimenez89@outlook.com,bogota,meta ads,sin gestion,2026-09-07 13:18:00,,akt evo rs 150 2026,995,SKU-020,100.0,fuzzy,phone:573158769808,f85ea7f1-e403-589e-8799-bec515fd33c2,False,,1.0,,7190000.0,,,,,False,False
LD-00996,08/31/2026 15:22,WhatsApp,EMP-03,PV-014,SANDRA MILENA SALAZAR MOSQUERA,3140329132,,BOGOTA,Bajaj,Descartado,03-09-2026,,sandra milena salazar mosquera,573140329132,,bogota,whatsapp,descartado,2026-08-31 15:22:00,2026-09-03 00:00:00,bajaj,996,,22.22222222222223,unmatched,phone:573140329132,76785d95-5819-567f-882f-92e39c5fe80c,False,,1.0,,,,,,,False,False
LD-00997,07/09/2026 22:23,WhatsApp,EMP-02,PV-006,V. Gómez Valencia,3138634264,vanessa.gomez21@yahoo.es,B/quilla,Gixxer 150,Sin gestión,,Prima Extra,v. gomez valencia,573138634264,vanessa.gomez21@yahoo.es,b/quilla,whatsapp,sin gestion,2026-09-07 22:23:00,,gixxer 150,997,SKU-014,100.0,exact,phone:573138634264,f9d7a20c-d53f-5f09-aaa5-c2ae0ef44269,True,f9d7a20c-d53f-5f09-aaa5-c2ae0ef44269,1.0,same_phone_or_email,11990000.0,7990000.0,credito,,cuota,False,True
LD-00998,18/08/2026 02:51,WhatsApp,EMP-02,PV-009,Leidy Johana Castaño Arias,(350) 069-9238,,SANTA MARTA,,Sin gestión,,Prima Extra,leidy johana castano arias,573500699238,,santa marta,whatsapp,sin gestion,2026-08-18 02:51:00,,,998,,0.0,none,phone:573500699238,f2e92f4b-5805-56b2-9d26-0e9b1a559ffb,False,,1.0,,,,,,,False,False
LD-00999,09/04/2026 18:39,META ADS,EMP-02,PV-006,Paula Andrea Agudelo Cardona,323-687-0746,paula.agudelo71@outlook.com,barranquilla,honda xr 150l,sin gestion,,,paula andrea agudelo cardona,573236870746,paula.agudelo71@outlook.com,barranquilla,meta ads,sin gestion,2026-04-09 18:39:00,,honda xr 150l,999,SKU-002,100.0,fuzzy,phone:573236870746,c62ef375-b05e-5443-9675-e5f8690a868b,False,,1.0,,11490000.0,,,,,False,False
LD-01000,2026-08-29T15:56:00,WhatsApp,EMP-01,PV-005,KATHERINE RAMÍREZ MUÑOZ,3107174898,,Medellin,suzuki gn 125,Sin gestión,,Agosto Cero Cuotas,katherine ramirez munoz,573107174898,,medellin,whatsapp,sin gestion,2026-08-29 15:56:00,,suzuki gn 125,1000,SKU-013,100.0,fuzzy,phone:573107174898,13662777-9552-59a8-957f-150a11120d17,True,13662777-9552-59a8-957f-150a11120d17,1.0,same_phone_or_email,7490000.0,,,,,False,False
LD-01001,04/09/2026 06:19,WhatsApp,EMP-02,PV-008,Luisa Agudelo, 3130312521 ,,Cartagena,Suzuki GN,En proceso,2026-09-05T00:19:00,Agosto Cero Cuotas,luisa agudelo,573130312521,,cartagena,whatsapp,en proceso,2026-09-04 06:19:00,2026-09-05 00:19:00,suzuki gn,1001,,50.0,unmatched,phone:573130312521,d760f7a1-e893-5342-9e88-8b6663becb94,True,d760f7a1-e893-5342-9e88-8b6663becb94,1.0,same_phone_or_email,,,,,,False,False
LD-01002,02-08-2026,WhatsApp,EMP-03,PV-015,NATALIA MOSQUERA RESTREPO, 3163893482 ,natalia.mosquera34@outlook.com,Soacha,Honda CB 125F Twister,contactado,02-08-2026,,natalia mosquera restrepo,573163893482,natalia.mosquera34@outlook.com,soacha,whatsapp,contactado,2026-08-02 00:00:00,2026-08-02 00:00:00,honda cb 125f twister,1002,SKU-001,100.0,fuzzy,phone:573163893482,89eaec4d-3938-58ea-9c7c-775d11dfe3cb,True,89eaec4d-3938-58ea-9c7c-775d11dfe3cb,1.0,same_phone_or_email,7990000.0,7490000.0,credito,,soat,False,False
LD-01003,2026-09-06 05:28:00,Meta Ads,EMP-01,PV-001,Katherine Giraldo Torres,3173763315,,MEDELLIN,Bajaj Dominar 400,Cotización enviada,,,katherine giraldo torres,573173763315,,medellin,meta ads,cotizacion enviada,2026-09-06 05:28:00,,bajaj dominar 400,1003,SKU-011,100.0,fuzzy,phone:573173763315,47f21b43-d09d-5658-a034-8253814ddfb7,False,,1.0,,24900000.0,,,,,False,False
LD-01004,2026-08-13 07:21:00,Meta Ads,EMP-02,PV-006,Leidy Johana Herrera Zapata,3170773909,leidy.herrera56@gmail.com,barranquilla,AKT Dynamic R3 125,Contactado,08/15/2026 07:21,Retoma tu moto,leidy johana herrera zapata,573170773909,leidy.herrera56@gmail.com,barranquilla,meta ads,contactado,2026-08-13 07:21:00,2026-08-15 07:21:00,akt dynamic r3 125,1004,SKU-018,100.0,fuzzy,phone:573170773909,4939cefc-1ff2-51f0-b2a8-f4d1b8cf929b,False,,1.0,,5590000.0,,credito,media,soat,False,False
LD-01005,09/08/2026 06:50,WhatsApp,EMP-02,PV-008,Luz Marina Rodríguez Zapata,(322) 106-1441,,Cartagena de Indias,Bajaj Discover 125,Contactado,09/08/2026 18:50,Agosto Cero Cuotas,luz marina rodriguez zapata,573221061441,,cartagena de indias,whatsapp,contactado,2026-08-09 06:50:00,2026-08-09 18:50:00,bajaj discover 125,1005,SKU-012,100.0,fuzzy,phone:573221061441,bcf86095-e8be-5f3c-82b1-302eb35052b2,False,,1.0,,6990000.0,,credito,media,soat,False,False
LD-01006,2026-08-10 22:13:00,FORMULARIO WEB,EMP-03,PV-013,NATALIA PÉREZ LONDOÑO,3012842944,natalia.perez62@hotmail.com,bogotá,HERO XPULSE 200,Descartado,2026-08-14 22:13:00,Agosto Cero Cuotas,natalia perez londono,573012842944,natalia.perez62@hotmail.com,bogota,formulario web,descartado,2026-08-10 22:13:00,2026-08-14 22:13:00,hero xpulse 200,1006,SKU-023,100.0,fuzzy,phone:573012842944,23b00c88-b53d-5f40-8d14-5e5e48e28320,False,,1.0,,14990000.0,,credito,media,soat,False,False
LD-01007,2026-09-09T19:54:00,formulario web,EMP-03,PV-013,  Estefanía Salazar Franco  ,3024896753,estefania.salazar3@gmail.com,Bogotá,Suzuki V-Strom 250 2026,Cotización enviada,09/09/2026 20:54,Feria de Motos 2026,estefania salazar franco,573024896753,estefania.salazar3@gmail.com,bogota,formulario web,cotizacion enviada,2026-09-09 19:54:00,2026-09-09 20:54:00,suzuki v-strom 250 2026,1007,SKU-015,100.0,fuzzy,phone:573024896753,b384630d-a09c-5718-9d80-aef2cbca03a6,False,,1.0,,21900000.0,,,,,False,False
LD-01008,2026-08-31 19:34:00,WHATSAPP,EMP-02,PV-006,Cristian Agudelo Gómez,3143586472,,BARRANQUILLA,Honda CB 125F Twister,Descartado,2026-09-01T13:34:00,Agosto Cero Cuotas,cristian agudelo gomez,573143586472,,barranquilla,whatsapp,descartado,2026-08-31 19:34:00,2026-09-01 13:34:00,honda cb 125f twister,1008,SKU-001,100.0,fuzzy,phone:573143586472,63e4d607-db0b-5210-9ba7-839881b58f4c,False,,1.0,,7990000.0,,,,,False,False
LD-01009,2026-08-20T23:35:00,Meta Ads,EMP-01,PV-002,  Héctor Cardona Osorio  ,310 731 2079,hector.cardona24@hotmail.com,Itagui,Dash 110,contactado,21/08/2026 23:35,Prima Extra,hector cardona osorio,573107312079,hector.cardona24@hotmail.com,itagui,meta ads,contactado,2026-08-20 23:35:00,2026-08-21 23:35:00,dash 110,1009,SKU-024,100.0,exact,phone:573107312079,89da9131-8a32-5508-a4d0-61b9322148e3,False,,1.0,,6290000.0,,,,,False,False
LD-01010,2026-08-20 15:07:00,WhatsApp,EMP-02,PV-009,  Juan Carlos Valencia Betancur  ,(351) 038-7391,,SANTA MARTA,bajaj discover 125,En proceso,2026-08-21 21:07:00,Prima Extra,juan carlos valencia betancur,573510387391,,santa marta,whatsapp,en proceso,2026-08-20 15:07:00,2026-08-21 21:07:00,bajaj discover 125,1010,SKU-012,100.0,fuzzy,phone:573510387391,d36a2d89-7c6f-5942-8f2e-b822f05c88ea,False,,1.0,,6990000.0,,,,,False,False
LD-01011,2026-08-20 03:01:00,Meta Ads,EMP-02,PV-008,Yuliana Muñoz Valencia,3137247410,yuliana.munoz84@outlook.com,CARTAGENA,,Sin gestión,,Agosto Cero Cuotas,yuliana munoz valencia,573137247410,yuliana.munoz84@outlook.com,cartagena,meta ads,sin gestion,2026-08-20 03:01:00,,,1011,,0.0,none,phone:573137247410,aa068432-ab3b-5609-bd44-28a5693606b8,False,,1.0,,,,,,,False,False
LD-01012,2026-08-06 00:20:00,WHATSAPP,EMP-03,PV-015,Wilmar Restrepo Muñoz,+57 305 8268774,wilmar.restrepo7@gmail.com,SOACHA,Suzuki  Best 125,Contactado,2026-08-10T00:20:00,Feria de Motos 2026,wilmar restrepo munoz,573058268774,wilmar.restrepo7@gmail.com,soacha,whatsapp,contactado,2026-08-06 00:20:00,2026-08-10 00:20:00,suzuki best 125,1012,SKU-016,100.0,fuzzy,phone:573058268774,5e040ab6-3f8d-53c6-8575-36a901ce0d31,False,,1.0,,6590000.0,11490000.0,credito,media,cuota,False,True
LD-01013,08/29/2026 14:21,WhatsApp,EMP-01,PV-004,FABIÁN TORRES BETANCUR,573001294580,fabian.torres27@gmail.com,Rio Negro,AKT Dynamic R3 125,No contesta,08/30/2026 02:21,Retoma tu moto,fabian torres betancur,573001294580,fabian.torres27@gmail.com,rio negro,whatsapp,no contesta,2026-08-29 14:21:00,2026-08-30 02:21:00,akt dynamic r3 125,1013,SKU-018,100.0,fuzzy,phone:573001294580,9571fb5c-59f8-550c-8cb7-5bcb1069cbdd,False,,1.0,,5590000.0,,,,,False,False
LD-01014,07-08-2026,Formulario Web,EMP-02,PV-006,Jorge Iván Vargas Franco,573500237864,,Barranquilla,A.K.T NKD 125,Cotización enviada,,Prima Extra,jorge ivan vargas franco,573500237864,,barranquilla,formulario web,cotizacion enviada,2026-08-07 00:00:00,,a.k.t nkd 125,1014,SKU-017,100.0,fuzzy,phone:573500237864,7c53b8a7-0756-5b8c-9f30-60ba4988ad27,False,,1.0,,5290000.0,6990000.0,credito,,cuota,False,True
LD-01015,2026-08-22 00:15:00,Meta Ads,EMP-03,PV-015,SANDRA MILENA MOSQUERA TORRES,3100455444,sandra.mosquera75@hotmail.com,,Suzuki,Descartado,08/22/2026 12:15,Agosto Cero Cuotas,sandra milena mosquera torres,573100455444,sandra.mosquera75@hotmail.com,,meta ads,descartado,2026-08-22 00:15:00,2026-08-22 12:15:00,suzuki,1015,,26.66666666666667,unmatched,phone:573100455444,0e3b4cec-9a21-5403-93ae-31c8272e451a,False,,1.0,,,7290000.0,credito,,soat,True,False
LD-01016,2026-08-20 12:27:00,WhatsApp,EMP-01,PV-004,Freddy Betancur Correa,310-850-5847,freddy.betancur24@hotmail.com,RIONEGRO,Honda XRE 300,En proceso,24-08-2026,Feria de Motos 2026,freddy betancur correa,573108505847,freddy.betancur24@hotmail.com,rionegro,whatsapp,en proceso,2026-08-20 12:27:00,2026-08-24 00:00:00,honda xre 300,1016,SKU-006,100.0,fuzzy,phone:573108505847,c0b367ab-d63e-582a-a034-2562dd662ace,False,,1.0,,22900000.0,,,,,False,False
LD-01017,2026-08-21 21:05:00,Meta Ads,EMP-03,PV-014,  Claudia Patricia Osorio Hernández  ,+57 320 3793985,claudia.osorio51@yahoo.es,bogotá,Hero,Contactado,23-08-2026,Prima Extra,claudia patricia osorio hernandez,573203793985,claudia.osorio51@yahoo.es,bogota,meta ads,contactado,2026-08-21 21:05:00,2026-08-23 00:00:00,hero,1017,,28.57142857142857,unmatched,phone:573203793985,785e7ac9-06d5-5947-8d3b-3efe8b9b0f4e,False,,1.0,,,13990000.0,credito,,cuota,False,True
LD-01018,2026-08-08T10:33:00,META ADS,EMP-02,PV-006,Carlos Mario Hernández Pérez,3131927084,carlos.hernandez71@outlook.com,B/quilla,,SIN GESTION,,Remate Modelos 2025,carlos mario hernandez perez,573131927084,carlos.hernandez71@outlook.com,b/quilla,meta ads,sin gestion,2026-08-08 10:33:00,,,1018,,0.0,none,phone:573131927084,01be55ff-07b5-540a-bbee-037ad12776c7,False,,1.0,,,,,,,False,False
LD-01019,10/09/2026 05:50,FORMULARIO WEB,EMP-02,PV-008,ANDRÉS FELIPE AGUDELO HERRERA,573104368757,andres.agudelo34@hotmail.com,Cartagena de Indias,Honda Dio 110 2026,Sin gestión,,,andres felipe agudelo herrera,573104368757,andres.agudelo34@hotmail.com,cartagena de indias,formulario web,sin gestion,2026-09-10 05:50:00,,honda dio 110 2026,1019,SKU-005,100.0,fuzzy,phone:573104368757,5e443faa-2f0d-561c-8faa-628ac1cc0fb6,False,,1.0,,6890000.0,7990000.0,credito,media,soat,False,False
LD-01020,08-09-2026,WhatsApp,EMP-01,PV-004,Jorge Iván Herrera Pérez,3503044043,jorge.herrera52@outlook.com,Rionegro,,Sin gestión,,,jorge ivan herrera perez,573503044043,jorge.herrera52@outlook.com,rionegro,whatsapp,sin gestion,2026-09-08 00:00:00,,,1020,,0.0,none,phone:573503044043,dbec73bd-6ab8-5841-81ee-a7f188d1f5ea,False,,1.0,,,,,,,False,False
LD-01021,04/09/2026 01:37,WHATSAPP,EMP-01,PV-005,Fabián Muñoz Ospina,573109505387,fabian.munoz27@yahoo.es,Medellin,Hero Eco Deluxe 100,Contactado,,Agosto Cero Cuotas,fabian munoz ospina,573109505387,fabian.munoz27@yahoo.es,medellin,whatsapp,contactado,2026-09-04 01:37:00,,hero eco deluxe 100,1021,SKU-021,100.0,fuzzy,phone:573109505387,a469ac8c-58eb-5dee-8859-bddb45196955,False,,1.0,,4990000.0,7490000.0,credito,,soat,False,False
LD-01022,08/11/2026 16:29,WHATSAPP,EMP-02,PV-009,Óscar David Franco Restrepo,313-714-1712,oscar.franco66@gmail.com,SANTA MARTA,suzuki gn 125,contactado,08/11/2026 20:29,Feria de Motos 2026,oscar david franco restrepo,573137141712,oscar.franco66@gmail.com,santa marta,whatsapp,contactado,2026-11-08 16:29:00,2026-11-08 20:29:00,suzuki gn 125,1022,SKU-013,100.0,fuzzy,phone:573137141712,abb15616-de49-5a27-866c-f4022f006ea6,False,,1.0,,7490000.0,11490000.0,credito,,cuota,False,True
LD-01023,2026-08-15 23:39:00,Meta Ads,EMP-02,PV-008,Carlos Mario Pérez Rodríguez,3152214394,,Cartagena de Indias,Bajaj Pulsar NS 160,Contactado,,Feria de Motos 2026,carlos mario perez rodriguez,573152214394,,cartagena de indias,meta ads,contactado,2026-08-15 23:39:00,,bajaj pulsar ns 160,1023,SKU-009,100.0,fuzzy,phone:573152214394,56c691e8-ea1e-5ec9-b26f-82909bbe0929,False,,1.0,,11290000.0,,,,,False,False
LD-01024,24/08/2026 06:19,WhatsApp,EMP-01,PV-003,MARCELA HERNÁNDEZ OSPINA,318 184 9795,,Bello,HONDA DIO 110,Contactado,25-08-2026,Agosto Cero Cuotas,marcela hernandez ospina,573181849795,,bello,whatsapp,contactado,2026-08-24 06:19:00,2026-08-25 00:00:00,honda dio 110,1024,SKU-005,100.0,fuzzy,phone:573181849795,8e4b4276-6249-516a-a25e-e607610da27a,False,,1.0,,6890000.0,15490000.0,credito,media,cuota,False,True
LD-01025,03-08-2026,Meta Ads,EMP-02,PV-007,BRAYAN BEDOYA ESCOBAR, 3012090676 ,,SOLEDAD,Hero Hunk 160R 2026,sin gestion,,Feria de Motos 2026,brayan bedoya escobar,573012090676,,soledad,meta ads,sin gestion,2026-08-03 00:00:00,,hero hunk 160r 2026,1025,SKU-022,100.0,fuzzy,phone:573012090676,6a1dfa9d-d8d7-5057-8a06-1b4dd49ee9ec,False,,1.0,,10490000.0,,credito,,soat,False,False
LD-01026,19-08-2026,WhatsApp,EMP-03,PV-013,Brayan Salazar Rodríguez,(312) 146-4917,,Bogota,Hero Xpulse 200 2026,sin gestion,,Retoma tu moto,brayan salazar rodriguez,573121464917,,bogota,whatsapp,sin gestion,2026-08-19 00:00:00,,hero xpulse 200 2026,1026,SKU-023,100.0,fuzzy,phone:573121464917,89f89217-56de-5b15-b7fb-2b9d6b582723,False,,1.0,,14990000.0,,credito,,soat,False,False
LD-01027,2026-09-02 16:42:00,Meta Ads,EMP-02,PV-007,Angie Paola Correa Londoño,318 874 5611,,SOLEDAD,,Descartado,03/09/2026 16:42,,angie paola correa londono,573188745611,,soledad,meta ads,descartado,2026-09-02 16:42:00,2026-09-03 16:42:00,,1027,,0.0,none,phone:573188745611,763e078d-f7f1-53d6-aa95-8166b4eb5f1d,False,,1.0,,,,,,,False,False
LD-01028,2026-09-06 10:06:00,WhatsApp,EMP-01,PV-005,Carlos Mario Valencia Agudelo,318 089 7911,,Medellín ,Hero Xpulse 200,sin gestion,,,carlos mario valencia agudelo,573180897911,,medellin,whatsapp,sin gestion,2026-09-06 10:06:00,,hero xpulse 200,1028,SKU-023,100.0,fuzzy,phone:573180897911,ad1d24be-c63a-5531-9205-2f67b4ddc066,False,,1.0,,14990000.0,,credito,baja,precio,False,True
LD-01029,30/08/2026 06:17,WhatsApp,EMP-03,PV-011,Marcela Castaño Rodríguez,315 828 6220,marcela.castano39@hotmail.com,bogotá,Bajai Pulsar NS 160,No contesta,2026-08-31T06:17:00,,marcela castano rodriguez,573158286220,marcela.castano39@hotmail.com,bogota,whatsapp,no contesta,2026-08-30 06:17:00,2026-08-31 06:17:00,bajai pulsar ns 160,1029,SKU-009,100.0,fuzzy,phone:573158286220,3ad0e59e-4102-5e1d-86be-f8746945af9a,False,,1.0,,11290000.0,11490000.0,credito,,soat,False,False
LD-01030,20-08-2026,WhatsApp,EMP-01,PV-003,Carlos Mario Quintero Quintero,3130435166,carlos.quintero55@gmail.com,Bello,Bajaj Pulsar NS 160,Contactado,08/20/2026 21:50,Remate Modelos 2025,carlos mario quintero quintero,573130435166,carlos.quintero55@gmail.com,bello,whatsapp,contactado,2026-08-20 00:00:00,2026-08-20 21:50:00,bajaj pulsar ns 160,1030,SKU-009,100.0,fuzzy,phone:573130435166,75c82a95-a961-56a9-acaa-860a598b393d,False,,1.0,,11290000.0,,,,,False,False
LD-01031,2026-08-31T04:58:00,FORMULARIO WEB,EMP-03,PV-015,Cristian Castaño Arias,3145886959,cristian.castano97@yahoo.es,SOACHA,Suzuki Gixxer 150 2026,En proceso,2026-09-03 04:58:00,Feria de Motos 2026,cristian castano arias,573145886959,cristian.castano97@yahoo.es,soacha,formulario web,en proceso,2026-08-31 04:58:00,2026-09-03 04:58:00,suzuki gixxer 150 2026,1031,SKU-014,100.0,fuzzy,phone:573145886959,fb6b7ec2-7a2e-5609-8ca9-a5ca6bf2a383,False,,1.0,,11990000.0,,credito,media,soat,False,False
LD-01032,2026-08-26 16:50:00,WhatsApp,EMP-01,PV-003,CARLOS MARIO OSORIO FRANCO,3118844134,carlos.osorio18@yahoo.es,BELLO,Bajaj Dominar,En proceso,2026-08-29 16:50:00,Remate Modelos 2025,carlos mario osorio franco,573118844134,carlos.osorio18@yahoo.es,bello,whatsapp,en proceso,2026-08-26 16:50:00,2026-08-29 16:50:00,bajaj dominar,1032,,77.77777777777777,unmatched,phone:573118844134,5b64abb8-148e-5799-b3cc-fdb5cc6d58d5,True,5b64abb8-148e-5799-b3cc-fdb5cc6d58d5,1.0,same_phone_or_email,,,credito,,soat,False,False
LD-01033,08/12/2026 00:21,Meta Ads,EMP-02,PV-009,Óscar David Franco Pérez,3519888773,oscar.franco5@outlook.com,Santa Marta,Hero Dash,Sin gestión,,,oscar david franco perez,573519888773,oscar.franco5@outlook.com,santa marta,meta ads,sin gestion,2026-12-08 00:21:00,,hero dash,1033,,66.66666666666666,unmatched,phone:573519888773,da7bbaa7-f0af-576b-a4e4-bfb53bf817f1,False,,1.0,,,,,,,False,False
LD-01034,2026-08-30 16:10:00,Meta Ads,EMP-01,PV-005,LEIDY JOHANA SALAZAR SALAZAR,351 921 1529,,medellin,honda navi,En proceso,31-08-2026,Prima Extra,leidy johana salazar salazar,573519211529,,medellin,meta ads,en proceso,2026-08-30 16:10:00,2026-08-31 00:00:00,honda navi,1034,SKU-004,100.0,fuzzy,phone:573519211529,720f5cca-d78e-5226-9633-8a50151cfd5a,False,,1.0,,7290000.0,21900000.0,credito,media,soat,False,False
LD-01035,2026-08-13T18:55:00,WhatsApp,EMP-01,PV-001,JORGE IVÁN GIRALDO LONDOÑO, 3150927553 ,jorge.giraldo3@gmail.com,Medellín,hero eco deluxe 100,Sin gestión,,,jorge ivan giraldo londono,573150927553,jorge.giraldo3@gmail.com,medellin,whatsapp,sin gestion,2026-08-13 18:55:00,,hero eco deluxe 100,1035,SKU-021,100.0,fuzzy,phone:573150927553,98a3fd91-34b5-59fc-8fdc-59cee6334ec7,False,,1.0,,4990000.0,,,,,False,False
LD-01036,15/08/2026 02:23,WhatsApp,EMP-03,PV-013,Claudia Patricia Escobar Restrepo,(316) 160-5837,,Bogota DC,Suzuki Best 125,sin gestion,,Remate Modelos 2025,claudia patricia escobar restrepo,573161605837,,bogota dc,whatsapp,sin gestion,2026-08-15 02:23:00,,suzuki best 125,1036,SKU-016,100.0,fuzzy,phone:573161605837,4a4d0846-6dbe-52b4-baea-07122739eb08,False,,1.0,,6590000.0,,credito,media,precio,False,True
LD-01037,06/09/2026 01:39,Formulario Web,EMP-01,PV-003,julian escobar ospina,+57 318 7677247,,Bello,Honda Navi,Contactado,,,julian escobar ospina,573187677247,,bello,formulario web,contactado,2026-09-06 01:39:00,,honda navi,1037,SKU-004,100.0,fuzzy,phone:573187677247,b4360963-ba40-54c5-8b9f-d22461a31c59,True,b4360963-ba40-54c5-8b9f-d22461a31c59,1.0,same_phone_or_email,7290000.0,,,,,False,False
LD-01038,22/08/2026 08:44,WhatsApp,EMP-02,PV-006,Paula Andrea Cardona Salazar,3507438357,,BARRANQUILLA,Bajaj,Sin gestión,,,paula andrea cardona salazar,573507438357,,barranquilla,whatsapp,sin gestion,2026-08-22 08:44:00,,bajaj,1038,,22.22222222222223,unmatched,phone:573507438357,e4f551a5-da50-5868-9aad-21ba69a97f44,False,,1.0,,,,,,,False,False
LD-01039,20/08/2026 22:39,Formulario Web,EMP-02,PV-009,Yesenia Herrera Ramírez,+57 311 3196078,,Santa Marta,BAJAJ DOMINAR 400,Contactado,23-08-2026,,yesenia herrera ramirez,573113196078,,santa marta,formulario web,contactado,2026-08-20 22:39:00,2026-08-23 00:00:00,bajaj dominar 400,1039,SKU-011,100.0,fuzzy,phone:573113196078,2212414a-1680-51aa-90e7-cb24041f332b,False,,1.0,,24900000.0,,credito,,soat,False,False
LD-01040,2026-08-30 15:55:00,WhatsApp,EMP-01,PV-001,  Leidy Johana Ramírez Salazar  ,3117464269,leidy.ramirez33@gmail.com,Medellín,Honda CB 125F Twister 2026,Descartado,31/08/2026 21:55,,leidy johana ramirez salazar,573117464269,leidy.ramirez33@gmail.com,medellin,whatsapp,descartado,2026-08-30 15:55:00,2026-08-31 21:55:00,honda cb 125f twister 2026,1040,SKU-001,100.0,fuzzy,phone:573117464269,d67d0765-dcad-53fd-aed4-c50cf22b68c5,False,,1.0,,7990000.0,,,,,False,False
LD-01041,04-09-2026,WhatsApp,EMP-02,PV-007,Angie Paola Torres Londoño,+57 316 9079541,,Soledad,Suzuki GN 125 2026,Cotización enviada,09/04/2026 08:43,Agosto Cero Cuotas,angie paola torres londono,573169079541,,soledad,whatsapp,cotizacion enviada,2026-09-04 00:00:00,2026-04-09 08:43:00,suzuki gn 125 2026,1041,SKU-013,100.0,fuzzy,phone:573169079541,08ed21b9-4d26-5e3c-9d28-2d3e3b754bf0,False,,1.0,,7490000.0,5290000.0,credito,,cuota,False,True
LD-01042,2026-09-05 18:23:00,Formulario Web,EMP-01,PV-005,KATHERINE SALAZAR RESTREPO,573139203239,katherine.salazar64@gmail.com,Medellin,honda xre 300,No contesta,2026-09-05T22:23:00,,katherine salazar restrepo,573139203239,katherine.salazar64@gmail.com,medellin,formulario web,no contesta,2026-09-05 18:23:00,2026-09-05 22:23:00,honda xre 300,1042,SKU-006,100.0,fuzzy,phone:573139203239,6f32c537-0441-5724-bfdb-e8693b9d1ebe,False,,1.0,,22900000.0,14990000.0,credito,,cuota,False,True
LD-01043,09-08-2026,Formulario Web,EMP-02,PV-007,Édinson Escobar Jiménez,320-388-6948,,SOLEDAD,Honda Navi,SIN GESTION,,Prima Extra,edinson escobar jimenez,573203886948,,soledad,formulario web,sin gestion,2026-08-09 00:00:00,,honda navi,1043,SKU-004,100.0,fuzzy,phone:573203886948,fcbc8c8c-7a37-5858-a635-877c8242336f,False,,1.0,,7290000.0,,credito,,soat,False,False
LD-01044,2026-08-17 10:02:00,WhatsApp,EMP-03,PV-013,Camilo Arias Zapata,3012255968,,Bogotá D.C.,NKD 125,No contesta,21/08/2026 10:02,Remate Modelos 2025,camilo arias zapata,573012255968,,bogota,whatsapp,no contesta,2026-08-17 10:02:00,2026-08-21 10:02:00,nkd 125,1044,SKU-017,100.0,exact,phone:573012255968,9c1cd1d2-3d0f-5074-863f-80bbc4953c75,False,,1.0,,5290000.0,10490000.0,credito,,cuota,False,True
LD-01045,2026-08-11 01:38:00,Meta Ads,EMP-02,PV-010,Édinson Rodríguez Escobar,3009347463,edinson.rodriguez54@yahoo.es,Monteria,Bajaj Boxer CT 100,Descartado,11-08-2026,Remate Modelos 2025,edinson rodriguez escobar,573009347463,edinson.rodriguez54@yahoo.es,monteria,meta ads,descartado,2026-08-11 01:38:00,2026-08-11 00:00:00,bajaj boxer ct 100,1045,SKU-007,100.0,fuzzy,phone:573009347463,26076cb4-4b3a-538e-96ab-c3c0e692da09,False,,1.0,,5790000.0,11490000.0,credito,,cuota,False,True
LD-01046,2026-08-22T06:14:00,WhatsApp,EMP-03,PV-011,Paula Andrea Torres Jiménez,+57 350 2963602,paula.torres70@yahoo.es,Bogotá,Hero Xpulse 200 2026,sin gestion,,,paula andrea torres jimenez,573502963602,paula.torres70@yahoo.es,bogota,whatsapp,sin gestion,2026-08-22 06:14:00,,hero xpulse 200 2026,1046,SKU-023,100.0,fuzzy,phone:573502963602,753472c1-d0eb-582b-ac1f-bbb3363202af,False,,1.0,,14990000.0,,,,,False,False
LD-01047,19/08/2026 07:27,Meta Ads,EMP-03,PV-015,HÉCTOR VALENCIA OSPINA, 3214630290 ,,Soacha,hero hunk 160r,no contesta,,Agosto Cero Cuotas,hector valencia ospina,573214630290,,soacha,meta ads,no contesta,2026-08-19 07:27:00,,hero hunk 160r,1047,SKU-022,100.0,fuzzy,phone:573214630290,ccdb6458-8926-520a-a373-b3bc8ecf0b4f,False,,1.0,,10490000.0,,,,,False,False
LD-01048,08/13/2026 12:50,whatsapp,EMP-03,PV-014,  Nelson Zapata Vargas  ,3164027926,,BOGOTA,bajaj dominar 400,Contactado,2026-08-13 16:50:00,Agosto Cero Cuotas,nelson zapata vargas,573164027926,,bogota,whatsapp,contactado,2026-08-13 12:50:00,2026-08-13 16:50:00,bajaj dominar 400,1048,SKU-011,100.0,fuzzy,phone:573164027926,46aab01b-02cd-5eb7-b69c-7212fb13c6a8,True,46aab01b-02cd-5eb7-b69c-7212fb13c6a8,1.0,same_phone_or_email,24900000.0,,,,,False,False
LD-01049,2026-09-03 01:46:00,Meta Ads,EMP-03,PV-014,SEBASTIÁN CASTAÑO FRANCO,+57 305 4847039,,BOGOTA,honda cb 190r,Descartado,04/09/2026 01:46,,sebastian castano franco,573054847039,,bogota,meta ads,descartado,2026-09-03 01:46:00,2026-09-04 01:46:00,honda cb 190r,1049,SKU-003,100.0,fuzzy,phone:573054847039,30f4894c-4f4f-5567-b4ea-2daf1555029a,False,,1.0,,13990000.0,,,,,False,False
LD-01050,2026-09-04 06:04:00,Meta Ads,EMP-01,PV-005,Brayan Vargas Zapata,3012292832,brayan.vargas73@yahoo.es,Medellín ,Navi,contactado,2026-09-05T12:04:00,Prima Extra,brayan vargas zapata,573012292832,brayan.vargas73@yahoo.es,medellin,meta ads,contactado,2026-09-04 06:04:00,2026-09-05 12:04:00,navi,1050,SKU-004,100.0,exact,phone:573012292832,a98c928b-2e2d-568e-a593-7adff8028302,False,,1.0,,7290000.0,,,,,False,False
LD-01051,2026-08-04T07:34:00,WhatsApp,EMP-03,PV-012,Cristian Vargas Agudelo,(302) 759-8699,cristian.vargas39@hotmail.com,bogotá,Bajaj Pulsar,En proceso,2026-08-05T01:34:00,Remate Modelos 2025,cristian vargas agudelo,573027598699,cristian.vargas39@hotmail.com,bogota,whatsapp,en proceso,2026-08-04 07:34:00,2026-08-05 01:34:00,bajaj pulsar,1051,,66.66666666666666,unmatched,phone:573027598699,09df7622-3a1f-5c07-8185-c910721ba1e5,False,,1.0,,,,,,,False,False
LD-01052,06-09-2026,META ADS,EMP-02,PV-008,ERIKA ARIAS PÉREZ,573125751550,erika.arias65@gmail.com,Cartagena,Bajaj Boxer CT 100,Cotización enviada,10-09-2026,Agosto Cero Cuotas,erika arias perez,573125751550,erika.arias65@gmail.com,cartagena,meta ads,cotizacion enviada,2026-09-06 00:00:00,2026-09-10 00:00:00,bajaj boxer ct 100,1052,SKU-007,100.0,fuzzy,phone:573125751550,ec1e04ba-d445-5a8d-badf-9b3d2a2fec3b,True,ec1e04ba-d445-5a8d-badf-9b3d2a2fec3b,1.0,same_phone_or_email,5790000.0,,,,,False,False
LD-01053,2026-08-22 04:55:00,Meta Ads,EMP-03,PV-015,Luisa Bedoya Castaño,311-160-7710,luisa.bedoya83@gmail.com,Soacha,Suzuki,sin gestion,,Prima Extra,luisa bedoya castano,573111607710,luisa.bedoya83@gmail.com,soacha,meta ads,sin gestion,2026-08-22 04:55:00,,suzuki,1053,,26.66666666666667,unmatched,phone:573111607710,66e19939-983a-5092-b6f7-77383e499cbb,True,66e19939-983a-5092-b6f7-77383e499cbb,1.0,same_phone_or_email,,4990000.0,credito,,cuota,False,True
LD-01054,2026-08-03T10:08:00,Meta Ads,EMP-02,PV-009,  Wilmar Osorio Betancur  ,+57 317 8572238,wilmar.osorio57@outlook.com,Sta Marta,Suzuki  Gixxer 150,Contactado,04-08-2026,Retoma tu moto,wilmar osorio betancur,573178572238,wilmar.osorio57@outlook.com,santa marta,meta ads,contactado,2026-08-03 10:08:00,2026-08-04 00:00:00,suzuki gixxer 150,1054,SKU-014,100.0,fuzzy,phone:573178572238,d28fe83b-525e-524a-ba5a-6c37395347fd,False,,1.0,,11990000.0,,,,,False,False
LD-01055,06-09-2026,WhatsApp,EMP-01,PV-005,Jhon Jairo Hernández Torres,3202393818,jhon.hernandez53@gmail.com,Medellín ,Bajaj Boxer CT 100,no contesta,07-09-2026,Agosto Cero Cuotas,jhon jairo hernandez torres,573202393818,jhon.hernandez53@gmail.com,medellin,whatsapp,no contesta,2026-09-06 00:00:00,2026-09-07 00:00:00,bajaj boxer ct 100,1055,SKU-007,100.0,fuzzy,phone:573202393818,8ab99d0f-d8ac-5529-8e90-842675d3e177,False,,1.0,,5790000.0,,,,,False,False
LD-01056,26/08/2026 19:14,Formulario Web,EMP-03,PV-012,  Liliana Cardona Restrepo  , 3109630234 ,liliana.cardona56@hotmail.com,Bogota DC,Bajaj Discover 125,No contesta,2026-08-26T20:14:00,Remate Modelos 2025,liliana cardona restrepo,573109630234,liliana.cardona56@hotmail.com,bogota dc,formulario web,no contesta,2026-08-26 19:14:00,2026-08-26 20:14:00,bajaj discover 125,1056,SKU-012,100.0,fuzzy,phone:573109630234,e5970386-123c-5fb0-a0a3-3004b22e6522,False,,1.0,,6990000.0,11290000.0,credito,,cuota,False,True
LD-01057,03-09-2026,Meta Ads,EMP-02,PV-006,Yuliana Quintero Marín,321 762 7802,yuliana.quintero56@hotmail.com,BARRANQUILLA,HERO XPULSE 200,Descartado,2026-09-03T23:54:00,Prima Extra,yuliana quintero marin,573217627802,yuliana.quintero56@hotmail.com,barranquilla,meta ads,descartado,2026-09-03 00:00:00,2026-09-03 23:54:00,hero xpulse 200,1057,SKU-023,100.0,fuzzy,phone:573217627802,07d746cf-4ccd-5c64-ac0d-d78468d8a9c4,False,,1.0,,14990000.0,,,,,False,False
LD-01058,08/03/2026 13:44,Meta Ads,EMP-01,PV-002,Luisa Bedoya Pérez,3207479232,luisa.bedoya13@gmail.com,Itagüí,Heroo Xpulse 200,Sin gestión,,Remate Modelos 2025,luisa bedoya perez,573207479232,luisa.bedoya13@gmail.com,itagui,meta ads,sin gestion,2026-03-08 13:44:00,,heroo xpulse 200,1058,SKU-023,100.0,fuzzy,phone:573207479232,f205dfe3-88ce-5766-b010-3394cf4e8e21,False,,1.0,,14990000.0,,,,,False,False
LD-01059,2026-08-01 12:28:00,Meta Ads,EMP-03,PV-013,LUZ MARINA FRANCO CARDONA, 3205053816 ,luz.franco85@gmail.com,Bogota DC,suzuki v-strom 250,Contactado,2026-08-02T06:28:00,Retoma tu moto,luz marina franco cardona,573205053816,luz.franco85@gmail.com,bogota dc,meta ads,contactado,2026-08-01 12:28:00,2026-08-02 06:28:00,suzuki v-strom 250,1059,SKU-015,100.0,fuzzy,phone:573205053816,15518e3a-4231-5657-a9e6-2f41378499b6,False,,1.0,,21900000.0,,,,,False,False
LD-01060,2026-09-05T03:00:00,Formulario Web,EMP-02,PV-007,Leidy Johana Zapata Arias,+57 351 3265046,leidy.zapata40@yahoo.es,SOLEDAD,honda navi,Cotización enviada,06-09-2026,Remate Modelos 2025,leidy johana zapata arias,573513265046,leidy.zapata40@yahoo.es,soledad,formulario web,cotizacion enviada,2026-09-05 03:00:00,2026-09-06 00:00:00,honda navi,1060,SKU-004,100.0,fuzzy,phone:573513265046,adf3cb67-44fe-5d09-a710-31f080eca50f,False,,1.0,,7290000.0,,,,,False,False
LD-01061,02/08/2026 06:06,WhatsApp,EMP-03,PV-013,  Adriana Muñoz Bedoya  , 3109151636 ,,Bogota,AKT Evo RS 150,En proceso,,,adriana munoz bedoya,573109151636,,bogota,whatsapp,en proceso,2026-08-02 06:06:00,,akt evo rs 150,1061,SKU-020,100.0,fuzzy,phone:573109151636,b335f43e-6886-5fa6-94c0-ead442d6e5c1,False,,1.0,,7190000.0,,credito,,soat,False,False
LD-01062,2026-09-09T20:34:00,WhatsApp,EMP-03,PV-015,Erika Rodríguez Betancur,(312) 425-1079,,Soacha,AKT  Evo RS 150,Cotización enviada,2026-09-10T02:34:00,,erika rodriguez betancur,573124251079,,soacha,whatsapp,cotizacion enviada,2026-09-09 20:34:00,2026-09-10 02:34:00,akt evo rs 150,1062,SKU-020,100.0,fuzzy,phone:573124251079,fc5ba367-2d4d-5935-a141-1f9f66f306df,False,,1.0,,7190000.0,,credito,baja,precio,False,True
LD-01063,2026-08-08 03:15:00,WhatsApp,EMP-01,PV-003,SANDRA MILENA CARDONA BETANCUR,314-299-2011,sandra.cardona79@hotmail.com,bello,bajaj discover 125,Contactado,08/08/2026 04:15,Remate Modelos 2025,sandra milena cardona betancur,573142992011,sandra.cardona79@hotmail.com,bello,whatsapp,contactado,2026-08-08 03:15:00,2026-08-08 04:15:00,bajaj discover 125,1063,SKU-012,100.0,fuzzy,phone:573142992011,1930f1bd-5280-56e8-8048-d10bea3ca3f3,False,,1.0,,6990000.0,,,,,False,False
LD-01064,2026-08-03 12:53:00,Meta Ads,EMP-02,PV-010,Freddy Agudelo Cardona,3057641089,freddy.agudelo99@gmail.com,Monteria,AKT Evo RS 150,Cotización enviada,2026-08-03 16:53:00,Retoma tu moto,freddy agudelo cardona,573057641089,freddy.agudelo99@gmail.com,monteria,meta ads,cotizacion enviada,2026-08-03 12:53:00,2026-08-03 16:53:00,akt evo rs 150,1064,SKU-020,100.0,fuzzy,phone:573057641089,95db8f06-d2ed-52f3-8525-d32649c7e391,False,,1.0,,7190000.0,,credito,baja,precio,False,True
LD-01065,2026-09-03 15:37:00,META ADS,EMP-03,PV-015,VANESSA TORRES VALENCIA, 3214266477 ,vanessa.torres33@hotmail.com,SOACHA,Suzuki  Best 125,Cotización enviada,2026-09-03 16:37:00,Agosto Cero Cuotas,vanessa torres valencia,573214266477,vanessa.torres33@hotmail.com,soacha,meta ads,cotizacion enviada,2026-09-03 15:37:00,2026-09-03 16:37:00,suzuki best 125,1065,SKU-016,100.0,fuzzy,phone:573214266477,cee82593-50b5-5d62-9576-66325aa63226,False,,1.0,,6590000.0,,,,,False,False
LD-01066,21-08-2026,WHATSAPP,EMP-01,PV-002,DIANA CAROLINA CORREA HERNÁNDEZ,351-269-8569,,Itagüí,Honda XR,Sin gestión,,,diana carolina correa hernandez,573512698569,,itagui,whatsapp,sin gestion,2026-08-21 00:00:00,,honda xr,1066,,44.44444444444444,unmatched,phone:573512698569,25b48479-afd0-5a24-b73f-267e8011efac,True,25b48479-afd0-5a24-b73f-267e8011efac,1.0,same_phone_or_email,,,credito,,soat,False,False
LD-01067,2026-08-17 11:49:00,Formulario Web,EMP-01,PV-002,JUAN CARLOS GIRALDO GIRALDO,321-646-9963,juan.giraldo38@gmail.com,ITAGUI,HONDA NAVI,Contactado,17-08-2026,Remate Modelos 2025,juan carlos giraldo giraldo,573216469963,juan.giraldo38@gmail.com,itagui,formulario web,contactado,2026-08-17 11:49:00,2026-08-17 00:00:00,honda navi,1067,SKU-004,100.0,fuzzy,phone:573216469963,c71713b8-f675-5bc9-b1bb-4bdb9b303eb1,False,,1.0,,7290000.0,,,,,False,False
LD-01068,21/08/2026 16:09,WhatsApp,EMP-02,PV-007,Duván Valencia Agudelo,(317) 197-7441,,Soledad,Hero Dash 110 2026,no contesta,,,duvan valencia agudelo,573171977441,,soledad,whatsapp,no contesta,2026-08-21 16:09:00,,hero dash 110 2026,1068,SKU-024,100.0,fuzzy,phone:573171977441,e23bae00-a095-56c4-b33c-cf7011f78452,False,,1.0,,6290000.0,,credito,,soat,False,False
LD-01069,2026-08-20 08:42:00,Meta Ads,EMP-03,PV-011,NELSON OSPINA ARIAS,+57 311 7200146,nelson.ospina50@outlook.com,Bogota DC,Bajaj Pulsar NS 160,En proceso,2026-08-20T10:42:00,Prima Extra,nelson ospina arias,573117200146,nelson.ospina50@outlook.com,bogota dc,meta ads,en proceso,2026-08-20 08:42:00,2026-08-20 10:42:00,bajaj pulsar ns 160,1069,SKU-009,100.0,fuzzy,phone:573117200146,b7a7f36d-97ed-5b8c-8a18-ffa49cafd7d0,False,,1.0,,11290000.0,,,,,False,False
LD-01070,08/01/2026 07:00,WhatsApp,EMP-01,PV-001,MARCELA MUÑOZ RAMÍREZ,300-890-9773,marcela.munoz33@yahoo.es,Medellin,Hero  Hunk 160R,Contactado,2026-08-04 07:00:00,Remate Modelos 2025,marcela munoz ramirez,573008909773,marcela.munoz33@yahoo.es,medellin,whatsapp,contactado,2026-01-08 07:00:00,2026-08-04 07:00:00,hero hunk 160r,1070,SKU-022,100.0,fuzzy,phone:573008909773,c2112990-be7a-51ae-b6c5-e39939a31e92,True,c2112990-be7a-51ae-b6c5-e39939a31e92,1.0,same_phone_or_email,10490000.0,,,,,False,False
LD-01071,08/20/2026 14:02,whatsapp,EMP-03,PV-011,Paula Andrea Bedoya Cardona,+57 301 9623825,paula.bedoya87@yahoo.es,Bogota,hero xpulse 200,Contactado,2026-08-21 20:02:00,,paula andrea bedoya cardona,573019623825,paula.bedoya87@yahoo.es,bogota,whatsapp,contactado,2026-08-20 14:02:00,2026-08-21 20:02:00,hero xpulse 200,1071,SKU-023,100.0,fuzzy,phone:573019623825,f18d3661-1fee-599e-b37f-144350bd2fd6,False,,1.0,,14990000.0,,credito,baja,precio,False,True
LD-01072,2026-08-11 03:26:00,FORMULARIO WEB,EMP-03,PV-012,  Julián Osorio Salazar  ,(302) 669-3961,julian.osorio98@gmail.com,Bogotá,akt ttr 200,Sin gestión,,Retoma tu moto,julian osorio salazar,573026693961,julian.osorio98@gmail.com,bogota,formulario web,sin gestion,2026-08-11 03:26:00,,akt ttr 200,1072,SKU-019,100.0,fuzzy,phone:573026693961,d84b5021-87ef-5ce0-8a3d-689131e735e5,False,,1.0,,9890000.0,6590000.0,credito,,cuota,False,True
LD-01073,2026-09-07 23:21:00,WhatsApp,EMP-03,PV-015,Katherine Pérez Ospina,(314) 294-4824,,SOACHA,Suzuki  V-Strom 250,sin gestion,,Agosto Cero Cuotas,katherine perez ospina,573142944824,,soacha,whatsapp,sin gestion,2026-09-07 23:21:00,,suzuki v-strom 250,1073,SKU-015,100.0,fuzzy,phone:573142944824,dc8bfc6c-962b-56b6-b5a0-b1351c0c22bb,False,,1.0,,21900000.0,,,,,False,False
LD-01074,2026-08-11T09:03:00,WhatsApp,EMP-03,PV-013,Diana Carolina Gómez Franco,3239909764,diana.gomez40@gmail.com,Bogota,Hnda CB 190R,sin gestion,,Retoma tu moto,diana carolina gomez franco,573239909764,diana.gomez40@gmail.com,bogota,whatsapp,sin gestion,2026-08-11 09:03:00,,hnda cb 190r,1074,SKU-003,100.0,fuzzy,phone:573239909764,e5118621-cc29-5e13-bf1d-06f97240b0ea,False,,1.0,,13990000.0,,credito,media,precio,False,True
LD-01075,09/08/2026 01:05,Formulario Web,EMP-02,PV-008,Camilo Muñoz Londoño,(305) 925-3934,,CARTAGENA,Dash 110,no contesta,2026-08-12T01:05:00,,camilo munoz londono,573059253934,,cartagena,formulario web,no contesta,2026-08-09 01:05:00,2026-08-12 01:05:00,dash 110,1075,SKU-024,100.0,exact,phone:573059253934,ff31ebf3-cb33-5ea6-8e13-df0a37d4e7de,False,,1.0,,6290000.0,,,,,False,False
LD-01076,18/08/2026 15:41,Meta Ads,EMP-03,PV-014,  Sandra Milena Restrepo Valencia  ,+57 301 2321117,,Bogota DC,SUZUKI GN 125,Cotización enviada,18-08-2026,Remate Modelos 2025,sandra milena restrepo valencia,573012321117,,bogota dc,meta ads,cotizacion enviada,2026-08-18 15:41:00,2026-08-18 00:00:00,suzuki gn 125,1076,SKU-013,100.0,fuzzy,phone:573012321117,f10b74a2-aa22-5235-9b0b-ecf96d4071f6,False,,1.0,,7490000.0,,,,,False,False
LD-01077,2026-09-02 07:35:00,Formulario Web,EMP-02,PV-010,Yuliana Cardona Franco,+57 304 6444372,yuliana.cardona86@hotmail.com,Monteria,Navi,No contesta,2026-09-06T07:35:00,Retoma tu moto,yuliana cardona franco,573046444372,yuliana.cardona86@hotmail.com,monteria,formulario web,no contesta,2026-09-02 07:35:00,2026-09-06 07:35:00,navi,1077,SKU-004,100.0,exact,phone:573046444372,f0608206-3d07-5377-8d8e-6f0d338672d8,False,,1.0,,7290000.0,,,,,False,False
LD-01078,2026-09-03 00:42:00,Formulario Web,EMP-01,PV-003,Erika Osorio Escobar,316 829 9364,,,Honda CB 190R,no contesta,09/07/2026 00:42,Remate Modelos 2025,erika osorio escobar,573168299364,,,formulario web,no contesta,2026-09-03 00:42:00,2026-07-09 00:42:00,honda cb 190r,1078,SKU-003,100.0,fuzzy,phone:573168299364,a398b666-4467-5c29-be48-0439b97c10b6,True,a398b666-4467-5c29-be48-0439b97c10b6,1.0,same_phone_or_email,13990000.0,,,,,False,False
LD-01079,2026-09-09 01:29:00,WhatsApp,EMP-02,PV-008,Alexander Castaño Cardona,3161771872,,Cartagena,AKT,Contactado,09/09/2026 13:29,,alexander castano cardona,573161771872,,cartagena,whatsapp,contactado,2026-09-09 01:29:00,2026-09-09 13:29:00,akt,1079,,28.57142857142857,unmatched,phone:573161771872,53a5292e-995a-5122-bbbd-761b531bbc61,False,,1.0,,,,,,,False,False
LD-01080,2026-09-04 05:27:00,WhatsApp,EMP-01,PV-002,Marcela Agudelo Cardona,3165842976,marcela.agudelo39@gmail.com,Itagui,AKT NKD,Sin gestión,,,marcela agudelo cardona,573165842976,marcela.agudelo39@gmail.com,itagui,whatsapp,sin gestion,2026-09-04 05:27:00,,akt nkd,1080,,60.0,unmatched,phone:573165842976,82e49766-7fa4-5f53-8bf7-220ad2959918,False,,1.0,,,,credito,media,precio,False,True
LD-01081,2026-08-13 03:33:00,WHATSAPP,EMP-02,PV-008,  Claudia Patricia Ospina Hernández  ,315 931 5236,,Cartagena,honda cb 190r,No contesta,2026-08-13 07:33:00,,claudia patricia ospina hernandez,573159315236,,cartagena,whatsapp,no contesta,2026-08-13 03:33:00,2026-08-13 07:33:00,honda cb 190r,1081,SKU-003,100.0,fuzzy,phone:573159315236,5e997d64-bac7-546c-a1e6-d63214f85f14,False,,1.0,,13990000.0,,,,,False,False
LD-01082,2026-09-08 03:44:00,meta ads,EMP-03,PV-015,  Luz Marina Franco Jiménez  ,3163454273,luz.franco69@gmail.com,SOACHA,Bajaj  Boxer CT 100,Sin gestión,,Remate Modelos 2025,luz marina franco jimenez,573163454273,luz.franco69@gmail.com,soacha,meta ads,sin gestion,2026-09-08 03:44:00,,bajaj boxer ct 100,1082,SKU-007,100.0,fuzzy,phone:573163454273,c8ae889a-515b-51a2-80f2-f6dc2a5d0fa1,False,,1.0,,5790000.0,,credito,media,soat,True,False
LD-01083,22-08-2026,whatsapp,EMP-01,PV-005,Cristian Castaño Jiménez,3137095013,,Medellín ,Hero Xpulse 200 2026,Sin gestión,,Prima Extra,cristian castano jimenez,573137095013,,medellin,whatsapp,sin gestion,2026-08-22 00:00:00,,hero xpulse 200 2026,1083,SKU-023,100.0,fuzzy,phone:573137095013,b71df2c1-86aa-543f-b1fc-642bf7bd0d9c,False,,1.0,,14990000.0,,credito,,soat,False,False
LD-01084,2026-09-02 17:06:00,Meta Ads,EMP-03,PV-012,Sandra Milena Muñoz Franco,304-589-0842,,BOGOTA,Dash 110,En proceso,05-09-2026,Retoma tu moto,sandra milena munoz franco,573045890842,,bogota,meta ads,en proceso,2026-09-02 17:06:00,2026-09-05 00:00:00,dash 110,1084,SKU-024,100.0,exact,phone:573045890842,1feee4bd-a818-5df8-b566-d2dc1154a6a2,False,,1.0,,6290000.0,,credito,,soat,False,False
LD-01085,27-08-2026,WhatsApp,EMP-01,PV-001,Leidy Johana Castaño Vargas,3025642561,leidy.castano54@gmail.com,Medellín,Honda Navi,no contesta,2026-08-28 10:52:00,Feria de Motos 2026,leidy johana castano vargas,573025642561,leidy.castano54@gmail.com,medellin,whatsapp,no contesta,2026-08-27 00:00:00,2026-08-28 10:52:00,honda navi,1085,SKU-004,100.0,fuzzy,phone:573025642561,bb46ddd3-bc03-5596-9b73-adcdf6a780f4,False,,1.0,,7290000.0,6990000.0,credito,,soat,False,False
LD-01086,08/08/2026 10:57,WHATSAPP,EMP-02,PV-008,Liliana Giraldo Londoño,+57 322 5882892,liliana.giraldo46@hotmail.com,Cartagena de Indias,,Descartado,11-08-2026,Feria de Motos 2026,liliana giraldo londono,573225882892,liliana.giraldo46@hotmail.com,cartagena de indias,whatsapp,descartado,2026-08-08 10:57:00,2026-08-11 00:00:00,,1086,,0.0,none,phone:573225882892,2be13607-49e2-5696-8ebd-278ddad7c1ff,False,,1.0,,,,,,,False,False
LD-01087,2026-08-15 07:14:00,whatsapp,EMP-02,PV-009,FREDDY OSPINA ESCOBAR,3059122769,freddy.ospina1@hotmail.com,Sta Marta,Honda Dio 110,Contactado,,Feria de Motos 2026,freddy ospina escobar,573059122769,freddy.ospina1@hotmail.com,santa marta,whatsapp,contactado,2026-08-15 07:14:00,,honda dio 110,1087,SKU-005,100.0,fuzzy,phone:573059122769,aacb49c2-8d16-54cd-a67d-585dd4f7866a,False,,1.0,,6890000.0,,,,,False,False
LD-01088,2026-08-05 23:17:00,WhatsApp,EMP-02,PV-008,Marcela Ospina Londoño,+57 310 9888088,marcela.ospina49@yahoo.es,Cartagena de Indias,BAJAJ PULSAR RS 200,Contactado,08/06/2026 23:17,Agosto Cero Cuotas,marcela ospina londono,573109888088,marcela.ospina49@yahoo.es,cartagena de indias,whatsapp,contactado,2026-08-05 23:17:00,2026-06-08 23:17:00,bajaj pulsar rs 200,1088,SKU-010,100.0,fuzzy,phone:573109888088,1ee123ed-dc0e-57e3-9c09-1ea245a3fadf,False,,1.0,,15490000.0,6290000.0,credito,media,cuota,False,True
LD-01089,2026-09-01 00:40:00,WhatsApp,EMP-03,PV-015,Carlos Mario Osorio Betancur,3126021569,,Soacha,,sin gestion,,Retoma tu moto,carlos mario osorio betancur,573126021569,,soacha,whatsapp,sin gestion,2026-09-01 00:40:00,,,1089,,0.0,none,phone:573126021569,3d2936a8-14f9-5662-8a3f-b2796ef0327b,False,,1.0,,,,,,,False,False
LD-01090,2026-08-30 03:42:00,Meta Ads,EMP-03,PV-012,Yuliana Vargas Hernández,+57 315 1985971,,Bogotá,Bajaj  Pulsar NS 125,Cotización enviada,08/30/2026 05:42,Agosto Cero Cuotas,yuliana vargas hernandez,573151985971,,bogota,meta ads,cotizacion enviada,2026-08-30 03:42:00,2026-08-30 05:42:00,bajaj pulsar ns 125,1090,SKU-008,100.0,fuzzy,phone:573151985971,251eccaf-967e-5d98-95b4-39fa94d3382b,False,,1.0,,8990000.0,11290000.0,credito,media,soat,False,False
LD-01091,08/23/2026 18:49,Formulario Web,EMP-03,PV-014,Yuliana Ramírez Arias,315 518 1010,,BOGOTA,Honda Dio 110 2026,En proceso,08/23/2026 19:49,,yuliana ramirez arias,573155181010,,bogota,formulario web,en proceso,2026-08-23 18:49:00,2026-08-23 19:49:00,honda dio 110 2026,1091,SKU-005,100.0,fuzzy,phone:573155181010,83624442-6e48-5730-9665-7a4aaf570f6d,False,,1.0,,6890000.0,,,,,False,False
LD-01092,09/09/2026 01:40,WhatsApp,EMP-02,PV-007,ANDRÉS FELIPE GIRALDO BEDOYA,3122598373,andres.giraldo28@yahoo.es,Soledad,akt dynamic r3 125,Cotización enviada,09/09/2026 02:40,,andres felipe giraldo bedoya,573122598373,andres.giraldo28@yahoo.es,soledad,whatsapp,cotizacion enviada,2026-09-09 01:40:00,2026-09-09 02:40:00,akt dynamic r3 125,1092,SKU-018,100.0,fuzzy,phone:573122598373,84a81e7f-4532-5650-9a17-238e1c54a592,True,84a81e7f-4532-5650-9a17-238e1c54a592,1.0,same_phone_or_email,5590000.0,,,,,False,False
LD-01093,2026-08-20T15:34:00,whatsapp,EMP-03,PV-013,BRAYAN MUÑOZ CASTAÑO,3225067636,brayan.munoz99@yahoo.es,Bogotá,Honda XR 150L,Contactado,2026-08-21T15:34:00,,brayan munoz castano,573225067636,brayan.munoz99@yahoo.es,bogota,whatsapp,contactado,2026-08-20 15:34:00,2026-08-21 15:34:00,honda xr 150l,1093,SKU-002,100.0,fuzzy,phone:573225067636,9bd33652-d299-507d-b32a-e5a972c94d97,False,,1.0,,11490000.0,,,,,False,False
LD-01094,11/08/2026 02:47,formulario web,EMP-01,PV-005,Kevin Agudelo Ramírez,315-475-5981,,medellin,Suzuki GN 125,Cotización enviada,11-08-2026,Retoma tu moto,kevin agudelo ramirez,573154755981,,medellin,formulario web,cotizacion enviada,2026-08-11 02:47:00,2026-08-11 00:00:00,suzuki gn 125,1094,SKU-013,100.0,fuzzy,phone:573154755981,350d34e9-4cc4-58fe-9727-7ab55bdb1c4c,False,,1.0,,7490000.0,6990000.0,credito,,cuota,False,True
LD-01095,26/08/2026 15:04,Meta Ads,EMP-02,PV-008,  Wilmar Agudelo Pérez  ,350 915 8179,,CARTAGENA,Heroo Eco Deluxe 100,SIN GESTION,,Retoma tu moto,wilmar agudelo perez,573509158179,,cartagena,meta ads,sin gestion,2026-08-26 15:04:00,,heroo eco deluxe 100,1095,SKU-021,100.0,fuzzy,phone:573509158179,f68d8e7e-5ef7-56d1-995b-9eceab136303,False,,1.0,,4990000.0,,credito,,soat,False,False
LD-01096,03/08/2026 18:11,WhatsApp,EMP-01,PV-002,Liliana Muñoz Escobar,3014358883,liliana.munoz36@outlook.com,,BAJAJ PULSAR NS 125,Contactado,08/04/2026 18:11,Agosto Cero Cuotas,liliana munoz escobar,573014358883,liliana.munoz36@outlook.com,,whatsapp,contactado,2026-08-03 18:11:00,2026-04-08 18:11:00,bajaj pulsar ns 125,1096,SKU-008,100.0,fuzzy,phone:573014358883,fd56b606-6607-552a-b6f0-746557a05b09,True,fd56b606-6607-552a-b6f0-746557a05b09,1.0,same_phone_or_email,8990000.0,11490000.0,credito,media,soat,True,True
LD-01097,2026-08-11T07:41:00,WhatsApp,EMP-01,PV-002,  María Fernanda Zapata Agudelo  ,3137917945,,Itagui,Suzuki GN 125,No contesta,,Remate Modelos 2025,maria fernanda zapata agudelo,573137917945,,itagui,whatsapp,no contesta,2026-08-11 07:41:00,,suzuki gn 125,1097,SKU-013,100.0,fuzzy,phone:573137917945,f7d40f43-560f-5d93-86cc-ed73348c5f6c,False,,1.0,,7490000.0,9890000.0,credito,,cuota,False,True
LD-01098,16/08/2026 04:36,Meta Ads,EMP-02,PV-006,Carlos Mario Franco Jiménez,3137306497,,Barranquilla,CB 125F Twister,Contactado,17/08/2026 04:36,Prima Extra,carlos mario franco jimenez,573137306497,,barranquilla,meta ads,contactado,2026-08-16 04:36:00,2026-08-17 04:36:00,cb 125f twister,1098,SKU-001,100.0,exact,phone:573137306497,36c0201a-f157-51b7-bd64-97c9ffba17e7,False,,1.0,,7990000.0,6290000.0,credito,media,cuota,False,True
LD-01099,2026-08-17T20:33:00,meta ads,EMP-03,PV-013,Héctor Cardona Correa,3141533827,,BOGOTA,Honda XRE 300,SIN GESTION,,,hector cardona correa,573141533827,,bogota,meta ads,sin gestion,2026-08-17 20:33:00,,honda xre 300,1099,SKU-006,100.0,fuzzy,phone:573141533827,eea6785b-77c8-5b66-9560-4b0daff730f1,False,,1.0,,22900000.0,6990000.0,credito,media,soat,True,False
LD-01100,08/09/2026 02:09,whatsapp,EMP-02,PV-006,Nelson Rodríguez Rodríguez,+57 313 8606419,,B/quilla,Hero Dash 110,sin gestion,,Prima Extra,nelson rodriguez rodriguez,573138606419,,b/quilla,whatsapp,sin gestion,2026-09-08 02:09:00,,hero dash 110,1100,SKU-024,100.0,fuzzy,phone:573138606419,5ea2b4b2-3093-55ea-910c-ca085f858117,False,,1.0,,6290000.0,4990000.0,credito,media,cuota,False,True
LD-01101,2026-08-19T04:37:00,WhatsApp,EMP-01,PV-002,Yesenia Osorio Escobar,3148273467,yesenia.osorio71@hotmail.com,ITAGUI,Bajaj Boxer,Contactado,2026-08-19T10:37:00,Feria de Motos 2026,yesenia osorio escobar,573148273467,yesenia.osorio71@hotmail.com,itagui,whatsapp,contactado,2026-08-19 04:37:00,2026-08-19 10:37:00,bajaj boxer,1101,,62.5,unmatched,phone:573148273467,37347bb2-ef14-5960-971e-3c5963f5096c,False,,1.0,,,,credito,baja,precio,False,True
LD-01102,2026-09-07 06:48:00,WhatsApp,EMP-02,PV-006,  Fabián Quintero Londoño  ,(304) 228-8423,fabian.quintero24@yahoo.es,B/quilla,HERO HUNK 160R,En proceso,09/07/2026 08:48,,fabian quintero londono,573042288423,fabian.quintero24@yahoo.es,b/quilla,whatsapp,en proceso,2026-09-07 06:48:00,2026-07-09 08:48:00,hero hunk 160r,1102,SKU-022,100.0,fuzzy,phone:573042288423,bced9a55-f8f9-5528-ac56-4b497e664c42,False,,1.0,,10490000.0,,,,,False,False
LD-01103,04-08-2026,WhatsApp,EMP-03,PV-012,ALEXANDER QUINTERO HERNÁNDEZ, 3154318201 ,,Bogota DC,Bajaj Pulsar NS 125 2026,Contactado,05-08-2026,Remate Modelos 2025,alexander quintero hernandez,573154318201,,bogota dc,whatsapp,contactado,2026-08-04 00:00:00,2026-08-05 00:00:00,bajaj pulsar ns 125 2026,1103,SKU-008,100.0,fuzzy,phone:573154318201,c0c14444-1426-56e6-a3b9-99862446299b,True,c0c14444-1426-56e6-a3b9-99862446299b,1.0,same_phone_or_email,8990000.0,,,,,False,False
LD-01104,18/08/2026 16:34,Formulario Web,EMP-02,PV-009,Andrés Felipe Franco Valencia, 3186991996 ,,Santa Marta,Bajaj Discover 125,No contesta,18/08/2026 17:34,Feria de Motos 2026,andres felipe franco valencia,573186991996,,santa marta,formulario web,no contesta,2026-08-18 16:34:00,2026-08-18 17:34:00,bajaj discover 125,1104,SKU-012,100.0,fuzzy,phone:573186991996,69501c77-06cb-52af-95fa-e4bf4cf0cefe,False,,1.0,,6990000.0,,,,,False,False
LD-01105,2026-08-10 17:38:00,META ADS,EMP-03,PV-015,Jorge Iván Agudelo Escobar,3018984547,jorge.agudelo29@gmail.com,SOACHA,Honda Navi,Cotización enviada,2026-08-11 11:38:00,Remate Modelos 2025,jorge ivan agudelo escobar,573018984547,jorge.agudelo29@gmail.com,soacha,meta ads,cotizacion enviada,2026-08-10 17:38:00,2026-08-11 11:38:00,honda navi,1105,SKU-004,100.0,fuzzy,phone:573018984547,d3caf4bd-ec9f-589f-8708-ec52ba7f818d,False,,1.0,,7290000.0,,,,,False,False
LD-01106,19/08/2026 19:23,Formulario Web,EMP-01,PV-003,Duván Torres Escobar,573161553609,,BELLO,Bajaj Pulsar NS 125,Descartado,20/08/2026 13:23,,duvan torres escobar,573161553609,,bello,formulario web,descartado,2026-08-19 19:23:00,2026-08-20 13:23:00,bajaj pulsar ns 125,1106,SKU-008,100.0,fuzzy,phone:573161553609,658d7ebe-fbf4-5a50-9b8b-f22330fa9d90,False,,1.0,,8990000.0,,credito,media,soat,False,False
LD-01107,2026-08-19 09:25:00,Meta Ads,EMP-02,PV-006,Camilo Torres Londoño,304 476 5657,,Barranquilla,suzuki gixxer 150,Contactado,19-08-2026,Agosto Cero Cuotas,camilo torres londono,573044765657,,barranquilla,meta ads,contactado,2026-08-19 09:25:00,2026-08-19 00:00:00,suzuki gixxer 150,1107,SKU-014,100.0,fuzzy,phone:573044765657,5e45f7dd-98de-5fd4-9472-90f42464a9f0,False,,1.0,,11990000.0,6590000.0,credito,,cuota,False,True
LD-01108,08/04/2026 05:23,Meta Ads,EMP-02,PV-008,YESENIA ZAPATA ARIAS, 3176575775 ,yesenia.zapata39@gmail.com,Cartagena de Indias,Honda XRE 300 2026,Cotización enviada,,Retoma tu moto,yesenia zapata arias,573176575775,yesenia.zapata39@gmail.com,cartagena de indias,meta ads,cotizacion enviada,2026-04-08 05:23:00,,honda xre 300 2026,1108,SKU-006,100.0,fuzzy,phone:573176575775,552e87a1-57a8-5b84-9ce4-4d7fb4561c5b,False,,1.0,,22900000.0,5590000.0,credito,,cuota,False,True
LD-01109,2026-09-07 12:10:00,WhatsApp,EMP-01,PV-003,  Héctor Betancur Escobar  ,+57 304 2025090,,Bello,AKT TTR 200,Cotización enviada,09/07/2026 13:10,,hector betancur escobar,573042025090,,bello,whatsapp,cotizacion enviada,2026-09-07 12:10:00,2026-07-09 13:10:00,akt ttr 200,1109,SKU-019,100.0,fuzzy,phone:573042025090,6ccb2b32-74a6-5c5d-a454-5d116650ec7d,True,6ccb2b32-74a6-5c5d-a454-5d116650ec7d,1.0,same_phone_or_email,9890000.0,,,,,False,False
LD-01110,23-08-2026,meta ads,EMP-02,PV-007,Carlos Escobar,320 919 6079,carlos.escobar23@outlook.com,Soledad,Hero Eco,Descartado,2026-08-23 10:46:00,Agosto Cero Cuotas,carlos escobar,573209196079,carlos.escobar23@outlook.com,soledad,meta ads,descartado,2026-08-23 00:00:00,2026-08-23 10:46:00,hero eco,1110,,54.54545454545455,unmatched,phone:573209196079,9946edbc-e23f-589c-ac9e-6bdf0c62168f,True,9946edbc-e23f-589c-ac9e-6bdf0c62168f,1.0,same_phone_or_email,,,,,,False,False
LD-01111,2026-08-11 08:59:00,WhatsApp,EMP-01,PV-002,  Duván Londoño Jiménez  ,3105974971,duvan.londono49@hotmail.com,Itagui,Bajaj Pulsar RS 200 2026,no contesta,15/08/2026 08:59,Retoma tu moto,duvan londono jimenez,573105974971,duvan.londono49@hotmail.com,itagui,whatsapp,no contesta,2026-08-11 08:59:00,2026-08-15 08:59:00,bajaj pulsar rs 200 2026,1111,SKU-010,100.0,fuzzy,phone:573105974971,23b0ffea-36d8-5a78-a702-1418163a97ab,False,,1.0,,15490000.0,,,,,False,False
LD-01112,2026-08-07 16:52:00,WhatsApp,EMP-01,PV-001,KEVIN MUÑOZ RAMÍREZ,3152388731,kevin.munoz50@hotmail.com,Medellín ,AKT Evo RS 150,No contesta,07/08/2026 22:52,Feria de Motos 2026,kevin munoz ramirez,573152388731,kevin.munoz50@hotmail.com,medellin,whatsapp,no contesta,2026-08-07 16:52:00,2026-08-07 22:52:00,akt evo rs 150,1112,SKU-020,100.0,fuzzy,phone:573152388731,c278e060-58bb-5221-8205-64ff4b3b129d,False,,1.0,,7190000.0,7290000.0,credito,,cuota,False,True
LD-01113,2026-08-04 20:53:00,Meta Ads,EMP-03,PV-015,Liliana Gómez Bedoya,3040776451,,SOACHA,Honda Navi,En proceso,06-08-2026,Prima Extra,liliana gomez bedoya,573040776451,,soacha,meta ads,en proceso,2026-08-04 20:53:00,2026-08-06 00:00:00,honda navi,1113,SKU-004,100.0,fuzzy,phone:573040776451,0cb2db48-58bb-51c7-985a-68869f03f1af,False,,1.0,,7290000.0,,credito,,soat,False,False
LD-01114,2026-08-13 16:37:00,WhatsApp,EMP-03,PV-015,Sandra Milena Herrera Ospina,3133800119,,Soacha,Heroo Xpulse 200,SIN GESTION,,,sandra milena herrera ospina,573133800119,,soacha,whatsapp,sin gestion,2026-08-13 16:37:00,,heroo xpulse 200,1114,SKU-023,100.0,fuzzy,phone:573133800119,19910e9c-edc5-5d38-928e-c0fb3188426f,False,,1.0,,14990000.0,,,,,False,False
LD-01115,15/08/2026 07:17,WhatsApp,EMP-02,PV-009,SANDRA MILENA RAMÍREZ MUÑOZ,314-609-8469,sandra.ramirez2@hotmail.com,Santa Marta,Bajaj Pulsar RS 200 2026,No contesta,2026-08-15 11:17:00,Remate Modelos 2025,sandra milena ramirez munoz,573146098469,sandra.ramirez2@hotmail.com,santa marta,whatsapp,no contesta,2026-08-15 07:17:00,2026-08-15 11:17:00,bajaj pulsar rs 200 2026,1115,SKU-010,100.0,fuzzy,phone:573146098469,e9536915-be35-5cdc-af09-a52c839b1e22,True,e9536915-be35-5cdc-af09-a52c839b1e22,1.0,same_phone_or_email,15490000.0,,,,,False,False
LD-01116,08/08/2026 05:53,Formulario Web,EMP-02,PV-010,  Liliana Muñoz Jiménez  ,311-656-4438,,Montería,Honda Navi,Sin gestión,,Retoma tu moto,liliana munoz jimenez,573116564438,,monteria,formulario web,sin gestion,2026-08-08 05:53:00,,honda navi,1116,SKU-004,100.0,fuzzy,phone:573116564438,240e068f-4674-55eb-a2e0-590c977b6c04,False,,1.0,,7290000.0,,,,,False,False
LD-01117,07/09/2026 22:05,Formulario Web,EMP-02,PV-009,natalia correa castano,322 098 9247,natalia.correa83@outlook.com,SANTA MARTA,Discover 125,Descartado,07/09/2026 23:05,Remate Modelos 2025,natalia correa castano,573220989247,natalia.correa83@outlook.com,santa marta,formulario web,descartado,2026-09-07 22:05:00,2026-09-07 23:05:00,discover 125,1117,SKU-012,100.0,exact,phone:573220989247,de9e09ed-6e46-50a0-9673-5a7acc86d07f,True,de9e09ed-6e46-50a0-9673-5a7acc86d07f,1.0,same_phone_or_email,6990000.0,5290000.0,credito,,soat,False,False
LD-01118,2026-09-08 16:19:00,Formulario Web,EMP-02,PV-009,Juan Carlos Giraldo Arias,3155612414,juan.giraldo27@gmail.com,Santa Marta,Suzuki V-Strom 250,Sin gestión,,,juan carlos giraldo arias,573155612414,juan.giraldo27@gmail.com,santa marta,formulario web,sin gestion,2026-09-08 16:19:00,,suzuki v-strom 250,1118,SKU-015,100.0,fuzzy,phone:573155612414,5bcb8fb7-e848-5300-84fd-0c56605b90d3,False,,1.0,,21900000.0,6990000.0,credito,,cuota,False,True
LD-01119,2026-09-02 03:45:00,WhatsApp,EMP-02,PV-009,A. Betancur Herrera,323-115-0819,alexander.betancur94@hotmail.com,Santa Marta,Honda  XRE 300,Contactado,09/02/2026 21:45,,a. betancur herrera,573231150819,alexander.betancur94@hotmail.com,santa marta,whatsapp,contactado,2026-09-02 03:45:00,2026-02-09 21:45:00,honda xre 300,1119,SKU-006,100.0,fuzzy,phone:573231150819,4226b928-5579-5c5d-a0b5-d8b60fe69e8d,True,4226b928-5579-5c5d-a0b5-d8b60fe69e8d,1.0,same_phone_or_email,22900000.0,,,,,False,False
LD-01120,2026-09-01 05:01:00,WHATSAPP,EMP-01,PV-001,Natalia Giraldo Jiménez,312 010 8793,natalia.giraldo79@gmail.com,Medellín,Honda XR 150L 2026,sin gestion,,Agosto Cero Cuotas,natalia giraldo jimenez,573120108793,natalia.giraldo79@gmail.com,medellin,whatsapp,sin gestion,2026-09-01 05:01:00,,honda xr 150l 2026,1120,SKU-002,100.0,fuzzy,phone:573120108793,b1212501-8c2b-542f-83af-86028f773419,False,,1.0,,11490000.0,,,,,False,False
LD-01121,08/08/2026 00:18,Meta Ads,EMP-02,PV-008,WILMAR RESTREPO FRANCO,317 783 4272,wilmar.restrepo45@hotmail.com,Cartagena de Indias,bajaj pulsar ns 125,En proceso,08/12/2026 00:18,Remate Modelos 2025,wilmar restrepo franco,573177834272,wilmar.restrepo45@hotmail.com,cartagena de indias,meta ads,en proceso,2026-08-08 00:18:00,2026-12-08 00:18:00,bajaj pulsar ns 125,1121,SKU-008,100.0,fuzzy,phone:573177834272,30dcd032-5c56-5f31-a49d-76b6ea51ce58,False,,1.0,,8990000.0,,,,,False,False
LD-01122,2026-09-09 06:03:00,meta ads,EMP-02,PV-010,Estefanía Ramírez Rodríguez,311-799-4507,,Montería,AKT NKD 125 2026,En proceso,10/09/2026 12:03,,estefania ramirez rodriguez,573117994507,,monteria,meta ads,en proceso,2026-09-09 06:03:00,2026-09-10 12:03:00,akt nkd 125 2026,1122,SKU-017,100.0,fuzzy,phone:573117994507,e0bdaaf1-6713-563b-ab65-e616c983ba53,False,,1.0,,5290000.0,,,,,False,False
LD-01123,2026-08-24 23:38:00,Meta Ads,EMP-01,PV-001,Vanessa Ramírez Quintero,312-586-3781,vanessa.ramirez87@hotmail.com,Medellín,CB 125F Twister,Cotización enviada,08/27/2026 23:38,Agosto Cero Cuotas,vanessa ramirez quintero,573125863781,vanessa.ramirez87@hotmail.com,medellin,meta ads,cotizacion enviada,2026-08-24 23:38:00,2026-08-27 23:38:00,cb 125f twister,1123,SKU-001,100.0,exact,phone:573125863781,6533e433-a0f2-5eb1-a4b9-667b0b2aaedf,False,,1.0,,7990000.0,,,,,False,False
LD-01124,08-08-2026,WhatsApp,EMP-03,PV-012,Erika Herrera,305 815 1883,,Bogota DC,Hero Xpulse 200,No contesta,09/08/2026 05:06,Prima Extra,erika herrera,573058151883,,bogota dc,whatsapp,no contesta,2026-08-08 00:00:00,2026-08-09 05:06:00,hero xpulse 200,1124,SKU-023,100.0,fuzzy,phone:573058151883,a6220c0c-fa4b-546c-a955-e6b5dcb135cc,True,a6220c0c-fa4b-546c-a955-e6b5dcb135cc,1.0,same_phone_or_email,14990000.0,,,,,False,False
LD-01125,2026-08-28 08:02:00,Meta Ads,EMP-02,PV-008,Nelson Rodríguez Castaño,573120324065,nelson.rodriguez77@yahoo.es,Cartagena,Bajaj,Contactado,,Remate Modelos 2025,nelson rodriguez castano,573120324065,nelson.rodriguez77@yahoo.es,cartagena,meta ads,contactado,2026-08-28 08:02:00,,bajaj,1125,,22.22222222222223,unmatched,phone:573120324065,c1f7a6f2-5956-52da-b68f-bdf7ef2bc2ae,True,c1f7a6f2-5956-52da-b68f-bdf7ef2bc2ae,1.0,same_phone_or_email,,,credito,,soat,False,False
LD-01126,08/30/2026 12:03,Meta Ads,EMP-03,PV-014,Luz Marina Gómez Valencia,3028410040,,Bogotá,honda dio 110,En proceso,30/08/2026 14:03,Agosto Cero Cuotas,luz marina gomez valencia,573028410040,,bogota,meta ads,en proceso,2026-08-30 12:03:00,2026-08-30 14:03:00,honda dio 110,1126,SKU-005,100.0,fuzzy,phone:573028410040,5d22cfae-9a9f-558a-8a3a-f9022192c96b,False,,1.0,,6890000.0,,,,,False,False
LD-01127,2026-08-10 03:09:00,WhatsApp,EMP-02,PV-009,Jorge Iván Hernández Cardona,573015783161,jorge.hernandez36@yahoo.es,SANTA MARTA,Xpulse 200,Contactado,08/10/2026 04:09,,jorge ivan hernandez cardona,573015783161,jorge.hernandez36@yahoo.es,santa marta,whatsapp,contactado,2026-08-10 03:09:00,2026-10-08 04:09:00,xpulse 200,1127,SKU-023,100.0,exact,phone:573015783161,a87a703a-fca2-5ec2-a6b6-b371e270361f,False,,1.0,,14990000.0,,,,,False,False
LD-01128,2026-09-04 15:28:00,Meta Ads,EMP-03,PV-013,  Sandra Milena Hernández Londoño  ,573109866428,,Bogotá D.C.,Bajaj Pulsar NS 125,Sin gestión,,Feria de Motos 2026,sandra milena hernandez londono,573109866428,,bogota,meta ads,sin gestion,2026-09-04 15:28:00,,bajaj pulsar ns 125,1128,SKU-008,100.0,fuzzy,phone:573109866428,7c15bea1-6c2d-5b8d-a869-43be4591e437,False,,1.0,,8990000.0,9890000.0,credito,,soat,False,False
LD-01129,09-08-2026,Formulario Web,EMP-03,PV-011,Wilmar Mosquera Rodríguez,+57 301 6558965,,Bogota,Dynamic R3 125,Contactado,2026-08-10T07:10:00,Agosto Cero Cuotas,wilmar mosquera rodriguez,573016558965,,bogota,formulario web,contactado,2026-08-09 00:00:00,2026-08-10 07:10:00,dynamic r3 125,1129,SKU-018,100.0,exact,phone:573016558965,dcccaa25-5f8d-55b5-a179-8b00d13c24e2,False,,1.0,,5590000.0,,credito,,soat,False,False
LD-01130,2026-08-13 16:48:00,WhatsApp,EMP-02,PV-010,SEBASTIÁN PÉREZ RESTREPO,321-684-4102,,MONTERIA,AKT DYNAMIC R3 125,sin gestion,,Agosto Cero Cuotas,sebastian perez restrepo,573216844102,,monteria,whatsapp,sin gestion,2026-08-13 16:48:00,,akt dynamic r3 125,1130,SKU-018,100.0,fuzzy,phone:573216844102,ecdc1a1b-b393-57e4-9d9e-29232f9e446a,False,,1.0,,5590000.0,,,,,False,False
LD-01131,2026-08-07 05:02:00,WhatsApp,EMP-01,PV-001,Angie Paola Valencia Zapata, 3048075738 ,,medellin,Hero,En proceso,09-08-2026,Feria de Motos 2026,angie paola valencia zapata,573048075738,,medellin,whatsapp,en proceso,2026-08-07 05:02:00,2026-08-09 00:00:00,hero,1131,,28.57142857142857,unmatched,phone:573048075738,6ebfa81e-ea06-5670-aa18-45f25cc49f8b,False,,1.0,,,,,,,False,False
LD-01132,08/08/2026 15:30,Meta Ads,EMP-02,PV-008,  Vanessa Marín Bedoya  ,305 585 8314,vanessa.marin47@outlook.com,Cartagena de Indias,Bajaj Boxer CT 100,En proceso,,,vanessa marin bedoya,573055858314,vanessa.marin47@outlook.com,cartagena de indias,meta ads,en proceso,2026-08-08 15:30:00,,bajaj boxer ct 100,1132,SKU-007,100.0,fuzzy,phone:573055858314,6716b430-675b-500f-87ec-712fc968d94f,True,6716b430-675b-500f-87ec-712fc968d94f,1.0,same_phone_or_email,5790000.0,,,,,False,False
LD-01133,28-08-2026,WhatsApp,EMP-01,PV-001,Erika Castaño Restrepo,573015823762,,Medellín ,Gixxer 150,No contesta,2026-08-31T14:34:00,Prima Extra,erika castano restrepo,573015823762,,medellin,whatsapp,no contesta,2026-08-28 00:00:00,2026-08-31 14:34:00,gixxer 150,1133,SKU-014,100.0,exact,phone:573015823762,85bb7c77-fd60-5a8a-9514-489e11a106da,False,,1.0,,11990000.0,22900000.0,credito,,cuota,False,True
LD-01134,2026-08-19 02:21:00,WhatsApp,EMP-02,PV-009,  Claudia Patricia Osorio Zapata  ,573054412914,,SANTA MARTA,Hero Eco,Sin gestión,,Prima Extra,claudia patricia osorio zapata,573054412914,,santa marta,whatsapp,sin gestion,2026-08-19 02:21:00,,hero eco,1134,,54.54545454545455,unmatched,phone:573054412914,1e3fc3f8-5718-5bfb-abda-49bde0c8b976,False,,1.0,,,21900000.0,credito,media,soat,False,False
LD-01135,09-09-2026,Meta Ads,EMP-03,PV-011,Liliana Ramírez Ospina,573225752124,liliana.ramirez29@outlook.com,Bogota DC,bajaj pulsar ns 125,Sin gestión,,Remate Modelos 2025,liliana ramirez ospina,573225752124,liliana.ramirez29@outlook.com,bogota dc,meta ads,sin gestion,2026-09-09 00:00:00,,bajaj pulsar ns 125,1135,SKU-008,100.0,fuzzy,phone:573225752124,9f3ebf36-bd8f-543f-8988-1ece9341d4d4,False,,1.0,,8990000.0,,,,,False,False
LD-01136,2026-08-23T22:32:00,Meta Ads,EMP-01,PV-002,  Juan Carlos Osorio Mosquera  ,3022081077,juan.osorio61@outlook.com,Itagui,Bajai Boxer CT 100,Descartado,25-08-2026,,juan carlos osorio mosquera,573022081077,juan.osorio61@outlook.com,itagui,meta ads,descartado,2026-08-23 22:32:00,2026-08-25 00:00:00,bajai boxer ct 100,1136,SKU-007,100.0,fuzzy,phone:573022081077,fda01d09-891c-57dd-b981-55dee6514875,True,fda01d09-891c-57dd-b981-55dee6514875,1.0,same_phone_or_email,5790000.0,22900000.0,credito,,soat,False,False
LD-01137,08/25/2026 21:50,Meta Ads,EMP-01,PV-001,Paula Andrea Londoño Rodríguez, 3005246477 ,paula.londono15@outlook.com,MEDELLIN,hero xpulse 200,No contesta,08/27/2026 03:50,Feria de Motos 2026,paula andrea londono rodriguez,573005246477,paula.londono15@outlook.com,medellin,meta ads,no contesta,2026-08-25 21:50:00,2026-08-27 03:50:00,hero xpulse 200,1137,SKU-023,100.0,fuzzy,phone:573005246477,562b5664-a904-5aea-af45-228edb3d3a17,False,,1.0,,14990000.0,6590000.0,credito,,cuota,False,True
LD-01138,2026-08-31 03:16:00,whatsapp,EMP-02,PV-006,Alexander Salazar Giraldo,317-484-9159,alexander.salazar15@outlook.com,barranquilla,SUZUKI GN 125,Contactado,2026-08-31T15:16:00,Prima Extra,alexander salazar giraldo,573174849159,alexander.salazar15@outlook.com,barranquilla,whatsapp,contactado,2026-08-31 03:16:00,2026-08-31 15:16:00,suzuki gn 125,1138,SKU-013,100.0,fuzzy,phone:573174849159,17d14767-3a72-50e9-84e3-99c50c977566,False,,1.0,,7490000.0,,,,,False,False
LD-01139,2026-08-20T22:35:00,meta ads,EMP-03,PV-013,JORGE IVÁN JIMÉNEZ ESCOBAR,314 024 9879,jorge.jimenez54@gmail.com,BOGOTA,BAJAJ DISCOVER 125,Cotización enviada,21/08/2026 00:35,Agosto Cero Cuotas,jorge ivan jimenez escobar,573140249879,jorge.jimenez54@gmail.com,bogota,meta ads,cotizacion enviada,2026-08-20 22:35:00,2026-08-21 00:35:00,bajaj discover 125,1139,SKU-012,100.0,fuzzy,phone:573140249879,4009099e-7277-507d-be53-8ef4da852471,False,,1.0,,6990000.0,13990000.0,credito,,soat,False,False
LD-01140,06/09/2026 00:03,WHATSAPP,EMP-01,PV-002,  Jhon Jairo Zapata Mosquera  ,(351) 696-5852,,Itagui,AKT TTR 200,Contactado,,Agosto Cero Cuotas,jhon jairo zapata mosquera,573516965852,,itagui,whatsapp,contactado,2026-09-06 00:03:00,,akt ttr 200,1140,SKU-019,100.0,fuzzy,phone:573516965852,e33ee7aa-76f5-5f5c-b5bb-fe078bf91a5b,False,,1.0,,9890000.0,,credito,,soat,False,False
LD-01141,08-09-2026,Formulario Web,EMP-03,PV-015,Mónica Jiménez Franco,311-595-9529,monica.jimenez68@hotmail.com,Soacha,Bajaj Dominar 400,Cotización enviada,2026-09-08T22:00:00,Retoma tu moto,monica jimenez franco,573115959529,monica.jimenez68@hotmail.com,soacha,formulario web,cotizacion enviada,2026-09-08 00:00:00,2026-09-08 22:00:00,bajaj dominar 400,1141,SKU-011,100.0,fuzzy,phone:573115959529,92fdd335-ff5b-5525-a2bb-54591dabb515,True,92fdd335-ff5b-5525-a2bb-54591dabb515,1.0,same_phone_or_email,24900000.0,,,,,False,False
LD-01142,2026-08-13 08:21:00,Formulario Web,EMP-03,PV-012,Cristian Cardona Ramírez,351 961 0538,cristian.cardona11@outlook.com,Bogotá,Honda Dio 110 2026,Descartado,2026-08-13 09:21:00,,cristian cardona ramirez,573519610538,cristian.cardona11@outlook.com,bogota,formulario web,descartado,2026-08-13 08:21:00,2026-08-13 09:21:00,honda dio 110 2026,1142,SKU-005,100.0,fuzzy,phone:573519610538,a656c639-a767-58f4-996d-e085060c474e,False,,1.0,,6890000.0,11490000.0,credito,,soat,False,False
LD-01143,13/08/2026 11:33,Meta Ads,EMP-03,PV-013,Julián Muñoz Castaño,+57 322 1142667,julian.munoz34@yahoo.es,Bogotá,HONDA CB 125F TWISTER,No contesta,08/13/2026 17:33,Prima Extra,julian munoz castano,573221142667,julian.munoz34@yahoo.es,bogota,meta ads,no contesta,2026-08-13 11:33:00,2026-08-13 17:33:00,honda cb 125f twister,1143,SKU-001,100.0,fuzzy,phone:573221142667,48d95510-5965-5d18-a75a-8c57e38eeed9,False,,1.0,,7990000.0,,credito,baja,precio,False,True
LD-01144,15/08/2026 23:29,FORMULARIO WEB,EMP-01,PV-005,VANESSA VARGAS AGUDELO,3226208432,,medellin,Pulsar NS 125,No contesta,2026-08-16T11:29:00,Remate Modelos 2025,vanessa vargas agudelo,573226208432,,medellin,formulario web,no contesta,2026-08-15 23:29:00,2026-08-16 11:29:00,pulsar ns 125,1144,SKU-008,100.0,exact,phone:573226208432,db5088de-490b-510f-835c-c271be7a43ae,False,,1.0,,8990000.0,,,,,False,False
LD-01145,2026-08-20 00:15:00,WhatsApp,EMP-02,PV-006,JORGE IVÁN BETANCUR QUINTERO,+57 320 0667085,jorge.betancur39@gmail.com,B/quilla,Honda  CB 125F Twister,Descartado,2026-08-23 00:15:00,,jorge ivan betancur quintero,573200667085,jorge.betancur39@gmail.com,b/quilla,whatsapp,descartado,2026-08-20 00:15:00,2026-08-23 00:15:00,honda cb 125f twister,1145,SKU-001,100.0,fuzzy,phone:573200667085,7f0870fb-5cd4-50da-9adc-c4397bf8cb3f,False,,1.0,,7990000.0,,,,,False,False
LD-01146,2026-08-02 20:00:00,WhatsApp,EMP-03,PV-011,  Natalia Torres Ramírez  ,3511956108,natalia.torres59@hotmail.com,Bogotá,Bajai Pulsar RS 200,Descartado,06/08/2026 20:00,Agosto Cero Cuotas,natalia torres ramirez,573511956108,natalia.torres59@hotmail.com,bogota,whatsapp,descartado,2026-08-02 20:00:00,2026-08-06 20:00:00,bajai pulsar rs 200,1146,SKU-010,100.0,fuzzy,phone:573511956108,055f4dc7-55db-5671-b40a-e3e74fed55d4,True,055f4dc7-55db-5671-b40a-e3e74fed55d4,1.0,same_phone_or_email,15490000.0,13990000.0,credito,,soat,False,False
LD-01147,09/05/2026 18:51,WhatsApp,EMP-01,PV-005,Julián Ramírez Valencia,+57 312 1152660,julian.ramirez77@gmail.com,Medellín,AKT Evo RS 150,Sin gestión,,,julian ramirez valencia,573121152660,julian.ramirez77@gmail.com,medellin,whatsapp,sin gestion,2026-05-09 18:51:00,,akt evo rs 150,1147,SKU-020,100.0,fuzzy,phone:573121152660,22635320-fcf2-57c3-b6db-185e6755c608,False,,1.0,,7190000.0,,,,,False,False
LD-01148,27/08/2026 13:43,WhatsApp,EMP-03,PV-011,ÓSCAR DAVID FRANCO OSPINA,573044003757,,BOGOTA,Hero Dash 110 2026,Cotización enviada,08/27/2026 19:43,Prima Extra,oscar david franco ospina,573044003757,,bogota,whatsapp,cotizacion enviada,2026-08-27 13:43:00,2026-08-27 19:43:00,hero dash 110 2026,1148,SKU-024,100.0,fuzzy,phone:573044003757,002ff43b-e99b-50a7-8325-ba9cdcef383f,True,002ff43b-e99b-50a7-8325-ba9cdcef383f,1.0,same_phone_or_email,6290000.0,,,,,False,False
LD-01149,23/08/2026 07:47,FORMULARIO WEB,EMP-02,PV-009,ESTEFANÍA GÓMEZ FRANCO,3049116194,estefania.gomez73@hotmail.com,SANTA MARTA,Pulsar NS 160,Sin gestión,,Feria de Motos 2026,estefania gomez franco,573049116194,estefania.gomez73@hotmail.com,santa marta,formulario web,sin gestion,2026-08-23 07:47:00,,pulsar ns 160,1149,SKU-009,100.0,exact,phone:573049116194,f86624ea-310f-5072-b1cd-4d3e829e28ff,False,,1.0,,11290000.0,,,,,False,False
LD-01150,2026-08-07 16:25:00,WhatsApp,EMP-03,PV-011,Julián Hernández Mosquera,3238192146,,bogotá,Hero Xpulse,Contactado,08/07/2026 18:25,,julian hernandez mosquera,573238192146,,bogota,whatsapp,contactado,2026-08-07 16:25:00,2026-07-08 18:25:00,hero xpulse,1150,,75.0,unmatched,phone:573238192146,5d811895-b3ba-5e93-8cc0-c2e5aa1126f9,False,,1.0,,,,,,,False,False
LD-01151,16/08/2026 11:17,WhatsApp,EMP-02,PV-006,F. Mosquera Londoño,316 463 8297,fabian.mosquera50@yahoo.es,BARRANQUILLA,,Contactado,,Retoma tu moto,f. mosquera londono,573164638297,fabian.mosquera50@yahoo.es,barranquilla,whatsapp,contactado,2026-08-16 11:17:00,,,1151,,0.0,none,phone:573164638297,b1e8f368-1cd5-506a-b850-3d72ff93a758,True,b1e8f368-1cd5-506a-b850-3d72ff93a758,1.0,same_phone_or_email,,,,,,False,False
LD-01152,15/08/2026 02:43,WhatsApp,EMP-02,PV-006,Adriana Bedoya Betancur,302-304-2324,adriana.bedoya74@outlook.com,BARRANQUILLA,TTR 200,Cotización enviada,2026-08-15 06:43:00,,adriana bedoya betancur,573023042324,adriana.bedoya74@outlook.com,barranquilla,whatsapp,cotizacion enviada,2026-08-15 02:43:00,2026-08-15 06:43:00,ttr 200,1152,SKU-019,100.0,exact,phone:573023042324,cb54916d-f10a-540f-9fef-fc5224830d66,False,,1.0,,9890000.0,,,,,False,False
LD-01153,2026-09-07 01:48:00,Formulario Web,EMP-03,PV-011,  María Fernanda Correa Valencia  , 3120029343 ,,Bogota DC,Gixxer 150,Cotización enviada,2026-09-07T05:48:00,Feria de Motos 2026,maria fernanda correa valencia,573120029343,,bogota dc,formulario web,cotizacion enviada,2026-09-07 01:48:00,2026-09-07 05:48:00,gixxer 150,1153,SKU-014,100.0,exact,phone:573120029343,ff501300-bbad-53a8-8a27-435292f9cb7e,False,,1.0,,11990000.0,,,,,False,False
LD-01154,06/09/2026 02:42,WhatsApp,EMP-01,PV-001,Sebastián Valencia Ospina, 3205994242 ,,Medellín,,Sin gestión,,Prima Extra,sebastian valencia ospina,573205994242,,medellin,whatsapp,sin gestion,2026-09-06 02:42:00,,,1154,,0.0,none,phone:573205994242,fc970807-7686-5d4c-81eb-b888367c550a,False,,1.0,,,,,,,False,False
LD-01155,17/08/2026 11:45,Meta Ads,EMP-03,PV-015,Alexander Correa Ramírez,3113217750,alexander.correa58@outlook.com,Soacha,hero hunk 160r,No contesta,18-08-2026,Agosto Cero Cuotas,alexander correa ramirez,573113217750,alexander.correa58@outlook.com,soacha,meta ads,no contesta,2026-08-17 11:45:00,2026-08-18 00:00:00,hero hunk 160r,1155,SKU-022,100.0,fuzzy,phone:573113217750,d9d1d06b-3c99-5158-bb7b-5ad257d2df9c,False,,1.0,,10490000.0,15490000.0,credito,media,cuota,False,True
LD-01156,01/09/2026 18:35,Meta Ads,EMP-01,PV-002,Diana Carolina Salazar Mosquera,3022008321,diana.salazar94@yahoo.es,,Bajaj Discover 125 2026,No contesta,01/09/2026 19:35,Agosto Cero Cuotas,diana carolina salazar mosquera,573022008321,diana.salazar94@yahoo.es,,meta ads,no contesta,2026-09-01 18:35:00,2026-09-01 19:35:00,bajaj discover 125 2026,1156,SKU-012,100.0,fuzzy,phone:573022008321,f956aba9-1a66-5f38-9c42-36e42d106969,False,,1.0,,6990000.0,,,,,False,False
LD-01157,2026-08-09T18:08:00,Formulario Web,EMP-03,PV-011,KATHERINE MOSQUERA HERRERA,302 493 9025,,bogotá,bajaj boxer ct 100,En proceso,2026-08-09T20:08:00,Prima Extra,katherine mosquera herrera,573024939025,,bogota,formulario web,en proceso,2026-08-09 18:08:00,2026-08-09 20:08:00,bajaj boxer ct 100,1157,SKU-007,100.0,fuzzy,phone:573024939025,fa6a846d-584b-5a9c-8d82-3db5081051df,False,,1.0,,5790000.0,,,,,False,False
LD-01158,07-09-2026,WhatsApp,EMP-02,PV-007,Paula Andrea Arias Gómez, 3145518283 ,,Soledad,Bajaj Boxer CT 100,sin gestion,,,paula andrea arias gomez,573145518283,,soledad,whatsapp,sin gestion,2026-09-07 00:00:00,,bajaj boxer ct 100,1158,SKU-007,100.0,fuzzy,phone:573145518283,e265ffff-12d7-5992-806b-500174f26392,False,,1.0,,5790000.0,,,,,False,False
LD-01159,15/08/2026 00:13,WHATSAPP,EMP-01,PV-003,  María Fernanda Ospina Marín  ,3159603566,maria.ospina9@gmail.com,bello,Pulsar RS 200,Cotización enviada,08/19/2026 00:13,,maria fernanda ospina marin,573159603566,maria.ospina9@gmail.com,bello,whatsapp,cotizacion enviada,2026-08-15 00:13:00,2026-08-19 00:13:00,pulsar rs 200,1159,SKU-010,100.0,exact,phone:573159603566,314e1fb4-cf2d-5d0b-9b46-f2629c3d078d,False,,1.0,,15490000.0,,,,,False,False
LD-01160,2026-08-28 20:22:00,WhatsApp,EMP-01,PV-003,  Jhon Jairo Ramírez Torres  ,321-944-7301,jhon.ramirez52@gmail.com,bello,Honda  Dio 110,Sin gestión,,Retoma tu moto,jhon jairo ramirez torres,573219447301,jhon.ramirez52@gmail.com,bello,whatsapp,sin gestion,2026-08-28 20:22:00,,honda dio 110,1160,SKU-005,100.0,fuzzy,phone:573219447301,bba1b987-af8f-5337-ab00-24eb02f62dc3,False,,1.0,,6890000.0,,credito,,soat,False,False
LD-01161,26/08/2026 09:28,WHATSAPP,EMP-02,PV-006,liliana munoz escobar,3014358883,liliana.munoz85@outlook.com,barranquilla,,Cotización enviada,08/26/2026 11:28,Feria de Motos 2026,liliana munoz escobar,573014358883,liliana.munoz85@outlook.com,barranquilla,whatsapp,cotizacion enviada,2026-08-26 09:28:00,2026-08-26 11:28:00,,1161,,0.0,none,phone:573014358883,fd56b606-6607-552a-b6f0-746557a05b09,True,fd56b606-6607-552a-b6f0-746557a05b09,1.0,same_phone_or_email,,,,,,False,False
LD-01162,28-08-2026,WhatsApp,EMP-02,PV-010,Jorge Iván Herrera Rodríguez,3174313973,jorge.herrera57@gmail.com,Montería,Bajaj,Contactado,2026-08-28T14:31:00,,jorge ivan herrera rodriguez,573174313973,jorge.herrera57@gmail.com,monteria,whatsapp,contactado,2026-08-28 00:00:00,2026-08-28 14:31:00,bajaj,1162,,22.22222222222223,unmatched,phone:573174313973,a050b3e1-4a04-5177-8585-f7ec4122e810,False,,1.0,,,21900000.0,credito,media,cuota,False,True
LD-01163,2026-08-20 14:33:00,WhatsApp,EMP-02,PV-009,estefania perez ramirez, 3003807544 ,,Sta Marta,suzuki gn 125,En proceso,2026-08-20 20:33:00,Retoma tu moto,estefania perez ramirez,573003807544,,santa marta,whatsapp,en proceso,2026-08-20 14:33:00,2026-08-20 20:33:00,suzuki gn 125,1163,SKU-013,100.0,fuzzy,phone:573003807544,cc6917ba-1a50-5ad9-8840-31dfe4c7d892,True,cc6917ba-1a50-5ad9-8840-31dfe4c7d892,1.0,same_phone_or_email,7490000.0,,,,,False,False
LD-01164,2026-09-06 04:53:00,WhatsApp,EMP-01,PV-004,Marcela Muñoz Ramírez,300 890 9773,marcela.munoz80@gmail.com,RIONEGRO,honda dio 110,Descartado,2026-09-10 04:53:00,Feria de Motos 2026,marcela munoz ramirez,573008909773,marcela.munoz80@gmail.com,rionegro,whatsapp,descartado,2026-09-06 04:53:00,2026-09-10 04:53:00,honda dio 110,1164,SKU-005,100.0,fuzzy,phone:573008909773,c2112990-be7a-51ae-b6c5-e39939a31e92,True,c2112990-be7a-51ae-b6c5-e39939a31e92,1.0,same_phone_or_email,6890000.0,13990000.0,credito,media,cuota,False,True
LD-01165,2026-09-07T01:17:00,Meta Ads,EMP-02,PV-006,  Paula Andrea Cardona Rodríguez  ,+57 317 1436008,,barranquilla,Hero Eco,Contactado,2026-09-08 01:17:00,Prima Extra,paula andrea cardona rodriguez,573171436008,,barranquilla,meta ads,contactado,2026-09-07 01:17:00,2026-09-08 01:17:00,hero eco,1165,,54.54545454545455,unmatched,phone:573171436008,5cf9a3f1-35f1-5c57-bc55-dd5b801a418d,False,,1.0,,,,credito,,soat,False,False
LD-01166,16/08/2026 17:25,WHATSAPP,EMP-02,PV-009,  Julián Agudelo Giraldo  ,310 236 6707,,Santa Marta,AKT NKD 125,Contactado,2026-08-17 17:25:00,Remate Modelos 2025,julian agudelo giraldo,573102366707,,santa marta,whatsapp,contactado,2026-08-16 17:25:00,2026-08-17 17:25:00,akt nkd 125,1166,SKU-017,100.0,fuzzy,phone:573102366707,08ff0532-148c-5e7c-85d0-42e9ca468f41,False,,1.0,,5290000.0,4990000.0,credito,,soat,True,False
LD-01167,06-08-2026,meta ads,EMP-03,PV-014,LILIANA GÓMEZ CASTAÑO,+57 310 7056565,liliana.gomez26@outlook.com,BOGOTA,honda navi,En proceso,2026-08-08T07:27:00,Feria de Motos 2026,liliana gomez castano,573107056565,liliana.gomez26@outlook.com,bogota,meta ads,en proceso,2026-08-06 00:00:00,2026-08-08 07:27:00,honda navi,1167,SKU-004,100.0,fuzzy,phone:573107056565,9cacecd8-40a5-58b2-a7c3-7b660eeb0df2,False,,1.0,,7290000.0,,,,,False,False
LD-01168,2026-09-05 02:53:00,WhatsApp,EMP-01,PV-001,Édinson Londoño Ramírez,3134646945,,Medellín ,Bajai Boxer CT 100,Sin gestión,,,edinson londono ramirez,573134646945,,medellin,whatsapp,sin gestion,2026-09-05 02:53:00,,bajai boxer ct 100,1168,SKU-007,100.0,fuzzy,phone:573134646945,6d7610d5-90db-525a-b1ed-994550fb6e4a,False,,1.0,,5790000.0,,,,,False,False
LD-01169,08/06/2026 12:50,whatsapp,EMP-03,PV-011,Andrés Felipe Agudelo Cardona,+57 301 4474392,andres.agudelo19@hotmail.com,Bogota DC,HONDA XRE 300,Sin gestión,,,andres felipe agudelo cardona,573014474392,andres.agudelo19@hotmail.com,bogota dc,whatsapp,sin gestion,2026-06-08 12:50:00,,honda xre 300,1169,SKU-006,100.0,fuzzy,phone:573014474392,035095e3-72c0-520a-b02f-7fb17d24c7be,False,,1.0,,22900000.0,6290000.0,credito,media,cuota,False,True
LD-01170,2026-08-25T11:45:00,WhatsApp,EMP-02,PV-009,Fabián Ramírez Herrera,(321) 627-7442,fabian.ramirez93@gmail.com,Sta Marta,Bajaj  Dominar 400,Contactado,25-08-2026,Retoma tu moto,fabian ramirez herrera,573216277442,fabian.ramirez93@gmail.com,santa marta,whatsapp,contactado,2026-08-25 11:45:00,2026-08-25 00:00:00,bajaj dominar 400,1170,SKU-011,100.0,fuzzy,phone:573216277442,aa09edde-b195-580d-b5cf-b09c6c53731b,False,,1.0,,24900000.0,9890000.0,credito,,soat,False,False
LD-01171,2026-08-21 00:10:00,WhatsApp,EMP-02,PV-010,Cristian Salazar Herrera,3506268114,,MONTERIA,,Cotización enviada,,,cristian salazar herrera,573506268114,,monteria,whatsapp,cotizacion enviada,2026-08-21 00:10:00,,,1171,,0.0,none,phone:573506268114,32c04b40-e523-54a9-b8a9-6ff420487f91,False,,1.0,,,,,,,False,False
LD-01172,15-08-2026,WhatsApp,EMP-01,PV-004,LUISA BETANCUR TORRES,322-624-9985,luisa.betancur34@hotmail.com,Rionegro,akt nkd 125,No contesta,18/08/2026 19:50,Feria de Motos 2026,luisa betancur torres,573226249985,luisa.betancur34@hotmail.com,rionegro,whatsapp,no contesta,2026-08-15 00:00:00,2026-08-18 19:50:00,akt nkd 125,1172,SKU-017,100.0,fuzzy,phone:573226249985,18aaf246-3b18-5058-9eeb-2b335677ff7e,True,18aaf246-3b18-5058-9eeb-2b335677ff7e,1.0,same_phone_or_email,5290000.0,,,,,False,False
LD-01173,02/09/2026 03:36,WhatsApp,EMP-03,PV-013,Óscar David Correa Herrera,351 373 7904,,Bogotá D.C.,AKT Evo RS 150,No contesta,2026-09-02T04:36:00,Prima Extra,oscar david correa herrera,573513737904,,bogota,whatsapp,no contesta,2026-09-02 03:36:00,2026-09-02 04:36:00,akt evo rs 150,1173,SKU-020,100.0,fuzzy,phone:573513737904,a85866de-4c33-5d23-bb0e-1c4cedb7eb0a,False,,1.0,,7190000.0,,,,,False,False
LD-01174,18/08/2026 23:10,Meta Ads,EMP-02,PV-008,Jorge Iván Betancur Quintero,321-020-1353,,Cartagena de Indias,Honda Navi,contactado,19-08-2026,,jorge ivan betancur quintero,573210201353,,cartagena de indias,meta ads,contactado,2026-08-18 23:10:00,2026-08-19 00:00:00,honda navi,1174,SKU-004,100.0,fuzzy,phone:573210201353,9e28c7eb-19ec-56c2-90ad-2fc3ef2537b2,False,,1.0,,7290000.0,,,,,False,False
LD-01175,2026-08-30 04:24:00,WhatsApp,EMP-02,PV-009,Cristian Quintero Quintero,+57 312 6488496,cristian.quintero28@hotmail.com,Sta Marta,Suzuki Best 125 2026,Descartado,30/08/2026 10:24,Remate Modelos 2025,cristian quintero quintero,573126488496,cristian.quintero28@hotmail.com,santa marta,whatsapp,descartado,2026-08-30 04:24:00,2026-08-30 10:24:00,suzuki best 125 2026,1175,SKU-016,100.0,fuzzy,phone:573126488496,5af98439-edee-5b73-9e12-4274a0d1580a,False,,1.0,,6590000.0,,,,,False,False
LD-01176,05/09/2026 12:30,Formulario Web,EMP-01,PV-003,ÉDINSON MUÑOZ CARDONA, 3048137683 ,edinson.munoz95@gmail.com,bello,Bajaj Discover 125,Sin gestión,,,edinson munoz cardona,573048137683,edinson.munoz95@gmail.com,bello,formulario web,sin gestion,2026-09-05 12:30:00,,bajaj discover 125,1176,SKU-012,100.0,fuzzy,phone:573048137683,84521622-4eb3-5bb3-9176-07383612fbe7,False,,1.0,,6990000.0,,,,,False,False
LD-01177,08/20/2026 05:19,WhatsApp,EMP-02,PV-008,Katherine Bedoya Londoño,+57 304 9334381,,CARTAGENA,Suzuki Best,sin gestion,,Agosto Cero Cuotas,katherine bedoya londono,573049334381,,cartagena,whatsapp,sin gestion,2026-08-20 05:19:00,,suzuki best,1177,,66.66666666666666,unmatched,phone:573049334381,13309234-eb49-51aa-9fb4-c180997643f5,False,,1.0,,,13990000.0,credito,,soat,False,False
LD-01178,2026-09-08 17:27:00,WhatsApp,EMP-01,PV-005,Jorge Iván Osorio Franco,+57 315 8626117,,medellin,hero hunk 160r,Contactado,09/08/2026 23:27,Feria de Motos 2026,jorge ivan osorio franco,573158626117,,medellin,whatsapp,contactado,2026-09-08 17:27:00,2026-08-09 23:27:00,hero hunk 160r,1178,SKU-022,100.0,fuzzy,phone:573158626117,3425a06a-2271-5c53-b052-7d6a392c8db0,False,,1.0,,10490000.0,,credito,,soat,False,False
LD-01179,07-09-2026,Formulario Web,EMP-03,PV-014,Katherine Castaño Salazar,351-328-1204,katherine.castano98@gmail.com,Bogota,Honda XRE 300 2026,En proceso,2026-09-08T10:51:00,Prima Extra,katherine castano salazar,573513281204,katherine.castano98@gmail.com,bogota,formulario web,en proceso,2026-09-07 00:00:00,2026-09-08 10:51:00,honda xre 300 2026,1179,SKU-006,100.0,fuzzy,phone:573513281204,79b9b077-6bdd-57e7-9c62-3ea0bd0a1cbf,False,,1.0,,22900000.0,,,,,False,False
LD-01180,08/01/2026 17:27,Formulario Web,EMP-02,PV-010,Angie Paola Torres Giraldo,(317) 207-3150,,MONTERIA,suzuki best 125,Contactado,02-08-2026,Retoma tu moto,angie paola torres giraldo,573172073150,,monteria,formulario web,contactado,2026-01-08 17:27:00,2026-08-02 00:00:00,suzuki best 125,1180,SKU-016,100.0,fuzzy,phone:573172073150,89dcc519-bf82-5c21-b75a-477e08af7d79,False,,1.0,,6590000.0,5290000.0,credito,,cuota,False,True
LD-01181,2026-08-11 03:09:00,WhatsApp,EMP-03,PV-012,A. Agudelo Ospina,573019645786,angie.agudelo61@yahoo.es,Bogota,Bajaj Boxer CT 100,No contesta,2026-08-11 21:09:00,,a. agudelo ospina,573019645786,angie.agudelo61@yahoo.es,bogota,whatsapp,no contesta,2026-08-11 03:09:00,2026-08-11 21:09:00,bajaj boxer ct 100,1181,SKU-007,100.0,fuzzy,phone:573019645786,53780bb2-14ce-595b-996c-6ba56ccecb6f,True,53780bb2-14ce-595b-996c-6ba56ccecb6f,1.0,same_phone_or_email,5790000.0,11990000.0,credito,media,cuota,False,True
LD-01182,06/09/2026 04:47,Meta Ads,EMP-03,PV-011,Luisa Londoño Vargas,311 001 8694,luisa.londono94@gmail.com,Bogotá D.C.,,SIN GESTION,,Remate Modelos 2025,luisa londono vargas,573110018694,luisa.londono94@gmail.com,bogota,meta ads,sin gestion,2026-09-06 04:47:00,,,1182,,0.0,none,phone:573110018694,08428dde-dc0f-5eca-b278-75907c9159af,True,08428dde-dc0f-5eca-b278-75907c9159af,1.0,same_phone_or_email,,,,,,False,False
LD-01183,2026-08-22 15:40:00,WhatsApp,EMP-03,PV-013,ÓSCAR DAVID SALAZAR TORRES,304 518 2896,,Bogota DC,HONDA XRE 300,sin gestion,,,oscar david salazar torres,573045182896,,bogota dc,whatsapp,sin gestion,2026-08-22 15:40:00,,honda xre 300,1183,SKU-006,100.0,fuzzy,phone:573045182896,1cac76a9-2c5a-5081-8990-69eea9959a26,False,,1.0,,22900000.0,,,,,False,False
LD-01184,22/08/2026 10:20,WhatsApp,EMP-02,PV-010,Brayan Gómez Valencia,(318) 305-9903,brayan.gomez42@outlook.com,MONTERIA,Bajaj Pulsar RS 200,Contactado,2026-08-22T16:20:00,,brayan gomez valencia,573183059903,brayan.gomez42@outlook.com,monteria,whatsapp,contactado,2026-08-22 10:20:00,2026-08-22 16:20:00,bajaj pulsar rs 200,1184,SKU-010,100.0,fuzzy,phone:573183059903,dcc55ebc-d9c2-516f-8878-65db9798e3ca,False,,1.0,,15490000.0,,,,,False,False
LD-01185,17/08/2026 23:14,WhatsApp,EMP-02,PV-006,Vanessa Escobar Agudelo,3500424675,vanessa.escobar24@yahoo.es,barranquilla,honda dio 110,Sin gestión,,,vanessa escobar agudelo,573500424675,vanessa.escobar24@yahoo.es,barranquilla,whatsapp,sin gestion,2026-08-17 23:14:00,,honda dio 110,1185,SKU-005,100.0,fuzzy,phone:573500424675,3aab0b37-e523-59a4-b538-0cd205208a77,True,3aab0b37-e523-59a4-b538-0cd205208a77,1.0,same_phone_or_email,6890000.0,,,,,False,False
LD-01186,15-08-2026,Meta Ads,EMP-03,PV-011,Kevin Rodríguez Salazar,3512437034,kevin.rodriguez73@outlook.com,Bogotá,AKT Evo RS 150,Contactado,15-08-2026,,kevin rodriguez salazar,573512437034,kevin.rodriguez73@outlook.com,bogota,meta ads,contactado,2026-08-15 00:00:00,2026-08-15 00:00:00,akt evo rs 150,1186,SKU-020,100.0,fuzzy,phone:573512437034,63ccfa5b-e2d7-598e-a8d5-497ec4c4dde2,False,,1.0,,7190000.0,7990000.0,credito,media,cuota,False,True
LD-01187,2026-08-24 04:43:00,WhatsApp,EMP-02,PV-010,Cristian Jiménez Ospina,302 714 5767,,Monteria,Bajaj Discover 125,Contactado,2026-08-24T16:43:00,Retoma tu moto,cristian jimenez ospina,573027145767,,monteria,whatsapp,contactado,2026-08-24 04:43:00,2026-08-24 16:43:00,bajaj discover 125,1187,SKU-012,100.0,fuzzy,phone:573027145767,3ca386f8-466a-5b16-bbef-5c10cc040ff7,False,,1.0,,6990000.0,14990000.0,credito,,soat,False,False
LD-01188,17/08/2026 16:30,WhatsApp,EMP-01,PV-003,Claudia Patricia Rodríguez Arias,3001532337,,BELLO,Honda CB 190R,Descartado,17-08-2026,,claudia patricia rodriguez arias,573001532337,,bello,whatsapp,descartado,2026-08-17 16:30:00,2026-08-17 00:00:00,honda cb 190r,1188,SKU-003,100.0,fuzzy,phone:573001532337,e183ecd4-34ea-5737-b68d-67da0a23706b,False,,1.0,,13990000.0,,,,,False,False
LD-01189,11-08-2026,META ADS,EMP-02,PV-009,Wilmar Escobar Correa,3003020476,wilmar.escobar95@yahoo.es,SANTA MARTA,akt dynamic r3 125,Contactado,2026-08-12 04:22:00,,wilmar escobar correa,573003020476,wilmar.escobar95@yahoo.es,santa marta,meta ads,contactado,2026-08-11 00:00:00,2026-08-12 04:22:00,akt dynamic r3 125,1189,SKU-018,100.0,fuzzy,phone:573003020476,bed65b58-225e-5fe3-9f6c-44337ccdcc22,True,bed65b58-225e-5fe3-9f6c-44337ccdcc22,1.0,same_phone_or_email,5590000.0,,,,,False,False
LD-01190,2026-08-25 16:51:00,Meta Ads,EMP-01,PV-003,Liliana Muñoz Agudelo,+57 351 5272752,,Bello,,Descartado,2026-08-25 17:51:00,Agosto Cero Cuotas,liliana munoz agudelo,573515272752,,bello,meta ads,descartado,2026-08-25 16:51:00,2026-08-25 17:51:00,,1190,,0.0,none,phone:573515272752,4644a633-b4f0-5f35-bf39-3944037e9b93,False,,1.0,,,,,,,False,False
LD-01191,22/08/2026 09:59,WhatsApp,EMP-03,PV-011,ANGIE PAOLA CASTAÑO VARGAS,3173047081,angie.castano56@hotmail.com,BOGOTA,Honda CB 125F Twister,Sin gestión,,Prima Extra,angie paola castano vargas,573173047081,angie.castano56@hotmail.com,bogota,whatsapp,sin gestion,2026-08-22 09:59:00,,honda cb 125f twister,1191,SKU-001,100.0,fuzzy,phone:573173047081,cd5f91a9-cbe7-5920-bb50-9bad8c179dca,False,,1.0,,7990000.0,,,,,False,False
LD-01192,2026-09-04 15:31:00,WhatsApp,EMP-03,PV-015,  Juan Carlos Ospina Franco  ,305 702 7030,,Soacha,Hero Xpulse,SIN GESTION,,Agosto Cero Cuotas,juan carlos ospina franco,573057027030,,soacha,whatsapp,sin gestion,2026-09-04 15:31:00,,hero xpulse,1192,,75.0,unmatched,phone:573057027030,fef8569c-95f9-5b3f-bfd1-681d974ab81f,False,,1.0,,,11490000.0,credito,,soat,False,False
LD-01193,02/08/2026 12:35,Meta Ads,EMP-01,PV-005,Jorge Iván Jiménez Rodríguez,3178139056,,Medellín ,Honda  XR 150L,Cotización enviada,05-08-2026,Agosto Cero Cuotas,jorge ivan jimenez rodriguez,573178139056,,medellin,meta ads,cotizacion enviada,2026-08-02 12:35:00,2026-08-05 00:00:00,honda xr 150l,1193,SKU-002,100.0,fuzzy,phone:573178139056,d88feddf-29b3-5cd1-a00e-73bea7700818,False,,1.0,,11490000.0,,,,,False,False
LD-01194,27-08-2026,WhatsApp,EMP-02,PV-007,  Duván Gómez Pérez  , 3163077072 ,duvan.gomez46@hotmail.com,SOLEDAD,Honda,No contesta,2026-08-31T23:54:00,,duvan gomez perez,573163077072,duvan.gomez46@hotmail.com,soledad,whatsapp,no contesta,2026-08-27 00:00:00,2026-08-31 23:54:00,honda,1194,,44.44444444444444,unmatched,phone:573163077072,91e4dfeb-104d-5b45-842b-d00bbfe66847,False,,1.0,,,,,,,False,False
LD-01195,22/08/2026 16:57,Formulario Web,EMP-03,PV-014,ÓSCAR DAVID VALENCIA AGUDELO,573239309503,oscar.valencia74@yahoo.es,,Bajaj  Pulsar NS 125,Sin gestión,,,oscar david valencia agudelo,573239309503,oscar.valencia74@yahoo.es,,formulario web,sin gestion,2026-08-22 16:57:00,,bajaj pulsar ns 125,1195,SKU-008,100.0,fuzzy,phone:573239309503,30a4d104-392f-5b13-ae91-927a2260726a,False,,1.0,,8990000.0,,,,,False,False
LD-01196,08/26/2026 01:50,meta ads,EMP-02,PV-009,Jhon Jairo Valencia Rodríguez,316 501 5127,,SANTA MARTA,Honda Dio 110 2026,No contesta,08/26/2026 07:50,Retoma tu moto,jhon jairo valencia rodriguez,573165015127,,santa marta,meta ads,no contesta,2026-08-26 01:50:00,2026-08-26 07:50:00,honda dio 110 2026,1196,SKU-005,100.0,fuzzy,phone:573165015127,f8710e0c-d6d7-59a2-85c5-aa74be5137b9,False,,1.0,,6890000.0,,,,,False,False
LD-01197,05/08/2026 19:42,Meta Ads,EMP-03,PV-012,  Jorge Iván Pérez Correa  ,573045307407,,Bogota DC,Bajaj Pulsar,Sin gestión,,Prima Extra,jorge ivan perez correa,573045307407,,bogota dc,meta ads,sin gestion,2026-08-05 19:42:00,,bajaj pulsar,1197,,66.66666666666666,unmatched,phone:573045307407,2f86a7ef-4e23-5cb7-946d-edd7197f753a,True,2f86a7ef-4e23-5cb7-946d-edd7197f753a,1.0,same_phone_or_email,,,credito,,soat,True,False
LD-01198,01/09/2026 08:03,Meta Ads,EMP-03,PV-013,Yesenia Vargas Ospina,3155137784,yesenia.vargas23@yahoo.es,Bogotá,bajaj pulsar ns 125,Sin gestión,,Prima Extra,yesenia vargas ospina,573155137784,yesenia.vargas23@yahoo.es,bogota,meta ads,sin gestion,2026-09-01 08:03:00,,bajaj pulsar ns 125,1198,SKU-008,100.0,fuzzy,phone:573155137784,f451d1c8-9284-5faf-9cc0-fca9b0659fdf,False,,1.0,,8990000.0,7290000.0,credito,,cuota,False,True
LD-01199,02-08-2026,Meta Ads,EMP-02,PV-008,Juan Carlos Correa Salazar,321 497 5922,juan.correa55@yahoo.es,Cartagena de Indias,Bajaj Pulsar NS 125,Sin gestión,,,juan carlos correa salazar,573214975922,juan.correa55@yahoo.es,cartagena de indias,meta ads,sin gestion,2026-08-02 00:00:00,,bajaj pulsar ns 125,1199,SKU-008,100.0,fuzzy,phone:573214975922,158d5786-5a33-5b89-b1d7-ec6a1334ca18,False,,1.0,,8990000.0,21900000.0,credito,media,soat,False,False
LD-01200,2026-08-04 16:33:00,Meta Ads,EMP-03,PV-012,Erika Cardona Jiménez,312 272 7243,,Bogotá D.C.,Bajaj Boxer CT 100,sin gestion,,,erika cardona jimenez,573122727243,,bogota,meta ads,sin gestion,2026-08-04 16:33:00,,bajaj boxer ct 100,1200,SKU-007,100.0,fuzzy,phone:573122727243,da77ba84-85db-54a1-8bcd-b65d0fb71bb9,False,,1.0,,5790000.0,,,,,False,False
LD-01201,01/09/2026 00:32,Meta Ads,EMP-03,PV-012,FREDDY OSORIO MUÑOZ,310-426-0907,freddy.osorio14@yahoo.es,Bogota,,Sin gestión,,,freddy osorio munoz,573104260907,freddy.osorio14@yahoo.es,bogota,meta ads,sin gestion,2026-09-01 00:32:00,,,1201,,0.0,none,phone:573104260907,0fde5031-3e20-5315-b07d-578fe3b010d0,False,,1.0,,,,,,,False,False
LD-01202,2026-08-27 15:25:00,WhatsApp,EMP-03,PV-014,Alexander Arias Agudelo,+57 350 1193019,,bogotá,akt evo rs 150,Contactado,30-08-2026,Agosto Cero Cuotas,alexander arias agudelo,573501193019,,bogota,whatsapp,contactado,2026-08-27 15:25:00,2026-08-30 00:00:00,akt evo rs 150,1202,SKU-020,100.0,fuzzy,phone:573501193019,2fcda4d5-2908-5ead-b5a4-c4024215c08e,False,,1.0,,7190000.0,13990000.0,credito,,soat,False,False
LD-01203,08/09/2026 04:50,Meta Ads,EMP-01,PV-005,CLAUDIA PATRICIA QUINTERO ESCOBAR,322 780 1936,claudia.quintero29@hotmail.com,,AKT Dynamic R3 125 2026,no contesta,08/09/2026 05:50,Remate Modelos 2025,claudia patricia quintero escobar,573227801936,claudia.quintero29@hotmail.com,,meta ads,no contesta,2026-09-08 04:50:00,2026-09-08 05:50:00,akt dynamic r3 125 2026,1203,SKU-018,100.0,fuzzy,phone:573227801936,63dfda77-5c3b-5f46-b8cc-46247861bf4a,True,63dfda77-5c3b-5f46-b8cc-46247861bf4a,1.0,same_phone_or_email,5590000.0,,,,,False,False
LD-01204,2026-08-21 12:36:00,Formulario Web,EMP-02,PV-006,  Marcela Bedoya Jiménez  ,3504815858,,BARRANQUILLA,Heroo Hunk 160R,contactado,21-08-2026,Feria de Motos 2026,marcela bedoya jimenez,573504815858,,barranquilla,formulario web,contactado,2026-08-21 12:36:00,2026-08-21 00:00:00,heroo hunk 160r,1204,SKU-022,100.0,fuzzy,phone:573504815858,9d76ebbf-81c8-5644-8545-f3db390b0f28,False,,1.0,,10490000.0,,,,,False,False
LD-01205,2026-08-07 07:33:00,formulario web,EMP-03,PV-012,Estefanía Herrera Arias,573189895785,,Bogota,Bajaj Pulsar RS 200,Contactado,08/08/2026 07:33,,estefania herrera arias,573189895785,,bogota,formulario web,contactado,2026-08-07 07:33:00,2026-08-08 07:33:00,bajaj pulsar rs 200,1205,SKU-010,100.0,fuzzy,phone:573189895785,056ee268-8f9d-534c-9b88-74fdab450c94,False,,1.0,,15490000.0,8990000.0,credito,media,cuota,False,True
LD-01206,27/08/2026 01:25,WhatsApp,EMP-03,PV-014,Sandra Milena Osorio Valencia,314 978 7254,sandra.osorio44@yahoo.es,BOGOTA,,Contactado,2026-08-27T13:25:00,Feria de Motos 2026,sandra milena osorio valencia,573149787254,sandra.osorio44@yahoo.es,bogota,whatsapp,contactado,2026-08-27 01:25:00,2026-08-27 13:25:00,,1206,,0.0,none,phone:573149787254,b18ef586-50a7-5cf0-b785-1180b1be342a,False,,1.0,,,,,,,False,False
LD-01207,18/08/2026 07:26,WhatsApp,EMP-03,PV-013,MÓNICA RESTREPO CARDONA, 3178998397 ,,Bogotá D.C.,Honda CB 190R 2026,Sin gestión,,Agosto Cero Cuotas,monica restrepo cardona,573178998397,,bogota,whatsapp,sin gestion,2026-08-18 07:26:00,,honda cb 190r 2026,1207,SKU-003,100.0,fuzzy,phone:573178998397,15793421-8012-50a7-9179-efb6264ef55c,False,,1.0,,13990000.0,,,,,False,False
LD-01208,2026-08-29 11:35:00,WhatsApp,EMP-03,PV-013,Estefanía Correa Salazar,317 451 1369,estefania.correa99@gmail.com,BOGOTA,Honda Navi,No contesta,2026-08-29T23:35:00,Feria de Motos 2026,estefania correa salazar,573174511369,estefania.correa99@gmail.com,bogota,whatsapp,no contesta,2026-08-29 11:35:00,2026-08-29 23:35:00,honda navi,1208,SKU-004,100.0,fuzzy,phone:573174511369,413eab59-e314-5180-ab80-d37c3c941243,False,,1.0,,7290000.0,22900000.0,credito,,cuota,False,True
LD-01209,14/08/2026 03:01,META ADS,EMP-02,PV-009,ANGIE PAOLA OSORIO HERRERA,322 693 5115,,Santa Marta,Honda XR 150L,En proceso,2026-08-14T07:01:00,,angie paola osorio herrera,573226935115,,santa marta,meta ads,en proceso,2026-08-14 03:01:00,2026-08-14 07:01:00,honda xr 150l,1209,SKU-002,100.0,fuzzy,phone:573226935115,195e5cbc-2c56-56f4-99b0-f95c94eeea9a,False,,1.0,,11490000.0,7990000.0,credito,,cuota,False,True
LD-01210,14-08-2026,formulario web,EMP-02,PV-007,Héctor Bedoya Agudelo,3211704459,,SOLEDAD,Honda CB 190R,Contactado,08/18/2026 20:53,Prima Extra,hector bedoya agudelo,573211704459,,soledad,formulario web,contactado,2026-08-14 00:00:00,2026-08-18 20:53:00,honda cb 190r,1210,SKU-003,100.0,fuzzy,phone:573211704459,94414a37-61bf-5666-be26-185b8c160445,False,,1.0,,13990000.0,6990000.0,credito,,cuota,True,True
LD-01211,08/05/2026 03:36,WhatsApp,EMP-01,PV-002,W. Escobar Correa, 3003020476 ,,Itagüí,honda dio 110,sin gestion,,Feria de Motos 2026,w. escobar correa,573003020476,,itagui,whatsapp,sin gestion,2026-05-08 03:36:00,,honda dio 110,1211,SKU-005,100.0,fuzzy,phone:573003020476,bed65b58-225e-5fe3-9f6c-44337ccdcc22,True,bed65b58-225e-5fe3-9f6c-44337ccdcc22,1.0,same_phone_or_email,6890000.0,,,,,False,False
LD-01212,29/08/2026 18:56,Formulario Web,EMP-01,PV-003,ERIKA OSORIO ARIAS,(351) 009-7254,,Bello,Bajaj Pulsar RS 200,Sin gestión,,,erika osorio arias,573510097254,,bello,formulario web,sin gestion,2026-08-29 18:56:00,,bajaj pulsar rs 200,1212,SKU-010,100.0,fuzzy,phone:573510097254,db7827b2-65e7-5982-a7d4-c49b1133da19,False,,1.0,,15490000.0,9890000.0,credito,media,cuota,False,True
LD-01213,08/25/2026 23:28,WhatsApp,EMP-02,PV-006,  Julián Arias Osorio  ,+57 301 2709758,,barranquilla,Hero Dash 110,Cotización enviada,26-08-2026,Remate Modelos 2025,julian arias osorio,573012709758,,barranquilla,whatsapp,cotizacion enviada,2026-08-25 23:28:00,2026-08-26 00:00:00,hero dash 110,1213,SKU-024,100.0,fuzzy,phone:573012709758,2218a7c2-8787-5382-bb23-30e7ef351ae4,False,,1.0,,6290000.0,6590000.0,credito,,cuota,False,True
LD-01214,2026-08-31 08:31:00,WHATSAPP,EMP-02,PV-009,Erika Quintero Valencia,302-683-4394,erika.quintero6@gmail.com,SANTA MARTA,TTR 200,Contactado,01-09-2026,Prima Extra,erika quintero valencia,573026834394,erika.quintero6@gmail.com,santa marta,whatsapp,contactado,2026-08-31 08:31:00,2026-09-01 00:00:00,ttr 200,1214,SKU-019,100.0,exact,phone:573026834394,ba2fc1bf-12ae-5585-babe-efa9ff767f93,True,ba2fc1bf-12ae-5585-babe-efa9ff767f93,1.0,same_phone_or_email,9890000.0,,,,,False,False
LD-01215,2026-09-02 09:17:00,Meta Ads,EMP-03,PV-014,Wilmar Restrepo Giraldo, 3142393554 ,,Bogotá D.C.,Honda Dio 110,Contactado,02-09-2026,Remate Modelos 2025,wilmar restrepo giraldo,573142393554,,bogota,meta ads,contactado,2026-09-02 09:17:00,2026-09-02 00:00:00,honda dio 110,1215,SKU-005,100.0,fuzzy,phone:573142393554,5b8e6119-9bc2-5405-8007-4489b9e2bac5,False,,1.0,,6890000.0,11290000.0,credito,,soat,False,False
LD-01216,09/10/2026 00:32,WhatsApp,EMP-03,PV-013,Vanessa Herrera Cardona,318 118 0220,vanessa.herrera55@outlook.com,bogotá,hero hunk 160r,Contactado,10/09/2026 12:32,,vanessa herrera cardona,573181180220,vanessa.herrera55@outlook.com,bogota,whatsapp,contactado,2026-10-09 00:32:00,2026-09-10 12:32:00,hero hunk 160r,1216,SKU-022,100.0,fuzzy,phone:573181180220,bed10b8f-c305-5bbc-970c-9e672607452e,False,,1.0,,10490000.0,,,,,False,False
LD-01217,2026-09-05T21:11:00,WhatsApp,EMP-03,PV-012,Yesenia Torres Mosquera,3144550063,,bogotá,Honda CB 125F Twister 2026,sin gestion,,Agosto Cero Cuotas,yesenia torres mosquera,573144550063,,bogota,whatsapp,sin gestion,2026-09-05 21:11:00,,honda cb 125f twister 2026,1217,SKU-001,100.0,fuzzy,phone:573144550063,c0c89369-08a1-5a96-bbfd-895bc6558fa9,False,,1.0,,7990000.0,15490000.0,credito,,soat,False,False
LD-01218,02/09/2026 00:04,WhatsApp,EMP-02,PV-007,hector ramirez bedoya,3511759608,,Soledad,AKT Evo RS 150 2026,En proceso,05-09-2026,Remate Modelos 2025,hector ramirez bedoya,573511759608,,soledad,whatsapp,en proceso,2026-09-02 00:04:00,2026-09-05 00:00:00,akt evo rs 150 2026,1218,SKU-020,100.0,fuzzy,phone:573511759608,0bd01380-4219-5e86-ad1b-564f193d70b9,True,0bd01380-4219-5e86-ad1b-564f193d70b9,1.0,same_phone_or_email,7190000.0,,,,,False,False
LD-01219,2026-08-20 09:01:00,Meta Ads,EMP-01,PV-004,Fabián Vargas Ospina,+57 321 8329906,fabian.vargas39@yahoo.es,Rio Negro,bajaj pulsar ns 125,En proceso,20-08-2026,Prima Extra,fabian vargas ospina,573218329906,fabian.vargas39@yahoo.es,rio negro,meta ads,en proceso,2026-08-20 09:01:00,2026-08-20 00:00:00,bajaj pulsar ns 125,1219,SKU-008,100.0,fuzzy,phone:573218329906,2f1884ac-442d-515d-a7c4-458d64cceedf,False,,1.0,,8990000.0,,credito,media,soat,False,False
LD-01220,02-08-2026,WhatsApp,EMP-01,PV-005,Juan Carlos Vargas Marín,3509518578,juan.vargas45@outlook.com,Medellín ,Suzuki GN 125,Contactado,2026-08-02 13:41:00,Remate Modelos 2025,juan carlos vargas marin,573509518578,juan.vargas45@outlook.com,medellin,whatsapp,contactado,2026-08-02 00:00:00,2026-08-02 13:41:00,suzuki gn 125,1220,SKU-013,100.0,fuzzy,phone:573509518578,c6bda8cb-3871-5308-be3e-25afb6cd162b,False,,1.0,,7490000.0,,,,,False,False
LD-01221,17/08/2026 05:14,whatsapp,EMP-01,PV-003,  Wilmar Franco Agudelo  ,3205743171,,BELLO,Suzuki GN 125 2026,contactado,18-08-2026,Retoma tu moto,wilmar franco agudelo,573205743171,,bello,whatsapp,contactado,2026-08-17 05:14:00,2026-08-18 00:00:00,suzuki gn 125 2026,1221,SKU-013,100.0,fuzzy,phone:573205743171,5c624ea0-d837-5500-b5ec-22166f4cf9da,False,,1.0,,7490000.0,,,,,False,False
LD-01222,04-09-2026,Meta Ads,EMP-01,PV-001,  Wilmar Agudelo Restrepo  , 3149037411 ,wilmar.agudelo98@outlook.com,Medellín ,Suzuki Best 125,Cotización enviada,2026-09-04T15:00:00,Prima Extra,wilmar agudelo restrepo,573149037411,wilmar.agudelo98@outlook.com,medellin,meta ads,cotizacion enviada,2026-09-04 00:00:00,2026-09-04 15:00:00,suzuki best 125,1222,SKU-016,100.0,fuzzy,phone:573149037411,c1308ab1-b528-50d5-b9d1-e2122f97ca58,False,,1.0,,6590000.0,,,,,False,False
LD-01223,2026-09-02 08:03:00,Formulario Web,EMP-02,PV-008,Claudia Patricia Marín Bedoya,3132967584,,Cartagena,Bajaj Discover 125,Contactado,09/02/2026 14:03,,claudia patricia marin bedoya,573132967584,,cartagena,formulario web,contactado,2026-09-02 08:03:00,2026-02-09 14:03:00,bajaj discover 125,1223,SKU-012,100.0,fuzzy,phone:573132967584,d04f04c8-e99a-594d-a67a-46e7f2ca2354,False,,1.0,,6990000.0,7490000.0,credito,,soat,False,False
LD-01224,2026-08-15T17:17:00,Meta Ads,EMP-01,PV-004,Vanessa Ospina Jiménez, 3228150341 ,,Rionegro,Hero Hunk 160R,No contesta,08/16/2026 05:17,Agosto Cero Cuotas,vanessa ospina jimenez,573228150341,,rionegro,meta ads,no contesta,2026-08-15 17:17:00,2026-08-16 05:17:00,hero hunk 160r,1224,SKU-022,100.0,fuzzy,phone:573228150341,4bd6624f-4c5a-52a9-a8ab-6400c8f5b7f6,False,,1.0,,10490000.0,,,,,False,False
LD-01225,2026-09-07T00:05:00,Formulario Web,EMP-02,PV-010,Kevin Bedoya Bedoya, 3178604980 ,kevin.bedoya77@gmail.com,Montería,Dominar 400,Sin gestión,,,kevin bedoya bedoya,573178604980,kevin.bedoya77@gmail.com,monteria,formulario web,sin gestion,2026-09-07 00:05:00,,dominar 400,1225,SKU-011,100.0,exact,phone:573178604980,c26ae72c-d237-537e-aeff-b9af0c808cf2,False,,1.0,,24900000.0,,,,,False,False
LD-01226,2026-08-23T16:23:00,WhatsApp,EMP-01,PV-003,  Mónica Giraldo Escobar  ,3111950532,monica.giraldo27@gmail.com,BELLO,Suzuki Gixxer 150,sin gestion,,,monica giraldo escobar,573111950532,monica.giraldo27@gmail.com,bello,whatsapp,sin gestion,2026-08-23 16:23:00,,suzuki gixxer 150,1226,SKU-014,100.0,fuzzy,phone:573111950532,dc8dc036-c368-527d-b0b3-ccf872b2471a,False,,1.0,,11990000.0,,,,,False,False
LD-01227,2026-08-05T19:40:00,WhatsApp,EMP-03,PV-014,CLAUDIA PATRICIA SALAZAR VALENCIA,312-082-0796,claudia.salazar96@yahoo.es,Bogotá,AKT Dynamic R3 125,Sin gestión,,,claudia patricia salazar valencia,573120820796,claudia.salazar96@yahoo.es,bogota,whatsapp,sin gestion,2026-08-05 19:40:00,,akt dynamic r3 125,1227,SKU-018,100.0,fuzzy,phone:573120820796,74f972c7-5fc3-53a6-910b-cde7b69981c2,False,,1.0,,5590000.0,,,,,False,False
LD-01228,14/08/2026 05:07,Formulario Web,EMP-01,PV-005,ESTEFANÍA AGUDELO GÓMEZ,+57 350 2826310,estefania.agudelo42@yahoo.es,Medellín ,Bajaj Boxer,Contactado,18-08-2026,Remate Modelos 2025,estefania agudelo gomez,573502826310,estefania.agudelo42@yahoo.es,medellin,formulario web,contactado,2026-08-14 05:07:00,2026-08-18 00:00:00,bajaj boxer,1228,,62.5,unmatched,phone:573502826310,245e7ba9-12fb-56dc-bd91-1165de2ed526,True,245e7ba9-12fb-56dc-bd91-1165de2ed526,1.0,same_phone_or_email,,7490000.0,credito,,soat,False,False
LD-01229,08/25/2026 01:52,WhatsApp,EMP-02,PV-008,LILIANA HERNÁNDEZ LONDOÑO,3134444770,,Cartagena,honda navi,Sin gestión,,,liliana hernandez londono,573134444770,,cartagena,whatsapp,sin gestion,2026-08-25 01:52:00,,honda navi,1229,SKU-004,100.0,fuzzy,phone:573134444770,07ef092f-765b-5039-8382-4723293d69a5,True,07ef092f-765b-5039-8382-4723293d69a5,1.0,same_phone_or_email,7290000.0,,credito,,soat,True,False
LD-01230,2026-08-05 23:42:00,Meta Ads,EMP-01,PV-001,Freddy Salazar Cardona,350-077-1559,,medellin,Bajaj,Cotización enviada,06/08/2026 00:42,Remate Modelos 2025,freddy salazar cardona,573500771559,,medellin,meta ads,cotizacion enviada,2026-08-05 23:42:00,2026-08-06 00:42:00,bajaj,1230,,22.22222222222223,unmatched,phone:573500771559,1c3e4d54-1862-5dde-9205-0564827bcb58,False,,1.0,,,,,,,False,False
LD-01231,2026-08-14 19:15:00,WhatsApp,EMP-02,PV-010,Freddy Rodríguez Marín,301-766-7723,freddy.rodriguez91@outlook.com,Montería,AKT,contactado,2026-08-15T19:15:00,Prima Extra,freddy rodriguez marin,573017667723,freddy.rodriguez91@outlook.com,monteria,whatsapp,contactado,2026-08-14 19:15:00,2026-08-15 19:15:00,akt,1231,,28.57142857142857,unmatched,phone:573017667723,1fb932e4-f792-5cdf-8f5b-03b9bf0d396a,False,,1.0,,,,,,,False,False
LD-01232,2026-08-05 14:35:00,whatsapp,EMP-02,PV-006,DIANA CAROLINA TORRES OSORIO,3162980044,diana.torres16@gmail.com,BARRANQUILLA,Hnda CB 190R,Contactado,2026-08-08T14:35:00,Agosto Cero Cuotas,diana carolina torres osorio,573162980044,diana.torres16@gmail.com,barranquilla,whatsapp,contactado,2026-08-05 14:35:00,2026-08-08 14:35:00,hnda cb 190r,1232,SKU-003,100.0,fuzzy,phone:573162980044,0c903a32-aefe-5a51-94b8-417057890e17,False,,1.0,,13990000.0,,,,,False,False
LD-01233,19/08/2026 09:19,Meta Ads,EMP-03,PV-015,Paula Andrea Mosquera Herrera,3139528303,paula.mosquera7@yahoo.es,Soacha,,Sin gestión,,,paula andrea mosquera herrera,573139528303,paula.mosquera7@yahoo.es,soacha,meta ads,sin gestion,2026-08-19 09:19:00,,,1233,,0.0,none,phone:573139528303,0601c3df-2599-5d20-b371-05b46f4d5363,False,,1.0,,,,,,,False,False
LD-01234,2026-08-10 02:29:00,Formulario Web,EMP-02,PV-006,Luisa Betancur Torres,(315) 104-7341,,BARRANQUILLA,Honda,Contactado,2026-08-10 08:29:00,,luisa betancur torres,573151047341,,barranquilla,formulario web,contactado,2026-08-10 02:29:00,2026-08-10 08:29:00,honda,1234,,44.44444444444444,unmatched,phone:573151047341,d1403ba1-2d97-5e0a-ae87-fd6f13d02840,False,,1.0,,,,,,,False,False
LD-01235,09/01/2026 15:46,WhatsApp,EMP-02,PV-009,  Freddy Correa Muñoz  ,3154235528,freddy.correa38@outlook.com,Santa Marta,bajaj pulsar ns 125,Sin gestión,,Agosto Cero Cuotas,freddy correa munoz,573154235528,freddy.correa38@outlook.com,santa marta,whatsapp,sin gestion,2026-01-09 15:46:00,,bajaj pulsar ns 125,1235,SKU-008,100.0,fuzzy,phone:573154235528,ab722f58-6c5c-5593-b814-3989790b20fc,True,ab722f58-6c5c-5593-b814-3989790b20fc,1.0,same_phone_or_email,8990000.0,,,,,False,False
LD-01236,2026-08-19 03:40:00,WhatsApp,EMP-03,PV-011,Juan Carlos Hernández Escobar,315-452-8205,,Bogotá,Hero,En proceso,19/08/2026 07:40,,juan carlos hernandez escobar,573154528205,,bogota,whatsapp,en proceso,2026-08-19 03:40:00,2026-08-19 07:40:00,hero,1236,,28.57142857142857,unmatched,phone:573154528205,68f6d7d8-9b25-57c9-b2f3-56adea8b8172,False,,1.0,,,4990000.0,credito,,cuota,False,True
LD-01237,2026-08-22 14:49:00,meta ads,EMP-02,PV-006,Héctor Torres Muñoz,3006953296,hector.torres14@yahoo.es,B/quilla,Honda XR 150L,En proceso,08/23/2026 08:49,,hector torres munoz,573006953296,hector.torres14@yahoo.es,b/quilla,meta ads,en proceso,2026-08-22 14:49:00,2026-08-23 08:49:00,honda xr 150l,1237,SKU-002,100.0,fuzzy,phone:573006953296,b780d3f1-802e-51f7-8a3d-c1a81ea298fe,False,,1.0,,11490000.0,,,,,False,False
LD-01238,2026-08-25 17:21:00,Meta Ads,EMP-03,PV-015,JUAN CARLOS CASTAÑO AGUDELO, 3509596481 ,,SOACHA,Bajaj Dominar 400 2026,Descartado,,,juan carlos castano agudelo,573509596481,,soacha,meta ads,descartado,2026-08-25 17:21:00,,bajaj dominar 400 2026,1238,SKU-011,100.0,fuzzy,phone:573509596481,06e13dea-b3e9-5aa5-bcc6-ff541ddccb88,False,,1.0,,24900000.0,5290000.0,credito,,cuota,False,True
LD-01239,2026-09-06T22:07:00,WhatsApp,EMP-02,PV-010,Vanessa Herrera Torres,3002309564,,Monteria,Bajaj Pulsar RS 200,contactado,07-09-2026,Prima Extra,vanessa herrera torres,573002309564,,monteria,whatsapp,contactado,2026-09-06 22:07:00,2026-09-07 00:00:00,bajaj pulsar rs 200,1239,SKU-010,100.0,fuzzy,phone:573002309564,cff14b20-9415-57b8-9775-9ab9e3b819bd,False,,1.0,,15490000.0,,,,,False,False
LD-01240,2026-08-02 21:00:00,Meta Ads,EMP-01,PV-005,  Diana Carolina Rodríguez Torres  ,573020424343,diana.rodriguez75@gmail.com,Medellín ,AKT,Cotización enviada,03-08-2026,Agosto Cero Cuotas,diana carolina rodriguez torres,573020424343,diana.rodriguez75@gmail.com,medellin,meta ads,cotizacion enviada,2026-08-02 21:00:00,2026-08-03 00:00:00,akt,1240,,28.57142857142857,unmatched,phone:573020424343,f2ac70f2-396a-51be-a01e-b61b05773558,True,f2ac70f2-396a-51be-a01e-b61b05773558,1.0,same_phone_or_email,,,,,,False,False
LD-01241,24/08/2026 12:05,META ADS,EMP-02,PV-006,Alexander Salazar Muñoz,573000536500,,barranquilla,AKT NKD 125,En proceso,25-08-2026,Remate Modelos 2025,alexander salazar munoz,573000536500,,barranquilla,meta ads,en proceso,2026-08-24 12:05:00,2026-08-25 00:00:00,akt nkd 125,1241,SKU-017,100.0,fuzzy,phone:573000536500,b39efbfd-6ca2-56e1-92c0-452839e38f1c,False,,1.0,,5290000.0,6590000.0,credito,,soat,False,False
LD-01242,2026-08-08 15:32:00,WhatsApp,EMP-01,PV-003,Angie Paola Ramírez Mosquera,573502392019,angie.ramirez97@gmail.com,Bello,Honda XRE 300 2026,Cotización enviada,09/08/2026 15:32,Prima Extra,angie paola ramirez mosquera,573502392019,angie.ramirez97@gmail.com,bello,whatsapp,cotizacion enviada,2026-08-08 15:32:00,2026-08-09 15:32:00,honda xre 300 2026,1242,SKU-006,100.0,fuzzy,phone:573502392019,62fb41b2-58ef-5b29-ba5b-5c3446e64414,False,,1.0,,22900000.0,6990000.0,credito,,cuota,False,True
LD-01243,15-08-2026,WhatsApp,EMP-01,PV-005,Adriana Cardona Torres,(302) 951-0230,adriana.cardona27@outlook.com,MEDELLIN,hero xpulse 200,sin gestion,,Feria de Motos 2026,adriana cardona torres,573029510230,adriana.cardona27@outlook.com,medellin,whatsapp,sin gestion,2026-08-15 00:00:00,,hero xpulse 200,1243,SKU-023,100.0,fuzzy,phone:573029510230,79b0dbfc-ca51-5ce4-993b-072cd2e3fa73,False,,1.0,,14990000.0,11990000.0,credito,media,cuota,False,True
LD-01244,2026-08-08 05:16:00,WhatsApp,EMP-03,PV-014,Leidy Johana Valencia Vargas,313 778 7451,,Bogotá D.C.,BAJAJ PULSAR NS 125,Contactado,08-08-2026,,leidy johana valencia vargas,573137787451,,bogota,whatsapp,contactado,2026-08-08 05:16:00,2026-08-08 00:00:00,bajaj pulsar ns 125,1244,SKU-008,100.0,fuzzy,phone:573137787451,05eccaea-be0c-5959-a231-bdf84934a590,False,,1.0,,8990000.0,,,,,False,False
LD-01245,09/09/2026 03:37,WhatsApp,EMP-02,PV-006,María Fernanda Agudelo Londoño,304-180-4161,,Barranquilla,akt ttr 200,Sin gestión,,Retoma tu moto,maria fernanda agudelo londono,573041804161,,barranquilla,whatsapp,sin gestion,2026-09-09 03:37:00,,akt ttr 200,1245,SKU-019,100.0,fuzzy,phone:573041804161,f35892c0-73a9-5694-b8e0-9a536f78adce,False,,1.0,,9890000.0,,,,,False,False
LD-01246,21-08-2026,Formulario Web,EMP-01,PV-004,CAMILO OSORIO VALENCIA,301-361-9146,,Rio Negro,AKT NKD 125 2026,sin gestion,,,camilo osorio valencia,573013619146,,rio negro,formulario web,sin gestion,2026-08-21 00:00:00,,akt nkd 125 2026,1246,SKU-017,100.0,fuzzy,phone:573013619146,c693b646-0a44-5130-872d-9d0810a86302,False,,1.0,,5290000.0,,credito,media,soat,False,False
LD-01247,09/02/2026 02:32,Formulario Web,EMP-03,PV-015,Juan Carlos Quintero Cardona,3008246842,juan.quintero8@outlook.com,SOACHA,Suzuki Best 125 2026,Sin gestión,,,juan carlos quintero cardona,573008246842,juan.quintero8@outlook.com,soacha,formulario web,sin gestion,2026-02-09 02:32:00,,suzuki best 125 2026,1247,SKU-016,100.0,fuzzy,phone:573008246842,46200302-bb51-56f3-a377-5723c76794da,False,,1.0,,6590000.0,,,,,False,False
LD-01248,2026-08-18T12:57:00,Formulario Web,EMP-01,PV-005,Kevin Osorio Muñoz,3178301044,kevin.osorio76@gmail.com,,Suzuki V-Strom 250,Sin gestión,,Remate Modelos 2025,kevin osorio munoz,573178301044,kevin.osorio76@gmail.com,,formulario web,sin gestion,2026-08-18 12:57:00,,suzuki v-strom 250,1248,SKU-015,100.0,fuzzy,phone:573178301044,2ca8b7a7-9f91-5e33-8fb3-ee11fdd98b40,True,2ca8b7a7-9f91-5e33-8fb3-ee11fdd98b40,1.0,same_phone_or_email,21900000.0,,credito,,soat,False,False
LD-01249,2026-08-11T19:41:00,Meta Ads,EMP-01,PV-005,Angie Paola Hernández Zapata,3207331096,angie.hernandez11@hotmail.com,MEDELLIN,AKT TTR,Sin gestión,,Prima Extra,angie paola hernandez zapata,573207331096,angie.hernandez11@hotmail.com,medellin,meta ads,sin gestion,2026-08-11 19:41:00,,akt ttr,1249,,60.0,unmatched,phone:573207331096,01e04bd6-b73a-5871-a2f2-8601447d9845,False,,1.0,,,,,,,False,False
LD-01250,10/08/2026 22:58,WhatsApp,EMP-01,PV-004,LEIDY JOHANA JIMÉNEZ BETANCUR,315-851-2799,,RIONEGRO,BAJAJ BOXER CT 100,Contactado,,Retoma tu moto,leidy johana jimenez betancur,573158512799,,rionegro,whatsapp,contactado,2026-08-10 22:58:00,,bajaj boxer ct 100,1250,SKU-007,100.0,fuzzy,phone:573158512799,c1c6a64f-64b1-5e12-9740-db1cd6bbff85,False,,1.0,,5790000.0,11490000.0,credito,,soat,False,False
LD-01251,2026-08-07 16:24:00,WhatsApp,EMP-03,PV-014,Sebastián Giraldo Marín,3007187396,sebastian.giraldo91@gmail.com,Bogotá D.C.,Honda Navi,contactado,,Retoma tu moto,sebastian giraldo marin,573007187396,sebastian.giraldo91@gmail.com,bogota,whatsapp,contactado,2026-08-07 16:24:00,,honda navi,1251,SKU-004,100.0,fuzzy,phone:573007187396,1edb563d-ef96-5a89-b228-b2a483fa1484,False,,1.0,,7290000.0,,,,,False,False
LD-01252,08/09/2026 04:20,meta ads,EMP-03,PV-012,Adriana Restrepo Escobar,310 919 0236,,Bogotá D.C.,AKT,En proceso,08/09/2026 10:20,,adriana restrepo escobar,573109190236,,bogota,meta ads,en proceso,2026-09-08 04:20:00,2026-09-08 10:20:00,akt,1252,,28.57142857142857,unmatched,phone:573109190236,a02779b3-7133-5cbc-a2a3-47271022c748,False,,1.0,,,,,,,False,False
LD-01253,2026-08-08 10:51:00,Meta Ads,EMP-03,PV-014,Sebastián Londoño Gómez,3214477421,sebastian.londono72@outlook.com,bogotá,SUZUKI GIXXER 150,no contesta,08-08-2026,Feria de Motos 2026,sebastian londono gomez,573214477421,sebastian.londono72@outlook.com,bogota,meta ads,no contesta,2026-08-08 10:51:00,2026-08-08 00:00:00,suzuki gixxer 150,1253,SKU-014,100.0,fuzzy,phone:573214477421,74a05f30-d749-51cd-8dc6-63aded9f6b97,False,,1.0,,11990000.0,,,,,False,False
LD-01254,2026-08-26 13:22:00,Meta Ads,EMP-02,PV-009,Carlos Mario Restrepo Betancur,3226297833,carlos.restrepo44@hotmail.com,SANTA MARTA,Dash 110,Contactado,2026-08-26 15:22:00,Remate Modelos 2025,carlos mario restrepo betancur,573226297833,carlos.restrepo44@hotmail.com,santa marta,meta ads,contactado,2026-08-26 13:22:00,2026-08-26 15:22:00,dash 110,1254,SKU-024,100.0,exact,phone:573226297833,61460c0a-d590-5dff-b6ba-8693f4083fe5,False,,1.0,,6290000.0,,,,,False,False
LD-01255,18/08/2026 12:55,Meta Ads,EMP-03,PV-014,Carlos Mario Marín Bedoya,+57 311 7028097,,Bogota,Hero Eco Deluxe 100,no contesta,08/19/2026 12:55,,carlos mario marin bedoya,573117028097,,bogota,meta ads,no contesta,2026-08-18 12:55:00,2026-08-19 12:55:00,hero eco deluxe 100,1255,SKU-021,100.0,fuzzy,phone:573117028097,2942b6b4-3c34-574b-9454-2f1d410caafe,True,2942b6b4-3c34-574b-9454-2f1d410caafe,1.0,same_phone_or_email,4990000.0,5590000.0,credito,,soat,False,False
LD-01256,2026-08-27 11:00:00,META ADS,EMP-01,PV-003,KATHERINE CASTAÑO BEDOYA,322-627-5592,,bello,AKT Dynamic R3 125,Sin gestión,,,katherine castano bedoya,573226275592,,bello,meta ads,sin gestion,2026-08-27 11:00:00,,akt dynamic r3 125,1256,SKU-018,100.0,fuzzy,phone:573226275592,4b965c91-3ed2-58d1-963b-6b9183534493,False,,1.0,,5590000.0,,,,,False,False
LD-01257,2026-09-07 16:49:00,WhatsApp,EMP-02,PV-006,  Juan Carlos Gómez Mosquera  ,3109479222,juan.gomez43@outlook.com,B/quilla,Suzuki GN 125,Sin gestión,,Feria de Motos 2026,juan carlos gomez mosquera,573109479222,juan.gomez43@outlook.com,b/quilla,whatsapp,sin gestion,2026-09-07 16:49:00,,suzuki gn 125,1257,SKU-013,100.0,fuzzy,phone:573109479222,c716a675-7e41-5d03-80d7-c792b191f4a3,False,,1.0,,7490000.0,,,,,False,False
LD-01258,2026-08-16 18:42:00,Meta Ads,EMP-01,PV-003,Luisa Marín Vargas,350 265 3065,,BELLO,hero hunk 160r,No contesta,08/16/2026 19:42,,luisa marin vargas,573502653065,,bello,meta ads,no contesta,2026-08-16 18:42:00,2026-08-16 19:42:00,hero hunk 160r,1258,SKU-022,100.0,fuzzy,phone:573502653065,27422691-b11f-58d7-ab30-10ee34ac49c6,False,,1.0,,10490000.0,,,,,False,False
LD-01259,05-09-2026,WhatsApp,EMP-02,PV-008,Paula Andrea Escobar Castaño,573026867483,paula.escobar54@gmail.com,CARTAGENA,Honda,Sin gestión,,Prima Extra,paula andrea escobar castano,573026867483,paula.escobar54@gmail.com,cartagena,whatsapp,sin gestion,2026-09-05 00:00:00,,honda,1259,,44.44444444444444,unmatched,phone:573026867483,22bf3c0c-3343-55c4-97cf-5f87d6d4b6b3,False,,1.0,,,7990000.0,credito,,soat,False,False
LD-01260,18/08/2026 11:13,WhatsApp,EMP-01,PV-002,  Brayan Betancur Hernández  ,3059805874,brayan.betancur44@yahoo.es,ITAGUI,Suzuki,Contactado,08/19/2026 11:13,Retoma tu moto,brayan betancur hernandez,573059805874,brayan.betancur44@yahoo.es,itagui,whatsapp,contactado,2026-08-18 11:13:00,2026-08-19 11:13:00,suzuki,1260,,26.66666666666667,unmatched,phone:573059805874,e73aa59e-eac4-5a12-b16f-19d4fdeb217d,False,,1.0,,,,,,,False,False
LD-01261,2026-08-27 12:08:00,Meta Ads,EMP-01,PV-005,Kevin Osorio Muñoz,+57 317 8301044,kevin.osorio75@hotmail.com,Medellín ,,En proceso,2026-08-27T13:08:00,Prima Extra,kevin osorio munoz,573178301044,kevin.osorio75@hotmail.com,medellin,meta ads,en proceso,2026-08-27 12:08:00,2026-08-27 13:08:00,,1261,,0.0,none,phone:573178301044,2ca8b7a7-9f91-5e33-8fb3-ee11fdd98b40,True,2ca8b7a7-9f91-5e33-8fb3-ee11fdd98b40,1.0,same_phone_or_email,,,,,,False,False
LD-01262,2026-08-23T16:04:00,Meta Ads,EMP-03,PV-012,SEBASTIÁN RODRÍGUEZ ARIAS, 3219211108 ,,Bogotá D.C.,Bajaj Pulsar NS 125,contactado,,Remate Modelos 2025,sebastian rodriguez arias,573219211108,,bogota,meta ads,contactado,2026-08-23 16:04:00,,bajaj pulsar ns 125,1262,SKU-008,100.0,fuzzy,phone:573219211108,2749b238-467f-5997-a2fb-56b3ee40f11d,False,,1.0,,8990000.0,21900000.0,credito,media,cuota,False,True
LD-01263,2026-09-06 04:18:00,Meta Ads,EMP-01,PV-004,Carlos Mario Franco Ramírez,3509070749,carlos.franco24@yahoo.es,Rio Negro,Suzuki,No contesta,2026-09-06 22:18:00,Retoma tu moto,carlos mario franco ramirez,573509070749,carlos.franco24@yahoo.es,rio negro,meta ads,no contesta,2026-09-06 04:18:00,2026-09-06 22:18:00,suzuki,1263,,26.66666666666667,unmatched,phone:573509070749,6a0df361-17bb-5df1-912d-7d37f0d122bf,False,,1.0,,,,,,,False,False
LD-01264,2026-08-18 23:17:00,WhatsApp,EMP-02,PV-006,Wilmar Zapata Pérez,573026353723,wilmar.zapata3@gmail.com,barranquilla,honda cb 190r,sin gestion,,,wilmar zapata perez,573026353723,wilmar.zapata3@gmail.com,barranquilla,whatsapp,sin gestion,2026-08-18 23:17:00,,honda cb 190r,1264,SKU-003,100.0,fuzzy,phone:573026353723,20ba2498-67bc-5050-abfb-3d326e7a1b19,False,,1.0,,13990000.0,,,,,False,False
LD-01265,29-08-2026,Meta Ads,EMP-03,PV-014,Andrés Felipe Salazar Correa,+57 351 1900858,andres.salazar21@yahoo.es,bogotá,BAJAJ PULSAR RS 200,Contactado,01-09-2026,Feria de Motos 2026,andres felipe salazar correa,573511900858,andres.salazar21@yahoo.es,bogota,meta ads,contactado,2026-08-29 00:00:00,2026-09-01 00:00:00,bajaj pulsar rs 200,1265,SKU-010,100.0,fuzzy,phone:573511900858,45efec0d-0242-5072-8af2-992bfbdcfdcc,False,,1.0,,15490000.0,,,,,False,False
LD-01266,05/09/2026 15:43,Meta Ads,EMP-01,PV-001,  Diana Carolina Hernández Herrera  ,(302) 315-8066,,Medellin,suzuki gixxer 150,Contactado,2026-09-06 15:43:00,Retoma tu moto,diana carolina hernandez herrera,573023158066,,medellin,meta ads,contactado,2026-09-05 15:43:00,2026-09-06 15:43:00,suzuki gixxer 150,1266,SKU-014,100.0,fuzzy,phone:573023158066,1b8ded15-6df2-57e4-aae2-b1f5d193e390,False,,1.0,,11990000.0,,,,,False,False
LD-01267,2026-09-03 20:48:00,Formulario Web,EMP-02,PV-008,LILIANA CORREA SALAZAR, 3126632254 ,,CARTAGENA,,Sin gestión,,,liliana correa salazar,573126632254,,cartagena,formulario web,sin gestion,2026-09-03 20:48:00,,,1267,,0.0,none,phone:573126632254,a31f694a-d831-5ae4-b181-791997e71812,False,,1.0,,,,,,,False,False
LD-01268,2026-08-04T12:16:00,Formulario Web,EMP-02,PV-008,Alexander Jiménez Agudelo,+57 315 0460536,,Cartagena,Hero Hunk 160R,Sin gestión,,Feria de Motos 2026,alexander jimenez agudelo,573150460536,,cartagena,formulario web,sin gestion,2026-08-04 12:16:00,,hero hunk 160r,1268,SKU-022,100.0,fuzzy,phone:573150460536,8687cf2b-ddc3-53c0-a6b0-c1098a07a85b,False,,1.0,,10490000.0,,,,,False,False
LD-01269,02/08/2026 02:15,WhatsApp,EMP-01,PV-004,estefania escobar valencia,3128446915,estefania.escobar62@outlook.com,Rio Negro,Bajaj Pulsar NS 125,En proceso,05/08/2026 02:15,Feria de Motos 2026,estefania escobar valencia,573128446915,estefania.escobar62@outlook.com,rio negro,whatsapp,en proceso,2026-08-02 02:15:00,2026-08-05 02:15:00,bajaj pulsar ns 125,1269,SKU-008,100.0,fuzzy,phone:573128446915,ac8ab4bd-e899-596a-b121-75c1c8c1bc42,True,ac8ab4bd-e899-596a-b121-75c1c8c1bc42,1.0,same_phone_or_email,8990000.0,13990000.0,credito,media,cuota,False,True
LD-01270,2026-08-31 09:06:00,Formulario Web,EMP-01,PV-005,Andrés Felipe Pérez Betancur,301 288 3073,,Medellín ,HONDA DIO 110,En proceso,2026-08-31T21:06:00,Remate Modelos 2025,andres felipe perez betancur,573012883073,,medellin,formulario web,en proceso,2026-08-31 09:06:00,2026-08-31 21:06:00,honda dio 110,1270,SKU-005,100.0,fuzzy,phone:573012883073,8427a14e-5746-55a7-9f7f-a581e8261cac,False,,1.0,,6890000.0,,,,,False,False
LD-01271,06/08/2026 04:42,whatsapp,EMP-01,PV-002,H. Valencia Ospina,3176036920,hector.valencia93@gmail.com,ITAGUI,Hero Eco Deluxe 100,Contactado,08/08/2026 04:42,Feria de Motos 2026,h. valencia ospina,573176036920,hector.valencia93@gmail.com,itagui,whatsapp,contactado,2026-08-06 04:42:00,2026-08-08 04:42:00,hero eco deluxe 100,1271,SKU-021,100.0,fuzzy,phone:573176036920,cd327444-1d60-5e50-b379-8d3b5ac177a0,True,cd327444-1d60-5e50-b379-8d3b5ac177a0,1.0,same_phone_or_email,4990000.0,6590000.0,credito,,cuota,False,True
LD-01272,2026-08-16 00:10:00,WhatsApp,EMP-02,PV-007,  Angie Paola Gómez Castaño  ,+57 318 6677732,angie.gomez74@gmail.com,SOLEDAD,AKT Dynamic R3 125,En proceso,2026-08-16 18:10:00,Retoma tu moto,angie paola gomez castano,573186677732,angie.gomez74@gmail.com,soledad,whatsapp,en proceso,2026-08-16 00:10:00,2026-08-16 18:10:00,akt dynamic r3 125,1272,SKU-018,100.0,fuzzy,phone:573186677732,d9887f92-99a3-5346-98b4-7d15ede9bea8,False,,1.0,,5590000.0,22900000.0,credito,media,soat,False,False
LD-01273,2026-08-24T14:11:00,WhatsApp,EMP-01,PV-003,Estefanía Ospina Correa,3104846448,estefania.ospina10@outlook.com,BELLO,BAJAJ PULSAR NS 160,Sin gestión,,,estefania ospina correa,573104846448,estefania.ospina10@outlook.com,bello,whatsapp,sin gestion,2026-08-24 14:11:00,,bajaj pulsar ns 160,1273,SKU-009,100.0,fuzzy,phone:573104846448,e41ed9c2-f89b-57e9-9ba3-06d293efc6e3,False,,1.0,,11290000.0,13990000.0,credito,,cuota,False,True
LD-01274,13/08/2026 05:27,WhatsApp,EMP-01,PV-005,  María Fernanda Correa Correa  , 3157280319 ,,Medellín ,Bajaj Pulsar NS 125 2026,Contactado,13-08-2026,Agosto Cero Cuotas,maria fernanda correa correa,573157280319,,medellin,whatsapp,contactado,2026-08-13 05:27:00,2026-08-13 00:00:00,bajaj pulsar ns 125 2026,1274,SKU-008,100.0,fuzzy,phone:573157280319,a02428ed-e497-5030-805f-d277505ca45d,False,,1.0,,8990000.0,13990000.0,credito,,cuota,False,True
LD-01275,2026-08-28 15:32:00,Formulario Web,EMP-02,PV-006,Erika Marín Mosquera,3505218682,,BARRANQUILLA,Bajaj  Pulsar RS 200,Sin gestión,,Prima Extra,erika marin mosquera,573505218682,,barranquilla,formulario web,sin gestion,2026-08-28 15:32:00,,bajaj pulsar rs 200,1275,SKU-010,100.0,fuzzy,phone:573505218682,ee136bd5-dbfb-5568-b64a-ed3554aedd1b,False,,1.0,,15490000.0,24900000.0,credito,media,cuota,False,True
LD-01276,2026-08-18 19:57:00,WhatsApp,EMP-03,PV-012,Duván Torres Mosquera, 3516039229 ,duvan.torres93@gmail.com,bogotá,bajaj boxer ct 100,Sin gestión,,Agosto Cero Cuotas,duvan torres mosquera,573516039229,duvan.torres93@gmail.com,bogota,whatsapp,sin gestion,2026-08-18 19:57:00,,bajaj boxer ct 100,1276,SKU-007,100.0,fuzzy,phone:573516039229,c0f8dc08-1678-528b-aae2-2fc4cba2c6c9,False,,1.0,,5790000.0,,,,,False,False
LD-01277,2026-08-04 16:42:00,WhatsApp,EMP-02,PV-007,Édinson Osorio Herrera,322-619-1215,,Soledad,AKT Dynamic R3 125 2026,Contactado,2026-08-05 04:42:00,,edinson osorio herrera,573226191215,,soledad,whatsapp,contactado,2026-08-04 16:42:00,2026-08-05 04:42:00,akt dynamic r3 125 2026,1277,SKU-018,100.0,fuzzy,phone:573226191215,dbaf94f8-7477-5545-81b2-c65f347d723a,False,,1.0,,5590000.0,7190000.0,credito,media,cuota,False,True
LD-01278,19-08-2026,FORMULARIO WEB,EMP-02,PV-009,  Paula Andrea Ramírez Marín  ,3146915527,,Sta Marta,SUZUKI GIXXER 150,Contactado,2026-08-22 11:49:00,Retoma tu moto,paula andrea ramirez marin,573146915527,,santa marta,formulario web,contactado,2026-08-19 00:00:00,2026-08-22 11:49:00,suzuki gixxer 150,1278,SKU-014,100.0,fuzzy,phone:573146915527,cb378e7d-ae55-5041-acd2-cf36205e86b3,False,,1.0,,11990000.0,,credito,,soat,False,False
LD-01279,2026-08-04 09:23:00,Formulario Web,EMP-01,PV-002,Kevin Marín Ospina,+57 320 6051014,kevin.marin75@hotmail.com,ITAGUI,Bajaj  Boxer CT 100,Contactado,05-08-2026,,kevin marin ospina,573206051014,kevin.marin75@hotmail.com,itagui,formulario web,contactado,2026-08-04 09:23:00,2026-08-05 00:00:00,bajaj boxer ct 100,1279,SKU-007,100.0,fuzzy,phone:573206051014,db5f9f2a-f8fc-5adf-8b34-2f29ad14b695,False,,1.0,,5790000.0,,,,,False,False
LD-01280,02/08/2026 04:54,WhatsApp,EMP-03,PV-014,JORGE IVÁN ARIAS SALAZAR,3215025918,jorge.arias63@yahoo.es,BOGOTA,suzuki best 125,Contactado,02/08/2026 10:54,Remate Modelos 2025,jorge ivan arias salazar,573215025918,jorge.arias63@yahoo.es,bogota,whatsapp,contactado,2026-08-02 04:54:00,2026-08-02 10:54:00,suzuki best 125,1280,SKU-016,100.0,fuzzy,phone:573215025918,012a4730-7793-52f6-abc6-c7743bd9664a,False,,1.0,,6590000.0,11490000.0,credito,,soat,False,False
LD-01281,19/08/2026 19:14,Meta Ads,EMP-02,PV-006,JUAN CARLOS RESTREPO QUINTERO,3178538728,,B/quilla,Bajaj Boxer CT 100,no contesta,20/08/2026 19:14,Remate Modelos 2025,juan carlos restrepo quintero,573178538728,,b/quilla,meta ads,no contesta,2026-08-19 19:14:00,2026-08-20 19:14:00,bajaj boxer ct 100,1281,SKU-007,100.0,fuzzy,phone:573178538728,2b6af34f-0809-5ec1-9ad0-1a7dbc44912c,False,,1.0,,5790000.0,,,,,False,False
LD-01282,20/08/2026 17:04,WhatsApp,EMP-01,PV-004,Vanessa Escobar Agudelo,350 042 4675,vanessa.escobar64@outlook.com,Rio Negro,Suzuki Best 125,no contesta,21/08/2026 11:04,,vanessa escobar agudelo,573500424675,vanessa.escobar64@outlook.com,rio negro,whatsapp,no contesta,2026-08-20 17:04:00,2026-08-21 11:04:00,suzuki best 125,1282,SKU-016,100.0,fuzzy,phone:573500424675,3aab0b37-e523-59a4-b538-0cd205208a77,True,3aab0b37-e523-59a4-b538-0cd205208a77,1.0,same_phone_or_email,6590000.0,,,,,False,False
LD-01283,2026-08-05 12:31:00,WhatsApp,EMP-02,PV-008,María Valencia, 3161530381 ,,Cartagena,AKT EVO RS 150,sin gestion,,,maria valencia,573161530381,,cartagena,whatsapp,sin gestion,2026-08-05 12:31:00,,akt evo rs 150,1283,SKU-020,100.0,fuzzy,phone:573161530381,403ceb3c-fb31-56c4-a845-49984dcd6100,True,403ceb3c-fb31-56c4-a845-49984dcd6100,1.0,same_phone_or_email,7190000.0,,,,,False,False
LD-01284,08/14/2026 23:37,whatsapp,EMP-01,PV-005,Juan Restrepo,3181791662,juan.restrepo38@yahoo.es,Medellín,Suzuki V-Strom 250,Descartado,08/15/2026 01:37,Retoma tu moto,juan restrepo,573181791662,juan.restrepo38@yahoo.es,medellin,whatsapp,descartado,2026-08-14 23:37:00,2026-08-15 01:37:00,suzuki v-strom 250,1284,SKU-015,100.0,fuzzy,phone:573181791662,42e80c59-e4eb-5534-9afa-2760ab2f77de,True,42e80c59-e4eb-5534-9afa-2760ab2f77de,1.0,same_phone_or_email,21900000.0,,,,,False,False
LD-01285,08/28/2026 17:20,Formulario Web,EMP-02,PV-006,Leidy Johana Betancur Ospina,(321) 503-6724,leidy.betancur32@gmail.com,barranquilla,Bajaj Pulsar NS 125,no contesta,2026-08-29 11:20:00,Prima Extra,leidy johana betancur ospina,573215036724,leidy.betancur32@gmail.com,barranquilla,formulario web,no contesta,2026-08-28 17:20:00,2026-08-29 11:20:00,bajaj pulsar ns 125,1285,SKU-008,100.0,fuzzy,phone:573215036724,c0d89b76-f4d8-5eab-9be3-6ae7b5fa8a14,False,,1.0,,8990000.0,,credito,,soat,False,False
LD-01286,12-08-2026,WhatsApp,EMP-02,PV-007,Jorge Iván Bedoya Salazar,304-094-1410,jorge.bedoya1@hotmail.com,Soledad,Bajaj Pulsar NS 125,En proceso,2026-08-13T02:09:00,Prima Extra,jorge ivan bedoya salazar,573040941410,jorge.bedoya1@hotmail.com,soledad,whatsapp,en proceso,2026-08-12 00:00:00,2026-08-13 02:09:00,bajaj pulsar ns 125,1286,SKU-008,100.0,fuzzy,phone:573040941410,2d84df61-6ac8-58b0-9d87-d6c7097d858e,False,,1.0,,8990000.0,,credito,media,precio,False,True
LD-01287,2026-08-31 03:23:00,formulario web,EMP-01,PV-005,CARLOS MARIO MARÍN RESTREPO,(321) 120-3543,,Medellin,BAJAJ BOXER CT 100,No contesta,31-08-2026,Remate Modelos 2025,carlos mario marin restrepo,573211203543,,medellin,formulario web,no contesta,2026-08-31 03:23:00,2026-08-31 00:00:00,bajaj boxer ct 100,1287,SKU-007,100.0,fuzzy,phone:573211203543,28e9b8c1-d1e8-5448-b994-2ac137c914b1,False,,1.0,,5790000.0,6590000.0,credito,baja,precio,False,True
LD-01288,02/09/2026 08:14,WhatsApp,EMP-01,PV-002,ÓSCAR DAVID ARIAS MOSQUERA,+57 310 2705112,oscar.arias55@hotmail.com,Itagüí,Hnda CB 125F Twister,Sin gestión,,Agosto Cero Cuotas,oscar david arias mosquera,573102705112,oscar.arias55@hotmail.com,itagui,whatsapp,sin gestion,2026-09-02 08:14:00,,hnda cb 125f twister,1288,SKU-001,100.0,fuzzy,phone:573102705112,7ee2e44e-56d0-544c-8a7e-fc38ef2a0c85,False,,1.0,,7990000.0,,,,,False,False
LD-01289,06/08/2026 10:05,whatsapp,EMP-02,PV-008,Camilo Bedoya Rodríguez,3102956577,camilo.bedoya20@gmail.com,Cartagena,Honda CB 190R,Sin gestión,,Agosto Cero Cuotas,camilo bedoya rodriguez,573102956577,camilo.bedoya20@gmail.com,cartagena,whatsapp,sin gestion,2026-08-06 10:05:00,,honda cb 190r,1289,SKU-003,100.0,fuzzy,phone:573102956577,2367ccc1-b6ef-5857-823e-7506b136423e,False,,1.0,,13990000.0,9890000.0,credito,,cuota,False,True
LD-01290,2026-08-04T08:50:00,Meta Ads,EMP-01,PV-003,ADRIANA FRANCO RODRÍGUEZ,3129964103,adriana.franco29@yahoo.es,BELLO,CB 190R,Descartado,04-08-2026,Feria de Motos 2026,adriana franco rodriguez,573129964103,adriana.franco29@yahoo.es,bello,meta ads,descartado,2026-08-04 08:50:00,2026-08-04 00:00:00,cb 190r,1290,SKU-003,100.0,exact,phone:573129964103,357dd779-793f-527b-915e-dbb68eda3aae,True,357dd779-793f-527b-915e-dbb68eda3aae,1.0,same_phone_or_email,13990000.0,11990000.0,credito,,cuota,False,True
LD-01291,2026-09-08 08:30:00,WhatsApp,EMP-03,PV-012,ADRIANA RESTREPO CORREA,3014091087,adriana.restrepo96@outlook.com,Bogota,Hero Hunk 160R,sin gestion,,,adriana restrepo correa,573014091087,adriana.restrepo96@outlook.com,bogota,whatsapp,sin gestion,2026-09-08 08:30:00,,hero hunk 160r,1291,SKU-022,100.0,fuzzy,phone:573014091087,5e88b80d-26a0-5d05-b079-72e5b5b55cb5,False,,1.0,,10490000.0,,,,,False,False
LD-01292,21/08/2026 08:29,WhatsApp,EMP-03,PV-014,JHON JAIRO OSPINA TORRES,(301) 058-4302,jhon.ospina95@outlook.com,Bogotá,Honda XRE 300 2026,Descartado,08/24/2026 08:29,Prima Extra,jhon jairo ospina torres,573010584302,jhon.ospina95@outlook.com,bogota,whatsapp,descartado,2026-08-21 08:29:00,2026-08-24 08:29:00,honda xre 300 2026,1292,SKU-006,100.0,fuzzy,phone:573010584302,444a582b-1867-54d1-b814-da83f1c93a45,False,,1.0,,22900000.0,,,,,False,False
LD-01293,2026-09-08T02:47:00,WhatsApp,EMP-01,PV-004,María Fernanda Vargas Muñoz,3021916223,maria.vargas98@gmail.com,Rio Negro,AKT TTR 200,No contesta,08-09-2026,Feria de Motos 2026,maria fernanda vargas munoz,573021916223,maria.vargas98@gmail.com,rio negro,whatsapp,no contesta,2026-09-08 02:47:00,2026-09-08 00:00:00,akt ttr 200,1293,SKU-019,100.0,fuzzy,phone:573021916223,5a0e7dc4-40b4-580e-978b-0fa7b1c8c1ee,False,,1.0,,9890000.0,,,,,False,False
LD-01294,2026-08-16 07:42:00,Meta Ads,EMP-03,PV-015,Sebastián Zapata Franco,3122894310,sebastian.zapata76@gmail.com,Soacha,Honda Navi,sin gestion,,,sebastian zapata franco,573122894310,sebastian.zapata76@gmail.com,soacha,meta ads,sin gestion,2026-08-16 07:42:00,,honda navi,1294,SKU-004,100.0,fuzzy,phone:573122894310,b63a778a-d1aa-53fc-b3f2-96e677ca0755,False,,1.0,,7290000.0,,,,,False,False
LD-01295,20/08/2026 08:45,WHATSAPP,EMP-03,PV-011,BRAYAN OSPINA CORREA, 3103617165 ,,Bogota,AKT NKD 125,Sin gestión,,Prima Extra,brayan ospina correa,573103617165,,bogota,whatsapp,sin gestion,2026-08-20 08:45:00,,akt nkd 125,1295,SKU-017,100.0,fuzzy,phone:573103617165,5f71a3f0-fe76-5582-898c-dff3eed5f82a,False,,1.0,,5290000.0,,,,,False,False
LD-01296,2026-08-22 18:35:00,Formulario Web,EMP-03,PV-015,  Brayan Ramírez Muñoz  ,300 082 2078,,Soacha,Hero  Xpulse 200,Sin gestión,,,brayan ramirez munoz,573000822078,,soacha,formulario web,sin gestion,2026-08-22 18:35:00,,hero xpulse 200,1296,SKU-023,100.0,fuzzy,phone:573000822078,bcb8ffa7-40c2-5192-bced-fd08a5382252,False,,1.0,,14990000.0,,credito,media,precio,False,True
LD-01297,2026-08-01T22:02:00,Formulario Web,EMP-03,PV-011,María Fernanda Quintero Vargas,3179629296,maria.quintero35@gmail.com,Bogotá D.C.,Hero Xpulse 200 2026,Contactado,2026-08-01T23:02:00,Agosto Cero Cuotas,maria fernanda quintero vargas,573179629296,maria.quintero35@gmail.com,bogota,formulario web,contactado,2026-08-01 22:02:00,2026-08-01 23:02:00,hero xpulse 200 2026,1297,SKU-023,100.0,fuzzy,phone:573179629296,ed2e427b-bf9f-5e6d-9e38-c4740a736f82,False,,1.0,,14990000.0,6590000.0,credito,,cuota,False,True
LD-01298,2026-08-19 10:09:00,Meta Ads,EMP-01,PV-003,  Kevin Cardona Muñoz  ,+57 318 9542317,kevin.cardona36@hotmail.com,Bello,HERO HUNK 160R,Descartado,2026-08-20 16:09:00,,kevin cardona munoz,573189542317,kevin.cardona36@hotmail.com,bello,meta ads,descartado,2026-08-19 10:09:00,2026-08-20 16:09:00,hero hunk 160r,1298,SKU-022,100.0,fuzzy,phone:573189542317,f65b2af5-c9e7-5784-b189-0c0a5fc0e853,True,f65b2af5-c9e7-5784-b189-0c0a5fc0e853,1.0,same_phone_or_email,10490000.0,,,,,False,False
LD-01299,21-08-2026,Meta Ads,EMP-02,PV-008,PAULA ANDREA GIRALDO OSORIO,3008881330,,Cartagena,Honda XRE 300 2026,Sin gestión,,,paula andrea giraldo osorio,573008881330,,cartagena,meta ads,sin gestion,2026-08-21 00:00:00,,honda xre 300 2026,1299,SKU-006,100.0,fuzzy,phone:573008881330,2df88d91-1e7c-5478-95ec-79f221919862,False,,1.0,,22900000.0,,,,,False,False
LD-01300,07/08/2026 03:51,Formulario Web,EMP-02,PV-007,Vanessa Zapata Vargas,310-898-9598,vanessa.zapata2@gmail.com,,Hero Dash 110,Cotización enviada,2026-08-07 21:51:00,Retoma tu moto,vanessa zapata vargas,573108989598,vanessa.zapata2@gmail.com,,formulario web,cotizacion enviada,2026-08-07 03:51:00,2026-08-07 21:51:00,hero dash 110,1300,SKU-024,100.0,fuzzy,phone:573108989598,aa182b39-e818-5a2e-acfb-f34127f712b2,False,,1.0,,6290000.0,24900000.0,credito,,cuota,False,True
LD-01301,2026-08-11 20:58:00,Meta Ads,EMP-02,PV-006,Óscar David Valencia Londoño, 3143131512 ,,BARRANQUILLA,suzuki gixxer 150,Sin gestión,,Feria de Motos 2026,oscar david valencia londono,573143131512,,barranquilla,meta ads,sin gestion,2026-08-11 20:58:00,,suzuki gixxer 150,1301,SKU-014,100.0,fuzzy,phone:573143131512,2654136f-a052-57f8-99ca-96a154da4fb1,False,,1.0,,11990000.0,,,,,False,False
LD-01302,01/09/2026 01:18,WhatsApp,EMP-02,PV-008,Jorge Iván Franco Muñoz,3510742759,jorge.franco7@outlook.com,CARTAGENA,hero dash 110,contactado,02-09-2026,Prima Extra,jorge ivan franco munoz,573510742759,jorge.franco7@outlook.com,cartagena,whatsapp,contactado,2026-09-01 01:18:00,2026-09-02 00:00:00,hero dash 110,1302,SKU-024,100.0,fuzzy,phone:573510742759,bdf8e750-d930-53e8-8112-1790a6d3d600,False,,1.0,,6290000.0,,credito,media,soat,False,False
LD-01303,07-09-2026,Meta Ads,EMP-02,PV-010,YESENIA AGUDELO SALAZAR,573018545456,,Montería,akt nkd 125,En proceso,09/08/2026 10:55,,yesenia agudelo salazar,573018545456,,monteria,meta ads,en proceso,2026-09-07 00:00:00,2026-08-09 10:55:00,akt nkd 125,1303,SKU-017,100.0,fuzzy,phone:573018545456,d4507562-36d3-528c-b344-4addd35a9876,True,d4507562-36d3-528c-b344-4addd35a9876,1.0,same_phone_or_email,5290000.0,21900000.0,credito,,cuota,False,True
LD-01304,2026-08-02 18:44:00,FORMULARIO WEB,EMP-02,PV-007,  Natalia Gómez Gómez  ,318 057 6860,,SOLEDAD,Suzuky GN 125,Contactado,08/03/2026 06:44,Prima Extra,natalia gomez gomez,573180576860,,soledad,formulario web,contactado,2026-08-02 18:44:00,2026-03-08 06:44:00,suzuky gn 125,1304,SKU-013,100.0,fuzzy,phone:573180576860,415b80b8-ed0c-5973-8e04-f0d6c523bfd1,False,,1.0,,7490000.0,,,,,False,False
LD-01305,09-08-2026,WHATSAPP,EMP-02,PV-007,Óscar David Torres Jiménez,313 413 4307,oscar.torres31@hotmail.com,SOLEDAD,Suzuki Gixxer 150,Sin gestión,,,oscar david torres jimenez,573134134307,oscar.torres31@hotmail.com,soledad,whatsapp,sin gestion,2026-08-09 00:00:00,,suzuki gixxer 150,1305,SKU-014,100.0,fuzzy,phone:573134134307,9be9ab16-83cc-5870-87a2-3523609e255b,False,,1.0,,11990000.0,7490000.0,credito,baja,precio,False,True
LD-01306,2026-09-05 20:16:00,WhatsApp,EMP-03,PV-015,  Paula Andrea Castaño Pérez  ,+57 300 0668089,,Soacha,Bajaj Pulsar RS 200,SIN GESTION,,Retoma tu moto,paula andrea castano perez,573000668089,,soacha,whatsapp,sin gestion,2026-09-05 20:16:00,,bajaj pulsar rs 200,1306,SKU-010,100.0,fuzzy,phone:573000668089,206da86a-7a3c-5293-b701-d7472fe52da0,True,206da86a-7a3c-5293-b701-d7472fe52da0,1.0,same_phone_or_email,15490000.0,11990000.0,credito,,soat,False,False
LD-01307,30/08/2026 11:49,FORMULARIO WEB,EMP-03,PV-011,ÓSCAR DAVID RAMÍREZ MUÑOZ, 3045850289 ,oscar.ramirez41@gmail.com,Bogota DC,Honda XRE,Descartado,08/30/2026 13:49,,oscar david ramirez munoz,573045850289,oscar.ramirez41@gmail.com,bogota dc,formulario web,descartado,2026-08-30 11:49:00,2026-08-30 13:49:00,honda xre,1307,,60.0,unmatched,phone:573045850289,ebaac017-00b8-5c97-8272-1fac3051aa62,False,,1.0,,,7190000.0,credito,,soat,False,False
LD-01308,08/08/2026 14:29,Formulario Web,EMP-03,PV-012,Nelson Zapata Agudelo, 3119396217 ,nelson.zapata7@gmail.com,Bogotá,Bajaj Pulsar,Sin gestión,,Remate Modelos 2025,nelson zapata agudelo,573119396217,nelson.zapata7@gmail.com,bogota,formulario web,sin gestion,2026-08-08 14:29:00,,bajaj pulsar,1308,,66.66666666666666,unmatched,phone:573119396217,1129e772-f05c-5f31-8076-1336a1074dc5,False,,1.0,,,,credito,media,precio,False,True
LD-01309,27/08/2026 02:18,WhatsApp,EMP-03,PV-011,Jorge Iván Pérez Herrera,3115182860,jorge.perez40@gmail.com,Bogota,Hero Hunk 160R 2026,no contesta,2026-08-27 20:18:00,Feria de Motos 2026,jorge ivan perez herrera,573115182860,jorge.perez40@gmail.com,bogota,whatsapp,no contesta,2026-08-27 02:18:00,2026-08-27 20:18:00,hero hunk 160r 2026,1309,SKU-022,100.0,fuzzy,phone:573115182860,896ebfe3-297e-59b1-86e7-daab4e57cd96,False,,1.0,,10490000.0,,,,,False,False
LD-01310,2026-08-03 01:38:00,WhatsApp,EMP-02,PV-007,Édinson Giraldo Londoño,(317) 153-5755,edinson.giraldo89@yahoo.es,SOLEDAD,Suzuki  Best 125,SIN GESTION,,Feria de Motos 2026,edinson giraldo londono,573171535755,edinson.giraldo89@yahoo.es,soledad,whatsapp,sin gestion,2026-08-03 01:38:00,,suzuki best 125,1310,SKU-016,100.0,fuzzy,phone:573171535755,01e0b9eb-dd16-51d1-9edd-c2db4d9d5194,False,,1.0,,6590000.0,,,,,False,False
LD-01311,2026-08-17T17:39:00,Meta Ads,EMP-02,PV-008,Liliana Bedoya Pérez,302 125 0352,liliana.bedoya20@yahoo.es,Cartagena de Indias,Bajaj Discover 125,En proceso,2026-08-18T05:39:00,Feria de Motos 2026,liliana bedoya perez,573021250352,liliana.bedoya20@yahoo.es,cartagena de indias,meta ads,en proceso,2026-08-17 17:39:00,2026-08-18 05:39:00,bajaj discover 125,1311,SKU-012,100.0,fuzzy,phone:573021250352,bee8cc40-77d3-54d7-823d-c29ea8c81b85,False,,1.0,,6990000.0,,,,,False,False
LD-01312,16-08-2026,Meta Ads,EMP-02,PV-007,MÓNICA AGUDELO LONDOÑO,3019426394,monica.agudelo91@hotmail.com,Soledad,Suzuki Best 125,Contactado,18/08/2026 00:27,Retoma tu moto,monica agudelo londono,573019426394,monica.agudelo91@hotmail.com,soledad,meta ads,contactado,2026-08-16 00:00:00,2026-08-18 00:27:00,suzuki best 125,1312,SKU-016,100.0,fuzzy,phone:573019426394,33383d2c-1bf3-53db-b0b7-cdb2349770b2,False,,1.0,,6590000.0,,credito,,soat,False,False
LD-01313,20/08/2026 02:22,WhatsApp,EMP-02,PV-010,Adriana Salazar Betancur,+57 321 0787706,adriana.salazar38@yahoo.es,Monteria,Hero,Sin gestión,,,adriana salazar betancur,573210787706,adriana.salazar38@yahoo.es,monteria,whatsapp,sin gestion,2026-08-20 02:22:00,,hero,1313,,28.57142857142857,unmatched,phone:573210787706,320a704a-d6ca-5988-9925-0d5e51ae5089,False,,1.0,,,,,,,False,False
LD-01314,2026-08-25T08:09:00,WhatsApp,EMP-02,PV-009,andres felipe quintero osorio,3043752884,,Santa Marta,Honda CB 190R,Sin gestión,,Agosto Cero Cuotas,andres felipe quintero osorio,573043752884,,santa marta,whatsapp,sin gestion,2026-08-25 08:09:00,,honda cb 190r,1314,SKU-003,100.0,fuzzy,phone:573043752884,46adb0c3-d012-57a4-8594-1cbac7488d5c,True,46adb0c3-d012-57a4-8594-1cbac7488d5c,1.0,same_phone_or_email,13990000.0,,credito,media,soat,False,False
LD-01315,2026-08-07T18:45:00,Meta Ads,EMP-02,PV-007,Liliana Muñoz Bedoya,316-804-8090,,SOLEDAD,Suzuki  Best 125,No contesta,07/08/2026 22:45,Feria de Motos 2026,liliana munoz bedoya,573168048090,,soledad,meta ads,no contesta,2026-08-07 18:45:00,2026-08-07 22:45:00,suzuki best 125,1315,SKU-016,100.0,fuzzy,phone:573168048090,6a53e8d4-4cc5-54f4-b469-520e4711f35d,False,,1.0,,6590000.0,7490000.0,credito,,cuota,False,True
LD-01316,2026-08-10 03:12:00,Formulario Web,EMP-02,PV-009,Édinson Pérez Escobar,3515994267,,SANTA MARTA,bajaj boxer ct 100,sin gestion,,,edinson perez escobar,573515994267,,santa marta,formulario web,sin gestion,2026-08-10 03:12:00,,bajaj boxer ct 100,1316,SKU-007,100.0,fuzzy,phone:573515994267,737c8e55-aebc-50f1-994f-07ac4b2196d7,False,,1.0,,5790000.0,,,,,False,False
LD-01317,21-08-2026,WhatsApp,EMP-01,PV-005,Sebastián Zapata Quintero,+57 304 3700981,sebastian.zapata95@yahoo.es,,AKT,Contactado,21-08-2026,Agosto Cero Cuotas,sebastian zapata quintero,573043700981,sebastian.zapata95@yahoo.es,,whatsapp,contactado,2026-08-21 00:00:00,2026-08-21 00:00:00,akt,1317,,28.57142857142857,unmatched,phone:573043700981,a1ea1e85-e69d-5383-9cf5-eab4acedb5b8,False,,1.0,,,,,,,False,False
LD-01318,2026-08-19 19:34:00,Meta Ads,EMP-02,PV-008,ANDRÉS FELIPE SALAZAR VALENCIA,+57 302 9441807,andres.salazar90@hotmail.com,Cartagena,,Descartado,2026-08-20T19:34:00,Remate Modelos 2025,andres felipe salazar valencia,573029441807,andres.salazar90@hotmail.com,cartagena,meta ads,descartado,2026-08-19 19:34:00,2026-08-20 19:34:00,,1318,,0.0,none,phone:573029441807,c28bb949-0e40-5e2a-9093-1a5ceab846af,False,,1.0,,,,,,,False,False
LD-01319,03/09/2026 21:30,Formulario Web,EMP-01,PV-003,  Carlos Mario Muñoz Arias  ,3220424233,carlos.munoz81@outlook.com,bello,Bajaj Dominar 400,no contesta,09/07/2026 21:30,,carlos mario munoz arias,573220424233,carlos.munoz81@outlook.com,bello,formulario web,no contesta,2026-09-03 21:30:00,2026-07-09 21:30:00,bajaj dominar 400,1319,SKU-011,100.0,fuzzy,phone:573220424233,e25d54a6-5718-59d0-81e2-0ca417a09f5b,False,,1.0,,24900000.0,,,,,False,False
LD-01320,2026-09-06 23:23:00,WhatsApp,EMP-02,PV-010,Sebastián Pérez Osorio,(312) 802-4219,sebastian.perez45@gmail.com,Monteria,SUZUKI GIXXER 150,contactado,2026-09-07 01:23:00,,sebastian perez osorio,573128024219,sebastian.perez45@gmail.com,monteria,whatsapp,contactado,2026-09-06 23:23:00,2026-09-07 01:23:00,suzuki gixxer 150,1320,SKU-014,100.0,fuzzy,phone:573128024219,2d486c96-816e-50f6-8211-a0e136b78a23,False,,1.0,,11990000.0,,credito,,soat,False,False
LD-01321,2026-09-09 16:53:00,WhatsApp,EMP-03,PV-014,Freddy Vargas Hernández,(321) 183-1464,,Bogotá,HERO HUNK 160R,No contesta,,Retoma tu moto,freddy vargas hernandez,573211831464,,bogota,whatsapp,no contesta,2026-09-09 16:53:00,,hero hunk 160r,1321,SKU-022,100.0,fuzzy,phone:573211831464,32d8604c-37bc-5dee-90ef-dad72cff8ccf,False,,1.0,,10490000.0,,credito,media,soat,False,False
LD-01322,2026-09-03 05:13:00,WHATSAPP,EMP-03,PV-013,Édinson Gómez Torres,3165531784,,bogotá,Bajaj Pulsar NS 160,No contesta,06/09/2026 05:13,Feria de Motos 2026,edinson gomez torres,573165531784,,bogota,whatsapp,no contesta,2026-09-03 05:13:00,2026-09-06 05:13:00,bajaj pulsar ns 160,1322,SKU-009,100.0,fuzzy,phone:573165531784,ef7baed7-ea07-592c-871b-47ce333da63e,False,,1.0,,11290000.0,24900000.0,credito,,soat,False,False
LD-01323,2026-09-09T23:24:00,FORMULARIO WEB,EMP-03,PV-011,JUAN CARLOS ESCOBAR QUINTERO,+57 310 3880555,,BOGOTA,Suzuki Gixxer 150,Descartado,09/10/2026 17:24,Retoma tu moto,juan carlos escobar quintero,573103880555,,bogota,formulario web,descartado,2026-09-09 23:24:00,2026-10-09 17:24:00,suzuki gixxer 150,1323,SKU-014,100.0,fuzzy,phone:573103880555,75d537c0-da28-58d1-8718-223acd03f584,False,,1.0,,11990000.0,,,,,False,False
LD-01324,12/08/2026 08:09,Meta Ads,EMP-03,PV-014,Leidy Johana Ramírez Betancur,3134580310,,Bogota DC,Bajaj Discover 125,Sin gestión,,Feria de Motos 2026,leidy johana ramirez betancur,573134580310,,bogota dc,meta ads,sin gestion,2026-08-12 08:09:00,,bajaj discover 125,1324,SKU-012,100.0,fuzzy,phone:573134580310,869d40d3-42c1-5c44-bfe9-26c53ec8da7b,False,,1.0,,6990000.0,15490000.0,credito,media,cuota,False,True
LD-01325,2026-09-07 20:37:00,WhatsApp,EMP-01,PV-002,Alexander Quintero,3154318201,alexander.quintero23@gmail.com,Itagüí,Hero Dash 110 2026,Contactado,2026-09-07T22:37:00,,alexander quintero,573154318201,alexander.quintero23@gmail.com,itagui,whatsapp,contactado,2026-09-07 20:37:00,2026-09-07 22:37:00,hero dash 110 2026,1325,SKU-024,100.0,fuzzy,phone:573154318201,c0c14444-1426-56e6-a3b9-99862446299b,True,c0c14444-1426-56e6-a3b9-99862446299b,1.0,same_phone_or_email,6290000.0,10490000.0,credito,,cuota,False,True
LD-01326,31-08-2026,whatsapp,EMP-03,PV-015,Cristian Agudelo Zapata,573117480924,cristian.agudelo31@outlook.com,Soacha,Suzuki  Best 125,contactado,31-08-2026,Prima Extra,cristian agudelo zapata,573117480924,cristian.agudelo31@outlook.com,soacha,whatsapp,contactado,2026-08-31 00:00:00,2026-08-31 00:00:00,suzuki best 125,1326,SKU-016,100.0,fuzzy,phone:573117480924,3a734533-47c6-544e-9d56-ba05373cbb5c,True,3a734533-47c6-544e-9d56-ba05373cbb5c,1.0,same_phone_or_email,6590000.0,,credito,,soat,False,False
LD-01327,08/27/2026 20:32,Meta Ads,EMP-01,PV-003,Estefanía Betancur Quintero,+57 315 2851019,,,Suzuki Best 125,En proceso,2026-08-31T20:32:00,,estefania betancur quintero,573152851019,,,meta ads,en proceso,2026-08-27 20:32:00,2026-08-31 20:32:00,suzuki best 125,1327,SKU-016,100.0,fuzzy,phone:573152851019,a189fac4-3eb8-5056-9edd-c8aceda2aa6f,False,,1.0,,6590000.0,,,,,False,False
LD-01328,2026-08-26 16:13:00,Meta Ads,EMP-03,PV-012,MARCELA OSPINA JIMÉNEZ,316-902-8967,,Bogotá,,Contactado,26-08-2026,,marcela ospina jimenez,573169028967,,bogota,meta ads,contactado,2026-08-26 16:13:00,2026-08-26 00:00:00,,1328,,0.0,none,phone:573169028967,86db6341-32bf-5d0e-97bb-c3e1b037f226,False,,1.0,,,,,,,False,False
LD-01329,08/25/2026 16:55,WhatsApp,EMP-01,PV-005,Kevin Restrepo Vargas, 3103126332 ,,Medellín ,suzuki v-strom 250,Cotización enviada,2026-08-29 16:55:00,Feria de Motos 2026,kevin restrepo vargas,573103126332,,medellin,whatsapp,cotizacion enviada,2026-08-25 16:55:00,2026-08-29 16:55:00,suzuki v-strom 250,1329,SKU-015,100.0,fuzzy,phone:573103126332,7b1f82c6-39ca-542d-a0ea-76cccea32213,False,,1.0,,21900000.0,,credito,media,precio,False,True
LD-01330,2026-08-30T02:11:00,Meta Ads,EMP-02,PV-007,CAMILO FRANCO GIRALDO, 3102401993 ,camilo.franco33@outlook.com,SOLEDAD,HERO DASH 110,Cotización enviada,31-08-2026,,camilo franco giraldo,573102401993,camilo.franco33@outlook.com,soledad,meta ads,cotizacion enviada,2026-08-30 02:11:00,2026-08-31 00:00:00,hero dash 110,1330,SKU-024,100.0,fuzzy,phone:573102401993,3f34c473-cf2f-535a-ae7d-d4013a1af40a,True,3f34c473-cf2f-535a-ae7d-d4013a1af40a,1.0,same_phone_or_email,6290000.0,10490000.0,credito,,cuota,False,True
LD-01331,2026-08-18T16:58:00,whatsapp,EMP-02,PV-006,Marcela Pérez Restrepo, 3143776634 ,marcela.perez91@gmail.com,B/quilla,AKT NKD 125,Cotización enviada,08/18/2026 17:58,Remate Modelos 2025,marcela perez restrepo,573143776634,marcela.perez91@gmail.com,b/quilla,whatsapp,cotizacion enviada,2026-08-18 16:58:00,2026-08-18 17:58:00,akt nkd 125,1331,SKU-017,100.0,fuzzy,phone:573143776634,f1c1e6c8-85fa-5106-ad68-3691b183f9b5,False,,1.0,,5290000.0,4990000.0,credito,,cuota,False,True
LD-01332,08/27/2026 15:22,WhatsApp,EMP-03,PV-012,Sebastián Giraldo Agudelo, 3146786890 ,sebastian.giraldo58@hotmail.com,BOGOTA,Hero Hunk 160R,Cotización enviada,2026-08-29 15:22:00,Remate Modelos 2025,sebastian giraldo agudelo,573146786890,sebastian.giraldo58@hotmail.com,bogota,whatsapp,cotizacion enviada,2026-08-27 15:22:00,2026-08-29 15:22:00,hero hunk 160r,1332,SKU-022,100.0,fuzzy,phone:573146786890,59ee3994-123f-57f7-ab41-9f8de073cebe,False,,1.0,,10490000.0,,,,,False,False
LD-01333,24/08/2026 23:03,Formulario Web,EMP-02,PV-009,luz marina jimenez ospina,3238193020,luz.jimenez76@gmail.com,SANTA MARTA,Honda XR 150L 2026,Contactado,26-08-2026,Retoma tu moto,luz marina jimenez ospina,573238193020,luz.jimenez76@gmail.com,santa marta,formulario web,contactado,2026-08-24 23:03:00,2026-08-26 00:00:00,honda xr 150l 2026,1333,SKU-002,100.0,fuzzy,phone:573238193020,52d3561b-7675-59ea-9125-6fd90da0c388,True,52d3561b-7675-59ea-9125-6fd90da0c388,1.0,same_phone_or_email,11490000.0,,,,,False,False
LD-01334,31/08/2026 02:45,Meta Ads,EMP-02,PV-007,ANDRÉS FELIPE ZAPATA ZAPATA, 3210554510 ,andres.zapata44@gmail.com,SOLEDAD,Hero Hunk 160R 2026,Contactado,09/04/2026 02:45,Prima Extra,andres felipe zapata zapata,573210554510,andres.zapata44@gmail.com,soledad,meta ads,contactado,2026-08-31 02:45:00,2026-04-09 02:45:00,hero hunk 160r 2026,1334,SKU-022,100.0,fuzzy,phone:573210554510,6a955571-b647-597d-8a5f-ee0b000e38a9,True,6a955571-b647-597d-8a5f-ee0b000e38a9,1.0,same_phone_or_email,10490000.0,,,,,False,False
LD-01335,09/08/2026 00:28,WhatsApp,EMP-01,PV-005,Erika Cardona Castaño,3119367820,erika.cardona83@yahoo.es,Medellín ,Suzuki,contactado,2026-08-09 01:28:00,Retoma tu moto,erika cardona castano,573119367820,erika.cardona83@yahoo.es,medellin,whatsapp,contactado,2026-08-09 00:28:00,2026-08-09 01:28:00,suzuki,1335,,26.66666666666667,unmatched,phone:573119367820,b689a7c8-aa23-5d36-92d2-0f7e66cff2dd,False,,1.0,,,,,,,False,False
LD-01336,2026-08-08 13:18:00,WhatsApp,EMP-01,PV-001,  Carlos Mario Jiménez Ramírez  ,3117016095,carlos.jimenez5@gmail.com,MEDELLIN,Honda CB 190R,no contesta,2026-08-10T13:18:00,Remate Modelos 2025,carlos mario jimenez ramirez,573117016095,carlos.jimenez5@gmail.com,medellin,whatsapp,no contesta,2026-08-08 13:18:00,2026-08-10 13:18:00,honda cb 190r,1336,SKU-003,100.0,fuzzy,phone:573117016095,d39e0d9c-3c36-596c-8fd7-ed57a2eefb01,True,d39e0d9c-3c36-596c-8fd7-ed57a2eefb01,1.0,same_phone_or_email,13990000.0,,credito,,soat,False,False
LD-01337,31/08/2026 10:51,WhatsApp,EMP-01,PV-005,JULIÁN HERNÁNDEZ CASTAÑO,(350) 169-8461,,Medellín ,Bajaj Pulsar RS 200,Contactado,31/08/2026 14:51,Retoma tu moto,julian hernandez castano,573501698461,,medellin,whatsapp,contactado,2026-08-31 10:51:00,2026-08-31 14:51:00,bajaj pulsar rs 200,1337,SKU-010,100.0,fuzzy,phone:573501698461,edbf1184-3e82-5ddb-877e-76cdb921e74a,True,edbf1184-3e82-5ddb-877e-76cdb921e74a,1.0,same_phone_or_email,15490000.0,,,,,False,False
LD-01338,08/09/2026 00:38,WhatsApp,EMP-01,PV-002,  Wilmar Franco Gómez  , 3026212106 ,wilmar.franco66@hotmail.com,Itagüí,Suzuki  GN 125,Descartado,09/08/2026 02:38,,wilmar franco gomez,573026212106,wilmar.franco66@hotmail.com,itagui,whatsapp,descartado,2026-09-08 00:38:00,2026-08-09 02:38:00,suzuki gn 125,1338,SKU-013,100.0,fuzzy,phone:573026212106,c2b7312a-6d56-501d-86d8-a9dd2adb87c0,True,c2b7312a-6d56-501d-86d8-a9dd2adb87c0,1.0,same_phone_or_email,7490000.0,,,,,False,False
LD-01339,03/08/2026 22:27,Meta Ads,EMP-01,PV-005,  Yesenia Hernández Quintero  , 3041382756 ,yesenia.hernandez50@gmail.com,Medellín ,Bajaj,Cotización enviada,2026-08-06 22:27:00,Retoma tu moto,yesenia hernandez quintero,573041382756,yesenia.hernandez50@gmail.com,medellin,meta ads,cotizacion enviada,2026-08-03 22:27:00,2026-08-06 22:27:00,bajaj,1339,,22.22222222222223,unmatched,phone:573041382756,5a767632-8b74-568c-b9ee-e57305405b47,False,,1.0,,,,,,,False,False
LD-01340,2026-08-15 02:38:00,Meta Ads,EMP-02,PV-009,Mónica Franco Quintero,3510214726,,Sta Marta,Honda XRE 300 2026,sin gestion,,Feria de Motos 2026,monica franco quintero,573510214726,,santa marta,meta ads,sin gestion,2026-08-15 02:38:00,,honda xre 300 2026,1340,SKU-006,100.0,fuzzy,phone:573510214726,eadd9272-9b7d-5b47-bef0-be480f615ca3,False,,1.0,,22900000.0,,,,,False,False
LD-01341,2026-08-14 17:36:00,Meta Ads,EMP-01,PV-005,DUVÁN VARGAS AGUDELO,323-927-8913,duvan.vargas68@hotmail.com,medellin,BAJAJ PULSAR NS 125,sin gestion,,Prima Extra,duvan vargas agudelo,573239278913,duvan.vargas68@hotmail.com,medellin,meta ads,sin gestion,2026-08-14 17:36:00,,bajaj pulsar ns 125,1341,SKU-008,100.0,fuzzy,phone:573239278913,e9b744f4-1937-53ed-9f37-966099ce4dd7,False,,1.0,,8990000.0,,credito,,soat,False,False
LD-01342,24/08/2026 04:36,Meta Ads,EMP-01,PV-001,CLAUDIA PATRICIA MARÍN CORREA,+57 318 2815685,claudia.marin88@outlook.com,Medellin,A.K.T NKD 125,Contactado,2026-08-24 16:36:00,Feria de Motos 2026,claudia patricia marin correa,573182815685,claudia.marin88@outlook.com,medellin,meta ads,contactado,2026-08-24 04:36:00,2026-08-24 16:36:00,a.k.t nkd 125,1342,SKU-017,100.0,fuzzy,phone:573182815685,bcd1c2c9-3223-5e1a-a7a6-2e329320c7b0,False,,1.0,,5290000.0,8990000.0,credito,,cuota,False,True
LD-01343,21/08/2026 21:16,WhatsApp,EMP-01,PV-005,Wilmar Zapata Agudelo, 3125308964 ,wilmar.zapata43@yahoo.es,Medellin,AKT NKD 125,En proceso,,Agosto Cero Cuotas,wilmar zapata agudelo,573125308964,wilmar.zapata43@yahoo.es,medellin,whatsapp,en proceso,2026-08-21 21:16:00,,akt nkd 125,1343,SKU-017,100.0,fuzzy,phone:573125308964,650c89b0-4336-5fc2-8cfb-6d80da9c44c2,False,,1.0,,5290000.0,13990000.0,credito,,soat,False,False
LD-01344,2026-08-21 05:17:00,Meta Ads,EMP-03,PV-015,LILIANA PÉREZ RAMÍREZ,3156425808,liliana.perez4@hotmail.com,Soacha,BAJAJ PULSAR NS 160,Contactado,,Feria de Motos 2026,liliana perez ramirez,573156425808,liliana.perez4@hotmail.com,soacha,meta ads,contactado,2026-08-21 05:17:00,,bajaj pulsar ns 160,1344,SKU-009,100.0,fuzzy,phone:573156425808,4c51892e-60c1-55ab-871a-4af566ba533d,True,4c51892e-60c1-55ab-871a-4af566ba533d,1.0,same_phone_or_email,11290000.0,,,,,False,False
LD-01345,2026-09-08 23:23:00,Formulario Web,EMP-03,PV-014,SANDRA MILENA AGUDELO VALENCIA,3128248618,sandra.agudelo1@yahoo.es,Bogota DC,AKT TTR 200 2026,No contesta,,Feria de Motos 2026,sandra milena agudelo valencia,573128248618,sandra.agudelo1@yahoo.es,bogota dc,formulario web,no contesta,2026-09-08 23:23:00,,akt ttr 200 2026,1345,SKU-019,100.0,fuzzy,phone:573128248618,ca138cf8-e6c3-5250-9cb2-5a4c7a640413,False,,1.0,,9890000.0,4990000.0,credito,,cuota,False,True
LD-01346,2026-08-19 22:20:00,Meta Ads,EMP-01,PV-004,  Luisa Franco Escobar  ,312-839-1409,luisa.franco98@gmail.com,Rio Negro,bajaj discover 125,Descartado,20/08/2026 10:20,Retoma tu moto,luisa franco escobar,573128391409,luisa.franco98@gmail.com,rio negro,meta ads,descartado,2026-08-19 22:20:00,2026-08-20 10:20:00,bajaj discover 125,1346,SKU-012,100.0,fuzzy,phone:573128391409,2e9d8fd6-6b05-570f-87d5-f7f3154c6805,False,,1.0,,6990000.0,,,,,False,False
LD-01347,09/09/2026 07:04,whatsapp,EMP-03,PV-011,Luz Marina Salazar Ospina,573224167142,luz.salazar48@outlook.com,Bogota,Suzuki GN 125,Contactado,09-09-2026,,luz marina salazar ospina,573224167142,luz.salazar48@outlook.com,bogota,whatsapp,contactado,2026-09-09 07:04:00,2026-09-09 00:00:00,suzuki gn 125,1347,SKU-013,100.0,fuzzy,phone:573224167142,f5479624-44fc-50d5-9e29-7377e6a8c36e,False,,1.0,,7490000.0,11490000.0,credito,,cuota,False,True
LD-01348,2026-09-06 15:35:00,WhatsApp,EMP-02,PV-010,Katherine Ramírez,3107174898,katherine.ramirez68@gmail.com,MONTERIA,Honda XR 150L,Sin gestión,,Agosto Cero Cuotas,katherine ramirez,573107174898,katherine.ramirez68@gmail.com,monteria,whatsapp,sin gestion,2026-09-06 15:35:00,,honda xr 150l,1348,SKU-002,100.0,fuzzy,phone:573107174898,13662777-9552-59a8-957f-150a11120d17,True,13662777-9552-59a8-957f-150a11120d17,1.0,same_phone_or_email,11490000.0,,credito,media,soat,False,False
LD-01349,2026-08-17 15:39:00,WhatsApp,EMP-02,PV-009,FABIÁN CARDONA BETANCUR,316-212-4627,fabian.cardona6@outlook.com,SANTA MARTA,Suzuki Best,Cotización enviada,18-08-2026,Retoma tu moto,fabian cardona betancur,573162124627,fabian.cardona6@outlook.com,santa marta,whatsapp,cotizacion enviada,2026-08-17 15:39:00,2026-08-18 00:00:00,suzuki best,1349,,66.66666666666666,unmatched,phone:573162124627,0ca8897b-11a0-50b8-9fca-87e4336ad224,False,,1.0,,,7490000.0,credito,,soat,False,False
LD-01350,09/07/2026 06:19,Meta Ads,EMP-02,PV-006,B. Giraldo Cardona,3506035269,brayan.giraldo73@gmail.com,B/quilla,HERO DASH 110,Cotización enviada,2026-09-08T12:19:00,Feria de Motos 2026,b. giraldo cardona,573506035269,brayan.giraldo73@gmail.com,b/quilla,meta ads,cotizacion enviada,2026-07-09 06:19:00,2026-09-08 12:19:00,hero dash 110,1350,SKU-024,100.0,fuzzy,phone:573506035269,31f8d67a-7aed-51e6-943b-0b90355acc77,True,31f8d67a-7aed-51e6-943b-0b90355acc77,1.0,same_phone_or_email,6290000.0,5790000.0,credito,,cuota,False,True
LD-01351,2026-08-19 07:48:00,WhatsApp,EMP-01,PV-005,Erika Arias Pérez,3125751550,erika.arias56@hotmail.com,Medellín,AKT  TTR 200,En proceso,2026-08-20T07:48:00,Remate Modelos 2025,erika arias perez,573125751550,erika.arias56@hotmail.com,medellin,whatsapp,en proceso,2026-08-19 07:48:00,2026-08-20 07:48:00,akt ttr 200,1351,SKU-019,100.0,fuzzy,phone:573125751550,ec1e04ba-d445-5a8d-badf-9b3d2a2fec3b,True,ec1e04ba-d445-5a8d-badf-9b3d2a2fec3b,1.0,same_phone_or_email,9890000.0,6990000.0,credito,,cuota,False,True
LD-01352,2026-08-21 10:59:00,META ADS,EMP-02,PV-010,Katherine Torres Giraldo, 3054754364 ,,Monteria,Bajaj Boxer CT 100,Cotización enviada,08/21/2026 22:59,,katherine torres giraldo,573054754364,,monteria,meta ads,cotizacion enviada,2026-08-21 10:59:00,2026-08-21 22:59:00,bajaj boxer ct 100,1352,SKU-007,100.0,fuzzy,phone:573054754364,45cbc6c4-c932-5d9c-b547-a05a75ac8f61,False,,1.0,,5790000.0,,,,,False,False
LD-01353,23/08/2026 06:39,Formulario Web,EMP-03,PV-013,  Katherine Restrepo Mosquera  ,573223242028,katherine.restrepo70@gmail.com,Bogota DC,CB 190R,Contactado,08/23/2026 10:39,,katherine restrepo mosquera,573223242028,katherine.restrepo70@gmail.com,bogota dc,formulario web,contactado,2026-08-23 06:39:00,2026-08-23 10:39:00,cb 190r,1353,SKU-003,100.0,exact,phone:573223242028,c10e76ab-5392-53d1-9a4a-90ecc051c070,False,,1.0,,13990000.0,,,,,False,False
LD-01354,2026-09-08 18:39:00,Meta Ads,EMP-02,PV-007,  María Fernanda Muñoz Muñoz  ,+57 304 6855024,,Soledad,Suzuki GN 125 2026,En proceso,08/09/2026 22:39,Retoma tu moto,maria fernanda munoz munoz,573046855024,,soledad,meta ads,en proceso,2026-09-08 18:39:00,2026-09-08 22:39:00,suzuki gn 125 2026,1354,SKU-013,100.0,fuzzy,phone:573046855024,650bc1dc-73ef-50ec-a117-9b77d33b7f13,False,,1.0,,7490000.0,,,,,False,False
LD-01355,2026-08-31 04:35:00,WhatsApp,EMP-02,PV-010,Yuliana Hernández Agudelo,3178485900,,Montería,Bajaj  Pulsar NS 125,Descartado,,Agosto Cero Cuotas,yuliana hernandez agudelo,573178485900,,monteria,whatsapp,descartado,2026-08-31 04:35:00,,bajaj pulsar ns 125,1355,SKU-008,100.0,fuzzy,phone:573178485900,3c96e270-b1be-5a78-96b1-24ec3bdc7dd2,False,,1.0,,8990000.0,,credito,,soat,False,False
LD-01356,28/08/2026 00:37,Meta Ads,EMP-02,PV-010,KATHERINE ZAPATA AGUDELO,+57 321 3127707,katherine.zapata7@gmail.com,Monteria,Bajaj Discover 125 2026,No contesta,29/08/2026 00:37,,katherine zapata agudelo,573213127707,katherine.zapata7@gmail.com,monteria,meta ads,no contesta,2026-08-28 00:37:00,2026-08-29 00:37:00,bajaj discover 125 2026,1356,SKU-012,100.0,fuzzy,phone:573213127707,a9e0d930-7a39-52c8-a419-26588defabc5,False,,1.0,,6990000.0,7490000.0,credito,,cuota,False,True
LD-01357,2026-08-15T01:51:00,Meta Ads,EMP-01,PV-001,CARLOS MARIO BETANCUR CARDONA, 3164052844 ,carlos.betancur69@gmail.com,Medellín,Xpulse 200,Contactado,2026-08-18 01:51:00,Remate Modelos 2025,carlos mario betancur cardona,573164052844,carlos.betancur69@gmail.com,medellin,meta ads,contactado,2026-08-15 01:51:00,2026-08-18 01:51:00,xpulse 200,1357,SKU-023,100.0,exact,phone:573164052844,956485aa-a50a-54b6-b91b-cdcdb7d88ad7,False,,1.0,,14990000.0,,,,,False,False
LD-01358,14/08/2026 15:11,WhatsApp,EMP-02,PV-007,Claudia Patricia Bedoya Castaño,573184027450,claudia.bedoya59@hotmail.com,Soledad,Bajaj Discover 125,Cotización enviada,2026-08-15 15:11:00,Agosto Cero Cuotas,claudia patricia bedoya castano,573184027450,claudia.bedoya59@hotmail.com,soledad,whatsapp,cotizacion enviada,2026-08-14 15:11:00,2026-08-15 15:11:00,bajaj discover 125,1358,SKU-012,100.0,fuzzy,phone:573184027450,c3da4dfe-f319-56bc-a65b-9d5d8776be45,False,,1.0,,6990000.0,,,,,False,False
LD-01359,2026-08-10 19:43:00,meta ads,EMP-02,PV-006,Cristian Correa Londoño,3507350999,,barranquilla,Bajaj Pulsar RS 200,Cotización enviada,2026-08-11 19:43:00,Prima Extra,cristian correa londono,573507350999,,barranquilla,meta ads,cotizacion enviada,2026-08-10 19:43:00,2026-08-11 19:43:00,bajaj pulsar rs 200,1359,SKU-010,100.0,fuzzy,phone:573507350999,c6e2d7ff-3943-5ff5-b835-c483b52f8203,False,,1.0,,15490000.0,,,,,False,False
LD-01360,03/08/2026 17:22,formulario web,EMP-02,PV-007,ADRIANA FRANCO HERNÁNDEZ,3156894869,,SOLEDAD,SUZUKI GIXXER 150,sin gestion,,Retoma tu moto,adriana franco hernandez,573156894869,,soledad,formulario web,sin gestion,2026-08-03 17:22:00,,suzuki gixxer 150,1360,SKU-014,100.0,fuzzy,phone:573156894869,e59f49e2-d886-596b-8382-e93b90c3b85d,False,,1.0,,11990000.0,,,,,False,False
LD-01361,09/08/2026 17:08,Meta Ads,EMP-01,PV-004,María Fernanda Cardona Escobar,314 144 9182,,Rio Negro,Bajaj Dominar 400,Sin gestión,,Feria de Motos 2026,maria fernanda cardona escobar,573141449182,,rio negro,meta ads,sin gestion,2026-08-09 17:08:00,,bajaj dominar 400,1361,SKU-011,100.0,fuzzy,phone:573141449182,b552eaeb-abae-57fb-ac32-2c4e240e547e,False,,1.0,,24900000.0,,,,,False,False
LD-01362,09/08/2026 15:05,Meta Ads,EMP-03,PV-012,diana carolina correa hernandez,351 269 8569,,BOGOTA,hero dash 110,sin gestion,,Retoma tu moto,diana carolina correa hernandez,573512698569,,bogota,meta ads,sin gestion,2026-08-09 15:05:00,,hero dash 110,1362,SKU-024,100.0,fuzzy,phone:573512698569,25b48479-afd0-5a24-b73f-267e8011efac,True,25b48479-afd0-5a24-b73f-267e8011efac,1.0,same_phone_or_email,6290000.0,,,,,False,False
LD-01363,2026-08-08 21:09:00,WhatsApp,EMP-03,PV-015,Duván Muñoz Escobar,3144421346,duvan.munoz2@outlook.com,Soacha,Bajaj Dominar 400,En proceso,12-08-2026,Feria de Motos 2026,duvan munoz escobar,573144421346,duvan.munoz2@outlook.com,soacha,whatsapp,en proceso,2026-08-08 21:09:00,2026-08-12 00:00:00,bajaj dominar 400,1363,SKU-011,100.0,fuzzy,phone:573144421346,34579186-bffd-50ab-910f-d23fd6b538c5,False,,1.0,,24900000.0,,credito,,soat,False,False
LD-01364,11-08-2026,meta ads,EMP-01,PV-004,  Natalia Mosquera Zapata  ,(320) 759-9017,natalia.mosquera1@yahoo.es,RIONEGRO,Hnda XR 150L,No contesta,11/08/2026 09:39,Prima Extra,natalia mosquera zapata,573207599017,natalia.mosquera1@yahoo.es,rionegro,meta ads,no contesta,2026-08-11 00:00:00,2026-08-11 09:39:00,hnda xr 150l,1364,SKU-002,100.0,fuzzy,phone:573207599017,f43e46c7-db85-5080-b4b1-ca12c6bba20c,False,,1.0,,11490000.0,24900000.0,credito,,cuota,False,True
LD-01365,2026-08-14 04:14:00,WhatsApp,EMP-01,PV-002,  Fabián Mosquera Agudelo  , 3183420203 ,fabian.mosquera82@outlook.com,Itagüí,Honda XRE 300,Descartado,2026-08-14 08:14:00,Feria de Motos 2026,fabian mosquera agudelo,573183420203,fabian.mosquera82@outlook.com,itagui,whatsapp,descartado,2026-08-14 04:14:00,2026-08-14 08:14:00,honda xre 300,1365,SKU-006,100.0,fuzzy,phone:573183420203,392337f7-7549-56d8-9de9-b1def83644a7,True,392337f7-7549-56d8-9de9-b1def83644a7,1.0,same_phone_or_email,22900000.0,,credito,,soat,False,False
LD-01366,2026-08-26 16:01:00,WhatsApp,EMP-01,PV-002,Freddy Herrera Cardona,(312) 348-8117,,Itagüí,Pulsar NS 160,Descartado,2026-08-28 16:01:00,Prima Extra,freddy herrera cardona,573123488117,,itagui,whatsapp,descartado,2026-08-26 16:01:00,2026-08-28 16:01:00,pulsar ns 160,1366,SKU-009,100.0,exact,phone:573123488117,b9d99fab-59c0-59a4-8231-9ec74e7f1b7e,False,,1.0,,11290000.0,14990000.0,credito,,soat,False,False
LD-01367,17/08/2026 16:32,Meta Ads,EMP-02,PV-006,Carlos Mario Arias Ospina,315 832 0724,carlos.arias76@yahoo.es,Barranquilla,Suzuki  V-Strom 250,Sin gestión,,,carlos mario arias ospina,573158320724,carlos.arias76@yahoo.es,barranquilla,meta ads,sin gestion,2026-08-17 16:32:00,,suzuki v-strom 250,1367,SKU-015,100.0,fuzzy,phone:573158320724,2124f501-2758-594f-ab9a-b6c301148b34,False,,1.0,,21900000.0,11290000.0,credito,media,soat,False,False
LD-01368,09/05/2026 16:29,Formulario Web,EMP-02,PV-008,JORGE IVÁN HERNÁNDEZ ESCOBAR,573508832936,,CARTAGENA,AKT Evo RS 150,En proceso,2026-09-06T10:29:00,Prima Extra,jorge ivan hernandez escobar,573508832936,,cartagena,formulario web,en proceso,2026-05-09 16:29:00,2026-09-06 10:29:00,akt evo rs 150,1368,SKU-020,100.0,fuzzy,phone:573508832936,8b7a3225-ff66-56f6-9e02-e994d933ab72,False,,1.0,,7190000.0,,credito,media,soat,False,False
LD-01369,2026-09-03 02:19:00,WhatsApp,EMP-02,PV-007,  Paula Andrea Herrera Valencia  , 3506618391 ,paula.herrera91@yahoo.es,Soledad,honda cb 125f twister,Cotización enviada,2026-09-05 02:19:00,,paula andrea herrera valencia,573506618391,paula.herrera91@yahoo.es,soledad,whatsapp,cotizacion enviada,2026-09-03 02:19:00,2026-09-05 02:19:00,honda cb 125f twister,1369,SKU-001,100.0,fuzzy,phone:573506618391,164de528-a42b-5307-acd6-a81961d0b640,False,,1.0,,7990000.0,,credito,,soat,False,False
LD-01370,25/08/2026 07:59,Meta Ads,EMP-01,PV-002,Freddy Londoño Zapata,(312) 830-7171,,ITAGUI,Bajaj,En proceso,2026-08-28 07:59:00,Agosto Cero Cuotas,freddy londono zapata,573128307171,,itagui,meta ads,en proceso,2026-08-25 07:59:00,2026-08-28 07:59:00,bajaj,1370,,22.22222222222223,unmatched,phone:573128307171,9e046e96-d74a-5636-90fe-a62daff5b6ae,False,,1.0,,,,,,,False,False
LD-01371,01-09-2026,Meta Ads,EMP-02,PV-010,KATHERINE ARIAS GÓMEZ, 3110442798 ,,MONTERIA,suzuki gixxer 150,sin gestion,,,katherine arias gomez,573110442798,,monteria,meta ads,sin gestion,2026-09-01 00:00:00,,suzuki gixxer 150,1371,SKU-014,100.0,fuzzy,phone:573110442798,1fd5a163-baf6-59e8-a817-fb5935f4202a,False,,1.0,,11990000.0,,,,,False,False
LD-01372,06/08/2026 20:37,WhatsApp,EMP-02,PV-008,Kevin Correa Gómez,300-236-0354,kevin.correa67@outlook.com,CARTAGENA,honda xre 300,En proceso,08/08/2026 02:37,Feria de Motos 2026,kevin correa gomez,573002360354,kevin.correa67@outlook.com,cartagena,whatsapp,en proceso,2026-08-06 20:37:00,2026-08-08 02:37:00,honda xre 300,1372,SKU-006,100.0,fuzzy,phone:573002360354,40c7c69c-f918-515e-b0d4-84d563d7f991,False,,1.0,,22900000.0,,,,,False,False
LD-01373,08-08-2026,Meta Ads,EMP-03,PV-013,Héctor Londoño Bedoya, 3185593264 ,hector.londono52@gmail.com,Bogotá D.C.,suzuki v-strom 250,En proceso,,Retoma tu moto,hector londono bedoya,573185593264,hector.londono52@gmail.com,bogota,meta ads,en proceso,2026-08-08 00:00:00,,suzuki v-strom 250,1373,SKU-015,100.0,fuzzy,phone:573185593264,b58898a6-947d-5449-907a-9c8314a0f28c,False,,1.0,,21900000.0,,,,,False,False
LD-01374,09/04/2026 09:38,WhatsApp,EMP-03,PV-015,Liliana Restrepo Franco,3048843613,,SOACHA,Bajaj Discover 125,Descartado,2026-09-04 11:38:00,,liliana restrepo franco,573048843613,,soacha,whatsapp,descartado,2026-04-09 09:38:00,2026-09-04 11:38:00,bajaj discover 125,1374,SKU-012,100.0,fuzzy,phone:573048843613,45365ebf-e747-5d1c-90a5-529406a30f80,False,,1.0,,6990000.0,24900000.0,credito,,cuota,False,True
LD-01375,08/05/2026 23:21,WhatsApp,EMP-03,PV-015,Erika Muñoz Herrera,313 977 1847,,,A.K.T NKD 125,En proceso,2026-08-07 23:21:00,,erika munoz herrera,573139771847,,,whatsapp,en proceso,2026-05-08 23:21:00,2026-08-07 23:21:00,a.k.t nkd 125,1375,SKU-017,100.0,fuzzy,phone:573139771847,75b8b649-e47d-57f6-8a7e-97cc6fcbdcd8,False,,1.0,,5290000.0,,,,,False,False
LD-01376,01/09/2026 02:52,Formulario Web,EMP-03,PV-014,Sebastián Correa Giraldo,3186336381,,Bogotá D.C.,Suzuki,No contesta,2026-09-01T06:52:00,,sebastian correa giraldo,573186336381,,bogota,formulario web,no contesta,2026-09-01 02:52:00,2026-09-01 06:52:00,suzuki,1376,,26.66666666666667,unmatched,phone:573186336381,9e68ff55-aa44-5699-8af4-f3fc5b3a40da,False,,1.0,,,10490000.0,credito,media,precio,False,True
LD-01377,2026-08-13T00:00:00,WhatsApp,EMP-01,PV-003,ÉDINSON MOSQUERA GÓMEZ, 3203460673 ,edinson.mosquera14@gmail.com,BELLO,Bajaj,Contactado,2026-08-13 06:00:00,,edinson mosquera gomez,573203460673,edinson.mosquera14@gmail.com,bello,whatsapp,contactado,2026-08-13 00:00:00,2026-08-13 06:00:00,bajaj,1377,,22.22222222222223,unmatched,phone:573203460673,08e3ae9b-73ed-5fdb-b17d-d417da19d972,False,,1.0,,,7990000.0,credito,,cuota,False,True
LD-01378,2026-08-16T00:46:00,WhatsApp,EMP-01,PV-002,  Freddy Agudelo Quintero  ,+57 304 9759749,freddy.agudelo24@yahoo.es,Itagüí,Honda Dio,Cotización enviada,08/16/2026 01:46,Remate Modelos 2025,freddy agudelo quintero,573049759749,freddy.agudelo24@yahoo.es,itagui,whatsapp,cotizacion enviada,2026-08-16 00:46:00,2026-08-16 01:46:00,honda dio,1378,,60.0,unmatched,phone:573049759749,11b1ecdf-4005-5baa-9163-b9f585028d20,False,,1.0,,,6990000.0,credito,,soat,False,False
LD-01379,12/08/2026 01:42,whatsapp,EMP-02,PV-009,Claudia Patricia Cardona Salazar,3121442643,claudia.cardona76@hotmail.com,Sta Marta,,No contesta,08/13/2026 01:42,Remate Modelos 2025,claudia patricia cardona salazar,573121442643,claudia.cardona76@hotmail.com,santa marta,whatsapp,no contesta,2026-08-12 01:42:00,2026-08-13 01:42:00,,1379,,0.0,none,phone:573121442643,4e6a0e29-9e90-5402-8794-750ef9872500,False,,1.0,,,,,,,False,False
LD-01380,04-09-2026,Meta Ads,EMP-02,PV-007,Julián Cardona Torres,312 913 1024,julian.cardona99@gmail.com,Soledad,Honda Navi,En proceso,09/04/2026 05:08,Prima Extra,julian cardona torres,573129131024,julian.cardona99@gmail.com,soledad,meta ads,en proceso,2026-09-04 00:00:00,2026-04-09 05:08:00,honda navi,1380,SKU-004,100.0,fuzzy,phone:573129131024,bc2f58bd-c71e-5459-a3f4-3dd53a4a837e,False,,1.0,,7290000.0,11290000.0,credito,media,soat,False,False
LD-01381,2026-08-02 18:10:00,whatsapp,EMP-02,PV-009,N. Mosquera Restrepo,3163893482,natalia.mosquera21@outlook.com,Santa Marta,honda navi,Sin gestión,,,n. mosquera restrepo,573163893482,natalia.mosquera21@outlook.com,santa marta,whatsapp,sin gestion,2026-08-02 18:10:00,,honda navi,1381,SKU-004,100.0,fuzzy,phone:573163893482,89eaec4d-3938-58ea-9c7c-775d11dfe3cb,True,89eaec4d-3938-58ea-9c7c-775d11dfe3cb,1.0,same_phone_or_email,7290000.0,,credito,,soat,False,False
LD-01382,03-08-2026,Meta Ads,EMP-01,PV-002,ESTEFANÍA MUÑOZ OSPINA,3017785441,estefania.munoz3@outlook.com,ITAGUI,Hero Eco,Descartado,03/08/2026 17:21,Feria de Motos 2026,estefania munoz ospina,573017785441,estefania.munoz3@outlook.com,itagui,meta ads,descartado,2026-08-03 00:00:00,2026-08-03 17:21:00,hero eco,1382,,54.54545454545455,unmatched,phone:573017785441,5b020f2a-576e-5e41-944b-0533dc2239da,False,,1.0,,,,credito,media,soat,False,False
LD-01383,07/09/2026 04:52,Meta Ads,EMP-01,PV-003,ALEXANDER ARIAS CORREA,3004651858,alexander.arias86@outlook.com,BELLO,honda xre 300,Sin gestión,,Remate Modelos 2025,alexander arias correa,573004651858,alexander.arias86@outlook.com,bello,meta ads,sin gestion,2026-09-07 04:52:00,,honda xre 300,1383,SKU-006,100.0,fuzzy,phone:573004651858,b62318a1-0178-528e-bcee-4e07a26fc801,False,,1.0,,22900000.0,,,,,False,False
LD-01384,06/08/2026 08:08,WhatsApp,EMP-01,PV-002,Carlos Hernández,+57 316 5778889,carlos.hernandez31@outlook.com,Itagüí,HONDA XRE 300,Sin gestión,,Remate Modelos 2025,carlos hernandez,573165778889,carlos.hernandez31@outlook.com,itagui,whatsapp,sin gestion,2026-08-06 08:08:00,,honda xre 300,1384,SKU-006,100.0,fuzzy,phone:573165778889,2ba3bca8-670d-5b9b-a81b-2d72d11bec2c,True,2ba3bca8-670d-5b9b-a81b-2d72d11bec2c,1.0,same_phone_or_email,22900000.0,,,,,False,False
LD-01385,2026-08-24 13:34:00,META ADS,EMP-02,PV-007,MARCELA GÓMEZ GÓMEZ,3029899346,,SOLEDAD,AKT TTR 200,Contactado,25-08-2026,Remate Modelos 2025,marcela gomez gomez,573029899346,,soledad,meta ads,contactado,2026-08-24 13:34:00,2026-08-25 00:00:00,akt ttr 200,1385,SKU-019,100.0,fuzzy,phone:573029899346,990bb98d-ef28-567f-a5df-22f6bdcf30f5,True,990bb98d-ef28-567f-a5df-22f6bdcf30f5,1.0,same_phone_or_email,9890000.0,,,,,False,False
LD-01386,2026-08-03 04:25:00,Meta Ads,EMP-01,PV-001,Alexander Restrepo Muñoz,3148568367,,medellin,Honda Dio 110,Contactado,08/03/2026 08:25,,alexander restrepo munoz,573148568367,,medellin,meta ads,contactado,2026-08-03 04:25:00,2026-03-08 08:25:00,honda dio 110,1386,SKU-005,100.0,fuzzy,phone:573148568367,21fea736-00b4-5b7e-96dd-14fe5ba5b900,False,,1.0,,6890000.0,,,,,False,False
LD-01387,2026-09-02 04:15:00,WHATSAPP,EMP-02,PV-006,Édinson Arias Bedoya,322 490 6054,edinson.arias85@gmail.com,B/quilla,Honda XRE 300,Cotización enviada,2026-09-02 05:15:00,Feria de Motos 2026,edinson arias bedoya,573224906054,edinson.arias85@gmail.com,b/quilla,whatsapp,cotizacion enviada,2026-09-02 04:15:00,2026-09-02 05:15:00,honda xre 300,1387,SKU-006,100.0,fuzzy,phone:573224906054,7eec4589-b223-5354-9862-f1cd641a01f2,False,,1.0,,22900000.0,,credito,,soat,False,False
LD-01388,2026-08-27 03:35:00,whatsapp,EMP-02,PV-006,Mónica Valencia Escobar,3114704514,monica.valencia37@yahoo.es,BARRANQUILLA,suzuki gixxer 150,contactado,27/08/2026 15:35,Feria de Motos 2026,monica valencia escobar,573114704514,monica.valencia37@yahoo.es,barranquilla,whatsapp,contactado,2026-08-27 03:35:00,2026-08-27 15:35:00,suzuki gixxer 150,1388,SKU-014,100.0,fuzzy,phone:573114704514,e4f1cbf2-c8f8-5626-a626-192ce48492b0,False,,1.0,,11990000.0,,,,,False,False
LD-01389,2026-08-23T19:22:00,WhatsApp,EMP-01,PV-005,Alexander Agudelo Osorio,3130474869,,Medellín,honda xre 300,Cotización enviada,2026-08-24 07:22:00,Prima Extra,alexander agudelo osorio,573130474869,,medellin,whatsapp,cotizacion enviada,2026-08-23 19:22:00,2026-08-24 07:22:00,honda xre 300,1389,SKU-006,100.0,fuzzy,phone:573130474869,dd6fba1d-6599-5cf6-ac87-f4d88991bde7,False,,1.0,,22900000.0,6590000.0,credito,,cuota,False,True
LD-01390,04-09-2026,WhatsApp,EMP-03,PV-011,Liliana Pérez,315 642 5808,liliana.perez98@gmail.com,BOGOTA,Eco Deluxe 100,Contactado,04/09/2026 11:48,Remate Modelos 2025,liliana perez,573156425808,liliana.perez98@gmail.com,bogota,whatsapp,contactado,2026-09-04 00:00:00,2026-09-04 11:48:00,eco deluxe 100,1390,SKU-021,100.0,exact,phone:573156425808,4c51892e-60c1-55ab-871a-4af566ba533d,True,4c51892e-60c1-55ab-871a-4af566ba533d,1.0,same_phone_or_email,4990000.0,,credito,,soat,False,False
LD-01391,2026-08-05 07:15:00,Meta Ads,EMP-03,PV-014,Luisa Londoño,+57 311 0018694,,Bogota DC,SUZUKI BEST 125,Cotización enviada,05/08/2026 13:15,Prima Extra,luisa londono,573110018694,,bogota dc,meta ads,cotizacion enviada,2026-08-05 07:15:00,2026-08-05 13:15:00,suzuki best 125,1391,SKU-016,100.0,fuzzy,phone:573110018694,08428dde-dc0f-5eca-b278-75907c9159af,True,08428dde-dc0f-5eca-b278-75907c9159af,1.0,same_phone_or_email,6590000.0,,,,,False,False
LD-01392,2026-09-07 04:36:00,WhatsApp,EMP-03,PV-013,Erika Hernández Hernández,321-384-4252,erika.hernandez76@outlook.com,bogotá,TTR 200,No contesta,07-09-2026,Agosto Cero Cuotas,erika hernandez hernandez,573213844252,erika.hernandez76@outlook.com,bogota,whatsapp,no contesta,2026-09-07 04:36:00,2026-09-07 00:00:00,ttr 200,1392,SKU-019,100.0,exact,phone:573213844252,dde5e1a5-209e-5c52-a9a4-f4fb6c666b9e,False,,1.0,,9890000.0,,,,,False,False
LD-01393,2026-09-09 00:39:00,WhatsApp,EMP-02,PV-007,  Édinson Restrepo Rodríguez  ,573040599310,,Soledad,akt evo rs 150,No contesta,,Feria de Motos 2026,edinson restrepo rodriguez,573040599310,,soledad,whatsapp,no contesta,2026-09-09 00:39:00,,akt evo rs 150,1393,SKU-020,100.0,fuzzy,phone:573040599310,79c76ea9-2b04-5021-acb1-03236f3cc3f2,False,,1.0,,7190000.0,,,,,False,False
LD-01394,28/08/2026 16:29,Formulario Web,EMP-01,PV-004,Erika Londoño Ramírez,3024668422,,Rio Negro,Honda XRE 300,Cotización enviada,29-08-2026,Prima Extra,erika londono ramirez,573024668422,,rio negro,formulario web,cotizacion enviada,2026-08-28 16:29:00,2026-08-29 00:00:00,honda xre 300,1394,SKU-006,100.0,fuzzy,phone:573024668422,3555d7f4-a4aa-5f8b-92b2-f191b152dcad,False,,1.0,,22900000.0,7490000.0,credito,baja,precio,False,True
LD-01395,25/08/2026 12:18,Meta Ads,EMP-01,PV-004,Wilmar Rodríguez Ramírez,573045469302,wilmar.rodriguez70@gmail.com,RIONEGRO,suzuki gixxer 150,Cotización enviada,,Agosto Cero Cuotas,wilmar rodriguez ramirez,573045469302,wilmar.rodriguez70@gmail.com,rionegro,meta ads,cotizacion enviada,2026-08-25 12:18:00,,suzuki gixxer 150,1395,SKU-014,100.0,fuzzy,phone:573045469302,dd12496c-9db8-58ec-9edc-d4a85bc52c5e,False,,1.0,,11990000.0,15490000.0,credito,,soat,False,False
LD-01396,09/03/2026 19:08,Meta Ads,EMP-02,PV-006,Estefanía Agudelo Giraldo, 3232073956 ,,Barranquilla,Hero Dash 110,Cotización enviada,2026-09-07T19:08:00,,estefania agudelo giraldo,573232073956,,barranquilla,meta ads,cotizacion enviada,2026-03-09 19:08:00,2026-09-07 19:08:00,hero dash 110,1396,SKU-024,100.0,fuzzy,phone:573232073956,d9017b0c-4f03-572e-9a98-451e0ea890d7,False,,1.0,,6290000.0,,,,,False,False
LD-01397,2026-08-15 11:48:00,Meta Ads,EMP-03,PV-011,Sebastián Valencia Escobar,573023543651,sebastian.valencia56@yahoo.es,Bogotá,Honda CB 125F Twister,Sin gestión,,Retoma tu moto,sebastian valencia escobar,573023543651,sebastian.valencia56@yahoo.es,bogota,meta ads,sin gestion,2026-08-15 11:48:00,,honda cb 125f twister,1397,SKU-001,100.0,fuzzy,phone:573023543651,75dc5912-8def-5f6b-9406-f585c50b1cdb,False,,1.0,,7990000.0,,,,,False,False
LD-01398,2026-08-02 18:52:00,WhatsApp,EMP-02,PV-010,Sandra Salazar,3046681507,,Monteria,AKT TTR 200,En proceso,2026-08-06T18:52:00,,sandra salazar,573046681507,,monteria,whatsapp,en proceso,2026-08-02 18:52:00,2026-08-06 18:52:00,akt ttr 200,1398,SKU-019,100.0,fuzzy,phone:573046681507,12d64617-68c4-5ba9-a896-442a08d5443b,True,12d64617-68c4-5ba9-a896-442a08d5443b,1.0,same_phone_or_email,9890000.0,,,,,False,False
LD-01399,2026-09-04 12:09:00,FORMULARIO WEB,EMP-01,PV-003,Óscar David Vargas Jiménez,322 593 8803,,Bello,bajaj pulsar rs 200,Descartado,04/09/2026 14:09,Agosto Cero Cuotas,oscar david vargas jimenez,573225938803,,bello,formulario web,descartado,2026-09-04 12:09:00,2026-09-04 14:09:00,bajaj pulsar rs 200,1399,SKU-010,100.0,fuzzy,phone:573225938803,5213f670-a665-51b9-919d-f2d811f4bf20,False,,1.0,,15490000.0,6590000.0,credito,,cuota,False,True
LD-01400,2026-08-27 14:56:00,Meta Ads,EMP-01,PV-001,Katherine Franco Vargas,304 979 0048,,MEDELLIN,Honda  Navi,Sin gestión,,Retoma tu moto,katherine franco vargas,573049790048,,medellin,meta ads,sin gestion,2026-08-27 14:56:00,,honda navi,1400,SKU-004,100.0,fuzzy,phone:573049790048,944136a9-33cd-507f-9adc-95a1c4f8986b,False,,1.0,,7290000.0,,,,,False,False
LD-01401,2026-08-10 03:41:00,WhatsApp,EMP-03,PV-014,María Fernanda Betancur Agudelo,(318) 733-4520,maria.betancur22@gmail.com,Bogotá,Suzuki GN 125,contactado,2026-08-11T09:41:00,Agosto Cero Cuotas,maria fernanda betancur agudelo,573187334520,maria.betancur22@gmail.com,bogota,whatsapp,contactado,2026-08-10 03:41:00,2026-08-11 09:41:00,suzuki gn 125,1401,SKU-013,100.0,fuzzy,phone:573187334520,8ad4fda2-136d-5d7d-b51a-9903c53fcb54,False,,1.0,,7490000.0,,,,,False,False
LD-01402,2026-08-06 05:28:00,Formulario Web,EMP-01,PV-004,  Julián Quintero Rodríguez  ,(351) 925-4801,,Rionegro,AKT TTR 200,sin gestion,,Feria de Motos 2026,julian quintero rodriguez,573519254801,,rionegro,formulario web,sin gestion,2026-08-06 05:28:00,,akt ttr 200,1402,SKU-019,100.0,fuzzy,phone:573519254801,abd30589-6ad0-5f99-ab4f-d61f5827a96b,False,,1.0,,9890000.0,,credito,,soat,False,False
LD-01403,2026-08-09T20:39:00,Meta Ads,EMP-01,PV-004,Paula Andrea Torres Zapata,351 944 6980,paula.torres38@hotmail.com,Rionegro,Honda CB 190R,no contesta,13-08-2026,,paula andrea torres zapata,573519446980,paula.torres38@hotmail.com,rionegro,meta ads,no contesta,2026-08-09 20:39:00,2026-08-13 00:00:00,honda cb 190r,1403,SKU-003,100.0,fuzzy,phone:573519446980,ecad71b5-c340-5c50-b825-8de35761b64e,False,,1.0,,13990000.0,,,,,False,False
LD-01404,2026-09-05 20:51:00,Meta Ads,EMP-03,PV-012,NELSON AGUDELO HERNÁNDEZ,3048565394,nelson.agudelo39@hotmail.com,bogotá,AKT NKD 125,Descartado,05/09/2026 21:51,Feria de Motos 2026,nelson agudelo hernandez,573048565394,nelson.agudelo39@hotmail.com,bogota,meta ads,descartado,2026-09-05 20:51:00,2026-09-05 21:51:00,akt nkd 125,1404,SKU-017,100.0,fuzzy,phone:573048565394,39ffe4fe-c46a-5772-8e99-a52b16046bb5,False,,1.0,,5290000.0,,,,,False,False
LD-01405,2026-08-31 12:19:00,meta ads,EMP-02,PV-007,VANESSA CASTAÑO JIMÉNEZ,3203602723,vanessa.castano46@hotmail.com,,hero eco deluxe 100,En proceso,01-09-2026,,vanessa castano jimenez,573203602723,vanessa.castano46@hotmail.com,,meta ads,en proceso,2026-08-31 12:19:00,2026-09-01 00:00:00,hero eco deluxe 100,1405,SKU-021,100.0,fuzzy,phone:573203602723,c14f0da4-c916-5c6a-8351-7ea6c07e307a,False,,1.0,,4990000.0,,,,,False,False
LD-01406,2026-08-14 04:05:00,WhatsApp,EMP-02,PV-008,Leidy Johana Betancur Pérez,573113795953,leidy.betancur87@yahoo.es,CARTAGENA,AKT NKD,SIN GESTION,,Prima Extra,leidy johana betancur perez,573113795953,leidy.betancur87@yahoo.es,cartagena,whatsapp,sin gestion,2026-08-14 04:05:00,,akt nkd,1406,,60.0,unmatched,phone:573113795953,315d8304-f116-5f00-93de-b4d939922bbd,False,,1.0,,,8990000.0,credito,,soat,False,False
LD-01407,2026-09-08 08:10:00,WhatsApp,EMP-03,PV-011,Mónica Quintero Mosquera,573137641683,monica.quintero34@yahoo.es,Bogota DC,hero dash 110,Sin gestión,,Remate Modelos 2025,monica quintero mosquera,573137641683,monica.quintero34@yahoo.es,bogota dc,whatsapp,sin gestion,2026-09-08 08:10:00,,hero dash 110,1407,SKU-024,100.0,fuzzy,phone:573137641683,71196149-9ec8-57e6-aa71-340b1ebc07e0,False,,1.0,,6290000.0,,credito,,soat,False,False
LD-01408,02-09-2026,Formulario Web,EMP-03,PV-014,Diana Carolina Osorio Osorio,+57 314 5395860,,bogotá,Suzuky V-Strom 250,contactado,2026-09-05 13:55:00,,diana carolina osorio osorio,573145395860,,bogota,formulario web,contactado,2026-09-02 00:00:00,2026-09-05 13:55:00,suzuky v-strom 250,1408,SKU-015,100.0,fuzzy,phone:573145395860,29fd0067-f5d4-51d6-9c7f-e6fb9ae59f85,False,,1.0,,21900000.0,,,,,False,False
LD-01409,2026-09-03 07:56:00,Meta Ads,EMP-03,PV-011,DIANA CAROLINA SALAZAR JIMÉNEZ, 3211289756 ,diana.salazar52@outlook.com,Bogota DC,AKT Evo RS 150 2026,En proceso,2026-09-04T01:56:00,Retoma tu moto,diana carolina salazar jimenez,573211289756,diana.salazar52@outlook.com,bogota dc,meta ads,en proceso,2026-09-03 07:56:00,2026-09-04 01:56:00,akt evo rs 150 2026,1409,SKU-020,100.0,fuzzy,phone:573211289756,07c3309f-d3ec-598f-b10c-84be0cbe1066,False,,1.0,,7190000.0,13990000.0,credito,,soat,False,False
LD-01410,2026-08-26 02:43:00,meta ads,EMP-01,PV-005,marcela ramirez giraldo,+57 302 8382927,,medellin,Hero Xpulse 200,no contesta,08/26/2026 20:43,Feria de Motos 2026,marcela ramirez giraldo,573028382927,,medellin,meta ads,no contesta,2026-08-26 02:43:00,2026-08-26 20:43:00,hero xpulse 200,1410,SKU-023,100.0,fuzzy,phone:573028382927,4f376e70-d50e-5bbb-bd37-dfc74c9b444e,True,4f376e70-d50e-5bbb-bd37-dfc74c9b444e,1.0,same_phone_or_email,14990000.0,,,,,False,False
LD-01411,2026-08-03 00:58:00,WhatsApp,EMP-03,PV-012,Adriana Correa Torres,(315) 834-3002,,Bogota,SUZUKI V-STROM 250,En proceso,2026-08-05T00:58:00,Feria de Motos 2026,adriana correa torres,573158343002,,bogota,whatsapp,en proceso,2026-08-03 00:58:00,2026-08-05 00:58:00,suzuki v-strom 250,1411,SKU-015,100.0,fuzzy,phone:573158343002,778e2312-ec9f-5055-a739-e83dcfeb8c53,False,,1.0,,21900000.0,,credito,media,soat,False,False
LD-01412,16/08/2026 07:35,WhatsApp,EMP-03,PV-015,WILMAR VARGAS HERRERA,314 271 5536,,SOACHA,Honda Dio 110 2026,En proceso,16/08/2026 19:35,,wilmar vargas herrera,573142715536,,soacha,whatsapp,en proceso,2026-08-16 07:35:00,2026-08-16 19:35:00,honda dio 110 2026,1412,SKU-005,100.0,fuzzy,phone:573142715536,4e74315f-cdf4-5b54-8a5e-b31cf4756d4d,False,,1.0,,6890000.0,,,,,False,False
LD-01413,02-08-2026,WhatsApp,EMP-03,PV-011,Jorge Iván Torres Agudelo,317 990 5014,jorge.torres6@outlook.com,BOGOTA,Suzuki Gixxer 150,SIN GESTION,,Retoma tu moto,jorge ivan torres agudelo,573179905014,jorge.torres6@outlook.com,bogota,whatsapp,sin gestion,2026-08-02 00:00:00,,suzuki gixxer 150,1413,SKU-014,100.0,fuzzy,phone:573179905014,1dea11f5-5241-53af-947d-df105a0cc2f0,False,,1.0,,11990000.0,,credito,,soat,False,False
LD-01414,08/28/2026 16:49,WhatsApp,EMP-03,PV-013,ERIKA GIRALDO CARDONA,3157129815,,Bogota,GN 125,Cotización enviada,08/28/2026 22:49,Remate Modelos 2025,erika giraldo cardona,573157129815,,bogota,whatsapp,cotizacion enviada,2026-08-28 16:49:00,2026-08-28 22:49:00,gn 125,1414,SKU-013,100.0,exact,phone:573157129815,ab4575e0-04ea-5d61-8978-06fe50062813,False,,1.0,,7490000.0,,,,,False,False
LD-01415,04/08/2026 20:51,WhatsApp,EMP-02,PV-008,Marcela Salazar Cardona,573048897722,,Cartagena de Indias,Honda XR 150L 2026,En proceso,05-08-2026,Feria de Motos 2026,marcela salazar cardona,573048897722,,cartagena de indias,whatsapp,en proceso,2026-08-04 20:51:00,2026-08-05 00:00:00,honda xr 150l 2026,1415,SKU-002,100.0,fuzzy,phone:573048897722,4ca69ff1-1830-578c-a585-e5c26b68e808,False,,1.0,,11490000.0,,,,,False,False
LD-01416,2026-09-09T16:22:00,Meta Ads,EMP-01,PV-004,Leidy Johana Mosquera Restrepo,301 852 0844,,RIONEGRO,BAJAJ PULSAR NS 125,En proceso,2026-09-09 20:22:00,Remate Modelos 2025,leidy johana mosquera restrepo,573018520844,,rionegro,meta ads,en proceso,2026-09-09 16:22:00,2026-09-09 20:22:00,bajaj pulsar ns 125,1416,SKU-008,100.0,fuzzy,phone:573018520844,ecea67f5-7331-5d37-a5d3-7182ee8b1142,False,,1.0,,8990000.0,22900000.0,credito,media,soat,False,True
LD-01417,14/08/2026 04:41,WhatsApp,EMP-01,PV-001,Yuliana Torres Cardona,3140340753,,Medellín,Suzuki  V-Strom 250,Contactado,2026-08-14 22:41:00,Remate Modelos 2025,yuliana torres cardona,573140340753,,medellin,whatsapp,contactado,2026-08-14 04:41:00,2026-08-14 22:41:00,suzuki v-strom 250,1417,SKU-015,100.0,fuzzy,phone:573140340753,1f178a96-2da7-5fb3-8f0c-b2af7f6cca3e,False,,1.0,,21900000.0,,,,,False,False
LD-01418,02/09/2026 06:44,Formulario Web,EMP-03,PV-011,Paula Andrea Torres Vargas, 3049638395 ,,bogotá,,Descartado,05/09/2026 06:44,Feria de Motos 2026,paula andrea torres vargas,573049638395,,bogota,formulario web,descartado,2026-09-02 06:44:00,2026-09-05 06:44:00,,1418,,0.0,none,phone:573049638395,a289899c-e27f-544b-9788-716b0dcb6d6d,False,,1.0,,,,,,,False,False
LD-01419,18/08/2026 19:07,WhatsApp,EMP-02,PV-008,Yesenia Betancur Franco,573185268171,,CARTAGENA,Hero Hunk 160R,Sin gestión,,Remate Modelos 2025,yesenia betancur franco,573185268171,,cartagena,whatsapp,sin gestion,2026-08-18 19:07:00,,hero hunk 160r,1419,SKU-022,100.0,fuzzy,phone:573185268171,9e72780e-0c14-5e16-abf0-b9404d07555b,False,,1.0,,10490000.0,,,,,False,False
LD-01420,2026-08-21 02:17:00,WhatsApp,EMP-01,PV-003,  Natalia Arias Salazar  ,3045238505,,Bello,BAJAJ DOMINAR 400,Contactado,2026-08-21T04:17:00,,natalia arias salazar,573045238505,,bello,whatsapp,contactado,2026-08-21 02:17:00,2026-08-21 04:17:00,bajaj dominar 400,1420,SKU-011,100.0,fuzzy,phone:573045238505,bcacd331-136e-5da2-870e-e8d433f6993f,False,,1.0,,24900000.0,7990000.0,credito,,cuota,False,True
LD-01421,18-08-2026,Meta Ads,EMP-01,PV-001,WILMAR PÉREZ MUÑOZ,3022809320,,Medellín ,HERO DASH 110,Contactado,2026-08-18 18:52:00,,wilmar perez munoz,573022809320,,medellin,meta ads,contactado,2026-08-18 00:00:00,2026-08-18 18:52:00,hero dash 110,1421,SKU-024,100.0,fuzzy,phone:573022809320,35384bcc-0de7-5b69-90e3-368f06290c42,False,,1.0,,6290000.0,9890000.0,credito,,cuota,False,True
LD-01422,2026-08-19 15:01:00,WHATSAPP,EMP-01,PV-005,Kevin Bedoya Escobar, 3136835970 ,,Medellín,suzuki best 125,Sin gestión,,Remate Modelos 2025,kevin bedoya escobar,573136835970,,medellin,whatsapp,sin gestion,2026-08-19 15:01:00,,suzuki best 125,1422,SKU-016,100.0,fuzzy,phone:573136835970,de66e1f6-a546-595d-9b96-07fc07921332,False,,1.0,,6590000.0,,,,,False,False
LD-01423,31-08-2026,formulario web,EMP-03,PV-011,María Fernanda Restrepo Cardona,+57 323 8712776,maria.restrepo15@yahoo.es,Bogotá,Honda,Sin gestión,,Feria de Motos 2026,maria fernanda restrepo cardona,573238712776,maria.restrepo15@yahoo.es,bogota,formulario web,sin gestion,2026-08-31 00:00:00,,honda,1423,,44.44444444444444,unmatched,phone:573238712776,d5b33afb-a2a2-57ba-8523-041ddac62739,False,,1.0,,,,,,,False,False
LD-01424,08/21/2026 17:38,meta ads,EMP-01,PV-004,  Sandra Milena Quintero Valencia  ,311-661-3083,,Rionegro,Suzuki V-Strom 250,Descartado,2026-08-22 11:38:00,Agosto Cero Cuotas,sandra milena quintero valencia,573116613083,,rionegro,meta ads,descartado,2026-08-21 17:38:00,2026-08-22 11:38:00,suzuki v-strom 250,1424,SKU-015,100.0,fuzzy,phone:573116613083,ae2c42cd-e2f6-5033-8afc-85cfabefe418,False,,1.0,,21900000.0,7290000.0,credito,media,cuota,False,True
LD-01425,2026-09-05T10:57:00,whatsapp,EMP-02,PV-009,Andrés Felipe Rodríguez Zapata,315 772 8566,andres.rodriguez3@hotmail.com,Sta Marta,Bajaj  Discover 125,Contactado,2026-09-05T16:57:00,Prima Extra,andres felipe rodriguez zapata,573157728566,andres.rodriguez3@hotmail.com,santa marta,whatsapp,contactado,2026-09-05 10:57:00,2026-09-05 16:57:00,bajaj discover 125,1425,SKU-012,100.0,fuzzy,phone:573157728566,da7f3b1d-f290-5443-a258-b7fbc2255b48,False,,1.0,,6990000.0,,,,,False,False
LD-01426,28-08-2026,Formulario Web,EMP-03,PV-013,ESTEFANÍA RESTREPO BEDOYA,3122281291,,bogotá,HONDA CB 125F TWISTER,Contactado,08/28/2026 17:46,Prima Extra,estefania restrepo bedoya,573122281291,,bogota,formulario web,contactado,2026-08-28 00:00:00,2026-08-28 17:46:00,honda cb 125f twister,1426,SKU-001,100.0,fuzzy,phone:573122281291,9dfb3fbc-9341-549b-8f33-2bccd4eef8bd,True,9dfb3fbc-9341-549b-8f33-2bccd4eef8bd,1.0,same_phone_or_email,7990000.0,,credito,,soat,False,False
LD-01427,02/08/2026 16:15,WhatsApp,EMP-03,PV-012,DIANA CAROLINA SALAZAR BETANCUR,3187567630,,Bogota,Hero Dash,no contesta,08/02/2026 18:15,Prima Extra,diana carolina salazar betancur,573187567630,,bogota,whatsapp,no contesta,2026-08-02 16:15:00,2026-02-08 18:15:00,hero dash,1427,,66.66666666666666,unmatched,phone:573187567630,a79783de-9cde-5d26-8f5f-28a80d566445,False,,1.0,,,24900000.0,credito,,soat,True,False
LD-01428,08/09/2026 01:36,Meta Ads,EMP-03,PV-014,  Sebastián Osorio Bedoya  ,3175715959,,Bogotá,Bajaj Discover 125,Cotización enviada,2026-09-08 13:36:00,,sebastian osorio bedoya,573175715959,,bogota,meta ads,cotizacion enviada,2026-09-08 01:36:00,2026-09-08 13:36:00,bajaj discover 125,1428,SKU-012,100.0,fuzzy,phone:573175715959,1786d649-0391-5398-b02b-f2ff02bf1a2e,False,,1.0,,6990000.0,,,,,False,False
LD-01429,2026-09-04 08:28:00,Meta Ads,EMP-03,PV-011,  Cristian Betancur Pérez  ,3208185520,cristian.betancur97@hotmail.com,Bogotá D.C.,suzuki best 125,Cotización enviada,2026-09-06 08:28:00,,cristian betancur perez,573208185520,cristian.betancur97@hotmail.com,bogota,meta ads,cotizacion enviada,2026-09-04 08:28:00,2026-09-06 08:28:00,suzuki best 125,1429,SKU-016,100.0,fuzzy,phone:573208185520,0f62c44d-d5cb-53ac-a923-8bb8ae9a9b90,True,0f62c44d-d5cb-53ac-a923-8bb8ae9a9b90,1.0,same_phone_or_email,6590000.0,,,,,False,False
LD-01430,25/08/2026 08:09,meta ads,EMP-01,PV-003,CARLOS MARIO OSORIO ESCOBAR,(315) 887-4268,,BELLO,Suzuki GN 125,Descartado,2026-08-26 14:09:00,Agosto Cero Cuotas,carlos mario osorio escobar,573158874268,,bello,meta ads,descartado,2026-08-25 08:09:00,2026-08-26 14:09:00,suzuki gn 125,1430,SKU-013,100.0,fuzzy,phone:573158874268,56d61741-9176-54b0-957f-8004b1436caa,True,56d61741-9176-54b0-957f-8004b1436caa,1.0,same_phone_or_email,7490000.0,,,,,False,False
LD-01431,2026-08-01 07:04:00,Meta Ads,EMP-03,PV-014,CAMILO TORRES LONDOÑO,(301) 060-3999,,Bogotá D.C.,,Sin gestión,,Prima Extra,camilo torres londono,573010603999,,bogota,meta ads,sin gestion,2026-08-01 07:04:00,,,1431,,0.0,none,phone:573010603999,76bae0a2-0b08-5f88-8835-1938d4545a93,False,,1.0,,,,,,,False,False
LD-01432,09-08-2026,WhatsApp,EMP-01,PV-005,Erika Gómez Agudelo,573134148334,,Medellín ,Suzuki Gixxer 150,En proceso,2026-08-10 05:19:00,Prima Extra,erika gomez agudelo,573134148334,,medellin,whatsapp,en proceso,2026-08-09 00:00:00,2026-08-10 05:19:00,suzuki gixxer 150,1432,SKU-014,100.0,fuzzy,phone:573134148334,e6a798e4-9bbc-5ac1-ba03-f19f991c8e2a,False,,1.0,,11990000.0,6990000.0,credito,media,cuota,False,True
LD-01433,17/08/2026 01:35,WhatsApp,EMP-01,PV-003,  Andrés Felipe Escobar Osorio  ,301 706 9918,,BELLO,Hero Hunk 160R,sin gestion,,Retoma tu moto,andres felipe escobar osorio,573017069918,,bello,whatsapp,sin gestion,2026-08-17 01:35:00,,hero hunk 160r,1433,SKU-022,100.0,fuzzy,phone:573017069918,36519111-d77e-5b31-80d1-329fdbbb4dd6,False,,1.0,,10490000.0,,,,,False,False
LD-01434,2026-09-02T02:21:00,WhatsApp,EMP-02,PV-007,JUAN CARLOS CASTAÑO ESCOBAR,315-116-0484,juan.castano38@yahoo.es,Soledad,suzuki gn 125,En proceso,02-09-2026,,juan carlos castano escobar,573151160484,juan.castano38@yahoo.es,soledad,whatsapp,en proceso,2026-09-02 02:21:00,2026-09-02 00:00:00,suzuki gn 125,1434,SKU-013,100.0,fuzzy,phone:573151160484,0c1aa959-8639-5c5e-89b8-1ed687759bff,False,,1.0,,7490000.0,6890000.0,credito,,cuota,False,True
LD-01435,04/09/2026 04:43,Formulario Web,EMP-02,PV-008,  Angie Paola Franco Muñoz  ,(315) 320-9140,angie.franco89@hotmail.com,Cartagena,AKT NKD 125,sin gestion,,,angie paola franco munoz,573153209140,angie.franco89@hotmail.com,cartagena,formulario web,sin gestion,2026-09-04 04:43:00,,akt nkd 125,1435,SKU-017,100.0,fuzzy,phone:573153209140,4b7bbc02-cfa3-5c0e-a2b6-82443e62ab98,False,,1.0,,5290000.0,,,,,False,False
LD-01436,13/08/2026 05:52,Formulario Web,EMP-02,PV-009,Natalia Quintero Castaño,+57 316 5587534,natalia.quintero62@gmail.com,Santa Marta,Bajaj Pulsar,No contesta,2026-08-14 11:52:00,Prima Extra,natalia quintero castano,573165587534,natalia.quintero62@gmail.com,santa marta,formulario web,no contesta,2026-08-13 05:52:00,2026-08-14 11:52:00,bajaj pulsar,1436,,66.66666666666666,unmatched,phone:573165587534,b65fd157-3060-5df7-8872-d403446e6d07,False,,1.0,,,,credito,,soat,False,False
LD-01437,09/08/2026 08:58,WhatsApp,EMP-02,PV-009,  Luz Marina Castaño Londoño  ,3023906246,luz.castano78@outlook.com,SANTA MARTA,Suzuki V-Strom 250,Contactado,2026-08-12 08:58:00,Remate Modelos 2025,luz marina castano londono,573023906246,luz.castano78@outlook.com,santa marta,whatsapp,contactado,2026-08-09 08:58:00,2026-08-12 08:58:00,suzuki v-strom 250,1437,SKU-015,100.0,fuzzy,phone:573023906246,45d612f4-1dd5-5e53-979f-4dd2dc3afad5,False,,1.0,,21900000.0,,,,,False,False
LD-01438,2026-08-06 14:14:00,formulario web,EMP-01,PV-005,L. Restrepo Londoño,3134174574,luisa.restrepo99@yahoo.es,medellin,Bajaj Boxer CT 100,Descartado,2026-08-06T18:14:00,,l. restrepo londono,573134174574,luisa.restrepo99@yahoo.es,medellin,formulario web,descartado,2026-08-06 14:14:00,2026-08-06 18:14:00,bajaj boxer ct 100,1438,SKU-007,100.0,fuzzy,phone:573134174574,1f284bd2-71ce-52f1-839d-1fbfe192861c,True,1f284bd2-71ce-52f1-839d-1fbfe192861c,1.0,same_phone_or_email,5790000.0,,credito,,soat,False,False
LD-01439,13/08/2026 00:56,Meta Ads,EMP-01,PV-003,Nelson Ramírez Rodríguez,312-481-9404,,Bello,Bajaj Discover 125,Sin gestión,,Agosto Cero Cuotas,nelson ramirez rodriguez,573124819404,,bello,meta ads,sin gestion,2026-08-13 00:56:00,,bajaj discover 125,1439,SKU-012,100.0,fuzzy,phone:573124819404,5816fa24-2706-518e-a94e-fd7e1e2209ce,False,,1.0,,6990000.0,,credito,media,soat,True,False
LD-01440,2026-08-21 20:10:00,WhatsApp,EMP-02,PV-009,maria fernanda cardona castano,323 569 1722,maria.cardona22@outlook.com,Sta Marta,Bajaj Boxer CT 100,no contesta,25/08/2026 20:10,Feria de Motos 2026,maria fernanda cardona castano,573235691722,maria.cardona22@outlook.com,santa marta,whatsapp,no contesta,2026-08-21 20:10:00,2026-08-25 20:10:00,bajaj boxer ct 100,1440,SKU-007,100.0,fuzzy,phone:573235691722,88173d40-97c0-56e4-bd42-cb97b7895608,True,88173d40-97c0-56e4-bd42-cb97b7895608,1.0,same_phone_or_email,5790000.0,,credito,baja,precio,False,True
LD-01441,2026-08-09 21:56:00,WhatsApp,EMP-03,PV-011,Mónica Vargas Jiménez, 3147640199 ,,BOGOTA,suzuki best 125,No contesta,08/10/2026 03:56,Remate Modelos 2025,monica vargas jimenez,573147640199,,bogota,whatsapp,no contesta,2026-08-09 21:56:00,2026-10-08 03:56:00,suzuki best 125,1441,SKU-016,100.0,fuzzy,phone:573147640199,033ff87f-7630-597d-8a4d-2d2c1a188b28,False,,1.0,,6590000.0,,,,,False,False
LD-01442,2026-08-01 18:51:00,WhatsApp,EMP-01,PV-001,Andrés Felipe Restrepo Cardona, 3131753775 ,,Medellin,Hero Hunk 160R,No contesta,01/08/2026 22:51,Retoma tu moto,andres felipe restrepo cardona,573131753775,,medellin,whatsapp,no contesta,2026-08-01 18:51:00,2026-08-01 22:51:00,hero hunk 160r,1442,SKU-022,100.0,fuzzy,phone:573131753775,cb52e5d0-66d3-5a0d-963d-b0982d174dab,False,,1.0,,10490000.0,,,,,False,False
LD-01443,27/08/2026 17:01,Meta Ads,EMP-03,PV-013,  Andrés Felipe Betancur Herrera  ,311 416 3606,,Bogota,Hero Hunk 160R,Descartado,,Agosto Cero Cuotas,andres felipe betancur herrera,573114163606,,bogota,meta ads,descartado,2026-08-27 17:01:00,,hero hunk 160r,1443,SKU-022,100.0,fuzzy,phone:573114163606,0bbead93-9ee5-5aa0-bf65-0012fe0dc746,False,,1.0,,10490000.0,,,,,False,False
LD-01444,03-09-2026,WhatsApp,EMP-03,PV-015,Claudia Patricia Correa Zapata,318 808 5690,claudia.correa57@yahoo.es,SOACHA,Honda CB 125F Twister 2026,Cotización enviada,09/04/2026 18:47,,claudia patricia correa zapata,573188085690,claudia.correa57@yahoo.es,soacha,whatsapp,cotizacion enviada,2026-09-03 00:00:00,2026-04-09 18:47:00,honda cb 125f twister 2026,1444,SKU-001,100.0,fuzzy,phone:573188085690,8bf45b52-653d-5575-bc14-ec171fa1c731,False,,1.0,,7990000.0,24900000.0,credito,,soat,False,False
LD-01445,27-08-2026,WhatsApp,EMP-02,PV-006,  Cristian Herrera Hernández  ,3150738584,,BARRANQUILLA,Pulsar RS 200,Descartado,27-08-2026,Agosto Cero Cuotas,cristian herrera hernandez,573150738584,,barranquilla,whatsapp,descartado,2026-08-27 00:00:00,2026-08-27 00:00:00,pulsar rs 200,1445,SKU-010,100.0,exact,phone:573150738584,5bb0b4a0-c82b-567a-9e72-2baedb9a1f2f,False,,1.0,,15490000.0,,credito,,soat,False,False
LD-01446,2026-08-29 06:14:00,META ADS,EMP-01,PV-002,JUAN CARLOS BEDOYA QUINTERO,300-378-0468,juan.bedoya91@hotmail.com,Itagui,AKT TTR,En proceso,09/02/2026 06:14,Feria de Motos 2026,juan carlos bedoya quintero,573003780468,juan.bedoya91@hotmail.com,itagui,meta ads,en proceso,2026-08-29 06:14:00,2026-02-09 06:14:00,akt ttr,1446,,60.0,unmatched,phone:573003780468,8d1cbcec-b5d6-5313-9657-de58138a5bb6,False,,1.0,,,,,,,False,False
LD-01447,08/03/2026 06:05,WhatsApp,EMP-02,PV-006,Héctor Herrera Ramírez,3138016898,,,Honda Dio 110,En proceso,2026-08-05T06:05:00,Remate Modelos 2025,hector herrera ramirez,573138016898,,,whatsapp,en proceso,2026-03-08 06:05:00,2026-08-05 06:05:00,honda dio 110,1447,SKU-005,100.0,fuzzy,phone:573138016898,d45a8fca-0804-58ff-adef-1b3e20d607d1,False,,1.0,,6890000.0,,,,,False,False
LD-01448,12-08-2026,WhatsApp,EMP-03,PV-013,Freddy Zapata Zapata,301 419 3776,freddy.zapata48@hotmail.com,bogotá,Bajaj Pulsar RS 200,Sin gestión,,Remate Modelos 2025,freddy zapata zapata,573014193776,freddy.zapata48@hotmail.com,bogota,whatsapp,sin gestion,2026-08-12 00:00:00,,bajaj pulsar rs 200,1448,SKU-010,100.0,fuzzy,phone:573014193776,77faf35f-f5f0-59d1-bbc2-b98d4dd5548c,False,,1.0,,15490000.0,,,,,False,False
LD-01449,04/09/2026 05:37,WhatsApp,EMP-03,PV-013,Andrés Felipe Ramírez Londoño,3221643180,andres.ramirez92@gmail.com,Bogota DC,AKT Dynamic R3 125,No contesta,2026-09-04T06:37:00,Retoma tu moto,andres felipe ramirez londono,573221643180,andres.ramirez92@gmail.com,bogota dc,whatsapp,no contesta,2026-09-04 05:37:00,2026-09-04 06:37:00,akt dynamic r3 125,1449,SKU-018,100.0,fuzzy,phone:573221643180,c6ac049c-39b7-5235-9e9d-ffae57ffad85,True,c6ac049c-39b7-5235-9e9d-ffae57ffad85,1.0,same_phone_or_email,5590000.0,,,,,False,False
LD-01450,2026-08-25 19:53:00,WhatsApp,EMP-01,PV-005,YULIANA AGUDELO VARGAS,3008305965,,Medellin,Hero Xpulse 200 2026,No contesta,2026-08-25 20:53:00,Feria de Motos 2026,yuliana agudelo vargas,573008305965,,medellin,whatsapp,no contesta,2026-08-25 19:53:00,2026-08-25 20:53:00,hero xpulse 200 2026,1450,SKU-023,100.0,fuzzy,phone:573008305965,19091725-a343-5473-af35-d5fdb7c01035,False,,1.0,,14990000.0,15490000.0,credito,,cuota,False,True
LD-01451,13-08-2026,Formulario Web,EMP-03,PV-012,Duván Pérez Bedoya,3159813888,,BOGOTA,honda cb 125f twister,Descartado,14/08/2026 01:03,Agosto Cero Cuotas,duvan perez bedoya,573159813888,,bogota,formulario web,descartado,2026-08-13 00:00:00,2026-08-14 01:03:00,honda cb 125f twister,1451,SKU-001,100.0,fuzzy,phone:573159813888,ea883ed5-c4d9-5e24-8aa8-1b5288320586,False,,1.0,,7990000.0,,,,,False,False
LD-01452,2026-09-02 11:42:00,WhatsApp,EMP-01,PV-003,Yuliana Marín Pérez,573102213563,,Bello,Bajai Pulsar NS 125,En proceso,09/04/2026 11:42,Remate Modelos 2025,yuliana marin perez,573102213563,,bello,whatsapp,en proceso,2026-09-02 11:42:00,2026-04-09 11:42:00,bajai pulsar ns 125,1452,SKU-008,100.0,fuzzy,phone:573102213563,591c35da-db5c-58a6-ae51-43f84752326e,False,,1.0,,8990000.0,,,,,False,False
LD-01453,24/08/2026 05:59,Meta Ads,EMP-01,PV-004,  María Fernanda Zapata Ramírez  ,350 181 0499,,Rio Negro,Honda Dio,Sin gestión,,Prima Extra,maria fernanda zapata ramirez,573501810499,,rio negro,meta ads,sin gestion,2026-08-24 05:59:00,,honda dio,1453,,60.0,unmatched,phone:573501810499,52cdb464-697a-5128-b937-26fc3657a3d6,False,,1.0,,,11990000.0,credito,,soat,True,False
LD-01454,2026-09-07 14:12:00,WhatsApp,EMP-03,PV-015,Katherine Salazar Osorio,312 998 9785,,SOACHA,akt nkd 125,SIN GESTION,,Feria de Motos 2026,katherine salazar osorio,573129989785,,soacha,whatsapp,sin gestion,2026-09-07 14:12:00,,akt nkd 125,1454,SKU-017,100.0,fuzzy,phone:573129989785,c8322963-3e6e-5733-be83-e82296b7da66,False,,1.0,,5290000.0,,credito,,soat,False,False
LD-01455,08/17/2026 13:46,Meta Ads,EMP-03,PV-014,Paula Andrea Restrepo Correa,315 148 0280,paula.restrepo72@yahoo.es,bogotá,Bajaj Pulsar NS 125,sin gestion,,Retoma tu moto,paula andrea restrepo correa,573151480280,paula.restrepo72@yahoo.es,bogota,meta ads,sin gestion,2026-08-17 13:46:00,,bajaj pulsar ns 125,1455,SKU-008,100.0,fuzzy,phone:573151480280,13eea020-331e-5454-a9b8-26a669354f6e,False,,1.0,,8990000.0,,credito,,soat,False,False
LD-01456,13/08/2026 20:05,WhatsApp,EMP-02,PV-009,Cristian Arias Jiménez,573183390457,,,bajaj pulsar ns 125,Sin gestión,,Prima Extra,cristian arias jimenez,573183390457,,,whatsapp,sin gestion,2026-08-13 20:05:00,,bajaj pulsar ns 125,1456,SKU-008,100.0,fuzzy,phone:573183390457,b742c866-21e6-5abe-a0a5-cec3a38daad9,False,,1.0,,8990000.0,,credito,,soat,False,False
LD-01457,04/08/2026 07:49,WhatsApp,EMP-01,PV-002,FABIÁN OSORIO FRANCO,3204915519,,Itagui,Hero Hunk 160R 2026,Descartado,04/08/2026 13:49,Prima Extra,fabian osorio franco,573204915519,,itagui,whatsapp,descartado,2026-08-04 07:49:00,2026-08-04 13:49:00,hero hunk 160r 2026,1457,SKU-022,100.0,fuzzy,phone:573204915519,5b217ab8-5303-52ed-8d65-730e8dd63826,False,,1.0,,10490000.0,,credito,,soat,False,False
LD-01458,2026-08-29 14:57:00,WhatsApp,EMP-02,PV-006,Andrés Felipe Bedoya Ramírez,3170074670,,B/quilla,Hero Hunk 160R,Sin gestión,,,andres felipe bedoya ramirez,573170074670,,b/quilla,whatsapp,sin gestion,2026-08-29 14:57:00,,hero hunk 160r,1458,SKU-022,100.0,fuzzy,phone:573170074670,b1c7b309-ff77-569d-9a68-775e3282133e,False,,1.0,,10490000.0,,,,,False,False
LD-01459,07-09-2026,WhatsApp,EMP-02,PV-007,Nelson Giraldo Salazar,3215898389,nelson.giraldo50@gmail.com,SOLEDAD,Honda CB 125F Twister 2026,Contactado,07-09-2026,Agosto Cero Cuotas,nelson giraldo salazar,573215898389,nelson.giraldo50@gmail.com,soledad,whatsapp,contactado,2026-09-07 00:00:00,2026-09-07 00:00:00,honda cb 125f twister 2026,1459,SKU-001,100.0,fuzzy,phone:573215898389,7caa6869-cc2b-5007-9c9b-d51f3a856991,False,,1.0,,7990000.0,,,,,False,False
LD-01460,09/08/2026 01:51,whatsapp,EMP-03,PV-014,BRAYAN GÓMEZ BETANCUR,3055921688,,BOGOTA,honda navi,Contactado,10/08/2026 01:51,Remate Modelos 2025,brayan gomez betancur,573055921688,,bogota,whatsapp,contactado,2026-08-09 01:51:00,2026-08-10 01:51:00,honda navi,1460,SKU-004,100.0,fuzzy,phone:573055921688,e9d7753f-b410-55d8-914e-046742d112bf,False,,1.0,,7290000.0,11490000.0,credito,media,cuota,False,True
LD-01461,24-08-2026,Meta Ads,EMP-01,PV-005,  Héctor Valencia Giraldo  ,314 489 6570,,Medellín,Suzuki Gixxer 150,Sin gestión,,Agosto Cero Cuotas,hector valencia giraldo,573144896570,,medellin,meta ads,sin gestion,2026-08-24 00:00:00,,suzuki gixxer 150,1461,SKU-014,100.0,fuzzy,phone:573144896570,7382af55-2c4a-56d5-9c01-21db74089d00,False,,1.0,,11990000.0,,credito,,soat,False,False
LD-01462,13-08-2026,WhatsApp,EMP-03,PV-015,JHON JAIRO QUINTERO PÉREZ,3019909496,,SOACHA,AKT TTR 200,En proceso,17/08/2026 22:15,Retoma tu moto,jhon jairo quintero perez,573019909496,,soacha,whatsapp,en proceso,2026-08-13 00:00:00,2026-08-17 22:15:00,akt ttr 200,1462,SKU-019,100.0,fuzzy,phone:573019909496,1d08831f-557b-5ec5-ba19-32597956dd0e,False,,1.0,,9890000.0,,,,,False,False
LD-01463,2026-08-17 02:59:00,WhatsApp,EMP-01,PV-005,JULIÁN ZAPATA RODRÍGUEZ,3146132028,julian.zapata59@outlook.com,Medellin,Suzuki Gixxer 150,no contesta,08/17/2026 08:59,Agosto Cero Cuotas,julian zapata rodriguez,573146132028,julian.zapata59@outlook.com,medellin,whatsapp,no contesta,2026-08-17 02:59:00,2026-08-17 08:59:00,suzuki gixxer 150,1463,SKU-014,100.0,fuzzy,phone:573146132028,e1225df6-f039-591b-884e-ab5b7b99f939,False,,1.0,,11990000.0,,,,,False,False
LD-01464,2026-08-08 03:22:00,Formulario Web,EMP-01,PV-004,JHON JAIRO VALENCIA BETANCUR,+57 315 9802019,jhon.valencia28@gmail.com,,Suzuki GN,Contactado,2026-08-09 09:22:00,Prima Extra,jhon jairo valencia betancur,573159802019,jhon.valencia28@gmail.com,,formulario web,contactado,2026-08-08 03:22:00,2026-08-09 09:22:00,suzuki gn,1464,,50.0,unmatched,phone:573159802019,848b2747-0776-53f0-8925-2acf9e79353e,True,848b2747-0776-53f0-8925-2acf9e79353e,1.0,same_phone_or_email,,,,,,False,False
LD-01465,2026-08-22 07:14:00,WhatsApp,EMP-01,PV-004,Yuliana Franco Marín,(318) 023-2351,,Rio Negro,,no contesta,2026-08-25T07:14:00,Agosto Cero Cuotas,yuliana franco marin,573180232351,,rio negro,whatsapp,no contesta,2026-08-22 07:14:00,2026-08-25 07:14:00,,1465,,0.0,none,phone:573180232351,2060b7f2-0cac-5a67-b23a-5ecce9fa75c5,False,,1.0,,,,,,,False,False
LD-01466,08-08-2026,Meta Ads,EMP-02,PV-008,Camilo Hernández Londoño,3501693501,camilo.hernandez87@hotmail.com,Cartagena de Indias,Bajaj Pulsar NS 160 2026,En proceso,,,camilo hernandez londono,573501693501,camilo.hernandez87@hotmail.com,cartagena de indias,meta ads,en proceso,2026-08-08 00:00:00,,bajaj pulsar ns 160 2026,1466,SKU-009,100.0,fuzzy,phone:573501693501,b8cfcecc-d2a7-51a2-a287-23593934c0ac,False,,1.0,,11290000.0,,credito,media,soat,False,False
LD-01467,2026-08-08 15:22:00,WhatsApp,EMP-03,PV-014,Édinson Castaño Pérez,3515323026,edinson.castano20@gmail.com,Bogotá D.C.,bajaj dominar 400,En proceso,09/08/2026 15:22,,edinson castano perez,573515323026,edinson.castano20@gmail.com,bogota,whatsapp,en proceso,2026-08-08 15:22:00,2026-08-09 15:22:00,bajaj dominar 400,1467,SKU-011,100.0,fuzzy,phone:573515323026,f2168787-e6b9-5416-b807-e7490ed1b6ee,False,,1.0,,24900000.0,,,,,False,False
LD-01468,04/09/2026 00:23,Formulario Web,EMP-02,PV-010,LUISA CARDONA CARDONA,350 744 1673,,MONTERIA,Heroo Eco Deluxe 100,Contactado,2026-09-04 04:23:00,,luisa cardona cardona,573507441673,,monteria,formulario web,contactado,2026-09-04 00:23:00,2026-09-04 04:23:00,heroo eco deluxe 100,1468,SKU-021,100.0,fuzzy,phone:573507441673,4da609c7-bd71-5d46-92b7-30606f2d6c13,False,,1.0,,4990000.0,,credito,,soat,True,False
LD-01469,2026-08-15T06:13:00,Meta Ads,EMP-02,PV-007,Juan Carlos Bedoya Giraldo,573104811363,juan.bedoya74@outlook.com,,honda navi,Descartado,,Agosto Cero Cuotas,juan carlos bedoya giraldo,573104811363,juan.bedoya74@outlook.com,,meta ads,descartado,2026-08-15 06:13:00,,honda navi,1469,SKU-004,100.0,fuzzy,phone:573104811363,c8891525-afcd-501b-9c6a-5680cf630df2,False,,1.0,,7290000.0,,credito,media,soat,False,False
LD-01470,2026-08-10T17:27:00,Meta Ads,EMP-01,PV-001,Yuliana Escobar Herrera,320 145 4170,,MEDELLIN,Honda XR 150L,Contactado,11-08-2026,Prima Extra,yuliana escobar herrera,573201454170,,medellin,meta ads,contactado,2026-08-10 17:27:00,2026-08-11 00:00:00,honda xr 150l,1470,SKU-002,100.0,fuzzy,phone:573201454170,9d2a7e37-4606-5fca-a1b1-5f710d0f2905,False,,1.0,,11490000.0,,,,,False,False
LD-01471,28/08/2026 11:48,Meta Ads,EMP-01,PV-003,Paula Andrea Gómez Correa,3010977202,,BELLO,AKT NKD,No contesta,08/31/2026 11:48,Agosto Cero Cuotas,paula andrea gomez correa,573010977202,,bello,meta ads,no contesta,2026-08-28 11:48:00,2026-08-31 11:48:00,akt nkd,1471,,60.0,unmatched,phone:573010977202,3470058d-635d-5b39-b228-1fb5cd503cf5,False,,1.0,,,,,,,False,False
LD-01472,08/21/2026 18:07,WHATSAPP,EMP-02,PV-007,Héctor Muñoz Quintero,+57 322 6681968,,Soledad,TTR 200,Descartado,21/08/2026 20:07,Remate Modelos 2025,hector munoz quintero,573226681968,,soledad,whatsapp,descartado,2026-08-21 18:07:00,2026-08-21 20:07:00,ttr 200,1472,SKU-019,100.0,exact,phone:573226681968,b9b08dd7-287b-599d-a3d3-f643feb2d0d2,False,,1.0,,9890000.0,,,,,False,False
LD-01473,2026-08-23 16:41:00,Meta Ads,EMP-01,PV-001,Leidy Franco, 3005741545 ,leidy.franco55@outlook.com,MEDELLIN,Hero Xpulse 200,no contesta,24-08-2026,Prima Extra,leidy franco,573005741545,leidy.franco55@outlook.com,medellin,meta ads,no contesta,2026-08-23 16:41:00,2026-08-24 00:00:00,hero xpulse 200,1473,SKU-023,100.0,fuzzy,phone:573005741545,72d1a04a-b5d1-52f5-97fd-ad282ade5cf0,True,72d1a04a-b5d1-52f5-97fd-ad282ade5cf0,1.0,same_phone_or_email,14990000.0,5290000.0,credito,,cuota,False,True
LD-01474,2026-09-04 12:20:00,Meta Ads,EMP-03,PV-011,KATHERINE RESTREPO ESCOBAR,(314) 549-3741,,BOGOTA,honda cb 125f twister,Sin gestión,,Retoma tu moto,katherine restrepo escobar,573145493741,,bogota,meta ads,sin gestion,2026-09-04 12:20:00,,honda cb 125f twister,1474,SKU-001,100.0,fuzzy,phone:573145493741,cda4dd2b-65a9-509f-a5cd-62afa089d776,False,,1.0,,7990000.0,,,,,False,False
LD-01475,2026-08-26 08:35:00,WhatsApp,EMP-02,PV-006,Angie Paola Castaño Mosquera,316 381 2986,angie.castano36@yahoo.es,barranquilla,A.K.T NKD 125,No contesta,2026-08-27 08:35:00,Feria de Motos 2026,angie paola castano mosquera,573163812986,angie.castano36@yahoo.es,barranquilla,whatsapp,no contesta,2026-08-26 08:35:00,2026-08-27 08:35:00,a.k.t nkd 125,1475,SKU-017,100.0,fuzzy,phone:573163812986,eb485666-7137-5457-98ef-65099acc4de3,False,,1.0,,5290000.0,6890000.0,credito,,soat,True,False
LD-01476,02-09-2026,WhatsApp,EMP-02,PV-008,Claudia Patricia Osorio Londoño,316 909 0558,claudia.osorio25@hotmail.com,CARTAGENA,bajaj dominar 400,Descartado,02/09/2026 20:46,Feria de Motos 2026,claudia patricia osorio londono,573169090558,claudia.osorio25@hotmail.com,cartagena,whatsapp,descartado,2026-09-02 00:00:00,2026-09-02 20:46:00,bajaj dominar 400,1476,SKU-011,100.0,fuzzy,phone:573169090558,9fec7c1a-bb9f-516e-b310-1362bc00c43b,False,,1.0,,24900000.0,,,,,False,False
LD-01477,23/08/2026 22:09,WhatsApp,EMP-02,PV-009,Andrés Felipe Castaño Muñoz,3108789220,andres.castano11@gmail.com,Santa Marta,Bajaj Discover 125,En proceso,24/08/2026 04:09,,andres felipe castano munoz,573108789220,andres.castano11@gmail.com,santa marta,whatsapp,en proceso,2026-08-23 22:09:00,2026-08-24 04:09:00,bajaj discover 125,1477,SKU-012,100.0,fuzzy,phone:573108789220,51f69788-8213-527b-85b4-16f5251ed9c9,False,,1.0,,6990000.0,6990000.0,credito,,cuota,False,True
LD-01478,2026-08-17 13:54:00,WhatsApp,EMP-03,PV-012,LEIDY JOHANA CASTAÑO LONDOÑO,+57 302 7022682,leidy.castano85@hotmail.com,Bogota,Hero Dash,No contesta,2026-08-18 13:54:00,Feria de Motos 2026,leidy johana castano londono,573027022682,leidy.castano85@hotmail.com,bogota,whatsapp,no contesta,2026-08-17 13:54:00,2026-08-18 13:54:00,hero dash,1478,,66.66666666666666,unmatched,phone:573027022682,51db1429-ee6d-5f29-884e-d988c6049cca,False,,1.0,,,,,,,False,False
LD-01479,2026-09-06 16:38:00,WhatsApp,EMP-01,PV-003,ADRIANA GIRALDO OSPINA,+57 305 7673156,,Bello,Hero Hunk 160R,Sin gestión,,Retoma tu moto,adriana giraldo ospina,573057673156,,bello,whatsapp,sin gestion,2026-09-06 16:38:00,,hero hunk 160r,1479,SKU-022,100.0,fuzzy,phone:573057673156,31c19e47-71b5-5dbe-8ed5-36afb4352883,False,,1.0,,10490000.0,,,,,False,False
LD-01480,10-08-2026,WhatsApp,EMP-02,PV-010,  Brayan Agudelo Osorio  ,+57 315 6442205,brayan.agudelo58@outlook.com,Monteria,Xpulse 200,Contactado,10-08-2026,Remate Modelos 2025,brayan agudelo osorio,573156442205,brayan.agudelo58@outlook.com,monteria,whatsapp,contactado,2026-08-10 00:00:00,2026-08-10 00:00:00,xpulse 200,1480,SKU-023,100.0,exact,phone:573156442205,05fe1447-c76c-50ac-866a-c01a74409bf4,False,,1.0,,14990000.0,,,,,False,False
LD-01481,23-08-2026,Meta Ads,EMP-01,PV-005,  Brayan Ramírez Cardona  ,+57 312 9936019,brayan.ramirez41@gmail.com,medellin,Suzuki Gixxer 150 2026,Cotización enviada,08/23/2026 14:48,,brayan ramirez cardona,573129936019,brayan.ramirez41@gmail.com,medellin,meta ads,cotizacion enviada,2026-08-23 00:00:00,2026-08-23 14:48:00,suzuki gixxer 150 2026,1481,SKU-014,100.0,fuzzy,phone:573129936019,63a6de04-875c-5d2f-8a9e-693cf839eb31,False,,1.0,,11990000.0,,,,,False,False
LD-01482,08-08-2026,WhatsApp,EMP-01,PV-002,Natalia Gómez Cardona,573122425031,natalia.gomez2@outlook.com,,Hero Dash 110 2026,No contesta,09-08-2026,Prima Extra,natalia gomez cardona,573122425031,natalia.gomez2@outlook.com,,whatsapp,no contesta,2026-08-08 00:00:00,2026-08-09 00:00:00,hero dash 110 2026,1482,SKU-024,100.0,fuzzy,phone:573122425031,e201c4b1-7d19-5741-8eec-0b4276dee1b7,False,,1.0,,6290000.0,,,,,False,False
LD-01483,03-09-2026,WhatsApp,EMP-03,PV-014,Yuliana Giraldo Muñoz,+57 320 8435314,,Bogotá,Hero  Dash 110,Sin gestión,,,yuliana giraldo munoz,573208435314,,bogota,whatsapp,sin gestion,2026-09-03 00:00:00,,hero dash 110,1483,SKU-024,100.0,fuzzy,phone:573208435314,0f62836e-f907-5016-8550-cda346416893,False,,1.0,,6290000.0,,,,,False,False
LD-01484,2026-08-03 09:02:00,Meta Ads,EMP-01,PV-003,JUAN CARLOS RESTREPO JIMÉNEZ,+57 316 7637990,juan.restrepo98@gmail.com,BELLO,Bajaj Pulsar NS 160,En proceso,08/07/2026 09:02,Agosto Cero Cuotas,juan carlos restrepo jimenez,573167637990,juan.restrepo98@gmail.com,bello,meta ads,en proceso,2026-08-03 09:02:00,2026-07-08 09:02:00,bajaj pulsar ns 160,1484,SKU-009,100.0,fuzzy,phone:573167637990,9c6bc0d2-1c6f-549c-a135-b67543af4ba8,False,,1.0,,11290000.0,,,,,False,False
LD-01485,08/04/2026 14:21,Formulario Web,EMP-01,PV-002,F. Londoño Betancur,+57 304 7335532,,ITAGUI,Bajaj Pulsar RS 200,sin gestion,,,f. londono betancur,573047335532,,itagui,formulario web,sin gestion,2026-04-08 14:21:00,,bajaj pulsar rs 200,1485,SKU-010,100.0,fuzzy,phone:573047335532,954b5348-8bf6-5f14-8c18-1dfef592c6b5,True,954b5348-8bf6-5f14-8c18-1dfef592c6b5,1.0,same_phone_or_email,15490000.0,,credito,,soat,False,False
LD-01486,2026-08-19T06:28:00,WHATSAPP,EMP-02,PV-008,jorge ivan perez correa,304 530 7407,,Cartagena de Indias,Suzuki V-Strom 250,sin gestion,,,jorge ivan perez correa,573045307407,,cartagena de indias,whatsapp,sin gestion,2026-08-19 06:28:00,,suzuki v-strom 250,1486,SKU-015,100.0,fuzzy,phone:573045307407,2f86a7ef-4e23-5cb7-946d-edd7197f753a,True,2f86a7ef-4e23-5cb7-946d-edd7197f753a,1.0,same_phone_or_email,21900000.0,,credito,,soat,False,False
LD-01487,2026-08-12 09:32:00,Meta Ads,EMP-02,PV-006,Fabián Castaño Restrepo,322-569-1118,fabian.castano25@gmail.com,B/quilla,Hnda XR 150L,Cotización enviada,2026-08-13 15:32:00,,fabian castano restrepo,573225691118,fabian.castano25@gmail.com,b/quilla,meta ads,cotizacion enviada,2026-08-12 09:32:00,2026-08-13 15:32:00,hnda xr 150l,1487,SKU-002,100.0,fuzzy,phone:573225691118,b518c34b-84bf-517e-8dbb-a6f8b7e32ef2,False,,1.0,,11490000.0,,credito,,cuota,False,False
LD-01488,2026-08-18T17:48:00,Meta Ads,EMP-03,PV-013,  Brayan Torres Rodríguez  ,301 063 9810,brayan.torres32@gmail.com,Bogota,Suzuki,Sin gestión,,Feria de Motos 2026,brayan torres rodriguez,573010639810,brayan.torres32@gmail.com,bogota,meta ads,sin gestion,2026-08-18 17:48:00,,suzuki,1488,,26.66666666666667,unmatched,phone:573010639810,052ae49e-cf16-5e72-83c3-5dde597e8e8d,False,,1.0,,,7490000.0,credito,media,precio,False,True
LD-01489,2026-08-07 15:43:00,WhatsApp,EMP-01,PV-003,Freddy Valencia Correa,3201242489,freddy.valencia65@gmail.com,bello,Hero  Dash 110,Contactado,07-08-2026,Remate Modelos 2025,freddy valencia correa,573201242489,freddy.valencia65@gmail.com,bello,whatsapp,contactado,2026-08-07 15:43:00,2026-08-07 00:00:00,hero dash 110,1489,SKU-024,100.0,fuzzy,phone:573201242489,677ae11f-9c2c-51a1-8a1c-b9d9ac12b944,False,,1.0,,6290000.0,15490000.0,credito,media,soat,False,False
LD-01490,07/08/2026 14:33,Meta Ads,EMP-03,PV-014,Juan Carlos Londoño Salazar,300-432-0992,juan.londono61@hotmail.com,Bogotá D.C.,Honda,Sin gestión,,Prima Extra,juan carlos londono salazar,573004320992,juan.londono61@hotmail.com,bogota,meta ads,sin gestion,2026-08-07 14:33:00,,honda,1490,,44.44444444444444,unmatched,phone:573004320992,6ba1578a-d7ec-568e-bb77-d2d940fcc028,False,,1.0,,,21900000.0,credito,media,cuota,False,True
LD-01491,27-08-2026,Formulario Web,EMP-02,PV-006,Cristian Ospina Franco,304 521 3715,cristian.ospina43@hotmail.com,B/quilla,hero xpulse 200,No contesta,27-08-2026,Prima Extra,cristian ospina franco,573045213715,cristian.ospina43@hotmail.com,b/quilla,formulario web,no contesta,2026-08-27 00:00:00,2026-08-27 00:00:00,hero xpulse 200,1491,SKU-023,100.0,fuzzy,phone:573045213715,6a36a526-3cab-562c-a19f-270ba966fae0,False,,1.0,,14990000.0,11990000.0,credito,,soat,False,False
LD-01492,31/08/2026 10:04,WHATSAPP,EMP-03,PV-012,MARÍA FERNANDA AGUDELO CASTAÑO,3112244836,maria.agudelo12@yahoo.es,Bogotá D.C.,AKT NKD 125,Contactado,2026-08-31 16:04:00,Prima Extra,maria fernanda agudelo castano,573112244836,maria.agudelo12@yahoo.es,bogota,whatsapp,contactado,2026-08-31 10:04:00,2026-08-31 16:04:00,akt nkd 125,1492,SKU-017,100.0,fuzzy,phone:573112244836,e54b89c4-017f-5117-bb20-31298fb09b6e,False,,1.0,,5290000.0,,,,,False,False
LD-01493,04/09/2026 12:30,WhatsApp,EMP-03,PV-014,ANDRÉS FELIPE LONDOÑO CARDONA,+57 315 0560318,andres.londono86@gmail.com,BOGOTA,Bajaj Pulsar NS 160,Cotización enviada,,Feria de Motos 2026,andres felipe londono cardona,573150560318,andres.londono86@gmail.com,bogota,whatsapp,cotizacion enviada,2026-09-04 12:30:00,,bajaj pulsar ns 160,1493,SKU-009,100.0,fuzzy,phone:573150560318,67389ee1-3571-55d2-9bd4-b22384ac86c2,False,,1.0,,11290000.0,,credito,media,soat,False,False
LD-01494,2026-08-29 02:58:00,WhatsApp,EMP-01,PV-004,Brayan Franco Quintero, 3056594486 ,,,AKT Evo RS 150 2026,Descartado,2026-09-01T02:58:00,Prima Extra,brayan franco quintero,573056594486,,,whatsapp,descartado,2026-08-29 02:58:00,2026-09-01 02:58:00,akt evo rs 150 2026,1494,SKU-020,100.0,fuzzy,phone:573056594486,c13b2d2a-30f5-5bdb-82d7-8294764798ea,False,,1.0,,7190000.0,,credito,,soat,False,False
LD-01495,2026-08-14 00:48:00,WHATSAPP,EMP-03,PV-011,Mónica Restrepo Betancur,323 487 0229,,Bogotá D.C.,akt ttr 200,Contactado,2026-08-15T06:48:00,Retoma tu moto,monica restrepo betancur,573234870229,,bogota,whatsapp,contactado,2026-08-14 00:48:00,2026-08-15 06:48:00,akt ttr 200,1495,SKU-019,100.0,fuzzy,phone:573234870229,ed75462a-5b70-527f-b14b-d71b7de17e3a,False,,1.0,,9890000.0,,,,,False,False
LD-01496,08/17/2026 18:50,WhatsApp,EMP-01,PV-005,Duván Muñoz Cardona,312 832 9895,,MEDELLIN,Hero Eco Deluxe 100,Cotización enviada,,,duvan munoz cardona,573128329895,,medellin,whatsapp,cotizacion enviada,2026-08-17 18:50:00,,hero eco deluxe 100,1496,SKU-021,100.0,fuzzy,phone:573128329895,9375f933-3a88-5725-b43a-5431a211e3be,False,,1.0,,4990000.0,,,,,False,False
LD-01497,25/08/2026 09:43,WHATSAPP,EMP-01,PV-002,  Adriana Escobar Rodríguez  , 3502549070 ,,Itagüí,Suzuki V-Strom 250,Contactado,2026-08-25T11:43:00,Agosto Cero Cuotas,adriana escobar rodriguez,573502549070,,itagui,whatsapp,contactado,2026-08-25 09:43:00,2026-08-25 11:43:00,suzuki v-strom 250,1497,SKU-015,100.0,fuzzy,phone:573502549070,9bbd96d5-2982-594d-92df-342a3fd35166,False,,1.0,,21900000.0,7190000.0,credito,,cuota,False,True
LD-01498,23/08/2026 07:25,meta ads,EMP-01,PV-001,Yuliana Cardona Arias,573179709549,yuliana.cardona16@gmail.com,Medellín,suzuki v-strom 250,sin gestion,,Feria de Motos 2026,yuliana cardona arias,573179709549,yuliana.cardona16@gmail.com,medellin,meta ads,sin gestion,2026-08-23 07:25:00,,suzuki v-strom 250,1498,SKU-015,100.0,fuzzy,phone:573179709549,50659f07-1d6f-583e-a9b2-5f9cb75103b1,False,,1.0,,21900000.0,,,,,False,False
LD-01499,31-08-2026,Formulario Web,EMP-03,PV-011,Sebastián Franco Hernández,3042188702,,Bogotá D.C.,Bajaj Pulsar NS 160,Contactado,2026-08-31T14:39:00,Feria de Motos 2026,sebastian franco hernandez,573042188702,,bogota,formulario web,contactado,2026-08-31 00:00:00,2026-08-31 14:39:00,bajaj pulsar ns 160,1499,SKU-009,100.0,fuzzy,phone:573042188702,ee25cd85-5b97-56c6-b7de-5f6ed2c65786,False,,1.0,,11290000.0,,,,,False,False
LD-01500,2026-08-23T18:47:00,WhatsApp,EMP-01,PV-001,Sebastián Valencia Pérez,3511438907,sebastian.valencia82@hotmail.com,medellin,BAJAJ DOMINAR 400,No contesta,25-08-2026,Retoma tu moto,sebastian valencia perez,573511438907,sebastian.valencia82@hotmail.com,medellin,whatsapp,no contesta,2026-08-23 18:47:00,2026-08-25 00:00:00,bajaj dominar 400,1500,SKU-011,100.0,fuzzy,phone:573511438907,093e1ff0-1ca3-5443-b6ec-e8db182ef304,False,,1.0,,24900000.0,,,,,False,False
LD-01501,2026-08-33 10:00:00,,EMP-01,PV-002,prueba prueba,300123,,,,Sin gestión,,,prueba prueba,300123,,,,sin gestion,,,,1501,,0.0,none,phone:300123,9594431a-ca42-5dec-aa5b-282afbb97df9,False,,1.0,,,,,,,False,False
LD-00011,2026-08-26 04:25:00,Meta Ads,EMP-02,PV-008,  Marcela Muñoz Valencia  ,315 229 3701,marcela.munoz15@yahoo.es,CARTAGENA,suzuki best 125,Sin gestión,,Retoma tu moto,marcela munoz valencia,573152293701,marcela.munoz15@yahoo.es,cartagena,meta ads,sin gestion,2026-08-26 04:25:00,,suzuki best 125,1502,SKU-016,100.0,fuzzy,phone:573152293701,2a97c5e9-7e78-51ac-8807-9b4b4ca69296,False,,1.0,,6590000.0,,,,,False,False
LD-00251,05-09-2026,Meta Ads,EMP-03,PV-013,  Fabián Londoño Betancur  ,3047335532,,Bogotá,Suzuky GN 125,Contactado,2026-09-07T02:44:00,Retoma tu moto,fabian londono betancur,573047335532,,bogota,meta ads,contactado,2026-09-05 00:00:00,2026-09-07 02:44:00,suzuky gn 125,1503,SKU-013,100.0,fuzzy,phone:573047335532,954b5348-8bf6-5f14-8c18-1dfef592c6b5,True,954b5348-8bf6-5f14-8c18-1dfef592c6b5,1.0,same_phone_or_email,7490000.0,9890000.0,credito,,cuota,False,True
